origen,destino,personas,tipo,nivel
010101,070101,15209,nacimiento,municipio
010101,070102,736,nacimiento,municipio
010101,070103,239,nacimiento,municipio
010101,070104,3237,nacimiento,municipio
010101,070105,835,nacimiento,municipio
010101,070201,1513,nacimiento,municipio
010101,070502,233,nacimiento,municipio
010101,070603,8,nacimiento,municipio
010101,071001,912,nacimiento,municipio
010102,070101,793,nacimiento,municipio
010102,070102,43,nacimiento,municipio
010102,070103,10,nacimiento,municipio
010102,070104,119,nacimiento,municipio
010102,070105,138,nacimiento,municipio
010102,070201,84,nacimiento,municipio
010102,070502,16,nacimiento,municipio
010102,071001,34,nacimiento,municipio
010103,070101,339,nacimiento,municipio
010103,070102,26,nacimiento,municipio
010103,070103,10,nacimiento,municipio
010103,070104,301,nacimiento,municipio
010103,070105,26,nacimiento,municipio
010103,070201,62,nacimiento,municipio
010103,070502,7,nacimiento,municipio
010103,071001,18,nacimiento,municipio
010199,070101,3958,nacimiento,provincia
010199,070102,133,nacimiento,provincia
010199,070103,69,nacimiento,provincia
010199,070104,782,nacimiento,provincia
010199,070105,123,nacimiento,provincia
010199,070201,337,nacimiento,provincia
010199,070502,53,nacimiento,provincia
010199,070603,3,nacimiento,provincia
010199,071001,207,nacimiento,provincia
010201,070101,1558,nacimiento,municipio
010201,070102,145,nacimiento,municipio
010201,070103,22,nacimiento,municipio
010201,070104,394,nacimiento,municipio
010201,070105,452,nacimiento,municipio
010201,070201,230,nacimiento,municipio
010201,070502,57,nacimiento,municipio
010201,070603,1,nacimiento,municipio
010201,071001,300,nacimiento,municipio
010202,070101,547,nacimiento,municipio
010202,070102,42,nacimiento,municipio
010202,070103,9,nacimiento,municipio
010202,070104,245,nacimiento,municipio
010202,070105,58,nacimiento,municipio
010202,070201,111,nacimiento,municipio
010202,070502,33,nacimiento,municipio
010202,070603,6,nacimiento,municipio
010202,071001,184,nacimiento,municipio
010299,070101,110,nacimiento,provincia
010299,070102,7,nacimiento,provincia
010299,070103,1,nacimiento,provincia
010299,070104,20,nacimiento,provincia
010299,070105,27,nacimiento,provincia
010299,070201,17,nacimiento,provincia
010299,070502,3,nacimiento,provincia
010299,071001,20,nacimiento,provincia
010301,070101,1670,nacimiento,municipio
010301,070102,131,nacimiento,municipio
010301,070103,8,nacimiento,municipio
010301,070104,449,nacimiento,municipio
010301,070105,274,nacimiento,municipio
010301,070201,322,nacimiento,municipio
010301,070502,31,nacimiento,municipio
010301,071001,174,nacimiento,municipio
010302,070101,454,nacimiento,municipio
010302,070102,57,nacimiento,municipio
010302,070103,7,nacimiento,municipio
010302,070104,202,nacimiento,municipio
010302,070105,77,nacimiento,municipio
010302,070201,144,nacimiento,municipio
010302,070502,12,nacimiento,municipio
010302,071001,28,nacimiento,municipio
010303,070101,629,nacimiento,municipio
010303,070102,50,nacimiento,municipio
010303,070103,5,nacimiento,municipio
010303,070104,391,nacimiento,municipio
010303,070105,69,nacimiento,municipio
010303,070201,124,nacimiento,municipio
010303,070502,13,nacimiento,municipio
010303,071001,29,nacimiento,municipio
010304,070101,433,nacimiento,municipio
010304,070102,52,nacimiento,municipio
010304,070103,1,nacimiento,municipio
010304,070104,152,nacimiento,municipio
010304,070105,23,nacimiento,municipio
010304,070201,94,nacimiento,municipio
010304,070502,32,nacimiento,municipio
010304,071001,58,nacimiento,municipio
010399,070101,50,nacimiento,provincia
010399,070102,5,nacimiento,provincia
010399,070104,12,nacimiento,provincia
010399,070105,8,nacimiento,provincia
010399,070201,8,nacimiento,provincia
010399,070502,1,nacimiento,provincia
010399,071001,5,nacimiento,provincia
010401,070101,1915,nacimiento,municipio
010401,070102,80,nacimiento,municipio
010401,070103,24,nacimiento,municipio
010401,070104,695,nacimiento,municipio
010401,070105,371,nacimiento,municipio
010401,070201,182,nacimiento,municipio
010401,070502,132,nacimiento,municipio
010401,071001,98,nacimiento,municipio
010402,070101,1787,nacimiento,municipio
010402,070102,140,nacimiento,municipio
010402,070103,13,nacimiento,municipio
010402,070104,747,nacimiento,municipio
010402,070105,198,nacimiento,municipio
010402,070201,246,nacimiento,municipio
010402,070502,88,nacimiento,municipio
010402,070603,1,nacimiento,municipio
010402,071001,84,nacimiento,municipio
010403,070101,597,nacimiento,municipio
010403,070102,43,nacimiento,municipio
010403,070103,1,nacimiento,municipio
010403,070104,552,nacimiento,municipio
010403,070105,38,nacimiento,municipio
010403,070201,115,nacimiento,municipio
010403,070502,13,nacimiento,municipio
010403,071001,63,nacimiento,municipio
010404,070101,277,nacimiento,municipio
010404,070102,28,nacimiento,municipio
010404,070103,1,nacimiento,municipio
010404,070104,109,nacimiento,municipio
010404,070105,25,nacimiento,municipio
010404,070201,28,nacimiento,municipio
010404,070502,61,nacimiento,municipio
010404,071001,3,nacimiento,municipio
010405,070101,314,nacimiento,municipio
010405,070102,24,nacimiento,municipio
010405,070103,3,nacimiento,municipio
010405,070104,114,nacimiento,municipio
010405,070105,16,nacimiento,municipio
010405,070201,55,nacimiento,municipio
010405,070502,33,nacimiento,municipio
010405,071001,33,nacimiento,municipio
010499,070101,32,nacimiento,provincia
010499,070102,1,nacimiento,provincia
010499,070103,1,nacimiento,provincia
010499,070104,7,nacimiento,provincia
010499,070105,4,nacimiento,provincia
010499,070201,3,nacimiento,provincia
010499,070502,7,nacimiento,provincia
010499,071001,5,nacimiento,provincia
010501,070101,5008,nacimiento,municipio
010501,070102,260,nacimiento,municipio
010501,070103,100,nacimiento,municipio
010501,070104,1143,nacimiento,municipio
010501,070105,165,nacimiento,municipio
010501,070201,443,nacimiento,municipio
010501,070502,169,nacimiento,municipio
010501,070603,9,nacimiento,municipio
010501,071001,171,nacimiento,municipio
010502,070101,1023,nacimiento,municipio
010502,070102,79,nacimiento,municipio
010502,070103,31,nacimiento,municipio
010502,070104,191,nacimiento,municipio
010502,070105,19,nacimiento,municipio
010502,070201,109,nacimiento,municipio
010502,070502,39,nacimiento,municipio
010502,070603,4,nacimiento,municipio
010502,071001,35,nacimiento,municipio
010599,070101,1247,nacimiento,provincia
010599,070102,59,nacimiento,provincia
010599,070103,20,nacimiento,provincia
010599,070104,199,nacimiento,provincia
010599,070105,33,nacimiento,provincia
010599,070201,134,nacimiento,provincia
010599,070502,23,nacimiento,provincia
010599,070603,1,nacimiento,provincia
010599,071001,44,nacimiento,provincia
010601,070101,1470,nacimiento,municipio
010601,070102,218,nacimiento,municipio
010601,070103,4,nacimiento,municipio
010601,070104,658,nacimiento,municipio
010601,070105,217,nacimiento,municipio
010601,070201,291,nacimiento,municipio
010601,070502,15,nacimiento,municipio
010601,071001,111,nacimiento,municipio
010602,070101,1640,nacimiento,municipio
010602,070102,153,nacimiento,municipio
010602,070103,11,nacimiento,municipio
010602,070104,824,nacimiento,municipio
010602,070105,192,nacimiento,municipio
010602,070201,364,nacimiento,municipio
010602,070502,86,nacimiento,municipio
010602,070603,5,nacimiento,municipio
010602,071001,128,nacimiento,municipio
010699,070101,122,nacimiento,provincia
010699,070102,12,nacimiento,provincia
010699,070104,53,nacimiento,provincia
010699,070105,13,nacimiento,provincia
010699,070201,19,nacimiento,provincia
010699,070502,7,nacimiento,provincia
010699,071001,7,nacimiento,provincia
010701,070101,881,nacimiento,municipio
010701,070102,63,nacimiento,municipio
010701,070103,13,nacimiento,municipio
010701,070104,134,nacimiento,municipio
010701,070105,88,nacimiento,municipio
010701,070201,163,nacimiento,municipio
010701,070502,20,nacimiento,municipio
010701,070603,1,nacimiento,municipio
010701,071001,129,nacimiento,municipio
010702,070101,770,nacimiento,municipio
010702,070102,262,nacimiento,municipio
010702,070103,9,nacimiento,municipio
010702,070104,147,nacimiento,municipio
010702,070105,156,nacimiento,municipio
010702,070201,171,nacimiento,municipio
010702,070502,48,nacimiento,municipio
010702,070603,1,nacimiento,municipio
010702,071001,142,nacimiento,municipio
010703,070101,134,nacimiento,municipio
010703,070102,14,nacimiento,municipio
010703,070103,3,nacimiento,municipio
010703,070104,29,nacimiento,municipio
010703,070105,31,nacimiento,municipio
010703,070201,40,nacimiento,municipio
010703,070502,26,nacimiento,municipio
010703,071001,31,nacimiento,municipio
010704,070101,110,nacimiento,municipio
010704,070102,11,nacimiento,municipio
010704,070103,6,nacimiento,municipio
010704,070104,23,nacimiento,municipio
010704,070105,20,nacimiento,municipio
010704,070201,52,nacimiento,municipio
010704,070502,18,nacimiento,municipio
010704,071001,22,nacimiento,municipio
010799,070101,507,nacimiento,provincia
010799,070102,87,nacimiento,provincia
010799,070103,7,nacimiento,provincia
010799,070104,56,nacimiento,provincia
010799,070105,89,nacimiento,provincia
010799,070201,149,nacimiento,provincia
010799,070502,44,nacimiento,provincia
010799,070603,1,nacimiento,provincia
010799,071001,103,nacimiento,provincia
010801,070101,2224,nacimiento,municipio
010801,070102,107,nacimiento,municipio
010801,070103,27,nacimiento,municipio
010801,070104,764,nacimiento,municipio
010801,070105,892,nacimiento,municipio
010801,070201,178,nacimiento,municipio
010801,070502,49,nacimiento,municipio
010801,071001,94,nacimiento,municipio
010899,070101,2,nacimiento,provincia
010899,070105,2,nacimiento,provincia
010901,070101,92,nacimiento,municipio
010901,070102,13,nacimiento,municipio
010901,070103,1,nacimiento,municipio
010901,070104,16,nacimiento,municipio
010901,070105,1,nacimiento,municipio
010901,070201,12,nacimiento,municipio
010901,070502,2,nacimiento,municipio
010901,071001,8,nacimiento,municipio
010902,070101,219,nacimiento,municipio
010902,070102,27,nacimiento,municipio
010902,070103,4,nacimiento,municipio
010902,070104,29,nacimiento,municipio
010902,070105,41,nacimiento,municipio
010902,070201,75,nacimiento,municipio
010902,070502,77,nacimiento,municipio
010902,070603,1,nacimiento,municipio
010902,071001,40,nacimiento,municipio
010903,070101,47,nacimiento,municipio
010903,070102,2,nacimiento,municipio
010903,070104,9,nacimiento,municipio
010903,070105,1,nacimiento,municipio
010903,070201,10,nacimiento,municipio
010903,070502,1,nacimiento,municipio
010903,071001,4,nacimiento,municipio
010999,070101,170,nacimiento,provincia
010999,070102,8,nacimiento,provincia
010999,070103,5,nacimiento,provincia
010999,070104,16,nacimiento,provincia
010999,070105,14,nacimiento,provincia
010999,070201,34,nacimiento,provincia
010999,070502,40,nacimiento,provincia
010999,070603,1,nacimiento,provincia
010999,071001,32,nacimiento,provincia
011001,070101,1000,nacimiento,municipio
011001,070102,75,nacimiento,municipio
011001,070103,12,nacimiento,municipio
011001,070104,241,nacimiento,municipio
011001,070105,68,nacimiento,municipio
011001,070201,72,nacimiento,municipio
011001,070502,19,nacimiento,municipio
011001,070603,5,nacimiento,municipio
011001,071001,21,nacimiento,municipio
011002,070101,152,nacimiento,municipio
011002,070102,13,nacimiento,municipio
011002,070103,2,nacimiento,municipio
011002,070104,28,nacimiento,municipio
011002,070105,4,nacimiento,municipio
011002,070201,6,nacimiento,municipio
011002,070502,5,nacimiento,municipio
011002,070603,1,nacimiento,municipio
011002,071001,5,nacimiento,municipio
011003,070101,469,nacimiento,municipio
011003,070102,38,nacimiento,municipio
011003,070103,1,nacimiento,municipio
011003,070104,52,nacimiento,municipio
011003,070105,12,nacimiento,municipio
011003,070201,28,nacimiento,municipio
011003,070502,10,nacimiento,municipio
011003,070603,2,nacimiento,municipio
011003,071001,17,nacimiento,municipio
011099,070101,858,nacimiento,provincia
011099,070102,54,nacimiento,provincia
011099,070103,8,nacimiento,provincia
011099,070104,145,nacimiento,provincia
011099,070105,30,nacimiento,provincia
011099,070201,59,nacimiento,provincia
011099,070502,14,nacimiento,provincia
011099,071001,11,nacimiento,provincia
019999,070101,17442,nacimiento,departamento
019999,070102,1203,nacimiento,departamento
019999,070103,176,nacimiento,departamento
019999,070104,3069,nacimiento,departamento
019999,070105,1304,nacimiento,departamento
019999,070201,1752,nacimiento,departamento
019999,070502,356,nacimiento,departamento
019999,070603,16,nacimiento,departamento
019999,071001,1086,nacimiento,departamento
020101,070101,21731,nacimiento,municipio
020101,070102,651,nacimiento,municipio
020101,070103,961,nacimiento,municipio
020101,070104,1042,nacimiento,municipio
020101,070105,81,nacimiento,municipio
020101,070201,1291,nacimiento,municipio
020101,070502,55,nacimiento,municipio
020101,070603,11,nacimiento,municipio
020101,071001,338,nacimiento,municipio
020102,070101,111,nacimiento,municipio
020102,070102,5,nacimiento,municipio
020102,070103,1,nacimiento,municipio
020102,070104,24,nacimiento,municipio
020102,070105,5,nacimiento,municipio
020102,070201,18,nacimiento,municipio
020102,070502,1,nacimiento,municipio
020102,071001,11,nacimiento,municipio
020103,070101,57,nacimiento,municipio
020103,070102,5,nacimiento,municipio
020103,070104,5,nacimiento,municipio
020103,070201,8,nacimiento,municipio
020103,071001,3,nacimiento,municipio
020104,070101,166,nacimiento,municipio
020104,070102,4,nacimiento,municipio
020104,070104,16,nacimiento,municipio
020104,070105,2,nacimiento,municipio
020104,070201,25,nacimiento,municipio
020104,071001,5,nacimiento,municipio
020105,070101,3590,nacimiento,municipio
020105,070102,193,nacimiento,municipio
020105,070103,23,nacimiento,municipio
020105,070104,376,nacimiento,municipio
020105,070105,46,nacimiento,municipio
020105,070201,577,nacimiento,municipio
020105,070502,14,nacimiento,municipio
020105,070603,3,nacimiento,municipio
020105,071001,127,nacimiento,municipio
020199,070101,17002,nacimiento,provincia
020199,070102,467,nacimiento,provincia
020199,070103,320,nacimiento,provincia
020199,070104,945,nacimiento,provincia
020199,070105,91,nacimiento,provincia
020199,070201,1376,nacimiento,provincia
020199,070502,38,nacimiento,provincia
020199,070603,5,nacimiento,provincia
020199,071001,338,nacimiento,provincia
020201,070101,334,nacimiento,municipio
020201,070102,24,nacimiento,municipio
020201,070104,34,nacimiento,municipio
020201,070105,2,nacimiento,municipio
020201,070201,61,nacimiento,municipio
020201,070502,6,nacimiento,municipio
020201,071001,13,nacimiento,municipio
020202,070101,83,nacimiento,municipio
020202,070102,8,nacimiento,municipio
020202,070103,1,nacimiento,municipio
020202,070104,10,nacimiento,municipio
020202,070105,2,nacimiento,municipio
020202,070201,19,nacimiento,municipio
020202,070502,2,nacimiento,municipio
020202,071001,1,nacimiento,municipio
020203,070101,73,nacimiento,municipio
020203,070102,2,nacimiento,municipio
020203,070104,7,nacimiento,municipio
020203,070201,6,nacimiento,municipio
020203,070502,1,nacimiento,municipio
020203,070603,1,nacimiento,municipio
020203,071001,1,nacimiento,municipio
020204,070101,82,nacimiento,municipio
020204,070102,6,nacimiento,municipio
020204,070103,2,nacimiento,municipio
020204,070104,3,nacimiento,municipio
020204,070105,1,nacimiento,municipio
020204,070201,11,nacimiento,municipio
020204,071001,7,nacimiento,municipio
020205,070101,26,nacimiento,municipio
020205,070102,1,nacimiento,municipio
020205,070103,1,nacimiento,municipio
020205,071001,2,nacimiento,municipio
020206,070101,37,nacimiento,municipio
020206,070102,1,nacimiento,municipio
020206,070103,1,nacimiento,municipio
020206,070104,5,nacimiento,municipio
020206,070105,1,nacimiento,municipio
020206,070201,7,nacimiento,municipio
020206,070502,1,nacimiento,municipio
020299,070101,771,nacimiento,provincia
020299,070102,26,nacimiento,provincia
020299,070103,5,nacimiento,provincia
020299,070104,74,nacimiento,provincia
020299,070105,5,nacimiento,provincia
020299,070201,87,nacimiento,provincia
020299,070502,7,nacimiento,provincia
020299,071001,25,nacimiento,provincia
020301,070101,233,nacimiento,municipio
020301,070102,12,nacimiento,municipio
020301,070103,1,nacimiento,municipio
020301,070104,24,nacimiento,municipio
020301,070105,3,nacimiento,municipio
020301,070201,19,nacimiento,municipio
020301,071001,3,nacimiento,municipio
020302,070101,72,nacimiento,municipio
020302,070102,5,nacimiento,municipio
020302,070103,1,nacimiento,municipio
020302,070104,4,nacimiento,municipio
020302,070201,12,nacimiento,municipio
020302,071001,3,nacimiento,municipio
020303,070101,89,nacimiento,municipio
020303,070102,4,nacimiento,municipio
020303,070103,2,nacimiento,municipio
020303,070104,7,nacimiento,municipio
020303,070105,2,nacimiento,municipio
020303,070201,16,nacimiento,municipio
020304,070101,42,nacimiento,municipio
020304,070104,4,nacimiento,municipio
020304,070201,4,nacimiento,municipio
020304,070502,1,nacimiento,municipio
020304,071001,2,nacimiento,municipio
020305,070101,11,nacimiento,municipio
020305,070104,5,nacimiento,municipio
020305,070105,1,nacimiento,municipio
020305,070201,3,nacimiento,municipio
020305,070502,1,nacimiento,municipio
020305,071001,1,nacimiento,municipio
020306,070101,15,nacimiento,municipio
020306,070102,1,nacimiento,municipio
020306,070104,8,nacimiento,municipio
020306,071001,1,nacimiento,municipio
020307,070101,7,nacimiento,municipio
020307,070102,2,nacimiento,municipio
020307,070201,2,nacimiento,municipio
020308,070101,45,nacimiento,municipio
020308,070104,6,nacimiento,municipio
020308,070201,8,nacimiento,municipio
020308,071001,5,nacimiento,municipio
020399,070101,659,nacimiento,provincia
020399,070102,29,nacimiento,provincia
020399,070103,5,nacimiento,provincia
020399,070104,59,nacimiento,provincia
020399,070105,5,nacimiento,provincia
020399,070201,97,nacimiento,provincia
020399,070502,1,nacimiento,provincia
020399,071001,15,nacimiento,provincia
020401,070101,136,nacimiento,municipio
020401,070102,4,nacimiento,municipio
020401,070104,17,nacimiento,municipio
020401,070105,2,nacimiento,municipio
020401,070201,24,nacimiento,municipio
020401,070502,2,nacimiento,municipio
020401,071001,2,nacimiento,municipio
020402,070101,102,nacimiento,municipio
020402,070102,4,nacimiento,municipio
020402,070104,16,nacimiento,municipio
020402,070105,2,nacimiento,municipio
020402,070201,18,nacimiento,municipio
020402,070502,1,nacimiento,municipio
020402,071001,7,nacimiento,municipio
020403,070101,142,nacimiento,municipio
020403,070102,4,nacimiento,municipio
020403,070103,1,nacimiento,municipio
020403,070104,6,nacimiento,municipio
020403,070201,17,nacimiento,municipio
020403,071001,4,nacimiento,municipio
020404,070101,16,nacimiento,municipio
020404,070104,2,nacimiento,municipio
020404,070201,2,nacimiento,municipio
020404,071001,1,nacimiento,municipio
020405,070101,66,nacimiento,municipio
020405,070104,7,nacimiento,municipio
020405,070201,8,nacimiento,municipio
020405,070502,2,nacimiento,municipio
020405,071001,4,nacimiento,municipio
020499,070101,586,nacimiento,provincia
020499,070102,23,nacimiento,provincia
020499,070103,5,nacimiento,provincia
020499,070104,52,nacimiento,provincia
020499,070105,2,nacimiento,provincia
020499,070201,65,nacimiento,provincia
020499,070502,5,nacimiento,provincia
020499,071001,10,nacimiento,provincia
020501,070101,65,nacimiento,municipio
020501,070102,4,nacimiento,municipio
020501,070103,1,nacimiento,municipio
020501,070104,9,nacimiento,municipio
020501,070201,8,nacimiento,municipio
020501,071001,2,nacimiento,municipio
020502,070101,25,nacimiento,municipio
020502,070102,1,nacimiento,municipio
020502,070104,4,nacimiento,municipio
020502,070201,9,nacimiento,municipio
020502,071001,2,nacimiento,municipio
020503,070101,16,nacimiento,municipio
020503,070102,7,nacimiento,municipio
020503,070104,1,nacimiento,municipio
020503,070201,3,nacimiento,municipio
020503,071001,1,nacimiento,municipio
020599,070101,183,nacimiento,provincia
020599,070102,7,nacimiento,provincia
020599,070104,16,nacimiento,provincia
020599,070105,1,nacimiento,provincia
020599,070201,20,nacimiento,provincia
020599,070502,1,nacimiento,provincia
020599,071001,7,nacimiento,provincia
020601,070101,267,nacimiento,municipio
020601,070102,6,nacimiento,municipio
020601,070103,1,nacimiento,municipio
020601,070104,33,nacimiento,municipio
020601,070105,1,nacimiento,municipio
020601,070201,37,nacimiento,municipio
020601,070502,4,nacimiento,municipio
020601,071001,6,nacimiento,municipio
020602,070101,241,nacimiento,municipio
020602,070102,12,nacimiento,municipio
020602,070104,8,nacimiento,municipio
020602,070105,3,nacimiento,municipio
020602,070201,20,nacimiento,municipio
020602,070502,2,nacimiento,municipio
020602,070603,2,nacimiento,municipio
020602,071001,8,nacimiento,municipio
020603,070101,33,nacimiento,municipio
020603,070102,1,nacimiento,municipio
020603,070104,2,nacimiento,municipio
020603,070105,1,nacimiento,municipio
020603,070201,5,nacimiento,municipio
020603,071001,1,nacimiento,municipio
020604,070101,13,nacimiento,municipio
020604,070102,1,nacimiento,municipio
020604,070104,2,nacimiento,municipio
020604,070201,2,nacimiento,municipio
020604,071001,1,nacimiento,municipio
020605,070101,16,nacimiento,municipio
020605,070105,1,nacimiento,municipio
020605,070201,2,nacimiento,municipio
020606,070101,183,nacimiento,municipio
020606,070102,4,nacimiento,municipio
020606,070103,2,nacimiento,municipio
020606,070104,10,nacimiento,municipio
020606,070105,3,nacimiento,municipio
020606,070201,17,nacimiento,municipio
020606,070502,1,nacimiento,municipio
020606,071001,14,nacimiento,municipio
020607,070101,131,nacimiento,municipio
020607,070102,11,nacimiento,municipio
020607,070103,1,nacimiento,municipio
020607,070104,17,nacimiento,municipio
020607,070105,2,nacimiento,municipio
020607,070201,18,nacimiento,municipio
020607,071001,10,nacimiento,municipio
020608,070101,112,nacimiento,municipio
020608,070102,5,nacimiento,municipio
020608,070103,1,nacimiento,municipio
020608,070104,7,nacimiento,municipio
020608,070105,2,nacimiento,municipio
020608,070201,15,nacimiento,municipio
020608,070502,1,nacimiento,municipio
020608,070603,2,nacimiento,municipio
020608,071001,2,nacimiento,municipio
020699,070101,578,nacimiento,provincia
020699,070102,27,nacimiento,provincia
020699,070103,1,nacimiento,provincia
020699,070104,70,nacimiento,provincia
020699,070105,5,nacimiento,provincia
020699,070201,65,nacimiento,provincia
020699,070502,3,nacimiento,provincia
020699,071001,32,nacimiento,provincia
020701,070101,388,nacimiento,municipio
020701,070102,13,nacimiento,municipio
020701,070103,2,nacimiento,municipio
020701,070104,38,nacimiento,municipio
020701,070105,4,nacimiento,municipio
020701,070201,40,nacimiento,municipio
020701,070502,10,nacimiento,municipio
020701,071001,28,nacimiento,municipio
020702,070101,16,nacimiento,municipio
020702,070104,1,nacimiento,municipio
020702,070201,1,nacimiento,municipio
020799,070101,255,nacimiento,provincia
020799,070102,7,nacimiento,provincia
020799,070103,2,nacimiento,provincia
020799,070104,9,nacimiento,provincia
020799,070105,1,nacimiento,provincia
020799,070201,24,nacimiento,provincia
020799,070502,2,nacimiento,provincia
020799,071001,5,nacimiento,provincia
020801,070101,521,nacimiento,municipio
020801,070102,28,nacimiento,municipio
020801,070103,2,nacimiento,municipio
020801,070104,70,nacimiento,municipio
020801,070105,2,nacimiento,municipio
020801,070201,99,nacimiento,municipio
020801,070502,3,nacimiento,municipio
020801,070603,1,nacimiento,municipio
020801,071001,19,nacimiento,municipio
020802,070101,107,nacimiento,municipio
020802,070102,1,nacimiento,municipio
020802,070104,12,nacimiento,municipio
020802,070105,1,nacimiento,municipio
020802,070201,5,nacimiento,municipio
020802,070502,1,nacimiento,municipio
020802,071001,3,nacimiento,municipio
020803,070101,89,nacimiento,municipio
020803,070102,5,nacimiento,municipio
020803,070103,1,nacimiento,municipio
020803,070104,11,nacimiento,municipio
020803,070105,1,nacimiento,municipio
020803,070201,8,nacimiento,municipio
020803,070502,2,nacimiento,municipio
020803,071001,3,nacimiento,municipio
020804,070101,41,nacimiento,municipio
020804,070102,1,nacimiento,municipio
020804,070104,2,nacimiento,municipio
020804,070201,7,nacimiento,municipio
020804,071001,5,nacimiento,municipio
020805,070101,20,nacimiento,municipio
020805,070102,1,nacimiento,municipio
020805,070104,2,nacimiento,municipio
020805,070201,2,nacimiento,municipio
020805,070502,1,nacimiento,municipio
020806,070101,74,nacimiento,municipio
020806,070102,1,nacimiento,municipio
020806,070104,8,nacimiento,municipio
020806,070105,3,nacimiento,municipio
020806,070201,11,nacimiento,municipio
020806,071001,3,nacimiento,municipio
020807,070101,26,nacimiento,municipio
020807,070102,1,nacimiento,municipio
020807,070104,4,nacimiento,municipio
020807,070201,5,nacimiento,municipio
020807,071001,1,nacimiento,municipio
020899,070101,660,nacimiento,provincia
020899,070102,26,nacimiento,provincia
020899,070103,2,nacimiento,provincia
020899,070104,41,nacimiento,provincia
020899,070105,6,nacimiento,provincia
020899,070201,82,nacimiento,provincia
020899,070502,5,nacimiento,provincia
020899,071001,18,nacimiento,provincia
020901,070101,192,nacimiento,municipio
020901,070102,4,nacimiento,municipio
020901,070103,2,nacimiento,municipio
020901,070104,15,nacimiento,municipio
020901,070105,5,nacimiento,municipio
020901,070201,22,nacimiento,municipio
020901,070502,1,nacimiento,municipio
020901,071001,2,nacimiento,municipio
020902,070101,143,nacimiento,municipio
020902,070102,11,nacimiento,municipio
020902,070103,1,nacimiento,municipio
020902,070104,11,nacimiento,municipio
020902,070201,23,nacimiento,municipio
020902,071001,4,nacimiento,municipio
020903,070101,45,nacimiento,municipio
020903,070102,3,nacimiento,municipio
020903,070104,8,nacimiento,municipio
020903,070201,9,nacimiento,municipio
020903,071001,8,nacimiento,municipio
020904,070101,28,nacimiento,municipio
020904,070104,2,nacimiento,municipio
020904,070105,3,nacimiento,municipio
020904,070201,2,nacimiento,municipio
020905,070101,50,nacimiento,municipio
020905,070102,1,nacimiento,municipio
020905,070104,13,nacimiento,municipio
020905,070105,1,nacimiento,municipio
020905,070201,4,nacimiento,municipio
020905,070502,2,nacimiento,municipio
020905,071001,4,nacimiento,municipio
020999,070101,428,nacimiento,provincia
020999,070102,24,nacimiento,provincia
020999,070103,3,nacimiento,provincia
020999,070104,28,nacimiento,provincia
020999,070105,2,nacimiento,provincia
020999,070201,67,nacimiento,provincia
020999,070502,2,nacimiento,provincia
020999,071001,18,nacimiento,provincia
021001,070101,1406,nacimiento,municipio
021001,070102,69,nacimiento,municipio
021001,070103,2,nacimiento,municipio
021001,070104,114,nacimiento,municipio
021001,070105,27,nacimiento,municipio
021001,070201,208,nacimiento,municipio
021001,070502,19,nacimiento,municipio
021001,071001,83,nacimiento,municipio
021002,070101,191,nacimiento,municipio
021002,070102,13,nacimiento,municipio
021002,070104,15,nacimiento,municipio
021002,070105,1,nacimiento,municipio
021002,070201,37,nacimiento,municipio
021002,070502,1,nacimiento,municipio
021002,071001,4,nacimiento,municipio
021003,070101,82,nacimiento,municipio
021003,070102,6,nacimiento,municipio
021003,070104,11,nacimiento,municipio
021003,070105,2,nacimiento,municipio
021003,070201,15,nacimiento,municipio
021003,070502,1,nacimiento,municipio
021003,071001,13,nacimiento,municipio
021004,070101,547,nacimiento,municipio
021004,070102,14,nacimiento,municipio
021004,070103,4,nacimiento,municipio
021004,070104,38,nacimiento,municipio
021004,070105,3,nacimiento,municipio
021004,070201,42,nacimiento,municipio
021004,070502,1,nacimiento,municipio
021004,071001,15,nacimiento,municipio
021005,070101,88,nacimiento,municipio
021005,070102,4,nacimiento,municipio
021005,070104,10,nacimiento,municipio
021005,070201,17,nacimiento,municipio
021005,070502,1,nacimiento,municipio
021005,071001,3,nacimiento,municipio
021006,070101,37,nacimiento,municipio
021006,070102,1,nacimiento,municipio
021006,070104,12,nacimiento,municipio
021006,070105,1,nacimiento,municipio
021006,070201,6,nacimiento,municipio
021006,070502,2,nacimiento,municipio
021006,071001,3,nacimiento,municipio
021099,070101,141,nacimiento,provincia
021099,070102,3,nacimiento,provincia
021099,070104,13,nacimiento,provincia
021099,070105,1,nacimiento,provincia
021099,070201,24,nacimiento,provincia
021099,071001,9,nacimiento,provincia
021101,070101,258,nacimiento,municipio
021101,070102,10,nacimiento,municipio
021101,070103,4,nacimiento,municipio
021101,070104,16,nacimiento,municipio
021101,070105,2,nacimiento,municipio
021101,070201,23,nacimiento,municipio
021101,070502,3,nacimiento,municipio
021101,071001,11,nacimiento,municipio
021102,070101,163,nacimiento,municipio
021102,070102,8,nacimiento,municipio
021102,070103,1,nacimiento,municipio
021102,070104,18,nacimiento,municipio
021102,070105,6,nacimiento,municipio
021102,070201,29,nacimiento,municipio
021102,070603,2,nacimiento,municipio
021102,071001,5,nacimiento,municipio
021103,070101,48,nacimiento,municipio
021103,070102,1,nacimiento,municipio
021103,070104,1,nacimiento,municipio
021103,070105,1,nacimiento,municipio
021103,070201,6,nacimiento,municipio
021104,070101,122,nacimiento,municipio
021104,070102,8,nacimiento,municipio
021104,070103,2,nacimiento,municipio
021104,070104,11,nacimiento,municipio
021104,070105,1,nacimiento,municipio
021104,070201,18,nacimiento,municipio
021104,070502,4,nacimiento,municipio
021104,071001,7,nacimiento,municipio
021105,070101,85,nacimiento,municipio
021105,070102,2,nacimiento,municipio
021105,070103,1,nacimiento,municipio
021105,070104,11,nacimiento,municipio
021105,070105,7,nacimiento,municipio
021105,070201,13,nacimiento,municipio
021105,070502,2,nacimiento,municipio
021105,071001,3,nacimiento,municipio
021199,070101,441,nacimiento,provincia
021199,070102,16,nacimiento,provincia
021199,070103,5,nacimiento,provincia
021199,070104,35,nacimiento,provincia
021199,070201,63,nacimiento,provincia
021199,070502,2,nacimiento,provincia
021199,070603,1,nacimiento,provincia
021199,071001,19,nacimiento,provincia
021201,070101,140,nacimiento,municipio
021201,070102,9,nacimiento,municipio
021201,070104,9,nacimiento,municipio
021201,070105,2,nacimiento,municipio
021201,070201,15,nacimiento,municipio
021201,070502,2,nacimiento,municipio
021201,071001,8,nacimiento,municipio
021202,070101,74,nacimiento,municipio
021202,070102,5,nacimiento,municipio
021202,070104,6,nacimiento,municipio
021202,070105,1,nacimiento,municipio
021202,070201,14,nacimiento,municipio
021202,070502,1,nacimiento,municipio
021203,070101,120,nacimiento,municipio
021203,070102,6,nacimiento,municipio
021203,070104,11,nacimiento,municipio
021203,070105,2,nacimiento,municipio
021203,070201,17,nacimiento,municipio
021203,070502,1,nacimiento,municipio
021203,071001,2,nacimiento,municipio
021204,070101,34,nacimiento,municipio
021204,070102,1,nacimiento,municipio
021204,070201,1,nacimiento,municipio
021204,070502,2,nacimiento,municipio
021299,070101,503,nacimiento,provincia
021299,070102,16,nacimiento,provincia
021299,070103,2,nacimiento,provincia
021299,070104,48,nacimiento,provincia
021299,070105,4,nacimiento,provincia
021299,070201,48,nacimiento,provincia
021299,071001,21,nacimiento,provincia
021301,070101,263,nacimiento,municipio
021301,070102,8,nacimiento,municipio
021301,070104,19,nacimiento,municipio
021301,070105,2,nacimiento,municipio
021301,070201,38,nacimiento,municipio
021301,070502,6,nacimiento,municipio
021301,070603,1,nacimiento,municipio
021301,071001,13,nacimiento,municipio
021302,070101,117,nacimiento,municipio
021302,070102,5,nacimiento,municipio
021302,070104,4,nacimiento,municipio
021302,070201,13,nacimiento,municipio
021302,070502,1,nacimiento,municipio
021302,071001,14,nacimiento,municipio
021303,070101,64,nacimiento,municipio
021303,070102,2,nacimiento,municipio
021303,070103,1,nacimiento,municipio
021303,070104,1,nacimiento,municipio
021303,070105,1,nacimiento,municipio
021303,070201,20,nacimiento,municipio
021303,071001,6,nacimiento,municipio
021304,070101,79,nacimiento,municipio
021304,070102,4,nacimiento,municipio
021304,070104,8,nacimiento,municipio
021304,070201,12,nacimiento,municipio
021304,070502,1,nacimiento,municipio
021304,071001,2,nacimiento,municipio
021305,070101,406,nacimiento,municipio
021305,070102,17,nacimiento,municipio
021305,070104,37,nacimiento,municipio
021305,070105,4,nacimiento,municipio
021305,070201,54,nacimiento,municipio
021305,070502,3,nacimiento,municipio
021305,071001,19,nacimiento,municipio
021306,070101,46,nacimiento,municipio
021306,070102,2,nacimiento,municipio
021306,070103,1,nacimiento,municipio
021306,070104,4,nacimiento,municipio
021306,070201,5,nacimiento,municipio
021306,071001,2,nacimiento,municipio
021307,070101,34,nacimiento,municipio
021307,070102,1,nacimiento,municipio
021307,070104,4,nacimiento,municipio
021307,070105,1,nacimiento,municipio
021307,070201,3,nacimiento,municipio
021307,071001,1,nacimiento,municipio
021399,070101,1260,nacimiento,provincia
021399,070102,58,nacimiento,provincia
021399,070103,5,nacimiento,provincia
021399,070104,68,nacimiento,provincia
021399,070105,7,nacimiento,provincia
021399,070201,175,nacimiento,provincia
021399,070502,5,nacimiento,provincia
021399,070603,1,nacimiento,provincia
021399,071001,39,nacimiento,provincia
021401,070101,265,nacimiento,municipio
021401,070102,17,nacimiento,municipio
021401,070103,1,nacimiento,municipio
021401,070104,28,nacimiento,municipio
021401,070105,2,nacimiento,municipio
021401,070201,40,nacimiento,municipio
021401,070502,2,nacimiento,municipio
021401,070603,1,nacimiento,municipio
021401,071001,5,nacimiento,municipio
021402,070101,152,nacimiento,municipio
021402,070102,8,nacimiento,municipio
021402,070103,5,nacimiento,municipio
021402,070104,9,nacimiento,municipio
021402,070201,48,nacimiento,municipio
021402,070502,4,nacimiento,municipio
021402,071001,6,nacimiento,municipio
021499,070101,258,nacimiento,provincia
021499,070102,21,nacimiento,provincia
021499,070103,1,nacimiento,provincia
021499,070104,23,nacimiento,provincia
021499,070105,2,nacimiento,provincia
021499,070201,42,nacimiento,provincia
021499,070502,1,nacimiento,provincia
021499,070603,1,nacimiento,provincia
021499,071001,15,nacimiento,provincia
021501,070101,128,nacimiento,municipio
021501,070102,13,nacimiento,municipio
021501,070104,11,nacimiento,municipio
021501,070105,6,nacimiento,municipio
021501,070201,20,nacimiento,municipio
021501,070502,8,nacimiento,municipio
021501,070603,1,nacimiento,municipio
021501,071001,3,nacimiento,municipio
021502,070101,129,nacimiento,municipio
021502,070102,14,nacimiento,municipio
021502,070104,14,nacimiento,municipio
021502,070105,2,nacimiento,municipio
021502,070201,18,nacimiento,municipio
021502,070502,1,nacimiento,municipio
021502,071001,5,nacimiento,municipio
021599,070101,59,nacimiento,provincia
021599,070102,3,nacimiento,provincia
021599,070104,4,nacimiento,provincia
021599,070105,1,nacimiento,provincia
021599,070201,11,nacimiento,provincia
021599,070502,1,nacimiento,provincia
021599,071001,3,nacimiento,provincia
021601,070101,60,nacimiento,municipio
021601,070102,5,nacimiento,municipio
021601,070103,1,nacimiento,municipio
021601,070104,3,nacimiento,municipio
021601,070105,4,nacimiento,municipio
021601,070201,22,nacimiento,municipio
021601,070603,1,nacimiento,municipio
021601,071001,3,nacimiento,municipio
021602,070101,6,nacimiento,municipio
021602,070102,1,nacimiento,municipio
021602,070104,2,nacimiento,municipio
021602,070105,1,nacimiento,municipio
021602,070201,1,nacimiento,municipio
021699,070101,52,nacimiento,provincia
021699,070104,9,nacimiento,provincia
021699,070201,16,nacimiento,provincia
021699,071001,5,nacimiento,provincia
021701,070101,406,nacimiento,municipio
021701,070102,13,nacimiento,municipio
021701,070103,4,nacimiento,municipio
021701,070104,33,nacimiento,municipio
021701,070105,1,nacimiento,municipio
021701,070201,79,nacimiento,municipio
021701,071001,8,nacimiento,municipio
021702,070101,43,nacimiento,municipio
021702,070104,6,nacimiento,municipio
021702,070105,2,nacimiento,municipio
021702,070502,1,nacimiento,municipio
021703,070101,37,nacimiento,municipio
021703,070104,1,nacimiento,municipio
021703,070201,2,nacimiento,municipio
021799,070101,246,nacimiento,provincia
021799,070102,6,nacimiento,provincia
021799,070103,1,nacimiento,provincia
021799,070104,9,nacimiento,provincia
021799,070105,1,nacimiento,provincia
021799,070201,25,nacimiento,provincia
021799,070502,1,nacimiento,provincia
021799,071001,10,nacimiento,provincia
021801,070101,61,nacimiento,municipio
021801,070104,2,nacimiento,municipio
021801,070201,7,nacimiento,municipio
021801,071001,3,nacimiento,municipio
021802,070101,75,nacimiento,municipio
021802,070102,1,nacimiento,municipio
021802,070104,11,nacimiento,municipio
021802,070105,2,nacimiento,municipio
021802,070201,6,nacimiento,municipio
021802,070502,2,nacimiento,municipio
021802,071001,4,nacimiento,municipio
021803,070101,29,nacimiento,municipio
021803,070102,2,nacimiento,municipio
021803,070104,8,nacimiento,municipio
021803,070201,5,nacimiento,municipio
021803,071001,1,nacimiento,municipio
021899,070101,293,nacimiento,provincia
021899,070102,7,nacimiento,provincia
021899,070103,2,nacimiento,provincia
021899,070104,25,nacimiento,provincia
021899,070105,4,nacimiento,provincia
021899,070201,24,nacimiento,provincia
021899,070502,1,nacimiento,provincia
021899,070603,1,nacimiento,provincia
021899,071001,24,nacimiento,provincia
021901,070101,65,nacimiento,municipio
021901,070102,3,nacimiento,municipio
021901,070104,11,nacimiento,municipio
021901,070201,2,nacimiento,municipio
021901,071001,2,nacimiento,municipio
021902,070101,15,nacimiento,municipio
021902,070102,1,nacimiento,municipio
021902,070104,1,nacimiento,municipio
021902,070105,1,nacimiento,municipio
021902,070201,2,nacimiento,municipio
021902,070502,1,nacimiento,municipio
021902,071001,1,nacimiento,municipio
021999,070101,5,nacimiento,provincia
022001,070101,864,nacimiento,municipio
022001,070102,57,nacimiento,municipio
022001,070103,3,nacimiento,municipio
022001,070104,69,nacimiento,municipio
022001,070105,7,nacimiento,municipio
022001,070201,171,nacimiento,municipio
022001,070502,10,nacimiento,municipio
022001,070603,1,nacimiento,municipio
022001,071001,53,nacimiento,municipio
022002,070101,108,nacimiento,municipio
022002,070102,10,nacimiento,municipio
022002,070104,11,nacimiento,municipio
022002,070105,4,nacimiento,municipio
022002,070201,17,nacimiento,municipio
022002,071001,5,nacimiento,municipio
022099,070101,57,nacimiento,provincia
022099,070102,2,nacimiento,provincia
022099,070103,1,nacimiento,provincia
022099,070104,5,nacimiento,provincia
022099,070105,3,nacimiento,provincia
022099,070201,9,nacimiento,provincia
022099,070502,1,nacimiento,provincia
022099,071001,5,nacimiento,provincia
029999,070101,21482,nacimiento,departamento
029999,070102,731,nacimiento,departamento
029999,070103,225,nacimiento,departamento
029999,070104,1060,nacimiento,departamento
029999,070105,160,nacimiento,departamento
029999,070201,1619,nacimiento,departamento
029999,070502,111,nacimiento,departamento
029999,070603,13,nacimiento,departamento
029999,071001,561,nacimiento,departamento
030101,070101,28653,nacimiento,municipio
030101,070102,950,nacimiento,municipio
030101,070103,649,nacimiento,municipio
030101,070104,1749,nacimiento,municipio
030101,070105,399,nacimiento,municipio
030101,070201,2314,nacimiento,municipio
030101,070502,207,nacimiento,municipio
030101,070603,26,nacimiento,municipio
030101,071001,1591,nacimiento,municipio
030199,070101,2,nacimiento,provincia
030201,070101,3016,nacimiento,municipio
030201,070102,143,nacimiento,municipio
030201,070103,41,nacimiento,municipio
030201,070104,634,nacimiento,municipio
030201,070105,373,nacimiento,municipio
030201,070201,477,nacimiento,municipio
030201,070502,113,nacimiento,municipio
030201,071001,274,nacimiento,municipio
030202,070101,522,nacimiento,municipio
030202,070102,29,nacimiento,municipio
030202,070103,5,nacimiento,municipio
030202,070104,236,nacimiento,municipio
030202,070105,144,nacimiento,municipio
030202,070201,34,nacimiento,municipio
030202,070502,9,nacimiento,municipio
030202,070603,1,nacimiento,municipio
030202,071001,31,nacimiento,municipio
030203,070101,284,nacimiento,municipio
030203,070102,8,nacimiento,municipio
030203,070103,1,nacimiento,municipio
030203,070104,80,nacimiento,municipio
030203,070105,114,nacimiento,municipio
030203,070201,42,nacimiento,municipio
030203,070502,6,nacimiento,municipio
030203,071001,17,nacimiento,municipio
030299,070101,1035,nacimiento,provincia
030299,070102,44,nacimiento,provincia
030299,070103,12,nacimiento,provincia
030299,070104,233,nacimiento,provincia
030299,070105,210,nacimiento,provincia
030299,070201,148,nacimiento,provincia
030299,070502,23,nacimiento,provincia
030299,071001,83,nacimiento,provincia
030301,070101,711,nacimiento,municipio
030301,070102,44,nacimiento,municipio
030301,070104,95,nacimiento,municipio
030301,070105,39,nacimiento,municipio
030301,070201,198,nacimiento,municipio
030301,070502,13,nacimiento,municipio
030301,070603,1,nacimiento,municipio
030301,071001,117,nacimiento,municipio
030302,070101,163,nacimiento,municipio
030302,070102,5,nacimiento,municipio
030302,070103,2,nacimiento,municipio
030302,070104,24,nacimiento,municipio
030302,070105,8,nacimiento,municipio
030302,070201,79,nacimiento,municipio
030302,070502,3,nacimiento,municipio
030302,071001,18,nacimiento,municipio
030303,070101,115,nacimiento,municipio
030303,070102,14,nacimiento,municipio
030303,070103,3,nacimiento,municipio
030303,070104,30,nacimiento,municipio
030303,070105,13,nacimiento,municipio
030303,070201,39,nacimiento,municipio
030303,070502,2,nacimiento,municipio
030303,071001,16,nacimiento,municipio
030399,070101,43,nacimiento,provincia
030399,070102,3,nacimiento,provincia
030399,070104,15,nacimiento,provincia
030399,070105,1,nacimiento,provincia
030399,070201,10,nacimiento,provincia
030399,070502,1,nacimiento,provincia
030399,071001,3,nacimiento,provincia
030401,070101,556,nacimiento,municipio
030401,070102,21,nacimiento,municipio
030401,070103,7,nacimiento,municipio
030401,070104,73,nacimiento,municipio
030401,070105,19,nacimiento,municipio
030401,070201,85,nacimiento,municipio
030401,070502,7,nacimiento,municipio
030401,070603,2,nacimiento,municipio
030401,071001,114,nacimiento,municipio
030402,070101,117,nacimiento,municipio
030402,070102,5,nacimiento,municipio
030402,070104,24,nacimiento,municipio
030402,070105,15,nacimiento,municipio
030402,070201,34,nacimiento,municipio
030402,070502,11,nacimiento,municipio
030402,071001,32,nacimiento,municipio
030403,070101,47,nacimiento,municipio
030403,070102,2,nacimiento,municipio
030403,070104,5,nacimiento,municipio
030403,070105,5,nacimiento,municipio
030403,070201,6,nacimiento,municipio
030403,070502,2,nacimiento,municipio
030403,071001,10,nacimiento,municipio
030404,070101,56,nacimiento,municipio
030404,070102,6,nacimiento,municipio
030404,070104,9,nacimiento,municipio
030404,070105,1,nacimiento,municipio
030404,070201,15,nacimiento,municipio
030404,070502,4,nacimiento,municipio
030404,071001,15,nacimiento,municipio
030499,070101,203,nacimiento,provincia
030499,070102,13,nacimiento,provincia
030499,070103,5,nacimiento,provincia
030499,070104,35,nacimiento,provincia
030499,070105,11,nacimiento,provincia
030499,070201,38,nacimiento,provincia
030499,070502,10,nacimiento,provincia
030499,071001,45,nacimiento,provincia
030501,070101,1252,nacimiento,municipio
030501,070102,45,nacimiento,municipio
030501,070103,12,nacimiento,municipio
030501,070104,250,nacimiento,municipio
030501,070105,172,nacimiento,municipio
030501,070201,157,nacimiento,municipio
030501,070502,30,nacimiento,municipio
030501,070603,2,nacimiento,municipio
030501,071001,206,nacimiento,municipio
030502,070101,196,nacimiento,municipio
030502,070102,25,nacimiento,municipio
030502,070103,9,nacimiento,municipio
030502,070104,144,nacimiento,municipio
030502,070105,49,nacimiento,municipio
030502,070201,78,nacimiento,municipio
030502,070502,3,nacimiento,municipio
030502,071001,27,nacimiento,municipio
030599,070101,77,nacimiento,provincia
030599,070102,6,nacimiento,provincia
030599,070104,12,nacimiento,provincia
030599,070105,2,nacimiento,provincia
030599,070201,7,nacimiento,provincia
030599,070502,1,nacimiento,provincia
030599,071001,14,nacimiento,provincia
030601,070101,279,nacimiento,municipio
030601,070102,16,nacimiento,municipio
030601,070104,35,nacimiento,municipio
030601,070105,7,nacimiento,municipio
030601,070201,41,nacimiento,municipio
030601,070502,6,nacimiento,municipio
030601,070603,1,nacimiento,municipio
030601,071001,38,nacimiento,municipio
030602,070101,96,nacimiento,municipio
030602,070102,9,nacimiento,municipio
030602,070103,2,nacimiento,municipio
030602,070104,16,nacimiento,municipio
030602,070105,8,nacimiento,municipio
030602,070201,21,nacimiento,municipio
030602,070502,5,nacimiento,municipio
030602,071001,11,nacimiento,municipio
030699,070101,23,nacimiento,provincia
030699,070102,1,nacimiento,provincia
030699,070104,2,nacimiento,provincia
030699,070105,1,nacimiento,provincia
030699,070201,4,nacimiento,provincia
030699,071001,6,nacimiento,provincia
030701,070101,752,nacimiento,municipio
030701,070102,54,nacimiento,municipio
030701,070103,5,nacimiento,municipio
030701,070104,92,nacimiento,municipio
030701,070105,26,nacimiento,municipio
030701,070201,209,nacimiento,municipio
030701,070502,31,nacimiento,municipio
030701,071001,194,nacimiento,municipio
030702,070101,184,nacimiento,municipio
030702,070102,10,nacimiento,municipio
030702,070103,1,nacimiento,municipio
030702,070104,13,nacimiento,municipio
030702,070105,1,nacimiento,municipio
030702,070201,13,nacimiento,municipio
030702,070502,1,nacimiento,municipio
030702,071001,48,nacimiento,municipio
030703,070101,34,nacimiento,municipio
030703,070102,3,nacimiento,municipio
030703,070104,3,nacimiento,municipio
030703,070105,1,nacimiento,municipio
030703,070201,4,nacimiento,municipio
030703,071001,4,nacimiento,municipio
030799,070101,62,nacimiento,provincia
030799,070102,2,nacimiento,provincia
030799,070103,2,nacimiento,provincia
030799,070104,11,nacimiento,provincia
030799,070105,2,nacimiento,provincia
030799,070201,13,nacimiento,provincia
030799,070502,4,nacimiento,provincia
030799,071001,18,nacimiento,provincia
030801,070101,1635,nacimiento,municipio
030801,070102,33,nacimiento,municipio
030801,070103,9,nacimiento,municipio
030801,070104,197,nacimiento,municipio
030801,070105,29,nacimiento,municipio
030801,070201,139,nacimiento,municipio
030801,070502,35,nacimiento,municipio
030801,071001,508,nacimiento,municipio
030802,070101,229,nacimiento,municipio
030802,070102,7,nacimiento,municipio
030802,070103,3,nacimiento,municipio
030802,070104,32,nacimiento,municipio
030802,070105,1,nacimiento,municipio
030802,070201,23,nacimiento,municipio
030802,070502,9,nacimiento,municipio
030802,071001,86,nacimiento,municipio
030803,070101,59,nacimiento,municipio
030803,070102,4,nacimiento,municipio
030803,070104,9,nacimiento,municipio
030803,070105,17,nacimiento,municipio
030803,070201,5,nacimiento,municipio
030803,070502,1,nacimiento,municipio
030803,071001,26,nacimiento,municipio
030899,070101,281,nacimiento,provincia
030899,070102,14,nacimiento,provincia
030899,070103,3,nacimiento,provincia
030899,070104,45,nacimiento,provincia
030899,070105,6,nacimiento,provincia
030899,070201,32,nacimiento,provincia
030899,070502,2,nacimiento,provincia
030899,071001,65,nacimiento,provincia
030901,070101,4675,nacimiento,municipio
030901,070102,208,nacimiento,municipio
030901,070103,30,nacimiento,municipio
030901,070104,451,nacimiento,municipio
030901,070105,120,nacimiento,municipio
030901,070201,726,nacimiento,municipio
030901,070502,67,nacimiento,municipio
030901,070603,7,nacimiento,municipio
030901,071001,493,nacimiento,municipio
030902,070101,773,nacimiento,municipio
030902,070102,39,nacimiento,municipio
030902,070103,3,nacimiento,municipio
030902,070104,57,nacimiento,municipio
030902,070105,8,nacimiento,municipio
030902,070201,172,nacimiento,municipio
030902,070502,15,nacimiento,municipio
030902,070603,1,nacimiento,municipio
030902,071001,96,nacimiento,municipio
030903,070101,477,nacimiento,municipio
030903,070102,36,nacimiento,municipio
030903,070103,4,nacimiento,municipio
030903,070104,47,nacimiento,municipio
030903,070105,32,nacimiento,municipio
030903,070201,85,nacimiento,municipio
030903,070502,5,nacimiento,municipio
030903,071001,50,nacimiento,municipio
030904,070101,544,nacimiento,municipio
030904,070102,49,nacimiento,municipio
030904,070103,2,nacimiento,municipio
030904,070104,58,nacimiento,municipio
030904,070105,18,nacimiento,municipio
030904,070201,96,nacimiento,municipio
030904,070502,10,nacimiento,municipio
030904,070603,1,nacimiento,municipio
030904,071001,86,nacimiento,municipio
030905,070101,303,nacimiento,municipio
030905,070102,13,nacimiento,municipio
030905,070103,2,nacimiento,municipio
030905,070104,32,nacimiento,municipio
030905,070105,5,nacimiento,municipio
030905,070201,46,nacimiento,municipio
030905,070502,3,nacimiento,municipio
030905,071001,41,nacimiento,municipio
030999,070101,123,nacimiento,provincia
030999,070102,8,nacimiento,provincia
030999,070104,8,nacimiento,provincia
030999,070105,3,nacimiento,provincia
030999,070201,21,nacimiento,provincia
030999,070502,4,nacimiento,provincia
030999,071001,13,nacimiento,provincia
031001,070101,2444,nacimiento,municipio
031001,070102,136,nacimiento,municipio
031001,070103,12,nacimiento,municipio
031001,070104,264,nacimiento,municipio
031001,070105,76,nacimiento,municipio
031001,070201,604,nacimiento,municipio
031001,070502,66,nacimiento,municipio
031001,070603,3,nacimiento,municipio
031001,071001,487,nacimiento,municipio
031002,070101,311,nacimiento,municipio
031002,070102,30,nacimiento,municipio
031002,070103,1,nacimiento,municipio
031002,070104,55,nacimiento,municipio
031002,070105,9,nacimiento,municipio
031002,070201,123,nacimiento,municipio
031002,070502,7,nacimiento,municipio
031002,070603,1,nacimiento,municipio
031002,071001,97,nacimiento,municipio
031003,070101,550,nacimiento,municipio
031003,070102,43,nacimiento,municipio
031003,070103,5,nacimiento,municipio
031003,070104,101,nacimiento,municipio
031003,070105,20,nacimiento,municipio
031003,070201,106,nacimiento,municipio
031003,070502,54,nacimiento,municipio
031003,070603,2,nacimiento,municipio
031003,071001,87,nacimiento,municipio
031099,070101,1030,nacimiento,provincia
031099,070102,76,nacimiento,provincia
031099,070103,6,nacimiento,provincia
031099,070104,114,nacimiento,provincia
031099,070105,40,nacimiento,provincia
031099,070201,199,nacimiento,provincia
031099,070502,35,nacimiento,provincia
031099,070603,2,nacimiento,provincia
031099,071001,162,nacimiento,provincia
031101,070101,531,nacimiento,municipio
031101,070102,47,nacimiento,municipio
031101,070103,1,nacimiento,municipio
031101,070104,46,nacimiento,municipio
031101,070105,18,nacimiento,municipio
031101,070201,124,nacimiento,municipio
031101,070502,18,nacimiento,municipio
031101,071001,50,nacimiento,municipio
031201,070101,638,nacimiento,municipio
031201,070102,52,nacimiento,municipio
031201,070103,8,nacimiento,municipio
031201,070104,150,nacimiento,municipio
031201,070105,165,nacimiento,municipio
031201,070201,97,nacimiento,municipio
031201,070502,23,nacimiento,municipio
031201,071001,90,nacimiento,municipio
031202,070101,452,nacimiento,municipio
031202,070102,47,nacimiento,municipio
031202,070103,18,nacimiento,municipio
031202,070104,231,nacimiento,municipio
031202,070105,256,nacimiento,municipio
031202,070201,50,nacimiento,municipio
031202,070502,7,nacimiento,municipio
031202,071001,102,nacimiento,municipio
031203,070101,334,nacimiento,municipio
031203,070102,21,nacimiento,municipio
031203,070103,3,nacimiento,municipio
031203,070104,46,nacimiento,municipio
031203,070105,27,nacimiento,municipio
031203,070201,70,nacimiento,municipio
031203,070502,11,nacimiento,municipio
031203,071001,50,nacimiento,municipio
031204,070101,139,nacimiento,municipio
031204,070102,14,nacimiento,municipio
031204,070104,21,nacimiento,municipio
031204,070105,7,nacimiento,municipio
031204,070201,22,nacimiento,municipio
031204,070502,8,nacimiento,municipio
031204,071001,35,nacimiento,municipio
031205,070101,483,nacimiento,municipio
031205,070102,38,nacimiento,municipio
031205,070103,6,nacimiento,municipio
031205,070104,64,nacimiento,municipio
031205,070105,39,nacimiento,municipio
031205,070201,124,nacimiento,municipio
031205,070502,13,nacimiento,municipio
031205,071001,111,nacimiento,municipio
031206,070101,199,nacimiento,municipio
031206,070102,14,nacimiento,municipio
031206,070104,32,nacimiento,municipio
031206,070105,8,nacimiento,municipio
031206,070201,54,nacimiento,municipio
031206,070502,6,nacimiento,municipio
031206,071001,47,nacimiento,municipio
031299,070101,1169,nacimiento,provincia
031299,070102,56,nacimiento,provincia
031299,070103,13,nacimiento,provincia
031299,070104,226,nacimiento,provincia
031299,070105,157,nacimiento,provincia
031299,070201,180,nacimiento,provincia
031299,070502,33,nacimiento,provincia
031299,071001,204,nacimiento,provincia
031301,070101,1028,nacimiento,municipio
031301,070102,80,nacimiento,municipio
031301,070103,11,nacimiento,municipio
031301,070104,179,nacimiento,municipio
031301,070105,117,nacimiento,municipio
031301,070201,225,nacimiento,municipio
031301,070502,34,nacimiento,municipio
031301,070603,2,nacimiento,municipio
031301,071001,185,nacimiento,municipio
031302,070101,66,nacimiento,municipio
031302,070102,3,nacimiento,municipio
031302,070104,10,nacimiento,municipio
031302,070105,2,nacimiento,municipio
031302,070201,11,nacimiento,municipio
031302,070502,7,nacimiento,municipio
031302,071001,16,nacimiento,municipio
031303,070101,24,nacimiento,municipio
031303,070102,2,nacimiento,municipio
031303,070104,4,nacimiento,municipio
031303,070105,3,nacimiento,municipio
031303,070201,15,nacimiento,municipio
031303,070502,1,nacimiento,municipio
031303,071001,16,nacimiento,municipio
031304,070101,33,nacimiento,municipio
031304,070102,2,nacimiento,municipio
031304,070103,1,nacimiento,municipio
031304,070104,17,nacimiento,municipio
031304,070105,1,nacimiento,municipio
031304,070201,16,nacimiento,municipio
031304,070502,1,nacimiento,municipio
031304,071001,2,nacimiento,municipio
031399,070101,63,nacimiento,provincia
031399,070102,1,nacimiento,provincia
031399,070104,14,nacimiento,provincia
031399,070105,7,nacimiento,provincia
031399,070201,11,nacimiento,provincia
031399,070502,2,nacimiento,provincia
031399,071001,10,nacimiento,provincia
031401,070101,4529,nacimiento,municipio
031401,070102,142,nacimiento,municipio
031401,070103,11,nacimiento,municipio
031401,070104,492,nacimiento,municipio
031401,070105,120,nacimiento,municipio
031401,070201,395,nacimiento,municipio
031401,070502,27,nacimiento,municipio
031401,070603,1,nacimiento,municipio
031401,071001,757,nacimiento,municipio
031402,070101,74,nacimiento,municipio
031402,070102,2,nacimiento,municipio
031402,070103,1,nacimiento,municipio
031402,070104,13,nacimiento,municipio
031402,070105,2,nacimiento,municipio
031402,070201,10,nacimiento,municipio
031402,071001,17,nacimiento,municipio
031403,070101,180,nacimiento,municipio
031403,070102,10,nacimiento,municipio
031403,070104,20,nacimiento,municipio
031403,070105,6,nacimiento,municipio
031403,070201,11,nacimiento,municipio
031403,070502,1,nacimiento,municipio
031403,071001,27,nacimiento,municipio
031404,070101,10,nacimiento,municipio
031404,070102,1,nacimiento,municipio
031404,070104,3,nacimiento,municipio
031404,070201,2,nacimiento,municipio
031404,071001,2,nacimiento,municipio
031405,070101,8,nacimiento,municipio
031405,070104,1,nacimiento,municipio
031405,070201,4,nacimiento,municipio
031499,070101,67,nacimiento,provincia
031499,070102,4,nacimiento,provincia
031499,070104,5,nacimiento,provincia
031499,070105,1,nacimiento,provincia
031499,070201,9,nacimiento,provincia
031499,070502,1,nacimiento,provincia
031499,071001,6,nacimiento,provincia
031501,070101,159,nacimiento,municipio
031501,070102,7,nacimiento,municipio
031501,070104,38,nacimiento,municipio
031501,070105,13,nacimiento,municipio
031501,070201,64,nacimiento,municipio
031501,070502,3,nacimiento,municipio
031501,071001,9,nacimiento,municipio
031601,070101,560,nacimiento,municipio
031601,070102,44,nacimiento,municipio
031601,070104,146,nacimiento,municipio
031601,070105,10,nacimiento,municipio
031601,070201,156,nacimiento,municipio
031601,070502,11,nacimiento,municipio
031601,071001,251,nacimiento,municipio
031602,070101,128,nacimiento,municipio
031602,070102,9,nacimiento,municipio
031602,070103,2,nacimiento,municipio
031602,070104,14,nacimiento,municipio
031602,070105,2,nacimiento,municipio
031602,070201,33,nacimiento,municipio
031602,070502,5,nacimiento,municipio
031602,070603,1,nacimiento,municipio
031602,071001,22,nacimiento,municipio
031699,070101,114,nacimiento,provincia
031699,070102,9,nacimiento,provincia
031699,070104,18,nacimiento,provincia
031699,070105,1,nacimiento,provincia
031699,070201,24,nacimiento,provincia
031699,070502,4,nacimiento,provincia
031699,071001,35,nacimiento,provincia
039999,070101,21307,nacimiento,departamento
039999,070102,1025,nacimiento,departamento
039999,070103,140,nacimiento,departamento
039999,070104,1646,nacimiento,departamento
039999,070105,750,nacimiento,departamento
039999,070201,2118,nacimiento,departamento
039999,070502,199,nacimiento,departamento
039999,070603,13,nacimiento,departamento
039999,071001,2048,nacimiento,departamento
040101,070101,5090,nacimiento,municipio
040101,070102,133,nacimiento,municipio
040101,070103,60,nacimiento,municipio
040101,070104,234,nacimiento,municipio
040101,070105,32,nacimiento,municipio
040101,070201,308,nacimiento,municipio
040101,070502,23,nacimiento,municipio
040101,070603,5,nacimiento,municipio
040101,071001,202,nacimiento,municipio
040102,070101,354,nacimiento,municipio
040102,070102,14,nacimiento,municipio
040102,070103,2,nacimiento,municipio
040102,070104,47,nacimiento,municipio
040102,070105,11,nacimiento,municipio
040102,070201,40,nacimiento,municipio
040102,070502,4,nacimiento,municipio
040102,070603,1,nacimiento,municipio
040102,071001,14,nacimiento,municipio
040103,070101,81,nacimiento,municipio
040103,070102,1,nacimiento,municipio
040103,070104,4,nacimiento,municipio
040103,070201,9,nacimiento,municipio
040103,070502,1,nacimiento,municipio
040103,071001,1,nacimiento,municipio
040104,070101,106,nacimiento,municipio
040104,070102,7,nacimiento,municipio
040104,070104,17,nacimiento,municipio
040104,070105,9,nacimiento,municipio
040104,070201,25,nacimiento,municipio
040104,070502,2,nacimiento,municipio
040104,071001,10,nacimiento,municipio
040199,070101,5311,nacimiento,provincia
040199,070102,109,nacimiento,provincia
040199,070103,52,nacimiento,provincia
040199,070104,278,nacimiento,provincia
040199,070105,45,nacimiento,provincia
040199,070201,288,nacimiento,provincia
040199,070502,18,nacimiento,provincia
040199,070603,4,nacimiento,provincia
040199,071001,179,nacimiento,provincia
040201,070101,621,nacimiento,municipio
040201,070102,22,nacimiento,municipio
040201,070103,1,nacimiento,municipio
040201,070104,52,nacimiento,municipio
040201,070105,10,nacimiento,municipio
040201,070201,167,nacimiento,municipio
040201,070502,27,nacimiento,municipio
040201,071001,51,nacimiento,municipio
040202,070101,48,nacimiento,municipio
040202,070102,1,nacimiento,municipio
040202,070104,2,nacimiento,municipio
040202,070105,1,nacimiento,municipio
040202,070201,12,nacimiento,municipio
040202,071001,1,nacimiento,municipio
040299,070101,352,nacimiento,provincia
040299,070102,9,nacimiento,provincia
040299,070103,2,nacimiento,provincia
040299,070104,36,nacimiento,provincia
040299,070105,2,nacimiento,provincia
040299,070201,85,nacimiento,provincia
040299,070502,9,nacimiento,provincia
040299,071001,31,nacimiento,provincia
040301,070101,230,nacimiento,municipio
040301,070102,4,nacimiento,municipio
040301,070103,1,nacimiento,municipio
040301,070104,27,nacimiento,municipio
040301,070105,1,nacimiento,municipio
040301,070201,19,nacimiento,municipio
040301,070502,3,nacimiento,municipio
040301,071001,17,nacimiento,municipio
040302,070101,68,nacimiento,municipio
040302,070102,1,nacimiento,municipio
040302,070104,3,nacimiento,municipio
040302,070105,1,nacimiento,municipio
040302,070201,6,nacimiento,municipio
040302,070502,1,nacimiento,municipio
040399,070101,45,nacimiento,provincia
040399,070104,4,nacimiento,provincia
040399,070201,1,nacimiento,provincia
040399,070502,1,nacimiento,provincia
040399,071001,2,nacimiento,provincia
040401,070101,142,nacimiento,municipio
040401,070102,2,nacimiento,municipio
040401,070103,1,nacimiento,municipio
040401,070104,14,nacimiento,municipio
040401,070105,4,nacimiento,municipio
040401,070201,19,nacimiento,municipio
040401,070502,2,nacimiento,municipio
040401,071001,19,nacimiento,municipio
040402,070101,77,nacimiento,municipio
040402,070102,3,nacimiento,municipio
040402,070103,1,nacimiento,municipio
040402,070104,11,nacimiento,municipio
040402,070105,2,nacimiento,municipio
040402,070201,6,nacimiento,municipio
040402,070502,1,nacimiento,municipio
040402,071001,18,nacimiento,municipio
040499,070101,2,nacimiento,provincia
040499,070103,1,nacimiento,provincia
040499,070201,2,nacimiento,provincia
040501,070101,33,nacimiento,municipio
040501,070102,1,nacimiento,municipio
040501,070104,1,nacimiento,municipio
040501,070105,1,nacimiento,municipio
040501,070201,1,nacimiento,municipio
040501,071001,2,nacimiento,municipio
040502,070101,8,nacimiento,municipio
040502,070201,2,nacimiento,municipio
040503,070101,2,nacimiento,municipio
040503,070104,2,nacimiento,municipio
040503,070201,1,nacimiento,municipio
040503,071001,1,nacimiento,municipio
040504,070101,2,nacimiento,municipio
040504,071001,1,nacimiento,municipio
040505,070101,17,nacimiento,municipio
040505,070102,5,nacimiento,municipio
040505,070104,4,nacimiento,municipio
040505,070105,3,nacimiento,municipio
040505,070201,9,nacimiento,municipio
040505,071001,2,nacimiento,municipio
040599,070101,12,nacimiento,provincia
040599,070104,3,nacimiento,provincia
040599,070201,2,nacimiento,provincia
040599,071001,3,nacimiento,provincia
040601,070101,441,nacimiento,municipio
040601,070102,22,nacimiento,municipio
040601,070103,1,nacimiento,municipio
040601,070104,42,nacimiento,municipio
040601,070105,9,nacimiento,municipio
040601,070201,41,nacimiento,municipio
040601,070502,24,nacimiento,municipio
040601,071001,20,nacimiento,municipio
040602,070101,184,nacimiento,municipio
040602,070102,4,nacimiento,municipio
040602,070103,1,nacimiento,municipio
040602,070104,14,nacimiento,municipio
040602,070105,1,nacimiento,municipio
040602,070201,14,nacimiento,municipio
040602,070502,2,nacimiento,municipio
040602,071001,11,nacimiento,municipio
040603,070101,59,nacimiento,municipio
040603,070102,4,nacimiento,municipio
040603,070103,1,nacimiento,municipio
040603,070104,7,nacimiento,municipio
040603,070105,3,nacimiento,municipio
040603,070201,5,nacimiento,municipio
040603,071001,2,nacimiento,municipio
040699,070101,23,nacimiento,provincia
040699,070104,1,nacimiento,provincia
040699,070201,3,nacimiento,provincia
040699,071001,1,nacimiento,provincia
040701,070101,736,nacimiento,municipio
040701,070102,24,nacimiento,municipio
040701,070103,7,nacimiento,municipio
040701,070104,61,nacimiento,municipio
040701,070105,11,nacimiento,municipio
040701,070201,48,nacimiento,municipio
040701,070502,7,nacimiento,municipio
040701,071001,50,nacimiento,municipio
040702,070101,186,nacimiento,municipio
040702,070102,5,nacimiento,municipio
040702,070104,8,nacimiento,municipio
040702,070105,1,nacimiento,municipio
040702,070201,11,nacimiento,municipio
040702,070502,1,nacimiento,municipio
040702,071001,13,nacimiento,municipio
040799,070101,365,nacimiento,provincia
040799,070102,18,nacimiento,provincia
040799,070103,3,nacimiento,provincia
040799,070104,21,nacimiento,provincia
040799,070105,2,nacimiento,provincia
040799,070201,23,nacimiento,provincia
040799,070502,1,nacimiento,provincia
040799,071001,7,nacimiento,provincia
040801,070101,188,nacimiento,municipio
040801,070102,10,nacimiento,municipio
040801,070104,18,nacimiento,municipio
040801,070105,4,nacimiento,municipio
040801,070201,28,nacimiento,municipio
040801,070502,3,nacimiento,municipio
040801,071001,8,nacimiento,municipio
040802,070101,74,nacimiento,municipio
040802,070102,14,nacimiento,municipio
040802,070104,5,nacimiento,municipio
040802,070105,11,nacimiento,municipio
040802,070201,15,nacimiento,municipio
040802,070502,5,nacimiento,municipio
040802,071001,15,nacimiento,municipio
040899,070101,122,nacimiento,provincia
040899,070102,3,nacimiento,provincia
040899,070104,8,nacimiento,provincia
040899,070105,5,nacimiento,provincia
040899,070201,19,nacimiento,provincia
040899,070502,4,nacimiento,provincia
040899,071001,12,nacimiento,provincia
040901,070101,75,nacimiento,municipio
040901,070102,2,nacimiento,municipio
040901,070104,4,nacimiento,municipio
040901,070201,9,nacimiento,municipio
040901,071001,8,nacimiento,municipio
040902,070101,8,nacimiento,municipio
040902,070102,1,nacimiento,municipio
040902,070502,1,nacimiento,municipio
040903,070101,4,nacimiento,municipio
040999,070101,8,nacimiento,provincia
041001,070101,541,nacimiento,municipio
041001,070102,4,nacimiento,municipio
041001,070103,1,nacimiento,municipio
041001,070104,19,nacimiento,municipio
041001,070105,3,nacimiento,municipio
041001,070201,30,nacimiento,municipio
041001,070502,2,nacimiento,municipio
041001,071001,15,nacimiento,municipio
041101,070101,405,nacimiento,municipio
041101,070102,9,nacimiento,municipio
041101,070104,17,nacimiento,municipio
041101,070105,1,nacimiento,municipio
041101,070201,15,nacimiento,municipio
041101,070603,5,nacimiento,municipio
041101,071001,33,nacimiento,municipio
041199,070104,1,nacimiento,provincia
041201,070101,130,nacimiento,municipio
041201,070102,1,nacimiento,municipio
041201,070103,1,nacimiento,municipio
041201,070104,18,nacimiento,municipio
041201,070105,4,nacimiento,municipio
041201,070201,31,nacimiento,municipio
041201,070502,4,nacimiento,municipio
041201,071001,12,nacimiento,municipio
041202,070101,168,nacimiento,municipio
041202,070102,23,nacimiento,municipio
041202,070104,18,nacimiento,municipio
041202,070105,6,nacimiento,municipio
041202,070201,16,nacimiento,municipio
041202,070502,4,nacimiento,municipio
041202,070603,1,nacimiento,municipio
041202,071001,11,nacimiento,municipio
041299,070101,87,nacimiento,provincia
041299,070102,1,nacimiento,provincia
041299,070103,1,nacimiento,provincia
041299,070104,9,nacimiento,provincia
041299,070105,3,nacimiento,provincia
041299,070201,3,nacimiento,provincia
041299,070502,3,nacimiento,provincia
041299,071001,20,nacimiento,provincia
041301,070101,216,nacimiento,municipio
041301,070102,7,nacimiento,municipio
041301,070103,1,nacimiento,municipio
041301,070104,7,nacimiento,municipio
041301,070105,2,nacimiento,municipio
041301,070201,22,nacimiento,municipio
041301,070502,6,nacimiento,municipio
041301,071001,6,nacimiento,municipio
041401,070101,406,nacimiento,municipio
041401,070102,10,nacimiento,municipio
041401,070103,2,nacimiento,municipio
041401,070104,34,nacimiento,municipio
041401,070105,3,nacimiento,municipio
041401,070201,32,nacimiento,municipio
041401,070502,4,nacimiento,municipio
041401,071001,15,nacimiento,municipio
041499,070101,1,nacimiento,provincia
041501,070101,2,nacimiento,municipio
041501,070201,2,nacimiento,municipio
041501,070502,1,nacimiento,municipio
041502,070101,3,nacimiento,municipio
041503,070101,197,nacimiento,municipio
041503,070102,2,nacimiento,municipio
041503,070104,10,nacimiento,municipio
041503,070105,5,nacimiento,municipio
041503,070201,17,nacimiento,municipio
041503,071001,11,nacimiento,municipio
041599,070101,5,nacimiento,provincia
041599,070102,1,nacimiento,provincia
041599,070104,2,nacimiento,provincia
041601,070101,246,nacimiento,municipio
041601,070102,8,nacimiento,municipio
041601,070104,6,nacimiento,municipio
041601,070105,4,nacimiento,municipio
041601,070201,25,nacimiento,municipio
041601,070502,5,nacimiento,municipio
041601,071001,4,nacimiento,municipio
049999,070101,6921,nacimiento,departamento
049999,070102,199,nacimiento,departamento
049999,070103,20,nacimiento,departamento
049999,070104,294,nacimiento,departamento
049999,070105,65,nacimiento,departamento
049999,070201,451,nacimiento,departamento
049999,070502,48,nacimiento,departamento
049999,070603,5,nacimiento,departamento
049999,071001,272,nacimiento,departamento
050101,070101,4616,nacimiento,municipio
050101,070102,418,nacimiento,municipio
050101,070103,50,nacimiento,municipio
050101,070104,466,nacimiento,municipio
050101,070105,173,nacimiento,municipio
050101,070201,520,nacimiento,municipio
050101,070502,78,nacimiento,municipio
050101,070603,2,nacimiento,municipio
050101,071001,328,nacimiento,municipio
050102,070101,256,nacimiento,municipio
050102,070102,25,nacimiento,municipio
050102,070103,3,nacimiento,municipio
050102,070104,100,nacimiento,municipio
050102,070105,30,nacimiento,municipio
050102,070201,60,nacimiento,municipio
050102,070502,5,nacimiento,municipio
050102,071001,43,nacimiento,municipio
050103,070101,206,nacimiento,municipio
050103,070102,29,nacimiento,municipio
050103,070103,1,nacimiento,municipio
050103,070104,63,nacimiento,municipio
050103,070105,73,nacimiento,municipio
050103,070201,33,nacimiento,municipio
050103,070502,2,nacimiento,municipio
050103,071001,20,nacimiento,municipio
050104,070101,50,nacimiento,municipio
050104,070102,6,nacimiento,municipio
050104,070104,11,nacimiento,municipio
050104,070105,4,nacimiento,municipio
050104,070201,7,nacimiento,municipio
050104,070502,2,nacimiento,municipio
050104,071001,13,nacimiento,municipio
050199,070101,3431,nacimiento,provincia
050199,070102,224,nacimiento,provincia
050199,070103,22,nacimiento,provincia
050199,070104,393,nacimiento,provincia
050199,070105,167,nacimiento,provincia
050199,070201,335,nacimiento,provincia
050199,070502,43,nacimiento,provincia
050199,070603,1,nacimiento,provincia
050199,071001,221,nacimiento,provincia
050201,070101,535,nacimiento,municipio
050201,070102,34,nacimiento,municipio
050201,070103,5,nacimiento,municipio
050201,070104,53,nacimiento,municipio
050201,070105,7,nacimiento,municipio
050201,070201,67,nacimiento,municipio
050201,070502,7,nacimiento,municipio
050201,071001,20,nacimiento,municipio
050202,070101,1304,nacimiento,municipio
050202,070102,105,nacimiento,municipio
050202,070103,15,nacimiento,municipio
050202,070104,420,nacimiento,municipio
050202,070105,56,nacimiento,municipio
050202,070201,240,nacimiento,municipio
050202,070502,38,nacimiento,municipio
050202,070603,1,nacimiento,municipio
050202,071001,130,nacimiento,municipio
050203,070101,1440,nacimiento,municipio
050203,070102,59,nacimiento,municipio
050203,070103,4,nacimiento,municipio
050203,070104,148,nacimiento,municipio
050203,070105,24,nacimiento,municipio
050203,070201,123,nacimiento,municipio
050203,070502,20,nacimiento,municipio
050203,071001,117,nacimiento,municipio
050204,070101,43,nacimiento,municipio
050204,070102,8,nacimiento,municipio
050204,070103,1,nacimiento,municipio
050204,070104,7,nacimiento,municipio
050204,070201,29,nacimiento,municipio
050204,071001,10,nacimiento,municipio
050299,070101,984,nacimiento,provincia
050299,070102,49,nacimiento,provincia
050299,070103,8,nacimiento,provincia
050299,070104,76,nacimiento,provincia
050299,070105,18,nacimiento,provincia
050299,070201,104,nacimiento,provincia
050299,070502,23,nacimiento,provincia
050299,070603,3,nacimiento,provincia
050299,071001,47,nacimiento,provincia
050301,070101,1540,nacimiento,municipio
050301,070102,810,nacimiento,municipio
050301,070103,14,nacimiento,municipio
050301,070104,583,nacimiento,municipio
050301,070105,136,nacimiento,municipio
050301,070201,262,nacimiento,municipio
050301,070502,66,nacimiento,municipio
050301,071001,135,nacimiento,municipio
050302,070101,276,nacimiento,municipio
050302,070102,141,nacimiento,municipio
050302,070103,4,nacimiento,municipio
050302,070104,34,nacimiento,municipio
050302,070105,16,nacimiento,municipio
050302,070201,40,nacimiento,municipio
050302,070502,7,nacimiento,municipio
050302,071001,25,nacimiento,municipio
050303,070101,186,nacimiento,municipio
050303,070102,36,nacimiento,municipio
050303,070103,1,nacimiento,municipio
050303,070104,51,nacimiento,municipio
050303,070105,15,nacimiento,municipio
050303,070201,34,nacimiento,municipio
050303,070502,3,nacimiento,municipio
050303,071001,27,nacimiento,municipio
050399,070101,1351,nacimiento,provincia
050399,070102,438,nacimiento,provincia
050399,070103,11,nacimiento,provincia
050399,070104,414,nacimiento,provincia
050399,070105,103,nacimiento,provincia
050399,070201,287,nacimiento,provincia
050399,070502,44,nacimiento,provincia
050399,070603,1,nacimiento,provincia
050399,071001,134,nacimiento,provincia
050401,070101,193,nacimiento,municipio
050401,070102,16,nacimiento,municipio
050401,070103,1,nacimiento,municipio
050401,070104,38,nacimiento,municipio
050401,070105,2,nacimiento,municipio
050401,070201,41,nacimiento,municipio
050401,070502,3,nacimiento,municipio
050401,071001,23,nacimiento,municipio
050402,070101,496,nacimiento,municipio
050402,070102,54,nacimiento,municipio
050402,070103,4,nacimiento,municipio
050402,070104,232,nacimiento,municipio
050402,070105,18,nacimiento,municipio
050402,070201,94,nacimiento,municipio
050402,070502,13,nacimiento,municipio
050402,070603,1,nacimiento,municipio
050402,071001,42,nacimiento,municipio
050403,070101,297,nacimiento,municipio
050403,070102,12,nacimiento,municipio
050403,070103,2,nacimiento,municipio
050403,070104,49,nacimiento,municipio
050403,070105,8,nacimiento,municipio
050403,070201,50,nacimiento,municipio
050403,070502,6,nacimiento,municipio
050403,071001,38,nacimiento,municipio
050404,070101,230,nacimiento,municipio
050404,070102,20,nacimiento,municipio
050404,070103,3,nacimiento,municipio
050404,070104,142,nacimiento,municipio
050404,070105,10,nacimiento,municipio
050404,070201,26,nacimiento,municipio
050404,070502,4,nacimiento,municipio
050404,071001,15,nacimiento,municipio
050405,070101,134,nacimiento,municipio
050405,070102,7,nacimiento,municipio
050405,070104,51,nacimiento,municipio
050405,070105,5,nacimiento,municipio
050405,070201,37,nacimiento,municipio
050405,070502,3,nacimiento,municipio
050405,071001,17,nacimiento,municipio
050499,070101,107,nacimiento,provincia
050499,070102,9,nacimiento,provincia
050499,070103,1,nacimiento,provincia
050499,070104,41,nacimiento,provincia
050499,070105,6,nacimiento,provincia
050499,070201,34,nacimiento,provincia
050499,070502,7,nacimiento,provincia
050499,071001,17,nacimiento,provincia
050501,070101,192,nacimiento,municipio
050501,070102,17,nacimiento,municipio
050501,070103,2,nacimiento,municipio
050501,070104,34,nacimiento,municipio
050501,070105,10,nacimiento,municipio
050501,070201,50,nacimiento,municipio
050501,070502,7,nacimiento,municipio
050501,071001,21,nacimiento,municipio
050502,070101,182,nacimiento,municipio
050502,070102,9,nacimiento,municipio
050502,070103,3,nacimiento,municipio
050502,070104,27,nacimiento,municipio
050502,070105,6,nacimiento,municipio
050502,070201,17,nacimiento,municipio
050502,071001,21,nacimiento,municipio
050599,070101,218,nacimiento,provincia
050599,070102,14,nacimiento,provincia
050599,070104,37,nacimiento,provincia
050599,070105,6,nacimiento,provincia
050599,070201,45,nacimiento,provincia
050599,070502,6,nacimiento,provincia
050599,071001,30,nacimiento,provincia
050601,070101,684,nacimiento,municipio
050601,070102,48,nacimiento,municipio
050601,070103,8,nacimiento,municipio
050601,070104,45,nacimiento,municipio
050601,070105,96,nacimiento,municipio
050601,070201,110,nacimiento,municipio
050601,070502,17,nacimiento,municipio
050601,070603,2,nacimiento,municipio
050601,071001,244,nacimiento,municipio
050602,070101,349,nacimiento,municipio
050602,070102,77,nacimiento,municipio
050602,070103,3,nacimiento,municipio
050602,070104,34,nacimiento,municipio
050602,070105,7,nacimiento,municipio
050602,070201,77,nacimiento,municipio
050602,070502,19,nacimiento,municipio
050602,070603,1,nacimiento,municipio
050602,071001,86,nacimiento,municipio
050699,070101,709,nacimiento,provincia
050699,070102,91,nacimiento,provincia
050699,070103,6,nacimiento,provincia
050699,070104,31,nacimiento,provincia
050699,070105,67,nacimiento,provincia
050699,070201,130,nacimiento,provincia
050699,070502,18,nacimiento,provincia
050699,070603,1,nacimiento,provincia
050699,071001,202,nacimiento,provincia
050701,070101,151,nacimiento,municipio
050701,070102,19,nacimiento,municipio
050701,070104,29,nacimiento,municipio
050701,070105,7,nacimiento,municipio
050701,070201,97,nacimiento,municipio
050701,070502,2,nacimiento,municipio
050701,071001,14,nacimiento,municipio
050702,070101,57,nacimiento,municipio
050702,070102,1,nacimiento,municipio
050702,070104,9,nacimiento,municipio
050702,070105,22,nacimiento,municipio
050702,070201,20,nacimiento,municipio
050702,070502,2,nacimiento,municipio
050702,071001,7,nacimiento,municipio
050799,070101,150,nacimiento,provincia
050799,070102,16,nacimiento,provincia
050799,070103,1,nacimiento,provincia
050799,070104,25,nacimiento,provincia
050799,070105,5,nacimiento,provincia
050799,070201,76,nacimiento,provincia
050799,070502,6,nacimiento,provincia
050799,071001,9,nacimiento,provincia
050801,070101,1776,nacimiento,municipio
050801,070102,117,nacimiento,municipio
050801,070103,20,nacimiento,municipio
050801,070104,138,nacimiento,municipio
050801,070105,66,nacimiento,municipio
050801,070201,199,nacimiento,municipio
050801,070502,33,nacimiento,municipio
050801,070603,3,nacimiento,municipio
050801,071001,311,nacimiento,municipio
050802,070101,438,nacimiento,municipio
050802,070102,20,nacimiento,municipio
050802,070103,3,nacimiento,municipio
050802,070104,22,nacimiento,municipio
050802,070105,32,nacimiento,municipio
050802,070201,40,nacimiento,municipio
050802,070502,2,nacimiento,municipio
050802,071001,60,nacimiento,municipio
050899,070101,639,nacimiento,provincia
050899,070102,41,nacimiento,provincia
050899,070103,1,nacimiento,provincia
050899,070104,33,nacimiento,provincia
050899,070105,32,nacimiento,provincia
050899,070201,94,nacimiento,provincia
050899,070502,9,nacimiento,provincia
050899,071001,134,nacimiento,provincia
050901,070101,267,nacimiento,municipio
050901,070102,6,nacimiento,municipio
050901,070103,5,nacimiento,municipio
050901,070104,22,nacimiento,municipio
050901,070105,10,nacimiento,municipio
050901,070201,17,nacimiento,municipio
050901,070502,2,nacimiento,municipio
050901,071001,27,nacimiento,municipio
050902,070101,9,nacimiento,municipio
050902,070201,2,nacimiento,municipio
050999,070101,51,nacimiento,provincia
050999,070102,1,nacimiento,provincia
050999,070103,1,nacimiento,provincia
050999,070104,3,nacimiento,provincia
050999,070201,3,nacimiento,provincia
050999,071001,7,nacimiento,provincia
051001,070101,34,nacimiento,municipio
051001,070102,5,nacimiento,municipio
051001,070104,2,nacimiento,municipio
051001,070105,1,nacimiento,municipio
051001,070201,7,nacimiento,municipio
051001,070502,1,nacimiento,municipio
051001,071001,1,nacimiento,municipio
051002,070101,3,nacimiento,municipio
051002,070103,1,nacimiento,municipio
051002,070104,2,nacimiento,municipio
051002,070105,1,nacimiento,municipio
051002,070201,1,nacimiento,municipio
051002,071001,1,nacimiento,municipio
051003,070101,13,nacimiento,municipio
051003,070102,2,nacimiento,municipio
051003,070104,5,nacimiento,municipio
051003,070105,6,nacimiento,municipio
051003,070502,1,nacimiento,municipio
051099,070101,8,nacimiento,provincia
051099,070104,5,nacimiento,provincia
051099,070201,3,nacimiento,provincia
051099,070502,1,nacimiento,provincia
051099,071001,2,nacimiento,provincia
051101,070101,593,nacimiento,municipio
051101,070102,224,nacimiento,municipio
051101,070103,7,nacimiento,municipio
051101,070104,115,nacimiento,municipio
051101,070105,28,nacimiento,municipio
051101,070201,174,nacimiento,municipio
051101,070502,61,nacimiento,municipio
051101,070603,6,nacimiento,municipio
051101,071001,139,nacimiento,municipio
051102,070101,119,nacimiento,municipio
051102,070102,19,nacimiento,municipio
051102,070103,3,nacimiento,municipio
051102,070104,9,nacimiento,municipio
051102,070105,7,nacimiento,municipio
051102,070201,23,nacimiento,municipio
051102,070502,9,nacimiento,municipio
051102,071001,17,nacimiento,municipio
051103,070101,319,nacimiento,municipio
051103,070102,112,nacimiento,municipio
051103,070103,4,nacimiento,municipio
051103,070104,72,nacimiento,municipio
051103,070105,43,nacimiento,municipio
051103,070201,42,nacimiento,municipio
051103,070502,14,nacimiento,municipio
051103,071001,52,nacimiento,municipio
051199,070101,1023,nacimiento,provincia
051199,070102,260,nacimiento,provincia
051199,070103,13,nacimiento,provincia
051199,070104,131,nacimiento,provincia
051199,070105,81,nacimiento,provincia
051199,070201,214,nacimiento,provincia
051199,070502,48,nacimiento,provincia
051199,070603,1,nacimiento,provincia
051199,071001,238,nacimiento,provincia
051201,070101,769,nacimiento,municipio
051201,070102,34,nacimiento,municipio
051201,070103,7,nacimiento,municipio
051201,070104,42,nacimiento,municipio
051201,070105,22,nacimiento,municipio
051201,070201,65,nacimiento,municipio
051201,070502,3,nacimiento,municipio
051201,070603,4,nacimiento,municipio
051201,071001,47,nacimiento,municipio
051202,070101,215,nacimiento,municipio
051202,070102,14,nacimiento,municipio
051202,070104,23,nacimiento,municipio
051202,070105,15,nacimiento,municipio
051202,070201,30,nacimiento,municipio
051202,070502,5,nacimiento,municipio
051202,071001,39,nacimiento,municipio
051203,070101,67,nacimiento,municipio
051203,070102,2,nacimiento,municipio
051203,070104,8,nacimiento,municipio
051203,070105,3,nacimiento,municipio
051203,070201,9,nacimiento,municipio
051203,071001,4,nacimiento,municipio
051204,070101,48,nacimiento,municipio
051204,070102,6,nacimiento,municipio
051204,070104,3,nacimiento,municipio
051204,070105,2,nacimiento,municipio
051204,070201,6,nacimiento,municipio
051204,070502,1,nacimiento,municipio
051204,071001,13,nacimiento,municipio
051299,070101,425,nacimiento,provincia
051299,070102,14,nacimiento,provincia
051299,070103,3,nacimiento,provincia
051299,070104,31,nacimiento,provincia
051299,070105,14,nacimiento,provincia
051299,070201,50,nacimiento,provincia
051299,070502,10,nacimiento,provincia
051299,071001,48,nacimiento,provincia
051301,070101,56,nacimiento,municipio
051301,070102,4,nacimiento,municipio
051301,070104,10,nacimiento,municipio
051301,070105,5,nacimiento,municipio
051301,070201,12,nacimiento,municipio
051301,070502,2,nacimiento,municipio
051301,071001,11,nacimiento,municipio
051302,070101,68,nacimiento,municipio
051302,070102,9,nacimiento,municipio
051302,070103,2,nacimiento,municipio
051302,070104,22,nacimiento,municipio
051302,070105,1,nacimiento,municipio
051302,070201,13,nacimiento,municipio
051302,071001,10,nacimiento,municipio
051399,070101,51,nacimiento,provincia
051399,070102,3,nacimiento,provincia
051399,070103,2,nacimiento,provincia
051399,070104,11,nacimiento,provincia
051399,070105,1,nacimiento,provincia
051399,070201,8,nacimiento,provincia
051399,071001,6,nacimiento,provincia
051401,070101,126,nacimiento,municipio
051401,070102,14,nacimiento,municipio
051401,070103,1,nacimiento,municipio
051401,070104,1,nacimiento,municipio
051401,070105,2,nacimiento,municipio
051401,070201,7,nacimiento,municipio
051401,071001,5,nacimiento,municipio
051402,070101,21,nacimiento,municipio
051402,070102,1,nacimiento,municipio
051402,070104,1,nacimiento,municipio
051402,070105,1,nacimiento,municipio
051402,070201,1,nacimiento,municipio
051499,070101,101,nacimiento,provincia
051499,070102,14,nacimiento,provincia
051499,070104,3,nacimiento,provincia
051499,070105,1,nacimiento,provincia
051499,070201,9,nacimiento,provincia
051499,070502,1,nacimiento,provincia
051499,071001,3,nacimiento,provincia
051501,070101,626,nacimiento,municipio
051501,070102,35,nacimiento,municipio
051501,070103,9,nacimiento,municipio
051501,070104,71,nacimiento,municipio
051501,070105,22,nacimiento,municipio
051501,070201,122,nacimiento,municipio
051501,070502,11,nacimiento,municipio
051501,070603,1,nacimiento,municipio
051501,071001,85,nacimiento,municipio
051601,070101,9,nacimiento,municipio
051601,070102,2,nacimiento,municipio
051601,070104,4,nacimiento,municipio
051601,070201,1,nacimiento,municipio
051601,070603,2,nacimiento,municipio
051601,071001,1,nacimiento,municipio
059999,070101,10525,nacimiento,departamento
059999,070102,1247,nacimiento,departamento
059999,070103,68,nacimiento,departamento
059999,070104,1157,nacimiento,departamento
059999,070105,504,nacimiento,departamento
059999,070201,1373,nacimiento,departamento
059999,070502,178,nacimiento,departamento
059999,070603,7,nacimiento,departamento
059999,071001,1053,nacimiento,departamento
060101,070101,5842,nacimiento,municipio
060101,070102,216,nacimiento,municipio
060101,070103,130,nacimiento,municipio
060101,070104,370,nacimiento,municipio
060101,070105,73,nacimiento,municipio
060101,070201,342,nacimiento,municipio
060101,070502,67,nacimiento,municipio
060101,070603,11,nacimiento,municipio
060101,071001,221,nacimiento,municipio
060201,070101,159,nacimiento,municipio
060201,070102,10,nacimiento,municipio
060201,070103,2,nacimiento,municipio
060201,070104,17,nacimiento,municipio
060201,070105,8,nacimiento,municipio
060201,070201,24,nacimiento,municipio
060201,070502,2,nacimiento,municipio
060201,071001,7,nacimiento,municipio
060202,070101,733,nacimiento,municipio
060202,070102,34,nacimiento,municipio
060202,070103,12,nacimiento,municipio
060202,070104,49,nacimiento,municipio
060202,070105,22,nacimiento,municipio
060202,070201,40,nacimiento,municipio
060202,070502,17,nacimiento,municipio
060202,070603,1,nacimiento,municipio
060202,071001,57,nacimiento,municipio
060299,070101,196,nacimiento,provincia
060299,070102,10,nacimiento,provincia
060299,070103,1,nacimiento,provincia
060299,070104,14,nacimiento,provincia
060299,070105,1,nacimiento,provincia
060299,070201,23,nacimiento,provincia
060299,070502,2,nacimiento,provincia
060299,070603,1,nacimiento,provincia
060299,071001,4,nacimiento,provincia
060301,070101,5654,nacimiento,municipio
060301,070102,187,nacimiento,municipio
060301,070103,56,nacimiento,municipio
060301,070104,453,nacimiento,municipio
060301,070105,115,nacimiento,municipio
060301,070201,304,nacimiento,municipio
060301,070502,81,nacimiento,municipio
060301,070603,12,nacimiento,municipio
060301,071001,179,nacimiento,municipio
060302,070101,198,nacimiento,municipio
060302,070102,11,nacimiento,municipio
060302,070103,2,nacimiento,municipio
060302,070104,12,nacimiento,municipio
060302,070105,5,nacimiento,municipio
060302,070201,15,nacimiento,municipio
060302,070502,13,nacimiento,municipio
060302,070603,1,nacimiento,municipio
060302,071001,12,nacimiento,municipio
060303,070101,2234,nacimiento,municipio
060303,070102,111,nacimiento,municipio
060303,070103,25,nacimiento,municipio
060303,070104,187,nacimiento,municipio
060303,070105,29,nacimiento,municipio
060303,070201,152,nacimiento,municipio
060303,070502,42,nacimiento,municipio
060303,070603,3,nacimiento,municipio
060303,071001,64,nacimiento,municipio
060399,070101,1276,nacimiento,provincia
060399,070102,51,nacimiento,provincia
060399,070103,19,nacimiento,provincia
060399,070104,111,nacimiento,provincia
060399,070105,19,nacimiento,provincia
060399,070201,98,nacimiento,provincia
060399,070502,19,nacimiento,provincia
060399,070603,5,nacimiento,provincia
060399,071001,38,nacimiento,provincia
060401,070101,71,nacimiento,municipio
060401,070102,10,nacimiento,municipio
060401,070104,8,nacimiento,municipio
060401,070105,4,nacimiento,municipio
060401,070201,9,nacimiento,municipio
060401,070502,2,nacimiento,municipio
060401,071001,1,nacimiento,municipio
060402,070101,28,nacimiento,municipio
060402,070102,10,nacimiento,municipio
060402,070104,7,nacimiento,municipio
060402,070105,6,nacimiento,municipio
060402,070201,5,nacimiento,municipio
060402,070502,4,nacimiento,municipio
060402,071001,8,nacimiento,municipio
060499,070101,63,nacimiento,provincia
060499,070102,14,nacimiento,provincia
060499,070103,1,nacimiento,provincia
060499,070104,3,nacimiento,provincia
060499,070105,2,nacimiento,provincia
060499,070201,3,nacimiento,provincia
060499,071001,1,nacimiento,provincia
060501,070101,234,nacimiento,municipio
060501,070102,19,nacimiento,municipio
060501,070103,2,nacimiento,municipio
060501,070104,23,nacimiento,municipio
060501,070105,9,nacimiento,municipio
060501,070201,25,nacimiento,municipio
060501,070502,15,nacimiento,municipio
060501,070603,1,nacimiento,municipio
060501,071001,30,nacimiento,municipio
060502,070101,103,nacimiento,municipio
060502,070102,6,nacimiento,municipio
060502,070103,3,nacimiento,municipio
060502,070104,33,nacimiento,municipio
060502,070105,15,nacimiento,municipio
060502,070201,26,nacimiento,municipio
060502,070502,6,nacimiento,municipio
060502,070603,1,nacimiento,municipio
060502,071001,17,nacimiento,municipio
060599,070101,168,nacimiento,provincia
060599,070102,8,nacimiento,provincia
060599,070103,1,nacimiento,provincia
060599,070104,27,nacimiento,provincia
060599,070105,4,nacimiento,provincia
060599,070201,19,nacimiento,provincia
060599,070502,18,nacimiento,provincia
060599,070603,1,nacimiento,provincia
060599,071001,23,nacimiento,provincia
060601,070101,792,nacimiento,municipio
060601,070102,30,nacimiento,municipio
060601,070103,8,nacimiento,municipio
060601,070104,90,nacimiento,municipio
060601,070105,19,nacimiento,municipio
060601,070201,84,nacimiento,municipio
060601,070502,26,nacimiento,municipio
060601,070603,1,nacimiento,municipio
060601,071001,36,nacimiento,municipio
060699,070101,3,nacimiento,provincia
060699,070104,1,nacimiento,provincia
069999,070101,5026,nacimiento,departamento
069999,070102,243,nacimiento,departamento
069999,070103,39,nacimiento,departamento
069999,070104,320,nacimiento,departamento
069999,070105,91,nacimiento,departamento
069999,070201,360,nacimiento,departamento
069999,070502,85,nacimiento,departamento
069999,070603,14,nacimiento,departamento
069999,071001,248,nacimiento,departamento
070101,010101,2106,nacimiento,municipio
070101,010102,51,nacimiento,municipio
070101,010103,40,nacimiento,municipio
070101,010201,37,nacimiento,municipio
070101,010202,65,nacimiento,municipio
070101,010301,119,nacimiento,municipio
070101,010302,42,nacimiento,municipio
070101,010303,58,nacimiento,municipio
070101,010304,50,nacimiento,municipio
070101,010401,104,nacimiento,municipio
070101,010402,107,nacimiento,municipio
070101,010403,117,nacimiento,municipio
070101,010404,65,nacimiento,municipio
070101,010405,103,nacimiento,municipio
070101,010501,388,nacimiento,municipio
070101,010502,124,nacimiento,municipio
070101,010601,70,nacimiento,municipio
070101,010602,55,nacimiento,municipio
070101,010701,53,nacimiento,municipio
070101,010702,48,nacimiento,municipio
070101,010703,13,nacimiento,municipio
070101,010704,25,nacimiento,municipio
070101,010801,144,nacimiento,municipio
070101,010901,34,nacimiento,municipio
070101,010902,27,nacimiento,municipio
070101,010903,9,nacimiento,municipio
070101,011001,256,nacimiento,municipio
070101,011002,74,nacimiento,municipio
070101,011003,231,nacimiento,municipio
070101,020101,2388,nacimiento,municipio
070101,020102,3,nacimiento,municipio
070101,020103,23,nacimiento,municipio
070101,020104,49,nacimiento,municipio
070101,020105,1248,nacimiento,municipio
070101,020201,20,nacimiento,municipio
070101,020202,4,nacimiento,municipio
070101,020203,3,nacimiento,municipio
070101,020204,4,nacimiento,municipio
070101,020205,6,nacimiento,municipio
070101,020206,17,nacimiento,municipio
070101,020301,14,nacimiento,municipio
070101,020302,6,nacimiento,municipio
070101,020303,7,nacimiento,municipio
070101,020304,1,nacimiento,municipio
070101,020305,4,nacimiento,municipio
070101,020306,39,nacimiento,municipio
070101,020308,8,nacimiento,municipio
070101,020401,10,nacimiento,municipio
070101,020402,1,nacimiento,municipio
070101,020403,15,nacimiento,municipio
070101,020405,3,nacimiento,municipio
070101,020501,15,nacimiento,municipio
070101,020502,2,nacimiento,municipio
070101,020503,2,nacimiento,municipio
070101,020601,44,nacimiento,municipio
070101,020602,113,nacimiento,municipio
070101,020603,9,nacimiento,municipio
070101,020605,1,nacimiento,municipio
070101,020606,37,nacimiento,municipio
070101,020607,148,nacimiento,municipio
070101,020608,76,nacimiento,municipio
070101,020701,39,nacimiento,municipio
070101,020702,1,nacimiento,municipio
070101,020801,130,nacimiento,municipio
070101,020802,3,nacimiento,municipio
070101,020803,4,nacimiento,municipio
070101,020804,2,nacimiento,municipio
070101,020805,11,nacimiento,municipio
070101,020806,4,nacimiento,municipio
070101,020901,16,nacimiento,municipio
070101,020902,25,nacimiento,municipio
070101,020903,5,nacimiento,municipio
070101,020904,9,nacimiento,municipio
070101,020905,18,nacimiento,municipio
070101,021001,10,nacimiento,municipio
070101,021002,19,nacimiento,municipio
070101,021003,50,nacimiento,municipio
070101,021004,14,nacimiento,municipio
070101,021005,3,nacimiento,municipio
070101,021006,20,nacimiento,municipio
070101,021101,26,nacimiento,municipio
070101,021102,42,nacimiento,municipio
070101,021103,12,nacimiento,municipio
070101,021104,33,nacimiento,municipio
070101,021105,59,nacimiento,municipio
070101,021201,18,nacimiento,municipio
070101,021202,16,nacimiento,municipio
070101,021203,7,nacimiento,municipio
070101,021204,11,nacimiento,municipio
070101,021301,56,nacimiento,municipio
070101,021302,3,nacimiento,municipio
070101,021303,7,nacimiento,municipio
070101,021304,11,nacimiento,municipio
070101,021305,46,nacimiento,municipio
070101,021306,18,nacimiento,municipio
070101,021401,54,nacimiento,municipio
070101,021402,39,nacimiento,municipio
070101,021501,185,nacimiento,municipio
070101,021502,52,nacimiento,municipio
070101,021601,12,nacimiento,municipio
070101,021602,3,nacimiento,municipio
070101,021701,18,nacimiento,municipio
070101,021702,8,nacimiento,municipio
070101,021703,2,nacimiento,municipio
070101,021801,3,nacimiento,municipio
070101,021802,5,nacimiento,municipio
070101,021803,1,nacimiento,municipio
070101,021901,4,nacimiento,municipio
070101,022001,89,nacimiento,municipio
070101,022002,15,nacimiento,municipio
070101,030101,2666,nacimiento,municipio
070101,030201,101,nacimiento,municipio
070101,030202,143,nacimiento,municipio
070101,030203,54,nacimiento,municipio
070101,030301,8,nacimiento,municipio
070101,030302,4,nacimiento,municipio
070101,030303,11,nacimiento,municipio
070101,030401,13,nacimiento,municipio
070101,030402,5,nacimiento,municipio
070101,030403,56,nacimiento,municipio
070101,030404,2,nacimiento,municipio
070101,030501,19,nacimiento,municipio
070101,030502,9,nacimiento,municipio
070101,030602,3,nacimiento,municipio
070101,030701,43,nacimiento,municipio
070101,030702,41,nacimiento,municipio
070101,030703,1,nacimiento,municipio
070101,030801,46,nacimiento,municipio
070101,030802,14,nacimiento,municipio
070101,030803,23,nacimiento,municipio
070101,030901,438,nacimiento,municipio
070101,030902,117,nacimiento,municipio
070101,030903,175,nacimiento,municipio
070101,030904,145,nacimiento,municipio
070101,030905,241,nacimiento,municipio
070101,031001,646,nacimiento,municipio
070101,031002,29,nacimiento,municipio
070101,031003,262,nacimiento,municipio
070101,031101,7,nacimiento,municipio
070101,031201,30,nacimiento,municipio
070101,031202,46,nacimiento,municipio
070101,031203,31,nacimiento,municipio
070101,031204,143,nacimiento,municipio
070101,031205,298,nacimiento,municipio
070101,031206,392,nacimiento,municipio
070101,031301,54,nacimiento,municipio
070101,031303,2,nacimiento,municipio
070101,031304,6,nacimiento,municipio
070101,031401,79,nacimiento,municipio
070101,031402,14,nacimiento,municipio
070101,031403,21,nacimiento,municipio
070101,031405,6,nacimiento,municipio
070101,031601,9,nacimiento,municipio
070101,031602,122,nacimiento,municipio
070101,040101,903,nacimiento,municipio
070101,040102,48,nacimiento,municipio
070101,040103,24,nacimiento,municipio
070101,040104,15,nacimiento,municipio
070101,040201,73,nacimiento,municipio
070101,040202,19,nacimiento,municipio
070101,040301,78,nacimiento,municipio
070101,040302,13,nacimiento,municipio
070101,040401,12,nacimiento,municipio
070101,040402,8,nacimiento,municipio
070101,040501,25,nacimiento,municipio
070101,040502,31,nacimiento,municipio
070101,040503,5,nacimiento,municipio
070101,040504,3,nacimiento,municipio
070101,040505,13,nacimiento,municipio
070101,040601,33,nacimiento,municipio
070101,040602,11,nacimiento,municipio
070101,040603,7,nacimiento,municipio
070101,040701,28,nacimiento,municipio
070101,040702,13,nacimiento,municipio
070101,040801,82,nacimiento,municipio
070101,040802,16,nacimiento,municipio
070101,040901,68,nacimiento,municipio
070101,040902,9,nacimiento,municipio
070101,041001,113,nacimiento,municipio
070101,041101,14,nacimiento,municipio
070101,041201,16,nacimiento,municipio
070101,041202,8,nacimiento,municipio
070101,041301,7,nacimiento,municipio
070101,041401,42,nacimiento,municipio
070101,041501,6,nacimiento,municipio
070101,041502,2,nacimiento,municipio
070101,041503,12,nacimiento,municipio
070101,041601,11,nacimiento,municipio
070101,050101,744,nacimiento,municipio
070101,050102,31,nacimiento,municipio
070101,050103,56,nacimiento,municipio
070101,050104,16,nacimiento,municipio
070101,050201,39,nacimiento,municipio
070101,050202,16,nacimiento,municipio
070101,050203,101,nacimiento,municipio
070101,050204,16,nacimiento,municipio
070101,050301,189,nacimiento,municipio
070101,050302,31,nacimiento,municipio
070101,050303,21,nacimiento,municipio
070101,050401,22,nacimiento,municipio
070101,050402,39,nacimiento,municipio
070101,050403,72,nacimiento,municipio
070101,050404,19,nacimiento,municipio
070101,050405,7,nacimiento,municipio
070101,050501,12,nacimiento,municipio
070101,050502,14,nacimiento,municipio
070101,050601,124,nacimiento,municipio
070101,050602,45,nacimiento,municipio
070101,050701,6,nacimiento,municipio
070101,050702,3,nacimiento,municipio
070101,050801,214,nacimiento,municipio
070101,050802,32,nacimiento,municipio
070101,050901,45,nacimiento,municipio
070101,050902,8,nacimiento,municipio
070101,051001,1,nacimiento,municipio
070101,051002,2,nacimiento,municipio
070101,051101,40,nacimiento,municipio
070101,051102,34,nacimiento,municipio
070101,051103,32,nacimiento,municipio
070101,051201,149,nacimiento,municipio
070101,051202,35,nacimiento,municipio
070101,051203,107,nacimiento,municipio
070101,051204,27,nacimiento,municipio
070101,051302,3,nacimiento,municipio
070101,051401,12,nacimiento,municipio
070101,051402,3,nacimiento,municipio
070101,051501,119,nacimiento,municipio
070101,051601,8,nacimiento,municipio
070101,060101,845,nacimiento,municipio
070101,060201,13,nacimiento,municipio
070101,060202,137,nacimiento,municipio
070101,060301,1316,nacimiento,municipio
070101,060302,109,nacimiento,municipio
070101,060303,925,nacimiento,municipio
070101,060401,24,nacimiento,municipio
070101,060402,1,nacimiento,municipio
070101,060501,46,nacimiento,municipio
070101,060502,6,nacimiento,municipio
070101,060601,56,nacimiento,municipio
070101,070101,1025234,nacimiento,municipio
070101,070102,14641,nacimiento,municipio
070101,070103,5588,nacimiento,municipio
070101,070104,22923,nacimiento,municipio
070101,070105,3850,nacimiento,municipio
070101,070201,14256,nacimiento,municipio
070101,070202,781,nacimiento,municipio
070101,070301,2238,nacimiento,municipio
070101,070302,773,nacimiento,municipio
070101,070303,564,nacimiento,municipio
070101,070401,916,nacimiento,municipio
070101,070402,766,nacimiento,municipio
070101,070403,1337,nacimiento,municipio
070101,070404,409,nacimiento,municipio
070101,070501,3817,nacimiento,municipio
070101,070502,5209,nacimiento,municipio
070101,070503,1045,nacimiento,municipio
070101,070601,1120,nacimiento,municipio
070101,070602,1106,nacimiento,municipio
070101,070603,857,nacimiento,municipio
070101,070701,194,nacimiento,municipio
070101,070702,1179,nacimiento,municipio
070101,070703,2700,nacimiento,municipio
070101,070704,186,nacimiento,municipio
070101,070705,309,nacimiento,municipio
070101,070706,941,nacimiento,municipio
070101,070707,212,nacimiento,municipio
070101,070801,474,nacimiento,municipio
070101,070802,118,nacimiento,municipio
070101,070803,74,nacimiento,municipio
070101,070804,120,nacimiento,municipio
070101,070805,53,nacimiento,municipio
070101,070901,951,nacimiento,municipio
070101,070902,442,nacimiento,municipio
070101,070903,640,nacimiento,municipio
070101,070904,308,nacimiento,municipio
070101,071001,4190,nacimiento,municipio
070101,071002,653,nacimiento,municipio
070101,071003,1280,nacimiento,municipio
070101,071004,480,nacimiento,municipio
070101,071005,707,nacimiento,municipio
070101,071101,1657,nacimiento,municipio
070101,071102,707,nacimiento,municipio
070101,071103,2378,nacimiento,municipio
070101,071104,261,nacimiento,municipio
070101,071105,605,nacimiento,municipio
070101,071106,2240,nacimiento,municipio
070101,071201,439,nacimiento,municipio
070101,071301,454,nacimiento,municipio
070101,071302,258,nacimiento,municipio
070101,071401,781,nacimiento,municipio
070101,071402,933,nacimiento,municipio
070101,071403,613,nacimiento,municipio
070101,071501,1569,nacimiento,municipio
070101,071502,205,nacimiento,municipio
070101,071503,1068,nacimiento,municipio
070101,080101,2460,nacimiento,municipio
070101,080102,237,nacimiento,municipio
070101,080201,810,nacimiento,municipio
070101,080202,572,nacimiento,municipio
070101,080301,153,nacimiento,municipio
070101,080302,377,nacimiento,municipio
070101,080303,265,nacimiento,municipio
070101,080304,176,nacimiento,municipio
070101,080401,268,nacimiento,municipio
070101,080402,279,nacimiento,municipio
070101,080501,262,nacimiento,municipio
070101,080601,68,nacimiento,municipio
070101,080602,407,nacimiento,municipio
070101,080701,222,nacimiento,municipio
070101,080702,161,nacimiento,municipio
070101,080703,6,nacimiento,municipio
070101,080801,222,nacimiento,municipio
070101,080802,230,nacimiento,municipio
070101,080803,133,nacimiento,municipio
070101,080901,26,nacimiento,municipio
070101,090101,415,nacimiento,municipio
070101,090102,31,nacimiento,municipio
070101,090103,14,nacimiento,municipio
070101,090104,15,nacimiento,municipio
070101,090201,41,nacimiento,municipio
070101,090202,2,nacimiento,municipio
070101,090203,23,nacimiento,municipio
070101,090301,45,nacimiento,municipio
070101,090302,43,nacimiento,municipio
070101,090303,66,nacimiento,municipio
070101,090401,19,nacimiento,municipio
070101,090402,12,nacimiento,municipio
070101,090501,12,nacimiento,municipio
070101,090502,12,nacimiento,municipio
070101,090503,23,nacimiento,municipio
070102,010101,63,nacimiento,municipio
070102,010102,5,nacimiento,municipio
070102,010202,5,nacimiento,municipio
070102,010301,6,nacimiento,municipio
070102,010302,6,nacimiento,municipio
070102,010304,2,nacimiento,municipio
070102,010401,1,nacimiento,municipio
070102,010402,3,nacimiento,municipio
070102,010403,5,nacimiento,municipio
070102,010404,2,nacimiento,municipio
070102,010405,6,nacimiento,municipio
070102,010501,3,nacimiento,municipio
070102,010502,2,nacimiento,municipio
070102,010601,5,nacimiento,municipio
070102,010701,3,nacimiento,municipio
070102,010702,19,nacimiento,municipio
070102,010703,1,nacimiento,municipio
070102,010704,2,nacimiento,municipio
070102,010901,3,nacimiento,municipio
070102,010902,4,nacimiento,municipio
070102,011003,9,nacimiento,municipio
070102,020101,31,nacimiento,municipio
070102,020103,1,nacimiento,municipio
070102,020104,2,nacimiento,municipio
070102,020105,58,nacimiento,municipio
070102,020201,1,nacimiento,municipio
070102,020601,2,nacimiento,municipio
070102,020602,2,nacimiento,municipio
070102,020603,1,nacimiento,municipio
070102,020606,1,nacimiento,municipio
070102,020607,5,nacimiento,municipio
070102,020608,3,nacimiento,municipio
070102,020701,3,nacimiento,municipio
070102,020801,4,nacimiento,municipio
070102,020902,4,nacimiento,municipio
070102,020903,1,nacimiento,municipio
070102,020904,1,nacimiento,municipio
070102,021001,1,nacimiento,municipio
070102,021002,4,nacimiento,municipio
070102,021003,2,nacimiento,municipio
070102,021004,4,nacimiento,municipio
070102,021102,1,nacimiento,municipio
070102,021104,3,nacimiento,municipio
070102,021105,9,nacimiento,municipio
070102,021201,2,nacimiento,municipio
070102,021202,3,nacimiento,municipio
070102,021301,3,nacimiento,municipio
070102,021305,3,nacimiento,municipio
070102,021401,3,nacimiento,municipio
070102,021402,5,nacimiento,municipio
070102,021501,1,nacimiento,municipio
070102,021502,4,nacimiento,municipio
070102,021601,2,nacimiento,municipio
070102,022001,4,nacimiento,municipio
070102,022002,1,nacimiento,municipio
070102,030101,107,nacimiento,municipio
070102,030202,7,nacimiento,municipio
070102,030301,1,nacimiento,municipio
070102,030303,2,nacimiento,municipio
070102,030401,2,nacimiento,municipio
070102,030402,1,nacimiento,municipio
070102,030403,4,nacimiento,municipio
070102,030501,1,nacimiento,municipio
070102,030502,1,nacimiento,municipio
070102,030701,1,nacimiento,municipio
070102,030702,1,nacimiento,municipio
070102,030801,5,nacimiento,municipio
070102,030802,1,nacimiento,municipio
070102,030803,1,nacimiento,municipio
070102,030901,26,nacimiento,municipio
070102,030902,6,nacimiento,municipio
070102,030903,16,nacimiento,municipio
070102,030904,13,nacimiento,municipio
070102,030905,21,nacimiento,municipio
070102,031001,45,nacimiento,municipio
070102,031002,2,nacimiento,municipio
070102,031003,27,nacimiento,municipio
070102,031202,2,nacimiento,municipio
070102,031203,8,nacimiento,municipio
070102,031204,13,nacimiento,municipio
070102,031205,35,nacimiento,municipio
070102,031206,38,nacimiento,municipio
070102,031301,6,nacimiento,municipio
070102,031401,5,nacimiento,municipio
070102,031403,1,nacimiento,municipio
070102,031602,8,nacimiento,municipio
070102,040101,26,nacimiento,municipio
070102,040104,2,nacimiento,municipio
070102,040601,1,nacimiento,municipio
070102,040701,3,nacimiento,municipio
070102,040801,1,nacimiento,municipio
070102,040802,2,nacimiento,municipio
070102,040901,3,nacimiento,municipio
070102,041201,1,nacimiento,municipio
070102,050101,39,nacimiento,municipio
070102,050103,7,nacimiento,municipio
070102,050201,1,nacimiento,municipio
070102,050203,11,nacimiento,municipio
070102,050301,33,nacimiento,municipio
070102,050302,3,nacimiento,municipio
070102,050401,1,nacimiento,municipio
070102,050403,6,nacimiento,municipio
070102,050502,1,nacimiento,municipio
070102,050601,1,nacimiento,municipio
070102,050602,11,nacimiento,municipio
070102,050801,8,nacimiento,municipio
070102,050901,2,nacimiento,municipio
070102,051101,5,nacimiento,municipio
070102,051102,12,nacimiento,municipio
070102,051103,11,nacimiento,municipio
070102,051201,12,nacimiento,municipio
070102,051202,1,nacimiento,municipio
070102,051203,6,nacimiento,municipio
070102,051401,3,nacimiento,municipio
070102,051501,8,nacimiento,municipio
070102,060101,40,nacimiento,municipio
070102,060201,2,nacimiento,municipio
070102,060202,10,nacimiento,municipio
070102,060301,65,nacimiento,municipio
070102,060302,3,nacimiento,municipio
070102,060303,16,nacimiento,municipio
070102,060401,7,nacimiento,municipio
070102,060501,6,nacimiento,municipio
070102,060601,2,nacimiento,municipio
070102,070101,2150,nacimiento,municipio
070102,070102,43529,nacimiento,municipio
070102,070103,55,nacimiento,municipio
070102,070104,303,nacimiento,municipio
070102,070105,76,nacimiento,municipio
070102,070201,448,nacimiento,municipio
070102,070202,67,nacimiento,municipio
070102,070301,227,nacimiento,municipio
070102,070302,66,nacimiento,municipio
070102,070303,25,nacimiento,municipio
070102,070401,25,nacimiento,municipio
070102,070402,24,nacimiento,municipio
070102,070403,81,nacimiento,municipio
070102,070404,20,nacimiento,municipio
070102,070501,168,nacimiento,municipio
070102,070502,1277,nacimiento,municipio
070102,070503,36,nacimiento,municipio
070102,070601,37,nacimiento,municipio
070102,070602,38,nacimiento,municipio
070102,070603,14,nacimiento,municipio
070102,070701,9,nacimiento,municipio
070102,070702,103,nacimiento,municipio
070102,070703,59,nacimiento,municipio
070102,070704,1,nacimiento,municipio
070102,070705,17,nacimiento,municipio
070102,070706,16,nacimiento,municipio
070102,070707,3,nacimiento,municipio
070102,070801,10,nacimiento,municipio
070102,070802,1,nacimiento,municipio
070102,070901,12,nacimiento,municipio
070102,070902,9,nacimiento,municipio
070102,070903,19,nacimiento,municipio
070102,070904,21,nacimiento,municipio
070102,071001,156,nacimiento,municipio
070102,071002,47,nacimiento,municipio
070102,071003,45,nacimiento,municipio
070102,071004,45,nacimiento,municipio
070102,071005,56,nacimiento,municipio
070102,071101,143,nacimiento,municipio
070102,071102,32,nacimiento,municipio
070102,071103,249,nacimiento,municipio
070102,071104,35,nacimiento,municipio
070102,071105,27,nacimiento,municipio
070102,071106,368,nacimiento,municipio
070102,071201,14,nacimiento,municipio
070102,071301,3,nacimiento,municipio
070102,071302,9,nacimiento,municipio
070102,071401,21,nacimiento,municipio
070102,071402,25,nacimiento,municipio
070102,071403,31,nacimiento,municipio
070102,071501,129,nacimiento,municipio
070102,071502,9,nacimiento,municipio
070102,071503,69,nacimiento,municipio
070102,080101,60,nacimiento,municipio
070102,080102,20,nacimiento,municipio
070102,080201,14,nacimiento,municipio
070102,080202,11,nacimiento,municipio
070102,080301,8,nacimiento,municipio
070102,080302,17,nacimiento,municipio
070102,080303,4,nacimiento,municipio
070102,080304,12,nacimiento,municipio
070102,080401,5,nacimiento,municipio
070102,080402,11,nacimiento,municipio
070102,080501,15,nacimiento,municipio
070102,080602,35,nacimiento,municipio
070102,080701,8,nacimiento,municipio
070102,080702,6,nacimiento,municipio
070102,080801,3,nacimiento,municipio
070102,080802,10,nacimiento,municipio
070102,080803,2,nacimiento,municipio
070102,080901,2,nacimiento,municipio
070102,090101,9,nacimiento,municipio
070102,090102,2,nacimiento,municipio
070102,090104,1,nacimiento,municipio
070102,090301,1,nacimiento,municipio
070102,090302,1,nacimiento,municipio
070102,090303,3,nacimiento,municipio
070102,090401,8,nacimiento,municipio
070102,090501,1,nacimiento,municipio
070103,010101,18,nacimiento,municipio
070103,010301,2,nacimiento,municipio
070103,010501,2,nacimiento,municipio
070103,010702,1,nacimiento,municipio
070103,010703,1,nacimiento,municipio
070103,010801,1,nacimiento,municipio
070103,010901,2,nacimiento,municipio
070103,011001,1,nacimiento,municipio
070103,011003,2,nacimiento,municipio
070103,020101,10,nacimiento,municipio
070103,020105,7,nacimiento,municipio
070103,020607,1,nacimiento,municipio
070103,020608,1,nacimiento,municipio
070103,021004,1,nacimiento,municipio
070103,021401,1,nacimiento,municipio
070103,021402,1,nacimiento,municipio
070103,021501,1,nacimiento,municipio
070103,022001,1,nacimiento,municipio
070103,030101,25,nacimiento,municipio
070103,030201,1,nacimiento,municipio
070103,030501,1,nacimiento,municipio
070103,030803,1,nacimiento,municipio
070103,030901,2,nacimiento,municipio
070103,030903,1,nacimiento,municipio
070103,030904,1,nacimiento,municipio
070103,031001,8,nacimiento,municipio
070103,031003,4,nacimiento,municipio
070103,031205,3,nacimiento,municipio
070103,031206,7,nacimiento,municipio
070103,040101,5,nacimiento,municipio
070103,040503,2,nacimiento,municipio
070103,050101,6,nacimiento,municipio
070103,050202,1,nacimiento,municipio
070103,050203,1,nacimiento,municipio
070103,050301,1,nacimiento,municipio
070103,050403,1,nacimiento,municipio
070103,050405,1,nacimiento,municipio
070103,050601,1,nacimiento,municipio
070103,050802,1,nacimiento,municipio
070103,051101,1,nacimiento,municipio
070103,051102,1,nacimiento,municipio
070103,051201,2,nacimiento,municipio
070103,051501,3,nacimiento,municipio
070103,060101,9,nacimiento,municipio
070103,060201,1,nacimiento,municipio
070103,060202,8,nacimiento,municipio
070103,060301,7,nacimiento,municipio
070103,060303,8,nacimiento,municipio
070103,060402,1,nacimiento,municipio
070103,060501,2,nacimiento,municipio
070103,070101,878,nacimiento,municipio
070103,070102,108,nacimiento,municipio
070103,070103,5835,nacimiento,municipio
070103,070104,461,nacimiento,municipio
070103,070105,54,nacimiento,municipio
070103,070201,121,nacimiento,municipio
070103,070202,3,nacimiento,municipio
070103,070301,15,nacimiento,municipio
070103,070302,1,nacimiento,municipio
070103,070303,3,nacimiento,municipio
070103,070401,36,nacimiento,municipio
070103,070402,11,nacimiento,municipio
070103,070403,13,nacimiento,municipio
070103,070404,3,nacimiento,municipio
070103,070501,29,nacimiento,municipio
070103,070502,31,nacimiento,municipio
070103,070503,28,nacimiento,municipio
070103,070601,12,nacimiento,municipio
070103,070602,16,nacimiento,municipio
070103,070603,23,nacimiento,municipio
070103,070702,3,nacimiento,municipio
070103,070703,34,nacimiento,municipio
070103,070704,1,nacimiento,municipio
070103,070705,2,nacimiento,municipio
070103,070706,3,nacimiento,municipio
070103,070801,1,nacimiento,municipio
070103,070803,1,nacimiento,municipio
070103,070805,1,nacimiento,municipio
070103,070901,4,nacimiento,municipio
070103,070902,2,nacimiento,municipio
070103,070903,2,nacimiento,municipio
070103,070904,2,nacimiento,municipio
070103,071001,59,nacimiento,municipio
070103,071002,7,nacimiento,municipio
070103,071003,12,nacimiento,municipio
070103,071004,5,nacimiento,municipio
070103,071005,5,nacimiento,municipio
070103,071101,12,nacimiento,municipio
070103,071102,3,nacimiento,municipio
070103,071103,10,nacimiento,municipio
070103,071105,4,nacimiento,municipio
070103,071106,10,nacimiento,municipio
070103,071201,2,nacimiento,municipio
070103,071301,2,nacimiento,municipio
070103,071302,1,nacimiento,municipio
070103,071401,6,nacimiento,municipio
070103,071402,13,nacimiento,municipio
070103,071403,6,nacimiento,municipio
070103,071501,13,nacimiento,municipio
070103,071502,2,nacimiento,municipio
070103,071503,4,nacimiento,municipio
070103,080101,8,nacimiento,municipio
070103,080201,2,nacimiento,municipio
070103,080303,1,nacimiento,municipio
070103,080402,3,nacimiento,municipio
070103,080602,7,nacimiento,municipio
070103,080701,1,nacimiento,municipio
070103,080802,4,nacimiento,municipio
070103,090101,4,nacimiento,municipio
070103,090203,1,nacimiento,municipio
070103,090301,2,nacimiento,municipio
070104,010101,62,nacimiento,municipio
070104,010102,2,nacimiento,municipio
070104,010103,6,nacimiento,municipio
070104,010201,6,nacimiento,municipio
070104,010202,2,nacimiento,municipio
070104,010301,3,nacimiento,municipio
070104,010302,2,nacimiento,municipio
070104,010303,8,nacimiento,municipio
070104,010304,3,nacimiento,municipio
070104,010401,4,nacimiento,municipio
070104,010402,3,nacimiento,municipio
070104,010403,11,nacimiento,municipio
070104,010404,2,nacimiento,municipio
070104,010405,3,nacimiento,municipio
070104,010501,15,nacimiento,municipio
070104,010502,2,nacimiento,municipio
070104,010601,1,nacimiento,municipio
070104,010602,10,nacimiento,municipio
070104,010702,3,nacimiento,municipio
070104,010704,1,nacimiento,municipio
070104,010801,12,nacimiento,municipio
070104,010902,1,nacimiento,municipio
070104,011001,11,nacimiento,municipio
070104,011002,1,nacimiento,municipio
070104,011003,3,nacimiento,municipio
070104,020101,15,nacimiento,municipio
070104,020105,37,nacimiento,municipio
070104,020201,3,nacimiento,municipio
070104,020206,1,nacimiento,municipio
070104,020306,12,nacimiento,municipio
070104,020405,1,nacimiento,municipio
070104,020607,4,nacimiento,municipio
070104,020608,2,nacimiento,municipio
070104,020701,1,nacimiento,municipio
070104,020801,3,nacimiento,municipio
070104,021001,1,nacimiento,municipio
070104,021003,1,nacimiento,municipio
070104,021102,3,nacimiento,municipio
070104,021105,3,nacimiento,municipio
070104,021201,1,nacimiento,municipio
070104,021202,1,nacimiento,municipio
070104,021301,1,nacimiento,municipio
070104,021304,4,nacimiento,municipio
070104,021305,1,nacimiento,municipio
070104,021401,4,nacimiento,municipio
070104,021501,2,nacimiento,municipio
070104,022001,2,nacimiento,municipio
070104,022002,2,nacimiento,municipio
070104,030101,57,nacimiento,municipio
070104,030201,9,nacimiento,municipio
070104,030202,9,nacimiento,municipio
070104,030203,1,nacimiento,municipio
070104,030401,2,nacimiento,municipio
070104,030403,4,nacimiento,municipio
070104,030501,1,nacimiento,municipio
070104,030502,3,nacimiento,municipio
070104,030801,1,nacimiento,municipio
070104,030802,2,nacimiento,municipio
070104,030803,3,nacimiento,municipio
070104,030901,17,nacimiento,municipio
070104,030902,5,nacimiento,municipio
070104,030903,6,nacimiento,municipio
070104,030904,18,nacimiento,municipio
070104,030905,4,nacimiento,municipio
070104,031001,36,nacimiento,municipio
070104,031002,2,nacimiento,municipio
070104,031003,32,nacimiento,municipio
070104,031101,1,nacimiento,municipio
070104,031201,4,nacimiento,municipio
070104,031202,8,nacimiento,municipio
070104,031203,1,nacimiento,municipio
070104,031204,8,nacimiento,municipio
070104,031205,13,nacimiento,municipio
070104,031206,41,nacimiento,municipio
070104,031301,4,nacimiento,municipio
070104,031401,7,nacimiento,municipio
070104,031403,1,nacimiento,municipio
070104,031602,5,nacimiento,municipio
070104,040101,16,nacimiento,municipio
070104,040201,1,nacimiento,municipio
070104,040302,1,nacimiento,municipio
070104,040504,2,nacimiento,municipio
070104,040801,2,nacimiento,municipio
070104,040901,1,nacimiento,municipio
070104,041101,1,nacimiento,municipio
070104,041202,1,nacimiento,municipio
070104,041401,2,nacimiento,municipio
070104,050101,17,nacimiento,municipio
070104,050201,1,nacimiento,municipio
070104,050202,1,nacimiento,municipio
070104,050203,1,nacimiento,municipio
070104,050204,3,nacimiento,municipio
070104,050301,8,nacimiento,municipio
070104,050303,1,nacimiento,municipio
070104,050401,1,nacimiento,municipio
070104,050402,2,nacimiento,municipio
070104,050403,5,nacimiento,municipio
070104,050404,4,nacimiento,municipio
070104,050601,4,nacimiento,municipio
070104,050602,2,nacimiento,municipio
070104,050701,1,nacimiento,municipio
070104,050801,3,nacimiento,municipio
070104,051101,4,nacimiento,municipio
070104,051103,5,nacimiento,municipio
070104,051202,1,nacimiento,municipio
070104,051204,1,nacimiento,municipio
070104,051302,2,nacimiento,municipio
070104,051401,1,nacimiento,municipio
070104,051501,1,nacimiento,municipio
070104,051601,2,nacimiento,municipio
070104,060101,14,nacimiento,municipio
070104,060202,3,nacimiento,municipio
070104,060301,42,nacimiento,municipio
070104,060302,2,nacimiento,municipio
070104,060303,15,nacimiento,municipio
070104,060501,2,nacimiento,municipio
070104,060601,4,nacimiento,municipio
070104,070101,1052,nacimiento,municipio
070104,070102,174,nacimiento,municipio
070104,070103,185,nacimiento,municipio
070104,070104,44376,nacimiento,municipio
070104,070105,476,nacimiento,municipio
070104,070201,314,nacimiento,municipio
070104,070202,10,nacimiento,municipio
070104,070301,32,nacimiento,municipio
070104,070302,9,nacimiento,municipio
070104,070303,13,nacimiento,municipio
070104,070401,10,nacimiento,municipio
070104,070402,11,nacimiento,municipio
070104,070403,48,nacimiento,municipio
070104,070404,9,nacimiento,municipio
070104,070501,68,nacimiento,municipio
070104,070502,186,nacimiento,municipio
070104,070503,9,nacimiento,municipio
070104,070601,13,nacimiento,municipio
070104,070602,19,nacimiento,municipio
070104,070603,7,nacimiento,municipio
070104,070701,6,nacimiento,municipio
070104,070702,60,nacimiento,municipio
070104,070703,273,nacimiento,municipio
070104,070704,1,nacimiento,municipio
070104,070705,15,nacimiento,municipio
070104,070706,19,nacimiento,municipio
070104,070707,4,nacimiento,municipio
070104,070801,17,nacimiento,municipio
070104,070802,7,nacimiento,municipio
070104,070803,1,nacimiento,municipio
070104,070804,4,nacimiento,municipio
070104,070805,6,nacimiento,municipio
070104,070901,38,nacimiento,municipio
070104,070902,23,nacimiento,municipio
070104,070903,44,nacimiento,municipio
070104,070904,13,nacimiento,municipio
070104,071001,48,nacimiento,municipio
070104,071002,7,nacimiento,municipio
070104,071003,11,nacimiento,municipio
070104,071004,15,nacimiento,municipio
070104,071005,15,nacimiento,municipio
070104,071101,22,nacimiento,municipio
070104,071102,9,nacimiento,municipio
070104,071103,49,nacimiento,municipio
070104,071104,3,nacimiento,municipio
070104,071105,1,nacimiento,municipio
070104,071106,63,nacimiento,municipio
070104,071201,2,nacimiento,municipio
070104,071301,21,nacimiento,municipio
070104,071302,10,nacimiento,municipio
070104,071401,20,nacimiento,municipio
070104,071402,9,nacimiento,municipio
070104,071403,11,nacimiento,municipio
070104,071501,27,nacimiento,municipio
070104,071502,1,nacimiento,municipio
070104,071503,20,nacimiento,municipio
070104,080101,11,nacimiento,municipio
070104,080102,2,nacimiento,municipio
070104,080201,3,nacimiento,municipio
070104,080202,3,nacimiento,municipio
070104,080301,7,nacimiento,municipio
070104,080302,3,nacimiento,municipio
070104,080304,2,nacimiento,municipio
070104,080401,1,nacimiento,municipio
070104,080402,1,nacimiento,municipio
070104,080501,3,nacimiento,municipio
070104,080602,10,nacimiento,municipio
070104,080802,1,nacimiento,municipio
070104,080803,1,nacimiento,municipio
070104,080901,3,nacimiento,municipio
070104,090101,1,nacimiento,municipio
070104,090301,1,nacimiento,municipio
070104,090302,4,nacimiento,municipio
070104,090401,1,nacimiento,municipio
070104,090503,1,nacimiento,municipio
070105,010101,46,nacimiento,municipio
070105,010102,4,nacimiento,municipio
070105,010103,3,nacimiento,municipio
070105,010301,10,nacimiento,municipio
070105,010302,5,nacimiento,municipio
070105,010303,4,nacimiento,municipio
070105,010304,2,nacimiento,municipio
070105,010401,8,nacimiento,municipio
070105,010402,1,nacimiento,municipio
070105,010403,2,nacimiento,municipio
070105,010405,1,nacimiento,municipio
070105,010501,8,nacimiento,municipio
070105,010502,4,nacimiento,municipio
070105,010601,3,nacimiento,municipio
070105,010602,7,nacimiento,municipio
070105,010702,3,nacimiento,municipio
070105,010703,2,nacimiento,municipio
070105,010704,3,nacimiento,municipio
070105,010801,26,nacimiento,municipio
070105,010902,1,nacimiento,municipio
070105,011001,10,nacimiento,municipio
070105,011003,1,nacimiento,municipio
070105,020101,9,nacimiento,municipio
070105,020105,14,nacimiento,municipio
070105,020302,1,nacimiento,municipio
070105,020304,1,nacimiento,municipio
070105,020601,1,nacimiento,municipio
070105,020602,3,nacimiento,municipio
070105,020603,1,nacimiento,municipio
070105,020606,1,nacimiento,municipio
070105,020607,1,nacimiento,municipio
070105,020701,1,nacimiento,municipio
070105,020801,2,nacimiento,municipio
070105,021002,1,nacimiento,municipio
070105,021003,3,nacimiento,municipio
070105,021101,3,nacimiento,municipio
070105,021102,2,nacimiento,municipio
070105,021105,5,nacimiento,municipio
070105,021202,1,nacimiento,municipio
070105,021304,3,nacimiento,municipio
070105,021401,1,nacimiento,municipio
070105,021402,2,nacimiento,municipio
070105,021601,2,nacimiento,municipio
070105,022001,3,nacimiento,municipio
070105,022002,2,nacimiento,municipio
070105,030101,48,nacimiento,municipio
070105,030201,9,nacimiento,municipio
070105,030202,10,nacimiento,municipio
070105,030203,17,nacimiento,municipio
070105,030303,1,nacimiento,municipio
070105,030401,1,nacimiento,municipio
070105,030403,3,nacimiento,municipio
070105,030501,2,nacimiento,municipio
070105,030502,2,nacimiento,municipio
070105,030702,1,nacimiento,municipio
070105,030801,5,nacimiento,municipio
070105,030803,2,nacimiento,municipio
070105,030901,17,nacimiento,municipio
070105,030902,9,nacimiento,municipio
070105,030903,6,nacimiento,municipio
070105,030904,3,nacimiento,municipio
070105,030905,2,nacimiento,municipio
070105,031001,28,nacimiento,municipio
070105,031003,33,nacimiento,municipio
070105,031201,9,nacimiento,municipio
070105,031202,39,nacimiento,municipio
070105,031203,7,nacimiento,municipio
070105,031204,15,nacimiento,municipio
070105,031205,17,nacimiento,municipio
070105,031206,35,nacimiento,municipio
070105,031301,10,nacimiento,municipio
070105,031401,5,nacimiento,municipio
070105,031402,6,nacimiento,municipio
070105,031403,1,nacimiento,municipio
070105,031602,10,nacimiento,municipio
070105,040101,8,nacimiento,municipio
070105,040201,3,nacimiento,municipio
070105,040601,1,nacimiento,municipio
070105,040701,1,nacimiento,municipio
070105,040801,2,nacimiento,municipio
070105,040901,2,nacimiento,municipio
070105,050101,31,nacimiento,municipio
070105,050102,1,nacimiento,municipio
070105,050103,4,nacimiento,municipio
070105,050201,1,nacimiento,municipio
070105,050203,1,nacimiento,municipio
070105,050301,3,nacimiento,municipio
070105,050302,2,nacimiento,municipio
070105,050502,1,nacimiento,municipio
070105,050601,11,nacimiento,municipio
070105,050701,1,nacimiento,municipio
070105,050801,5,nacimiento,municipio
070105,050901,1,nacimiento,municipio
070105,051102,2,nacimiento,municipio
070105,051103,1,nacimiento,municipio
070105,051201,8,nacimiento,municipio
070105,051203,4,nacimiento,municipio
070105,060101,36,nacimiento,municipio
070105,060201,3,nacimiento,municipio
070105,060202,10,nacimiento,municipio
070105,060301,44,nacimiento,municipio
070105,060302,7,nacimiento,municipio
070105,060303,16,nacimiento,municipio
070105,060401,2,nacimiento,municipio
070105,060501,2,nacimiento,municipio
070105,060601,2,nacimiento,municipio
070105,070101,1521,nacimiento,municipio
070105,070102,193,nacimiento,municipio
070105,070103,119,nacimiento,municipio
070105,070104,1620,nacimiento,municipio
070105,070105,27294,nacimiento,municipio
070105,070201,295,nacimiento,municipio
070105,070202,14,nacimiento,municipio
070105,070301,58,nacimiento,municipio
070105,070302,43,nacimiento,municipio
070105,070303,56,nacimiento,municipio
070105,070401,26,nacimiento,municipio
070105,070402,25,nacimiento,municipio
070105,070403,99,nacimiento,municipio
070105,070404,10,nacimiento,municipio
070105,070501,294,nacimiento,municipio
070105,070502,100,nacimiento,municipio
070105,070503,14,nacimiento,municipio
070105,070601,20,nacimiento,municipio
070105,070602,16,nacimiento,municipio
070105,070603,9,nacimiento,municipio
070105,070701,4,nacimiento,municipio
070105,070702,24,nacimiento,municipio
070105,070703,208,nacimiento,municipio
070105,070704,2,nacimiento,municipio
070105,070705,18,nacimiento,municipio
070105,070706,22,nacimiento,municipio
070105,070801,55,nacimiento,municipio
070105,070802,7,nacimiento,municipio
070105,070803,12,nacimiento,municipio
070105,070804,10,nacimiento,municipio
070105,070805,2,nacimiento,municipio
070105,070901,188,nacimiento,municipio
070105,070902,51,nacimiento,municipio
070105,070903,103,nacimiento,municipio
070105,070904,31,nacimiento,municipio
070105,071001,90,nacimiento,municipio
070105,071002,14,nacimiento,municipio
070105,071003,22,nacimiento,municipio
070105,071004,20,nacimiento,municipio
070105,071005,23,nacimiento,municipio
070105,071101,144,nacimiento,municipio
070105,071102,7,nacimiento,municipio
070105,071103,89,nacimiento,municipio
070105,071105,13,nacimiento,municipio
070105,071106,74,nacimiento,municipio
070105,071201,7,nacimiento,municipio
070105,071301,57,nacimiento,municipio
070105,071302,21,nacimiento,municipio
070105,071401,17,nacimiento,municipio
070105,071402,20,nacimiento,municipio
070105,071403,13,nacimiento,municipio
070105,071501,64,nacimiento,municipio
070105,071502,3,nacimiento,municipio
070105,071503,60,nacimiento,municipio
070105,080101,25,nacimiento,municipio
070105,080102,4,nacimiento,municipio
070105,080201,8,nacimiento,municipio
070105,080202,2,nacimiento,municipio
070105,080301,2,nacimiento,municipio
070105,080302,1,nacimiento,municipio
070105,080401,2,nacimiento,municipio
070105,080602,24,nacimiento,municipio
070105,080701,1,nacimiento,municipio
070105,080801,2,nacimiento,municipio
070105,080802,7,nacimiento,municipio
070105,080803,2,nacimiento,municipio
070105,090101,4,nacimiento,municipio
070105,090103,1,nacimiento,municipio
070105,090302,2,nacimiento,municipio
070199,070101,18867,nacimiento,provincia
070199,070102,6054,nacimiento,provincia
070199,070103,1262,nacimiento,provincia
070199,070104,10097,nacimiento,provincia
070199,070105,839,nacimiento,provincia
070199,070201,17274,nacimiento,provincia
070199,070502,3648,nacimiento,provincia
070199,070603,495,nacimiento,provincia
070199,071001,2502,nacimiento,provincia
070201,010101,122,nacimiento,municipio
070201,010102,7,nacimiento,municipio
070201,010103,6,nacimiento,municipio
070201,010201,1,nacimiento,municipio
070201,010202,1,nacimiento,municipio
070201,010301,2,nacimiento,municipio
070201,010302,6,nacimiento,municipio
070201,010303,4,nacimiento,municipio
070201,010304,1,nacimiento,municipio
070201,010401,3,nacimiento,municipio
070201,010402,4,nacimiento,municipio
070201,010403,7,nacimiento,municipio
070201,010404,1,nacimiento,municipio
070201,010405,1,nacimiento,municipio
070201,010501,10,nacimiento,municipio
070201,010502,6,nacimiento,municipio
070201,010601,2,nacimiento,municipio
070201,010602,5,nacimiento,municipio
070201,010701,13,nacimiento,municipio
070201,010702,4,nacimiento,municipio
070201,010703,7,nacimiento,municipio
070201,010704,22,nacimiento,municipio
070201,010801,1,nacimiento,municipio
070201,010901,2,nacimiento,municipio
070201,010902,20,nacimiento,municipio
070201,010903,1,nacimiento,municipio
070201,011001,8,nacimiento,municipio
070201,011002,1,nacimiento,municipio
070201,011003,9,nacimiento,municipio
070201,020101,80,nacimiento,municipio
070201,020102,1,nacimiento,municipio
070201,020103,3,nacimiento,municipio
070201,020104,4,nacimiento,municipio
070201,020105,93,nacimiento,municipio
070201,020201,4,nacimiento,municipio
070201,020301,1,nacimiento,municipio
070201,020306,20,nacimiento,municipio
070201,020401,1,nacimiento,municipio
070201,020601,2,nacimiento,municipio
070201,020602,4,nacimiento,municipio
070201,020603,4,nacimiento,municipio
070201,020606,1,nacimiento,municipio
070201,020607,18,nacimiento,municipio
070201,020608,6,nacimiento,municipio
070201,020701,2,nacimiento,municipio
070201,020801,17,nacimiento,municipio
070201,020804,1,nacimiento,municipio
070201,020806,1,nacimiento,municipio
070201,020903,2,nacimiento,municipio
070201,020905,2,nacimiento,municipio
070201,021001,7,nacimiento,municipio
070201,021002,2,nacimiento,municipio
070201,021003,4,nacimiento,municipio
070201,021004,1,nacimiento,municipio
070201,021005,1,nacimiento,municipio
070201,021006,2,nacimiento,municipio
070201,021101,8,nacimiento,municipio
070201,021102,5,nacimiento,municipio
070201,021104,7,nacimiento,municipio
070201,021105,12,nacimiento,municipio
070201,021201,3,nacimiento,municipio
070201,021202,2,nacimiento,municipio
070201,021203,1,nacimiento,municipio
070201,021301,3,nacimiento,municipio
070201,021304,1,nacimiento,municipio
070201,021305,3,nacimiento,municipio
070201,021306,2,nacimiento,municipio
070201,021402,9,nacimiento,municipio
070201,021501,7,nacimiento,municipio
070201,021502,2,nacimiento,municipio
070201,021601,1,nacimiento,municipio
070201,021801,1,nacimiento,municipio
070201,021803,1,nacimiento,municipio
070201,022001,10,nacimiento,municipio
070201,022002,3,nacimiento,municipio
070201,030101,198,nacimiento,municipio
070201,030201,12,nacimiento,municipio
070201,030202,2,nacimiento,municipio
070201,030203,3,nacimiento,municipio
070201,030301,2,nacimiento,municipio
070201,030302,2,nacimiento,municipio
070201,030303,6,nacimiento,municipio
070201,030401,4,nacimiento,municipio
070201,030403,11,nacimiento,municipio
070201,030501,3,nacimiento,municipio
070201,030602,3,nacimiento,municipio
070201,030701,8,nacimiento,municipio
070201,030702,5,nacimiento,municipio
070201,030703,1,nacimiento,municipio
070201,030801,4,nacimiento,municipio
070201,030802,1,nacimiento,municipio
070201,030803,3,nacimiento,municipio
070201,030901,80,nacimiento,municipio
070201,030902,22,nacimiento,municipio
070201,030903,31,nacimiento,municipio
070201,030904,34,nacimiento,municipio
070201,030905,37,nacimiento,municipio
070201,031001,116,nacimiento,municipio
070201,031002,4,nacimiento,municipio
070201,031003,70,nacimiento,municipio
070201,031101,3,nacimiento,municipio
070201,031201,5,nacimiento,municipio
070201,031202,6,nacimiento,municipio
070201,031203,1,nacimiento,municipio
070201,031204,23,nacimiento,municipio
070201,031205,51,nacimiento,municipio
070201,031206,69,nacimiento,municipio
070201,031301,11,nacimiento,municipio
070201,031302,1,nacimiento,municipio
070201,031401,8,nacimiento,municipio
070201,031402,3,nacimiento,municipio
070201,031403,1,nacimiento,municipio
070201,031405,6,nacimiento,municipio
070201,031501,1,nacimiento,municipio
070201,031601,1,nacimiento,municipio
070201,031602,29,nacimiento,municipio
070201,040101,62,nacimiento,municipio
070201,040102,1,nacimiento,municipio
070201,040103,2,nacimiento,municipio
070201,040104,2,nacimiento,municipio
070201,040201,17,nacimiento,municipio
070201,040301,2,nacimiento,municipio
070201,040402,1,nacimiento,municipio
070201,040501,2,nacimiento,municipio
070201,040502,1,nacimiento,municipio
070201,040503,2,nacimiento,municipio
070201,040603,1,nacimiento,municipio
070201,040701,3,nacimiento,municipio
070201,040702,1,nacimiento,municipio
070201,040801,10,nacimiento,municipio
070201,040901,3,nacimiento,municipio
070201,041301,1,nacimiento,municipio
070201,041401,2,nacimiento,municipio
070201,041601,2,nacimiento,municipio
070201,050101,58,nacimiento,municipio
070201,050102,1,nacimiento,municipio
070201,050103,8,nacimiento,municipio
070201,050104,1,nacimiento,municipio
070201,050201,3,nacimiento,municipio
070201,050203,8,nacimiento,municipio
070201,050204,2,nacimiento,municipio
070201,050301,21,nacimiento,municipio
070201,050302,4,nacimiento,municipio
070201,050303,4,nacimiento,municipio
070201,050401,2,nacimiento,municipio
070201,050402,4,nacimiento,municipio
070201,050403,12,nacimiento,municipio
070201,050405,1,nacimiento,municipio
070201,050501,1,nacimiento,municipio
070201,050502,2,nacimiento,municipio
070201,050601,14,nacimiento,municipio
070201,050602,2,nacimiento,municipio
070201,050801,32,nacimiento,municipio
070201,050901,4,nacimiento,municipio
070201,050902,1,nacimiento,municipio
070201,051003,1,nacimiento,municipio
070201,051101,8,nacimiento,municipio
070201,051102,2,nacimiento,municipio
070201,051201,15,nacimiento,municipio
070201,051202,3,nacimiento,municipio
070201,051203,5,nacimiento,municipio
070201,051204,6,nacimiento,municipio
070201,051401,3,nacimiento,municipio
070201,051501,44,nacimiento,municipio
070201,060101,95,nacimiento,municipio
070201,060201,6,nacimiento,municipio
070201,060202,22,nacimiento,municipio
070201,060301,80,nacimiento,municipio
070201,060302,8,nacimiento,municipio
070201,060303,31,nacimiento,municipio
070201,060401,3,nacimiento,municipio
070201,060402,5,nacimiento,municipio
070201,060501,16,nacimiento,municipio
070201,060502,1,nacimiento,municipio
070201,060601,1,nacimiento,municipio
070201,070101,3592,nacimiento,municipio
070201,070102,526,nacimiento,municipio
070201,070103,100,nacimiento,municipio
070201,070104,386,nacimiento,municipio
070201,070105,124,nacimiento,municipio
070201,070201,48527,nacimiento,municipio
070201,070202,316,nacimiento,municipio
070201,070301,108,nacimiento,municipio
070201,070302,29,nacimiento,municipio
070201,070303,22,nacimiento,municipio
070201,070401,87,nacimiento,municipio
070201,070402,67,nacimiento,municipio
070201,070403,143,nacimiento,municipio
070201,070404,47,nacimiento,municipio
070201,070501,115,nacimiento,municipio
070201,070502,166,nacimiento,municipio
070201,070503,19,nacimiento,municipio
070201,070601,122,nacimiento,municipio
070201,070602,144,nacimiento,municipio
070201,070603,466,nacimiento,municipio
070201,070701,22,nacimiento,municipio
070201,070702,37,nacimiento,municipio
070201,070703,88,nacimiento,municipio
070201,070704,4,nacimiento,municipio
070201,070705,35,nacimiento,municipio
070201,070706,27,nacimiento,municipio
070201,070707,2,nacimiento,municipio
070201,070801,10,nacimiento,municipio
070201,070802,2,nacimiento,municipio
070201,070803,5,nacimiento,municipio
070201,070805,1,nacimiento,municipio
070201,070901,12,nacimiento,municipio
070201,070902,13,nacimiento,municipio
070201,070903,12,nacimiento,municipio
070201,070904,3,nacimiento,municipio
070201,071001,1133,nacimiento,municipio
070201,071002,150,nacimiento,municipio
070201,071003,202,nacimiento,municipio
070201,071004,115,nacimiento,municipio
070201,071005,147,nacimiento,municipio
070201,071101,73,nacimiento,municipio
070201,071102,31,nacimiento,municipio
070201,071103,249,nacimiento,municipio
070201,071104,11,nacimiento,municipio
070201,071105,26,nacimiento,municipio
070201,071106,143,nacimiento,municipio
070201,071201,8,nacimiento,municipio
070201,071301,13,nacimiento,municipio
070201,071302,8,nacimiento,municipio
070201,071401,24,nacimiento,municipio
070201,071402,38,nacimiento,municipio
070201,071403,17,nacimiento,municipio
070201,071501,142,nacimiento,municipio
070201,071502,14,nacimiento,municipio
070201,071503,114,nacimiento,municipio
070201,080101,106,nacimiento,municipio
070201,080102,27,nacimiento,municipio
070201,080201,16,nacimiento,municipio
070201,080202,13,nacimiento,municipio
070201,080301,4,nacimiento,municipio
070201,080302,14,nacimiento,municipio
070201,080303,1,nacimiento,municipio
070201,080304,8,nacimiento,municipio
070201,080401,3,nacimiento,municipio
070201,080402,1,nacimiento,municipio
070201,080501,19,nacimiento,municipio
070201,080601,4,nacimiento,municipio
070201,080602,67,nacimiento,municipio
070201,080701,5,nacimiento,municipio
070201,080702,7,nacimiento,municipio
070201,080703,1,nacimiento,municipio
070201,080801,4,nacimiento,municipio
070201,080802,12,nacimiento,municipio
070201,080803,4,nacimiento,municipio
070201,080901,2,nacimiento,municipio
070201,090101,16,nacimiento,municipio
070201,090102,9,nacimiento,municipio
070201,090104,4,nacimiento,municipio
070201,090201,1,nacimiento,municipio
070201,090203,6,nacimiento,municipio
070201,090301,4,nacimiento,municipio
070201,090302,6,nacimiento,municipio
070201,090303,3,nacimiento,municipio
070201,090401,3,nacimiento,municipio
070201,090402,1,nacimiento,municipio
070201,090501,1,nacimiento,municipio
070201,090503,1,nacimiento,municipio
070202,070101,465,nacimiento,municipio
070202,070102,91,nacimiento,municipio
070202,070103,3,nacimiento,municipio
070202,070104,30,nacimiento,municipio
070202,070105,15,nacimiento,municipio
070202,070201,223,nacimiento,municipio
070202,070502,21,nacimiento,municipio
070202,070603,3,nacimiento,municipio
070202,071001,275,nacimiento,municipio
070299,070101,409,nacimiento,provincia
070299,070102,66,nacimiento,provincia
070299,070103,14,nacimiento,provincia
070299,070104,61,nacimiento,provincia
070299,070105,14,nacimiento,provincia
070299,070201,425,nacimiento,provincia
070299,070502,17,nacimiento,provincia
070299,070603,57,nacimiento,provincia
070299,071001,154,nacimiento,provincia
070301,070101,6177,nacimiento,municipio
070301,070102,753,nacimiento,municipio
070301,070103,98,nacimiento,municipio
070301,070104,421,nacimiento,municipio
070301,070105,74,nacimiento,municipio
070301,070201,748,nacimiento,municipio
070301,070502,327,nacimiento,municipio
070301,070603,27,nacimiento,municipio
070301,071001,223,nacimiento,municipio
070302,070101,1641,nacimiento,municipio
070302,070102,149,nacimiento,municipio
070302,070103,34,nacimiento,municipio
070302,070104,136,nacimiento,municipio
070302,070105,9,nacimiento,municipio
070302,070201,183,nacimiento,municipio
070302,070502,93,nacimiento,municipio
070302,070603,20,nacimiento,municipio
070302,071001,87,nacimiento,municipio
070303,070101,300,nacimiento,municipio
070303,070102,56,nacimiento,municipio
070303,070103,4,nacimiento,municipio
070303,070104,18,nacimiento,municipio
070303,070105,4,nacimiento,municipio
070303,070201,38,nacimiento,municipio
070303,070502,32,nacimiento,municipio
070303,070603,4,nacimiento,municipio
070303,071001,8,nacimiento,municipio
070399,070101,1110,nacimiento,provincia
070399,070102,145,nacimiento,provincia
070399,070103,8,nacimiento,provincia
070399,070104,44,nacimiento,provincia
070399,070105,5,nacimiento,provincia
070399,070201,99,nacimiento,provincia
070399,070502,69,nacimiento,provincia
070399,070603,2,nacimiento,provincia
070399,071001,20,nacimiento,provincia
070401,070101,1312,nacimiento,municipio
070401,070102,105,nacimiento,municipio
070401,070103,71,nacimiento,municipio
070401,070104,120,nacimiento,municipio
070401,070105,31,nacimiento,municipio
070401,070201,305,nacimiento,municipio
070401,070502,37,nacimiento,municipio
070401,070603,6,nacimiento,municipio
070401,071001,359,nacimiento,municipio
070402,070101,1163,nacimiento,municipio
070402,070102,124,nacimiento,municipio
070402,070103,38,nacimiento,municipio
070402,070104,94,nacimiento,municipio
070402,070105,28,nacimiento,municipio
070402,070201,212,nacimiento,municipio
070402,070502,31,nacimiento,municipio
070402,070603,8,nacimiento,municipio
070402,071001,247,nacimiento,municipio
070403,070101,1743,nacimiento,municipio
070403,070102,188,nacimiento,municipio
070403,070103,21,nacimiento,municipio
070403,070104,226,nacimiento,municipio
070403,070105,99,nacimiento,municipio
070403,070201,475,nacimiento,municipio
070403,070502,79,nacimiento,municipio
070403,070603,6,nacimiento,municipio
070403,071001,514,nacimiento,municipio
070404,070101,358,nacimiento,municipio
070404,070102,21,nacimiento,municipio
070404,070103,8,nacimiento,municipio
070404,070104,35,nacimiento,municipio
070404,070105,27,nacimiento,municipio
070404,070201,58,nacimiento,municipio
070404,070502,33,nacimiento,municipio
070404,070603,1,nacimiento,municipio
070404,071001,80,nacimiento,municipio
070499,070101,1733,nacimiento,provincia
070499,070102,144,nacimiento,provincia
070499,070103,38,nacimiento,provincia
070499,070104,151,nacimiento,provincia
070499,070105,30,nacimiento,provincia
070499,070201,372,nacimiento,provincia
070499,070502,29,nacimiento,provincia
070499,070603,2,nacimiento,provincia
070499,071001,322,nacimiento,provincia
070501,070101,3433,nacimiento,municipio
070501,070102,491,nacimiento,municipio
070501,070103,34,nacimiento,municipio
070501,070104,315,nacimiento,municipio
070501,070105,69,nacimiento,municipio
070501,070201,453,nacimiento,municipio
070501,070502,454,nacimiento,municipio
070501,070603,19,nacimiento,municipio
070501,071001,722,nacimiento,municipio
070502,010101,22,nacimiento,municipio
070502,010102,3,nacimiento,municipio
070502,010103,1,nacimiento,municipio
070502,010301,1,nacimiento,municipio
070502,010302,1,nacimiento,municipio
070502,010404,4,nacimiento,municipio
070502,010405,2,nacimiento,municipio
070502,010501,4,nacimiento,municipio
070502,010502,1,nacimiento,municipio
070502,010602,1,nacimiento,municipio
070502,010702,1,nacimiento,municipio
070502,010801,4,nacimiento,municipio
070502,010902,5,nacimiento,municipio
070502,011003,54,nacimiento,municipio
070502,020101,6,nacimiento,municipio
070502,020105,5,nacimiento,municipio
070502,020602,1,nacimiento,municipio
070502,020607,2,nacimiento,municipio
070502,020608,1,nacimiento,municipio
070502,020701,1,nacimiento,municipio
070502,020801,1,nacimiento,municipio
070502,020806,3,nacimiento,municipio
070502,020902,3,nacimiento,municipio
070502,021105,1,nacimiento,municipio
070502,021202,1,nacimiento,municipio
070502,021306,2,nacimiento,municipio
070502,021501,4,nacimiento,municipio
070502,022001,1,nacimiento,municipio
070502,030101,28,nacimiento,municipio
070502,030201,2,nacimiento,municipio
070502,030203,1,nacimiento,municipio
070502,030401,2,nacimiento,municipio
070502,030403,1,nacimiento,municipio
070502,030703,1,nacimiento,municipio
070502,030801,2,nacimiento,municipio
070502,030901,7,nacimiento,municipio
070502,030902,1,nacimiento,municipio
070502,030903,2,nacimiento,municipio
070502,030904,1,nacimiento,municipio
070502,030905,3,nacimiento,municipio
070502,031001,9,nacimiento,municipio
070502,031002,2,nacimiento,municipio
070502,031003,12,nacimiento,municipio
070502,031201,1,nacimiento,municipio
070502,031202,1,nacimiento,municipio
070502,031204,3,nacimiento,municipio
070502,031205,10,nacimiento,municipio
070502,031206,9,nacimiento,municipio
070502,031301,1,nacimiento,municipio
070502,031401,1,nacimiento,municipio
070502,031403,3,nacimiento,municipio
070502,031602,2,nacimiento,municipio
070502,040101,1,nacimiento,municipio
070502,040104,2,nacimiento,municipio
070502,040201,2,nacimiento,municipio
070502,040601,1,nacimiento,municipio
070502,040801,1,nacimiento,municipio
070502,040802,1,nacimiento,municipio
070502,041001,1,nacimiento,municipio
070502,050101,12,nacimiento,municipio
070502,050201,1,nacimiento,municipio
070502,050301,2,nacimiento,municipio
070502,050601,1,nacimiento,municipio
070502,050602,2,nacimiento,municipio
070502,050801,2,nacimiento,municipio
070502,050802,1,nacimiento,municipio
070502,050901,2,nacimiento,municipio
070502,051101,2,nacimiento,municipio
070502,051103,1,nacimiento,municipio
070502,051201,1,nacimiento,municipio
070502,051202,1,nacimiento,municipio
070502,051501,1,nacimiento,municipio
070502,060101,5,nacimiento,municipio
070502,060202,1,nacimiento,municipio
070502,060301,22,nacimiento,municipio
070502,060302,1,nacimiento,municipio
070502,060303,10,nacimiento,municipio
070502,060401,2,nacimiento,municipio
070502,060501,5,nacimiento,municipio
070502,070101,642,nacimiento,municipio
070502,070102,229,nacimiento,municipio
070502,070103,10,nacimiento,municipio
070502,070104,64,nacimiento,municipio
070502,070105,37,nacimiento,municipio
070502,070201,86,nacimiento,municipio
070502,070202,13,nacimiento,municipio
070502,070301,132,nacimiento,municipio
070502,070302,101,nacimiento,municipio
070502,070303,134,nacimiento,municipio
070502,070401,6,nacimiento,municipio
070502,070402,10,nacimiento,municipio
070502,070403,31,nacimiento,municipio
070502,070404,9,nacimiento,municipio
070502,070501,380,nacimiento,municipio
070502,070502,23561,nacimiento,municipio
070502,070503,43,nacimiento,municipio
070502,070601,13,nacimiento,municipio
070502,070602,23,nacimiento,municipio
070502,070603,7,nacimiento,municipio
070502,070701,1,nacimiento,municipio
070502,070702,43,nacimiento,municipio
070502,070703,35,nacimiento,municipio
070502,070706,10,nacimiento,municipio
070502,070707,2,nacimiento,municipio
070502,070801,2,nacimiento,municipio
070502,070901,5,nacimiento,municipio
070502,070902,3,nacimiento,municipio
070502,070903,2,nacimiento,municipio
070502,070904,3,nacimiento,municipio
070502,071001,75,nacimiento,municipio
070502,071002,10,nacimiento,municipio
070502,071003,21,nacimiento,municipio
070502,071004,7,nacimiento,municipio
070502,071005,13,nacimiento,municipio
070502,071101,135,nacimiento,municipio
070502,071102,14,nacimiento,municipio
070502,071103,174,nacimiento,municipio
070502,071104,7,nacimiento,municipio
070502,071105,25,nacimiento,municipio
070502,071106,374,nacimiento,municipio
070502,071201,9,nacimiento,municipio
070502,071301,2,nacimiento,municipio
070502,071401,57,nacimiento,municipio
070502,071402,26,nacimiento,municipio
070502,071403,116,nacimiento,municipio
070502,071501,93,nacimiento,municipio
070502,071502,4,nacimiento,municipio
070502,071503,93,nacimiento,municipio
070502,080101,12,nacimiento,municipio
070502,080102,110,nacimiento,municipio
070502,080201,12,nacimiento,municipio
070502,080202,1,nacimiento,municipio
070502,080301,1,nacimiento,municipio
070502,080302,4,nacimiento,municipio
070502,080303,11,nacimiento,municipio
070502,080304,3,nacimiento,municipio
070502,080401,3,nacimiento,municipio
070502,080402,7,nacimiento,municipio
070502,080501,5,nacimiento,municipio
070502,080601,1,nacimiento,municipio
070502,080602,24,nacimiento,municipio
070502,080701,69,nacimiento,municipio
070502,080702,1,nacimiento,municipio
070502,080801,1,nacimiento,municipio
070502,080802,2,nacimiento,municipio
070502,080803,1,nacimiento,municipio
070502,090102,1,nacimiento,municipio
070502,090201,1,nacimiento,municipio
070502,090503,1,nacimiento,municipio
070503,070101,3755,nacimiento,municipio
070503,070102,293,nacimiento,municipio
070503,070103,25,nacimiento,municipio
070503,070104,160,nacimiento,municipio
070503,070105,31,nacimiento,municipio
070503,070201,218,nacimiento,municipio
070503,070502,242,nacimiento,municipio
070503,070603,4,nacimiento,municipio
070503,071001,77,nacimiento,municipio
070599,070101,1084,nacimiento,provincia
070599,070102,116,nacimiento,provincia
070599,070103,3,nacimiento,provincia
070599,070104,64,nacimiento,provincia
070599,070105,6,nacimiento,provincia
070599,070201,93,nacimiento,provincia
070599,070502,170,nacimiento,provincia
070599,070603,3,nacimiento,provincia
070599,071001,36,nacimiento,provincia
070601,070101,3199,nacimiento,municipio
070601,070102,249,nacimiento,municipio
070601,070103,53,nacimiento,municipio
070601,070104,198,nacimiento,municipio
070601,070105,37,nacimiento,municipio
070601,070201,649,nacimiento,municipio
070601,070502,80,nacimiento,municipio
070601,070603,44,nacimiento,municipio
070601,071001,966,nacimiento,municipio
070602,070101,1123,nacimiento,municipio
070602,070102,106,nacimiento,municipio
070602,070103,27,nacimiento,municipio
070602,070104,108,nacimiento,municipio
070602,070105,41,nacimiento,municipio
070602,070201,263,nacimiento,municipio
070602,070502,103,nacimiento,municipio
070602,070603,8,nacimiento,municipio
070602,071001,525,nacimiento,municipio
070603,010101,1,nacimiento,municipio
070603,010501,2,nacimiento,municipio
070603,010703,1,nacimiento,municipio
070603,010801,1,nacimiento,municipio
070603,010901,1,nacimiento,municipio
070603,010902,2,nacimiento,municipio
070603,020101,4,nacimiento,municipio
070603,020104,1,nacimiento,municipio
070603,020105,2,nacimiento,municipio
070603,020602,1,nacimiento,municipio
070603,021102,2,nacimiento,municipio
070603,021501,2,nacimiento,municipio
070603,022001,1,nacimiento,municipio
070603,030101,7,nacimiento,municipio
070603,030402,1,nacimiento,municipio
070603,030901,1,nacimiento,municipio
070603,030903,1,nacimiento,municipio
070603,031001,1,nacimiento,municipio
070603,031003,1,nacimiento,municipio
070603,031206,2,nacimiento,municipio
070603,031301,1,nacimiento,municipio
070603,050101,1,nacimiento,municipio
070603,050301,1,nacimiento,municipio
070603,050801,3,nacimiento,municipio
070603,051204,2,nacimiento,municipio
070603,051501,2,nacimiento,municipio
070603,060101,8,nacimiento,municipio
070603,060202,1,nacimiento,municipio
070603,060301,6,nacimiento,municipio
070603,060303,3,nacimiento,municipio
070603,060401,1,nacimiento,municipio
070603,060501,2,nacimiento,municipio
070603,070101,593,nacimiento,municipio
070603,070102,59,nacimiento,municipio
070603,070103,65,nacimiento,municipio
070603,070104,49,nacimiento,municipio
070603,070105,5,nacimiento,municipio
070603,070201,278,nacimiento,municipio
070603,070202,11,nacimiento,municipio
070603,070301,5,nacimiento,municipio
070603,070401,14,nacimiento,municipio
070603,070402,7,nacimiento,municipio
070603,070403,10,nacimiento,municipio
070603,070404,5,nacimiento,municipio
070603,070501,3,nacimiento,municipio
070603,070502,7,nacimiento,municipio
070603,070503,4,nacimiento,municipio
070603,070601,26,nacimiento,municipio
070603,070602,10,nacimiento,municipio
070603,070603,2296,nacimiento,municipio
070603,070701,1,nacimiento,municipio
070603,070702,3,nacimiento,municipio
070603,070703,14,nacimiento,municipio
070603,070705,26,nacimiento,municipio
070603,070706,12,nacimiento,municipio
070603,070802,2,nacimiento,municipio
070603,070902,2,nacimiento,municipio
070603,071001,77,nacimiento,municipio
070603,071002,8,nacimiento,municipio
070603,071003,39,nacimiento,municipio
070603,071004,3,nacimiento,municipio
070603,071005,4,nacimiento,municipio
070603,071101,2,nacimiento,municipio
070603,071102,3,nacimiento,municipio
070603,071103,7,nacimiento,municipio
070603,071104,1,nacimiento,municipio
070603,071105,2,nacimiento,municipio
070603,071106,2,nacimiento,municipio
070603,071201,2,nacimiento,municipio
070603,071301,2,nacimiento,municipio
070603,071401,3,nacimiento,municipio
070603,071402,5,nacimiento,municipio
070603,071403,1,nacimiento,municipio
070603,071501,10,nacimiento,municipio
070603,071502,1,nacimiento,municipio
070603,071503,3,nacimiento,municipio
070603,080101,7,nacimiento,municipio
070603,080102,2,nacimiento,municipio
070603,080302,1,nacimiento,municipio
070603,080304,4,nacimiento,municipio
070603,080602,1,nacimiento,municipio
070603,080701,2,nacimiento,municipio
070603,090101,1,nacimiento,municipio
070603,090102,1,nacimiento,municipio
070603,090104,1,nacimiento,municipio
070699,070101,974,nacimiento,provincia
070699,070102,49,nacimiento,provincia
070699,070103,20,nacimiento,provincia
070699,070104,58,nacimiento,provincia
070699,070105,6,nacimiento,provincia
070699,070201,235,nacimiento,provincia
070699,070502,17,nacimiento,provincia
070699,070603,11,nacimiento,provincia
070699,071001,238,nacimiento,provincia
070701,070101,382,nacimiento,municipio
070701,070102,30,nacimiento,municipio
070701,070103,3,nacimiento,municipio
070701,070104,79,nacimiento,municipio
070701,070105,9,nacimiento,municipio
070701,070201,51,nacimiento,municipio
070701,070502,10,nacimiento,municipio
070701,070603,3,nacimiento,municipio
070701,071001,8,nacimiento,municipio
070702,070101,2524,nacimiento,municipio
070702,070102,217,nacimiento,municipio
070702,070103,34,nacimiento,municipio
070702,070104,352,nacimiento,municipio
070702,070105,41,nacimiento,municipio
070702,070201,318,nacimiento,municipio
070702,070502,136,nacimiento,municipio
070702,070603,18,nacimiento,municipio
070702,071001,94,nacimiento,municipio
070703,070101,685,nacimiento,municipio
070703,070102,64,nacimiento,municipio
070703,070103,26,nacimiento,municipio
070703,070104,298,nacimiento,municipio
070703,070105,101,nacimiento,municipio
070703,070201,65,nacimiento,municipio
070703,070502,937,nacimiento,municipio
070703,070603,2,nacimiento,municipio
070703,071001,36,nacimiento,municipio
070704,070101,412,nacimiento,municipio
070704,070102,16,nacimiento,municipio
070704,070103,7,nacimiento,municipio
070704,070104,63,nacimiento,municipio
070704,070105,16,nacimiento,municipio
070704,070201,33,nacimiento,municipio
070704,070502,9,nacimiento,municipio
070704,070603,1,nacimiento,municipio
070704,071001,13,nacimiento,municipio
070705,070101,608,nacimiento,municipio
070705,070102,54,nacimiento,municipio
070705,070103,17,nacimiento,municipio
070705,070104,175,nacimiento,municipio
070705,070105,31,nacimiento,municipio
070705,070201,96,nacimiento,municipio
070705,070502,7,nacimiento,municipio
070705,070603,31,nacimiento,municipio
070705,071001,23,nacimiento,municipio
070706,070101,11368,nacimiento,municipio
070706,070102,572,nacimiento,municipio
070706,070103,130,nacimiento,municipio
070706,070104,1251,nacimiento,municipio
070706,070105,140,nacimiento,municipio
070706,070201,1051,nacimiento,municipio
070706,070502,112,nacimiento,municipio
070706,070603,70,nacimiento,municipio
070706,071001,393,nacimiento,municipio
070707,070101,518,nacimiento,municipio
070707,070102,26,nacimiento,municipio
070707,070103,3,nacimiento,municipio
070707,070104,61,nacimiento,municipio
070707,070105,21,nacimiento,municipio
070707,070201,36,nacimiento,municipio
070707,070502,12,nacimiento,municipio
070707,070603,1,nacimiento,municipio
070707,071001,18,nacimiento,municipio
070799,070101,3483,nacimiento,provincia
070799,070102,208,nacimiento,provincia
070799,070103,33,nacimiento,provincia
070799,070104,480,nacimiento,provincia
070799,070105,81,nacimiento,provincia
070799,070201,452,nacimiento,provincia
070799,070502,98,nacimiento,provincia
070799,070603,71,nacimiento,provincia
070799,071001,135,nacimiento,provincia
070801,070101,11296,nacimiento,municipio
070801,070102,386,nacimiento,municipio
070801,070103,212,nacimiento,municipio
070801,070104,3192,nacimiento,municipio
070801,070105,1803,nacimiento,municipio
070801,070201,501,nacimiento,municipio
070801,070502,150,nacimiento,municipio
070801,070603,24,nacimiento,municipio
070801,071001,244,nacimiento,municipio
070802,070101,159,nacimiento,municipio
070802,070102,4,nacimiento,municipio
070802,070103,3,nacimiento,municipio
070802,070104,51,nacimiento,municipio
070802,070105,14,nacimiento,municipio
070802,070201,6,nacimiento,municipio
070802,070502,3,nacimiento,municipio
070802,071001,6,nacimiento,municipio
070803,070101,454,nacimiento,municipio
070803,070102,8,nacimiento,municipio
070803,070103,24,nacimiento,municipio
070803,070104,187,nacimiento,municipio
070803,070105,137,nacimiento,municipio
070803,070201,14,nacimiento,municipio
070803,070502,2,nacimiento,municipio
070803,071001,3,nacimiento,municipio
070804,070101,298,nacimiento,municipio
070804,070102,15,nacimiento,municipio
070804,070103,5,nacimiento,municipio
070804,070104,104,nacimiento,municipio
070804,070105,125,nacimiento,municipio
070804,070201,12,nacimiento,municipio
070804,070502,6,nacimiento,municipio
070804,071001,1,nacimiento,municipio
070805,070101,210,nacimiento,municipio
070805,070102,4,nacimiento,municipio
070805,070103,7,nacimiento,municipio
070805,070104,78,nacimiento,municipio
070805,070105,51,nacimiento,municipio
070805,070201,10,nacimiento,municipio
070805,070502,9,nacimiento,municipio
070805,070603,1,nacimiento,municipio
070805,071001,2,nacimiento,municipio
070899,070101,235,nacimiento,provincia
070899,070102,8,nacimiento,provincia
070899,070103,11,nacimiento,provincia
070899,070104,53,nacimiento,provincia
070899,070105,31,nacimiento,provincia
070899,070201,11,nacimiento,provincia
070899,070502,3,nacimiento,provincia
070899,070603,1,nacimiento,provincia
070899,071001,3,nacimiento,provincia
070901,070101,2370,nacimiento,municipio
070901,070102,82,nacimiento,municipio
070901,070103,31,nacimiento,municipio
070901,070104,797,nacimiento,municipio
070901,070105,416,nacimiento,municipio
070901,070201,116,nacimiento,municipio
070901,070502,16,nacimiento,municipio
070901,070603,4,nacimiento,municipio
070901,071001,45,nacimiento,municipio
070902,070101,607,nacimiento,municipio
070902,070102,16,nacimiento,municipio
070902,070103,16,nacimiento,municipio
070902,070104,223,nacimiento,municipio
070902,070105,80,nacimiento,municipio
070902,070201,31,nacimiento,municipio
070902,070502,10,nacimiento,municipio
070902,071001,12,nacimiento,municipio
070903,070101,1436,nacimiento,municipio
070903,070102,45,nacimiento,municipio
070903,070103,22,nacimiento,municipio
070903,070104,504,nacimiento,municipio
070903,070105,170,nacimiento,municipio
070903,070201,72,nacimiento,municipio
070903,070502,19,nacimiento,municipio
070903,070603,2,nacimiento,municipio
070903,071001,28,nacimiento,municipio
070904,070101,311,nacimiento,municipio
070904,070102,11,nacimiento,municipio
070904,070103,4,nacimiento,municipio
070904,070104,71,nacimiento,municipio
070904,070105,45,nacimiento,municipio
070904,070201,6,nacimiento,municipio
070904,070502,3,nacimiento,municipio
070904,070603,1,nacimiento,municipio
070904,071001,5,nacimiento,municipio
070999,070101,1448,nacimiento,provincia
070999,070102,40,nacimiento,provincia
070999,070103,22,nacimiento,provincia
070999,070104,401,nacimiento,provincia
070999,070105,157,nacimiento,provincia
070999,070201,77,nacimiento,provincia
070999,070502,17,nacimiento,provincia
070999,071001,27,nacimiento,provincia
071001,010101,266,nacimiento,municipio
071001,010102,5,nacimiento,municipio
071001,010103,2,nacimiento,municipio
071001,010201,12,nacimiento,municipio
071001,010202,14,nacimiento,municipio
071001,010301,12,nacimiento,municipio
071001,010302,4,nacimiento,municipio
071001,010303,6,nacimiento,municipio
071001,010304,4,nacimiento,municipio
071001,010401,9,nacimiento,municipio
071001,010402,4,nacimiento,municipio
071001,010403,15,nacimiento,municipio
071001,010405,7,nacimiento,municipio
071001,010501,27,nacimiento,municipio
071001,010502,6,nacimiento,municipio
071001,010601,14,nacimiento,municipio
071001,010602,8,nacimiento,municipio
071001,010701,11,nacimiento,municipio
071001,010702,17,nacimiento,municipio
071001,010703,8,nacimiento,municipio
071001,010704,3,nacimiento,municipio
071001,010801,7,nacimiento,municipio
071001,010901,9,nacimiento,municipio
071001,010902,14,nacimiento,municipio
071001,010903,5,nacimiento,municipio
071001,011001,21,nacimiento,municipio
071001,011002,2,nacimiento,municipio
071001,011003,4,nacimiento,municipio
071001,020101,194,nacimiento,municipio
071001,020102,3,nacimiento,municipio
071001,020104,3,nacimiento,municipio
071001,020105,108,nacimiento,municipio
071001,020201,3,nacimiento,municipio
071001,020202,4,nacimiento,municipio
071001,020204,2,nacimiento,municipio
071001,020301,1,nacimiento,municipio
071001,020305,1,nacimiento,municipio
071001,020306,5,nacimiento,municipio
071001,020401,2,nacimiento,municipio
071001,020402,1,nacimiento,municipio
071001,020502,1,nacimiento,municipio
071001,020601,2,nacimiento,municipio
071001,020602,3,nacimiento,municipio
071001,020603,18,nacimiento,municipio
071001,020604,1,nacimiento,municipio
071001,020605,1,nacimiento,municipio
071001,020606,8,nacimiento,municipio
071001,020607,28,nacimiento,municipio
071001,020608,5,nacimiento,municipio
071001,020701,5,nacimiento,municipio
071001,020801,17,nacimiento,municipio
071001,020802,2,nacimiento,municipio
071001,020806,2,nacimiento,municipio
071001,021001,7,nacimiento,municipio
071001,021002,9,nacimiento,municipio
071001,021003,5,nacimiento,municipio
071001,021004,2,nacimiento,municipio
071001,021006,2,nacimiento,municipio
071001,021101,4,nacimiento,municipio
071001,021102,5,nacimiento,municipio
071001,021103,2,nacimiento,municipio
071001,021104,8,nacimiento,municipio
071001,021105,17,nacimiento,municipio
071001,021201,1,nacimiento,municipio
071001,021202,2,nacimiento,municipio
071001,021203,4,nacimiento,municipio
071001,021301,10,nacimiento,municipio
071001,021302,1,nacimiento,municipio
071001,021304,3,nacimiento,municipio
071001,021305,3,nacimiento,municipio
071001,021306,1,nacimiento,municipio
071001,021401,6,nacimiento,municipio
071001,021402,3,nacimiento,municipio
071001,021501,11,nacimiento,municipio
071001,021502,6,nacimiento,municipio
071001,021601,1,nacimiento,municipio
071001,021701,1,nacimiento,municipio
071001,021702,2,nacimiento,municipio
071001,021703,1,nacimiento,municipio
071001,021801,4,nacimiento,municipio
071001,022001,16,nacimiento,municipio
071001,022002,2,nacimiento,municipio
071001,030101,738,nacimiento,municipio
071001,030201,20,nacimiento,municipio
071001,030202,7,nacimiento,municipio
071001,030203,10,nacimiento,municipio
071001,030301,9,nacimiento,municipio
071001,030302,2,nacimiento,municipio
071001,030303,7,nacimiento,municipio
071001,030401,8,nacimiento,municipio
071001,030402,1,nacimiento,municipio
071001,030403,28,nacimiento,municipio
071001,030404,3,nacimiento,municipio
071001,030502,2,nacimiento,municipio
071001,030601,1,nacimiento,municipio
071001,030602,3,nacimiento,municipio
071001,030701,23,nacimiento,municipio
071001,030702,22,nacimiento,municipio
071001,030801,31,nacimiento,municipio
071001,030802,8,nacimiento,municipio
071001,030803,20,nacimiento,municipio
071001,030901,207,nacimiento,municipio
071001,030902,60,nacimiento,municipio
071001,030903,69,nacimiento,municipio
071001,030904,81,nacimiento,municipio
071001,030905,82,nacimiento,municipio
071001,031001,316,nacimiento,municipio
071001,031002,19,nacimiento,municipio
071001,031003,195,nacimiento,municipio
071001,031101,1,nacimiento,municipio
071001,031201,8,nacimiento,municipio
071001,031202,11,nacimiento,municipio
071001,031203,10,nacimiento,municipio
071001,031204,64,nacimiento,municipio
071001,031205,297,nacimiento,municipio
071001,031206,454,nacimiento,municipio
071001,031301,15,nacimiento,municipio
071001,031302,1,nacimiento,municipio
071001,031303,2,nacimiento,municipio
071001,031304,1,nacimiento,municipio
071001,031401,43,nacimiento,municipio
071001,031402,7,nacimiento,municipio
071001,031403,23,nacimiento,municipio
071001,031405,3,nacimiento,municipio
071001,031601,11,nacimiento,municipio
071001,031602,80,nacimiento,municipio
071001,040101,118,nacimiento,municipio
071001,040102,7,nacimiento,municipio
071001,040103,2,nacimiento,municipio
071001,040104,3,nacimiento,municipio
071001,040201,12,nacimiento,municipio
071001,040202,1,nacimiento,municipio
071001,040301,14,nacimiento,municipio
071001,040302,1,nacimiento,municipio
071001,040402,3,nacimiento,municipio
071001,040503,5,nacimiento,municipio
071001,040504,8,nacimiento,municipio
071001,040505,3,nacimiento,municipio
071001,040601,3,nacimiento,municipio
071001,040602,1,nacimiento,municipio
071001,040603,1,nacimiento,municipio
071001,040701,5,nacimiento,municipio
071001,040801,25,nacimiento,municipio
071001,040802,5,nacimiento,municipio
071001,040901,9,nacimiento,municipio
071001,040902,2,nacimiento,municipio
071001,041001,5,nacimiento,municipio
071001,041101,4,nacimiento,municipio
071001,041201,1,nacimiento,municipio
071001,041401,8,nacimiento,municipio
071001,041503,2,nacimiento,municipio
071001,050101,143,nacimiento,municipio
071001,050102,6,nacimiento,municipio
071001,050103,6,nacimiento,municipio
071001,050104,3,nacimiento,municipio
071001,050201,5,nacimiento,municipio
071001,050202,1,nacimiento,municipio
071001,050203,11,nacimiento,municipio
071001,050204,1,nacimiento,municipio
071001,050301,27,nacimiento,municipio
071001,050302,3,nacimiento,municipio
071001,050303,5,nacimiento,municipio
071001,050401,1,nacimiento,municipio
071001,050402,4,nacimiento,municipio
071001,050403,7,nacimiento,municipio
071001,050405,1,nacimiento,municipio
071001,050501,1,nacimiento,municipio
071001,050502,4,nacimiento,municipio
071001,050601,53,nacimiento,municipio
071001,050602,9,nacimiento,municipio
071001,050701,1,nacimiento,municipio
071001,050702,1,nacimiento,municipio
071001,050801,59,nacimiento,municipio
071001,050802,7,nacimiento,municipio
071001,050901,2,nacimiento,municipio
071001,051001,1,nacimiento,municipio
071001,051101,10,nacimiento,municipio
071001,051102,12,nacimiento,municipio
071001,051103,9,nacimiento,municipio
071001,051201,20,nacimiento,municipio
071001,051202,1,nacimiento,municipio
071001,051203,14,nacimiento,municipio
071001,051204,7,nacimiento,municipio
071001,051302,1,nacimiento,municipio
071001,051401,1,nacimiento,municipio
071001,051501,30,nacimiento,municipio
071001,051601,2,nacimiento,municipio
071001,060101,192,nacimiento,municipio
071001,060201,10,nacimiento,municipio
071001,060202,43,nacimiento,municipio
071001,060301,238,nacimiento,municipio
071001,060302,25,nacimiento,municipio
071001,060303,79,nacimiento,municipio
071001,060401,5,nacimiento,municipio
071001,060402,1,nacimiento,municipio
071001,060501,24,nacimiento,municipio
071001,060502,6,nacimiento,municipio
071001,060601,8,nacimiento,municipio
071001,070101,9822,nacimiento,municipio
071001,070102,882,nacimiento,municipio
071001,070103,175,nacimiento,municipio
071001,070104,864,nacimiento,municipio
071001,070105,290,nacimiento,municipio
071001,070201,5101,nacimiento,municipio
071001,070202,1304,nacimiento,municipio
071001,070301,299,nacimiento,municipio
071001,070302,85,nacimiento,municipio
071001,070303,79,nacimiento,municipio
071001,070401,777,nacimiento,municipio
071001,070402,564,nacimiento,municipio
071001,070403,1426,nacimiento,municipio
071001,070404,386,nacimiento,municipio
071001,070501,223,nacimiento,municipio
071001,070502,368,nacimiento,municipio
071001,070503,57,nacimiento,municipio
071001,070601,1144,nacimiento,municipio
071001,070602,1938,nacimiento,municipio
071001,070603,135,nacimiento,municipio
071001,070701,10,nacimiento,municipio
071001,070702,103,nacimiento,municipio
071001,070703,126,nacimiento,municipio
071001,070704,8,nacimiento,municipio
071001,070705,49,nacimiento,municipio
071001,070706,82,nacimiento,municipio
071001,070707,11,nacimiento,municipio
071001,070801,33,nacimiento,municipio
071001,070802,6,nacimiento,municipio
071001,070804,4,nacimiento,municipio
071001,070805,5,nacimiento,municipio
071001,070901,33,nacimiento,municipio
071001,070902,26,nacimiento,municipio
071001,070903,67,nacimiento,municipio
071001,070904,13,nacimiento,municipio
071001,071001,76490,nacimiento,municipio
071001,071002,2807,nacimiento,municipio
071001,071003,4353,nacimiento,municipio
071001,071004,1737,nacimiento,municipio
071001,071005,2077,nacimiento,municipio
071001,071101,284,nacimiento,municipio
071001,071102,105,nacimiento,municipio
071001,071103,1278,nacimiento,municipio
071001,071104,21,nacimiento,municipio
071001,071105,95,nacimiento,municipio
071001,071106,428,nacimiento,municipio
071001,071201,42,nacimiento,municipio
071001,071301,40,nacimiento,municipio
071001,071302,12,nacimiento,municipio
071001,071401,73,nacimiento,municipio
071001,071402,156,nacimiento,municipio
071001,071403,68,nacimiento,municipio
071001,071501,501,nacimiento,municipio
071001,071502,39,nacimiento,municipio
071001,071503,427,nacimiento,municipio
071001,080101,227,nacimiento,municipio
071001,080102,57,nacimiento,municipio
071001,080201,48,nacimiento,municipio
071001,080202,42,nacimiento,municipio
071001,080301,7,nacimiento,municipio
071001,080302,26,nacimiento,municipio
071001,080303,6,nacimiento,municipio
071001,080304,16,nacimiento,municipio
071001,080401,23,nacimiento,municipio
071001,080402,14,nacimiento,municipio
071001,080501,16,nacimiento,municipio
071001,080601,2,nacimiento,municipio
071001,080602,294,nacimiento,municipio
071001,080701,5,nacimiento,municipio
071001,080702,25,nacimiento,municipio
071001,080703,1,nacimiento,municipio
071001,080801,4,nacimiento,municipio
071001,080802,31,nacimiento,municipio
071001,080803,8,nacimiento,municipio
071001,090101,51,nacimiento,municipio
071001,090102,15,nacimiento,municipio
071001,090104,7,nacimiento,municipio
071001,090201,5,nacimiento,municipio
071001,090203,6,nacimiento,municipio
071001,090301,10,nacimiento,municipio
071001,090302,3,nacimiento,municipio
071001,090303,6,nacimiento,municipio
071001,090402,2,nacimiento,municipio
071001,090503,2,nacimiento,municipio
071002,070101,406,nacimiento,municipio
071002,070102,29,nacimiento,municipio
071002,070103,5,nacimiento,municipio
071002,070104,46,nacimiento,municipio
071002,070105,8,nacimiento,municipio
071002,070201,106,nacimiento,municipio
071002,070502,11,nacimiento,municipio
071002,070603,2,nacimiento,municipio
071002,071001,311,nacimiento,municipio
071003,070101,1563,nacimiento,municipio
071003,070102,193,nacimiento,municipio
071003,070103,19,nacimiento,municipio
071003,070104,155,nacimiento,municipio
071003,070105,61,nacimiento,municipio
071003,070201,489,nacimiento,municipio
071003,070502,61,nacimiento,municipio
071003,070603,27,nacimiento,municipio
071003,071001,898,nacimiento,municipio
071004,070101,229,nacimiento,municipio
071004,070102,16,nacimiento,municipio
071004,070103,3,nacimiento,municipio
071004,070104,27,nacimiento,municipio
071004,070105,5,nacimiento,municipio
071004,070201,80,nacimiento,municipio
071004,070502,12,nacimiento,municipio
071004,070603,2,nacimiento,municipio
071004,071001,266,nacimiento,municipio
071005,070101,342,nacimiento,municipio
071005,070102,27,nacimiento,municipio
071005,070103,4,nacimiento,municipio
071005,070104,36,nacimiento,municipio
071005,070105,25,nacimiento,municipio
071005,070201,91,nacimiento,municipio
071005,070502,12,nacimiento,municipio
071005,070603,2,nacimiento,municipio
071005,071001,521,nacimiento,municipio
071099,070101,1589,nacimiento,provincia
071099,070102,127,nacimiento,provincia
071099,070103,22,nacimiento,provincia
071099,070104,134,nacimiento,provincia
071099,070105,41,nacimiento,provincia
071099,070201,549,nacimiento,provincia
071099,070502,68,nacimiento,provincia
071099,070603,10,nacimiento,provincia
071099,071001,271,nacimiento,provincia
071101,070101,2312,nacimiento,municipio
071101,070102,338,nacimiento,municipio
071101,070103,43,nacimiento,municipio
071101,070104,186,nacimiento,municipio
071101,070105,52,nacimiento,municipio
071101,070201,216,nacimiento,municipio
071101,070502,140,nacimiento,municipio
071101,070603,5,nacimiento,municipio
071101,071001,102,nacimiento,municipio
071102,070101,1928,nacimiento,municipio
071102,070102,245,nacimiento,municipio
071102,070103,51,nacimiento,municipio
071102,070104,166,nacimiento,municipio
071102,070105,25,nacimiento,municipio
071102,070201,153,nacimiento,municipio
071102,070502,81,nacimiento,municipio
071102,070603,13,nacimiento,municipio
071102,071001,69,nacimiento,municipio
071103,070101,1157,nacimiento,municipio
071103,070102,160,nacimiento,municipio
071103,070103,21,nacimiento,municipio
071103,070104,181,nacimiento,municipio
071103,070105,107,nacimiento,municipio
071103,070201,242,nacimiento,municipio
071103,070502,288,nacimiento,municipio
071103,070603,7,nacimiento,municipio
071103,071001,517,nacimiento,municipio
071104,070101,185,nacimiento,municipio
071104,070102,75,nacimiento,municipio
071104,070104,9,nacimiento,municipio
071104,070105,2,nacimiento,municipio
071104,070201,8,nacimiento,municipio
071104,070502,25,nacimiento,municipio
071104,071001,2,nacimiento,municipio
071105,070101,652,nacimiento,municipio
071105,070102,88,nacimiento,municipio
071105,070103,12,nacimiento,municipio
071105,070104,40,nacimiento,municipio
071105,070105,19,nacimiento,municipio
071105,070201,107,nacimiento,municipio
071105,070502,60,nacimiento,municipio
071105,070603,8,nacimiento,municipio
071105,071001,60,nacimiento,municipio
071106,070101,330,nacimiento,municipio
071106,070102,66,nacimiento,municipio
071106,070103,9,nacimiento,municipio
071106,070104,54,nacimiento,municipio
071106,070105,29,nacimiento,municipio
071106,070201,78,nacimiento,municipio
071106,070502,231,nacimiento,municipio
071106,071001,84,nacimiento,municipio
071199,070101,1304,nacimiento,provincia
071199,070102,213,nacimiento,provincia
071199,070103,21,nacimiento,provincia
071199,070104,135,nacimiento,provincia
071199,070105,31,nacimiento,provincia
071199,070201,320,nacimiento,provincia
071199,070502,172,nacimiento,provincia
071199,070603,4,nacimiento,provincia
071199,071001,260,nacimiento,provincia
071201,070101,1296,nacimiento,municipio
071201,070102,120,nacimiento,municipio
071201,070103,25,nacimiento,municipio
071201,070104,93,nacimiento,municipio
071201,070105,17,nacimiento,municipio
071201,070201,113,nacimiento,municipio
071201,070502,134,nacimiento,municipio
071201,070603,5,nacimiento,municipio
071201,071001,47,nacimiento,municipio
071299,070101,2,nacimiento,provincia
071299,070502,3,nacimiento,provincia
071301,070101,2439,nacimiento,municipio
071301,070102,131,nacimiento,municipio
071301,070103,31,nacimiento,municipio
071301,070104,912,nacimiento,municipio
071301,070105,613,nacimiento,municipio
071301,070201,146,nacimiento,municipio
071301,070502,37,nacimiento,municipio
071301,070603,3,nacimiento,municipio
071301,071001,111,nacimiento,municipio
071302,070101,778,nacimiento,municipio
071302,070102,24,nacimiento,municipio
071302,070103,5,nacimiento,municipio
071302,070104,312,nacimiento,municipio
071302,070105,145,nacimiento,municipio
071302,070201,48,nacimiento,municipio
071302,070502,2,nacimiento,municipio
071302,070603,3,nacimiento,municipio
071302,071001,39,nacimiento,municipio
071399,070101,503,nacimiento,provincia
071399,070102,18,nacimiento,provincia
071399,070103,3,nacimiento,provincia
071399,070104,188,nacimiento,provincia
071399,070105,69,nacimiento,provincia
071399,070201,31,nacimiento,provincia
071399,070502,3,nacimiento,provincia
071399,071001,17,nacimiento,provincia
071401,070101,2388,nacimiento,municipio
071401,070102,111,nacimiento,municipio
071401,070103,30,nacimiento,municipio
071401,070104,131,nacimiento,municipio
071401,070105,33,nacimiento,municipio
071401,070201,139,nacimiento,municipio
071401,070502,89,nacimiento,municipio
071401,070603,4,nacimiento,municipio
071401,071001,75,nacimiento,municipio
071402,070101,970,nacimiento,municipio
071402,070102,60,nacimiento,municipio
071402,070103,7,nacimiento,municipio
071402,070104,59,nacimiento,municipio
071402,070105,12,nacimiento,municipio
071402,070201,68,nacimiento,municipio
071402,070502,23,nacimiento,municipio
071402,070603,3,nacimiento,municipio
071402,071001,36,nacimiento,municipio
071403,070101,243,nacimiento,municipio
071403,070102,29,nacimiento,municipio
071403,070103,2,nacimiento,municipio
071403,070104,21,nacimiento,municipio
071403,070105,5,nacimiento,municipio
071403,070201,27,nacimiento,municipio
071403,070502,53,nacimiento,municipio
071403,071001,15,nacimiento,municipio
071499,070101,406,nacimiento,provincia
071499,070102,41,nacimiento,provincia
071499,070103,5,nacimiento,provincia
071499,070104,18,nacimiento,provincia
071499,070105,2,nacimiento,provincia
071499,070201,15,nacimiento,provincia
071499,070502,18,nacimiento,provincia
071499,071001,5,nacimiento,provincia
071501,070101,809,nacimiento,municipio
071501,070102,111,nacimiento,municipio
071501,070103,13,nacimiento,municipio
071501,070104,49,nacimiento,municipio
071501,070105,5,nacimiento,municipio
071501,070201,87,nacimiento,municipio
071501,070502,16,nacimiento,municipio
071501,070603,1,nacimiento,municipio
071501,071001,33,nacimiento,municipio
071502,070101,435,nacimiento,municipio
071502,070102,44,nacimiento,municipio
071502,070103,6,nacimiento,municipio
071502,070104,42,nacimiento,municipio
071502,070105,1,nacimiento,municipio
071502,070201,44,nacimiento,municipio
071502,070502,7,nacimiento,municipio
071502,071001,13,nacimiento,municipio
071503,070101,322,nacimiento,municipio
071503,070102,43,nacimiento,municipio
071503,070103,4,nacimiento,municipio
071503,070104,40,nacimiento,municipio
071503,070105,16,nacimiento,municipio
071503,070201,58,nacimiento,municipio
071503,070502,25,nacimiento,municipio
071503,070603,1,nacimiento,municipio
071503,071001,35,nacimiento,municipio
071599,070101,2327,nacimiento,provincia
071599,070102,313,nacimiento,provincia
071599,070103,32,nacimiento,provincia
071599,070104,157,nacimiento,provincia
071599,070105,51,nacimiento,provincia
071599,070201,292,nacimiento,provincia
071599,070502,117,nacimiento,provincia
071599,070603,2,nacimiento,provincia
071599,071001,95,nacimiento,provincia
079999,070101,15087,nacimiento,departamento
079999,070102,6304,nacimiento,departamento
079999,070103,1389,nacimiento,departamento
079999,070104,6385,nacimiento,departamento
079999,070105,1978,nacimiento,departamento
079999,070201,7527,nacimiento,departamento
079999,070502,2661,nacimiento,departamento
079999,070603,494,nacimiento,departamento
079999,071001,3598,nacimiento,departamento
080101,070101,10167,nacimiento,municipio
080101,070102,929,nacimiento,municipio
080101,070103,156,nacimiento,municipio
080101,070104,455,nacimiento,municipio
080101,070105,80,nacimiento,municipio
080101,070201,1054,nacimiento,municipio
080101,070502,369,nacimiento,municipio
080101,070603,21,nacimiento,municipio
080101,071001,340,nacimiento,municipio
080102,070101,54,nacimiento,municipio
080102,070102,7,nacimiento,municipio
080102,070103,3,nacimiento,municipio
080102,070104,7,nacimiento,municipio
080102,070105,1,nacimiento,municipio
080102,070201,3,nacimiento,municipio
080102,070502,7,nacimiento,municipio
080102,071001,4,nacimiento,municipio
080199,070101,1338,nacimiento,provincia
080199,070102,120,nacimiento,provincia
080199,070103,26,nacimiento,provincia
080199,070104,82,nacimiento,provincia
080199,070105,12,nacimiento,provincia
080199,070201,112,nacimiento,provincia
080199,070502,37,nacimiento,provincia
080199,070603,3,nacimiento,provincia
080199,071001,48,nacimiento,provincia
080201,070101,4340,nacimiento,municipio
080201,070102,237,nacimiento,municipio
080201,070103,54,nacimiento,municipio
080201,070104,224,nacimiento,municipio
080201,070105,24,nacimiento,municipio
080201,070201,318,nacimiento,municipio
080201,070502,46,nacimiento,municipio
080201,070603,5,nacimiento,municipio
080201,071001,97,nacimiento,municipio
080202,070101,3227,nacimiento,municipio
080202,070102,209,nacimiento,municipio
080202,070103,43,nacimiento,municipio
080202,070104,115,nacimiento,municipio
080202,070105,11,nacimiento,municipio
080202,070201,242,nacimiento,municipio
080202,070502,40,nacimiento,municipio
080202,070603,3,nacimiento,municipio
080202,071001,87,nacimiento,municipio
080299,070101,1055,nacimiento,provincia
080299,070102,44,nacimiento,provincia
080299,070103,8,nacimiento,provincia
080299,070104,50,nacimiento,provincia
080299,070201,125,nacimiento,provincia
080299,070502,13,nacimiento,provincia
080299,071001,17,nacimiento,provincia
080301,070101,738,nacimiento,municipio
080301,070102,65,nacimiento,municipio
080301,070103,20,nacimiento,municipio
080301,070104,29,nacimiento,municipio
080301,070105,3,nacimiento,municipio
080301,070201,48,nacimiento,municipio
080301,070502,32,nacimiento,municipio
080301,070603,3,nacimiento,municipio
080301,071001,14,nacimiento,municipio
080302,070101,2283,nacimiento,municipio
080302,070102,263,nacimiento,municipio
080302,070103,33,nacimiento,municipio
080302,070104,142,nacimiento,municipio
080302,070105,32,nacimiento,municipio
080302,070201,422,nacimiento,municipio
080302,070502,135,nacimiento,municipio
080302,070603,8,nacimiento,municipio
080302,071001,181,nacimiento,municipio
080303,070101,367,nacimiento,municipio
080303,070102,38,nacimiento,municipio
080303,070103,9,nacimiento,municipio
080303,070104,30,nacimiento,municipio
080303,070105,2,nacimiento,municipio
080303,070201,47,nacimiento,municipio
080303,070502,29,nacimiento,municipio
080303,070603,3,nacimiento,municipio
080303,071001,11,nacimiento,municipio
080304,070101,614,nacimiento,municipio
080304,070102,72,nacimiento,municipio
080304,070103,9,nacimiento,municipio
080304,070104,60,nacimiento,municipio
080304,070105,5,nacimiento,municipio
080304,070201,60,nacimiento,municipio
080304,070502,23,nacimiento,municipio
080304,070603,1,nacimiento,municipio
080304,071001,28,nacimiento,municipio
080399,070101,367,nacimiento,provincia
080399,070102,27,nacimiento,provincia
080399,070103,10,nacimiento,provincia
080399,070104,23,nacimiento,provincia
080399,070105,2,nacimiento,provincia
080399,070201,41,nacimiento,provincia
080399,070502,24,nacimiento,provincia
080399,071001,12,nacimiento,provincia
080401,070101,2752,nacimiento,municipio
080401,070102,297,nacimiento,municipio
080401,070103,53,nacimiento,municipio
080401,070104,134,nacimiento,municipio
080401,070105,17,nacimiento,municipio
080401,070201,305,nacimiento,municipio
080401,070502,192,nacimiento,municipio
080401,070603,18,nacimiento,municipio
080401,071001,95,nacimiento,municipio
080402,070101,70,nacimiento,municipio
080402,070102,6,nacimiento,municipio
080402,070104,2,nacimiento,municipio
080402,070105,1,nacimiento,municipio
080402,070201,11,nacimiento,municipio
080402,070502,2,nacimiento,municipio
080402,071001,1,nacimiento,municipio
080499,070101,383,nacimiento,provincia
080499,070102,44,nacimiento,provincia
080499,070103,7,nacimiento,provincia
080499,070104,20,nacimiento,provincia
080499,070105,4,nacimiento,provincia
080499,070201,67,nacimiento,provincia
080499,070502,25,nacimiento,provincia
080499,070603,1,nacimiento,provincia
080499,071001,19,nacimiento,provincia
080501,070101,1854,nacimiento,municipio
080501,070102,255,nacimiento,municipio
080501,070103,20,nacimiento,municipio
080501,070104,133,nacimiento,municipio
080501,070105,43,nacimiento,municipio
080501,070201,234,nacimiento,municipio
080501,070502,102,nacimiento,municipio
080501,070603,16,nacimiento,municipio
080501,071001,66,nacimiento,municipio
080599,070101,2,nacimiento,provincia
080601,070101,199,nacimiento,municipio
080601,070102,26,nacimiento,municipio
080601,070103,3,nacimiento,municipio
080601,070104,17,nacimiento,municipio
080601,070105,12,nacimiento,municipio
080601,070201,32,nacimiento,municipio
080601,070502,23,nacimiento,municipio
080601,070603,3,nacimiento,municipio
080601,071001,15,nacimiento,municipio
080602,070101,192,nacimiento,municipio
080602,070102,21,nacimiento,municipio
080602,070103,6,nacimiento,municipio
080602,070104,23,nacimiento,municipio
080602,070105,3,nacimiento,municipio
080602,070201,29,nacimiento,municipio
080602,070502,15,nacimiento,municipio
080602,070603,2,nacimiento,municipio
080602,071001,19,nacimiento,municipio
080699,070101,300,nacimiento,provincia
080699,070102,43,nacimiento,provincia
080699,070103,9,nacimiento,provincia
080699,070104,15,nacimiento,provincia
080699,070105,3,nacimiento,provincia
080699,070201,45,nacimiento,provincia
080699,070502,29,nacimiento,provincia
080699,070603,1,nacimiento,provincia
080699,071001,23,nacimiento,provincia
080701,070101,584,nacimiento,municipio
080701,070102,43,nacimiento,municipio
080701,070103,10,nacimiento,municipio
080701,070104,25,nacimiento,municipio
080701,070105,1,nacimiento,municipio
080701,070201,75,nacimiento,municipio
080701,070502,24,nacimiento,municipio
080701,070603,3,nacimiento,municipio
080701,071001,15,nacimiento,municipio
080702,070101,471,nacimiento,municipio
080702,070102,62,nacimiento,municipio
080702,070103,3,nacimiento,municipio
080702,070104,34,nacimiento,municipio
080702,070105,3,nacimiento,municipio
080702,070201,32,nacimiento,municipio
080702,070502,30,nacimiento,municipio
080702,071001,7,nacimiento,municipio
080703,070101,26,nacimiento,municipio
080703,070102,2,nacimiento,municipio
080703,070104,6,nacimiento,municipio
080703,070105,1,nacimiento,municipio
080703,070201,3,nacimiento,municipio
080799,070101,211,nacimiento,provincia
080799,070102,27,nacimiento,provincia
080799,070103,6,nacimiento,provincia
080799,070104,5,nacimiento,provincia
080799,070201,23,nacimiento,provincia
080799,070502,8,nacimiento,provincia
080799,071001,4,nacimiento,provincia
080801,070101,1144,nacimiento,municipio
080801,070102,115,nacimiento,municipio
080801,070103,7,nacimiento,municipio
080801,070104,64,nacimiento,municipio
080801,070105,8,nacimiento,municipio
080801,070201,100,nacimiento,municipio
080801,070502,47,nacimiento,municipio
080801,071001,17,nacimiento,municipio
080802,070101,391,nacimiento,municipio
080802,070102,35,nacimiento,municipio
080802,070103,9,nacimiento,municipio
080802,070104,27,nacimiento,municipio
080802,070105,1,nacimiento,municipio
080802,070201,54,nacimiento,municipio
080802,070502,7,nacimiento,municipio
080802,070603,2,nacimiento,municipio
080802,071001,10,nacimiento,municipio
080803,070101,220,nacimiento,municipio
080803,070102,7,nacimiento,municipio
080803,070104,17,nacimiento,municipio
080803,070105,1,nacimiento,municipio
080803,070201,22,nacimiento,municipio
080803,070502,3,nacimiento,municipio
080803,071001,6,nacimiento,municipio
080899,070101,610,nacimiento,provincia
080899,070102,66,nacimiento,provincia
080899,070103,8,nacimiento,provincia
080899,070104,36,nacimiento,provincia
080899,070105,3,nacimiento,provincia
080899,070201,64,nacimiento,provincia
080899,070502,19,nacimiento,provincia
080899,070603,1,nacimiento,provincia
080899,071001,11,nacimiento,provincia
080901,070101,21,nacimiento,municipio
080901,070102,4,nacimiento,municipio
080901,070104,4,nacimiento,municipio
080901,070105,2,nacimiento,municipio
080901,070201,6,nacimiento,municipio
080901,070502,1,nacimiento,municipio
080901,071001,7,nacimiento,municipio
089999,070101,13279,nacimiento,departamento
089999,070102,1274,nacimiento,departamento
089999,070103,175,nacimiento,departamento
089999,070104,518,nacimiento,departamento
089999,070105,80,nacimiento,departamento
089999,070201,1054,nacimiento,departamento
089999,070502,520,nacimiento,departamento
089999,070603,34,nacimiento,departamento
089999,071001,403,nacimiento,departamento
090101,070101,764,nacimiento,municipio
090101,070102,39,nacimiento,municipio
090101,070103,20,nacimiento,municipio
090101,070104,51,nacimiento,municipio
090101,070105,4,nacimiento,municipio
090101,070201,63,nacimiento,municipio
090101,070502,9,nacimiento,municipio
090101,070603,1,nacimiento,municipio
090101,071001,25,nacimiento,municipio
090102,070101,48,nacimiento,municipio
090102,070103,1,nacimiento,municipio
090102,070104,1,nacimiento,municipio
090102,070201,3,nacimiento,municipio
090102,071001,4,nacimiento,municipio
090103,070101,1,nacimiento,municipio
090103,070102,2,nacimiento,municipio
090103,070104,1,nacimiento,municipio
090104,070101,5,nacimiento,municipio
090104,070104,2,nacimiento,municipio
090104,070201,2,nacimiento,municipio
090104,071001,3,nacimiento,municipio
090199,070101,116,nacimiento,provincia
090199,070102,9,nacimiento,provincia
090199,070104,7,nacimiento,provincia
090199,070105,1,nacimiento,provincia
090199,070201,11,nacimiento,provincia
090199,070502,1,nacimiento,provincia
090199,071001,9,nacimiento,provincia
090201,070101,48,nacimiento,municipio
090201,070102,3,nacimiento,municipio
090201,070104,5,nacimiento,municipio
090201,070105,4,nacimiento,municipio
090201,070201,1,nacimiento,municipio
090201,070502,4,nacimiento,municipio
090201,071001,3,nacimiento,municipio
090202,070101,13,nacimiento,municipio
090202,070201,2,nacimiento,municipio
090202,071001,1,nacimiento,municipio
090203,070101,19,nacimiento,municipio
090203,070102,1,nacimiento,municipio
090203,070104,3,nacimiento,municipio
090203,070105,1,nacimiento,municipio
090203,070201,2,nacimiento,municipio
090299,070101,23,nacimiento,provincia
090299,070102,2,nacimiento,provincia
090299,070104,3,nacimiento,provincia
090299,070105,2,nacimiento,provincia
090299,070201,5,nacimiento,provincia
090299,070502,1,nacimiento,provincia
090299,071001,2,nacimiento,provincia
090301,070101,20,nacimiento,municipio
090301,070102,3,nacimiento,municipio
090301,070105,2,nacimiento,municipio
090301,070201,2,nacimiento,municipio
090302,070101,20,nacimiento,municipio
090302,070102,1,nacimiento,municipio
090302,070104,1,nacimiento,municipio
090302,070201,2,nacimiento,municipio
090302,070502,1,nacimiento,municipio
090302,071001,1,nacimiento,municipio
090303,070101,218,nacimiento,municipio
090303,070102,18,nacimiento,municipio
090303,070103,4,nacimiento,municipio
090303,070104,12,nacimiento,municipio
090303,070105,1,nacimiento,municipio
090303,070201,23,nacimiento,municipio
090303,070502,7,nacimiento,municipio
090303,071001,6,nacimiento,municipio
090399,070101,46,nacimiento,provincia
090399,070103,1,nacimiento,provincia
090399,070104,1,nacimiento,provincia
090399,070201,5,nacimiento,provincia
090401,070101,3,nacimiento,municipio
090401,070102,2,nacimiento,municipio
090401,070105,1,nacimiento,municipio
090402,070101,10,nacimiento,municipio
090402,070102,1,nacimiento,municipio
090402,070104,1,nacimiento,municipio
090402,070201,3,nacimiento,municipio
090499,070101,11,nacimiento,provincia
090499,070102,1,nacimiento,provincia
090501,070101,3,nacimiento,municipio
090501,070102,2,nacimiento,municipio
090501,070201,5,nacimiento,municipio
090502,070101,8,nacimiento,municipio
090502,070102,4,nacimiento,municipio
090502,070104,1,nacimiento,municipio
090502,070105,2,nacimiento,municipio
090502,071001,1,nacimiento,municipio
090503,070101,2,nacimiento,municipio
090503,070102,4,nacimiento,municipio
090503,071001,5,nacimiento,municipio
090599,070101,3,nacimiento,provincia
099999,070101,501,nacimiento,departamento
099999,070102,35,nacimiento,departamento
099999,070103,8,nacimiento,departamento
099999,070104,28,nacimiento,departamento
099999,070105,6,nacimiento,departamento
099999,070201,42,nacimiento,departamento
099999,070502,6,nacimiento,departamento
099999,071001,32,nacimiento,departamento
010101,070101,3222,residencia5,municipio
010101,070102,155,residencia5,municipio
010101,070103,42,residencia5,municipio
010101,070104,752,residencia5,municipio
010101,070105,101,residencia5,municipio
010101,070201,213,residencia5,municipio
010101,070502,50,residencia5,municipio
010101,071001,155,residencia5,municipio
010102,070101,37,residencia5,municipio
010102,070103,3,residencia5,municipio
010102,070104,9,residencia5,municipio
010102,070105,10,residencia5,municipio
010102,070201,1,residencia5,municipio
010102,070502,5,residencia5,municipio
010102,071001,1,residencia5,municipio
010103,070101,50,residencia5,municipio
010103,070102,3,residencia5,municipio
010103,070104,18,residencia5,municipio
010103,070105,2,residencia5,municipio
010103,070201,9,residencia5,municipio
010103,071001,1,residencia5,municipio
010199,070101,476,residencia5,provincia
010199,070102,13,residencia5,provincia
010199,070103,6,residencia5,provincia
010199,070104,81,residencia5,provincia
010199,070105,13,residencia5,provincia
010199,070201,27,residencia5,provincia
010199,070502,3,residencia5,provincia
010199,071001,15,residencia5,provincia
010201,070101,113,residencia5,municipio
010201,070102,9,residencia5,municipio
010201,070103,5,residencia5,municipio
010201,070104,36,residencia5,municipio
010201,070105,30,residencia5,municipio
010201,070201,7,residencia5,municipio
010201,071001,19,residencia5,municipio
010202,070101,84,residencia5,municipio
010202,070102,2,residencia5,municipio
010202,070103,1,residencia5,municipio
010202,070104,25,residencia5,municipio
010202,070105,2,residencia5,municipio
010202,070201,6,residencia5,municipio
010202,070502,1,residencia5,municipio
010202,071001,15,residencia5,municipio
010299,070101,7,residencia5,provincia
010299,070104,5,residencia5,provincia
010299,070105,5,residencia5,provincia
010299,070502,1,residencia5,provincia
010299,071001,1,residencia5,provincia
010301,070101,90,residencia5,municipio
010301,070102,4,residencia5,municipio
010301,070103,1,residencia5,municipio
010301,070104,11,residencia5,municipio
010301,070105,9,residencia5,municipio
010301,070201,11,residencia5,municipio
010301,070502,1,residencia5,municipio
010301,071001,16,residencia5,municipio
010302,070101,39,residencia5,municipio
010302,070102,3,residencia5,municipio
010302,070104,17,residencia5,municipio
010302,070105,3,residencia5,municipio
010302,070201,21,residencia5,municipio
010302,070502,1,residencia5,municipio
010302,071001,3,residencia5,municipio
010303,070101,48,residencia5,municipio
010303,070102,10,residencia5,municipio
010303,070104,53,residencia5,municipio
010303,070105,2,residencia5,municipio
010303,070201,9,residencia5,municipio
010303,070502,1,residencia5,municipio
010303,071001,3,residencia5,municipio
010304,070101,41,residencia5,municipio
010304,070102,5,residencia5,municipio
010304,070103,1,residencia5,municipio
010304,070104,19,residencia5,municipio
010304,070105,5,residencia5,municipio
010304,070201,10,residencia5,municipio
010304,071001,4,residencia5,municipio
010399,070101,6,residencia5,provincia
010399,070105,1,residencia5,provincia
010399,071001,1,residencia5,provincia
010401,070101,159,residencia5,municipio
010401,070102,2,residencia5,municipio
010401,070104,82,residencia5,municipio
010401,070105,18,residencia5,municipio
010401,070201,21,residencia5,municipio
010401,070502,22,residencia5,municipio
010401,071001,2,residencia5,municipio
010402,070101,133,residencia5,municipio
010402,070102,6,residencia5,municipio
010402,070104,49,residencia5,municipio
010402,070105,6,residencia5,municipio
010402,070201,7,residencia5,municipio
010402,070502,3,residencia5,municipio
010402,071001,2,residencia5,municipio
010403,070101,48,residencia5,municipio
010403,070102,2,residencia5,municipio
010403,070104,48,residencia5,municipio
010403,070105,1,residencia5,municipio
010403,070201,13,residencia5,municipio
010403,071001,6,residencia5,municipio
010404,070101,24,residencia5,municipio
010404,070102,1,residencia5,municipio
010404,070104,6,residencia5,municipio
010404,070105,1,residencia5,municipio
010404,070201,5,residencia5,municipio
010404,070502,2,residencia5,municipio
010405,070101,20,residencia5,municipio
010405,070102,14,residencia5,municipio
010405,070104,6,residencia5,municipio
010405,070201,4,residencia5,municipio
010499,070101,4,residencia5,provincia
010499,070104,2,residencia5,provincia
010499,070201,1,residencia5,provincia
010499,071001,1,residencia5,provincia
010501,070101,668,residencia5,municipio
010501,070102,28,residencia5,municipio
010501,070103,8,residencia5,municipio
010501,070104,131,residencia5,municipio
010501,070105,26,residencia5,municipio
010501,070201,42,residencia5,municipio
010501,070502,29,residencia5,municipio
010501,071001,22,residencia5,municipio
010502,070101,111,residencia5,municipio
010502,070102,7,residencia5,municipio
010502,070103,7,residencia5,municipio
010502,070104,18,residencia5,municipio
010502,070105,3,residencia5,municipio
010502,070201,4,residencia5,municipio
010502,070502,2,residencia5,municipio
010502,071001,4,residencia5,municipio
010599,070101,72,residencia5,provincia
010599,070102,2,residencia5,provincia
010599,070104,4,residencia5,provincia
010599,070201,3,residencia5,provincia
010599,070502,1,residencia5,provincia
010599,071001,2,residencia5,provincia
010601,070101,208,residencia5,municipio
010601,070102,33,residencia5,municipio
010601,070104,92,residencia5,municipio
010601,070105,14,residencia5,municipio
010601,070201,39,residencia5,municipio
010601,070502,4,residencia5,municipio
010601,070603,1,residencia5,municipio
010601,071001,12,residencia5,municipio
010602,070101,86,residencia5,municipio
010602,070102,11,residencia5,municipio
010602,070104,42,residencia5,municipio
010602,070105,8,residencia5,municipio
010602,070201,16,residencia5,municipio
010602,070502,3,residencia5,municipio
010602,071001,3,residencia5,municipio
010699,070104,1,residencia5,provincia
010699,070201,1,residencia5,provincia
010699,071001,1,residencia5,provincia
010701,070101,75,residencia5,municipio
010701,070102,3,residencia5,municipio
010701,070103,1,residencia5,municipio
010701,070104,23,residencia5,municipio
010701,070105,2,residencia5,municipio
010701,070201,14,residencia5,municipio
010701,070502,3,residencia5,municipio
010701,071001,13,residencia5,municipio
010702,070101,82,residencia5,municipio
010702,070102,21,residencia5,municipio
010702,070104,19,residencia5,municipio
010702,070105,9,residencia5,municipio
010702,070201,14,residencia5,municipio
010702,070502,1,residencia5,municipio
010702,070603,2,residencia5,municipio
010702,071001,4,residencia5,municipio
010703,070101,25,residencia5,municipio
010703,070102,1,residencia5,municipio
010703,070104,5,residencia5,municipio
010703,070105,3,residencia5,municipio
010703,070201,1,residencia5,municipio
010704,070101,17,residencia5,municipio
010704,070102,4,residencia5,municipio
010704,070104,2,residencia5,municipio
010704,070105,2,residencia5,municipio
010704,070201,3,residencia5,municipio
010704,071001,2,residencia5,municipio
010799,070101,15,residencia5,provincia
010799,070102,2,residencia5,provincia
010799,070105,4,residencia5,provincia
010799,070201,6,residencia5,provincia
010799,071001,4,residencia5,provincia
010801,070101,159,residencia5,municipio
010801,070102,7,residencia5,municipio
010801,070103,1,residencia5,municipio
010801,070104,62,residencia5,municipio
010801,070105,55,residencia5,municipio
010801,070201,8,residencia5,municipio
010801,070502,3,residencia5,municipio
010801,071001,2,residencia5,municipio
010901,070101,6,residencia5,municipio
010902,070101,25,residencia5,municipio
010902,070102,1,residencia5,municipio
010902,070103,2,residencia5,municipio
010902,070104,2,residencia5,municipio
010902,070201,4,residencia5,municipio
010902,070502,5,residencia5,municipio
010902,071001,7,residencia5,municipio
010903,070101,2,residencia5,municipio
010903,070201,3,residencia5,municipio
010903,071001,1,residencia5,municipio
010999,070101,6,residencia5,provincia
010999,070104,3,residencia5,provincia
010999,071001,1,residencia5,provincia
011001,070101,133,residencia5,municipio
011001,070102,9,residencia5,municipio
011001,070104,16,residencia5,municipio
011001,070201,9,residencia5,municipio
011001,070502,7,residencia5,municipio
011001,070603,1,residencia5,municipio
011001,071001,2,residencia5,municipio
011002,070101,17,residencia5,municipio
011002,070102,2,residencia5,municipio
011002,070104,2,residencia5,municipio
011002,070201,5,residencia5,municipio
011003,070101,102,residencia5,municipio
011003,070102,9,residencia5,municipio
011003,070104,15,residencia5,municipio
011003,070105,3,residencia5,municipio
011003,070201,6,residencia5,municipio
011003,070502,9,residencia5,municipio
011003,071001,2,residencia5,municipio
011099,070101,59,residencia5,provincia
011099,070102,7,residencia5,provincia
011099,070104,13,residencia5,provincia
011099,070105,2,residencia5,provincia
011099,071001,1,residencia5,provincia
019999,070101,2967,residencia5,departamento
019999,070102,207,residencia5,departamento
019999,070103,39,residencia5,departamento
019999,070104,435,residencia5,departamento
019999,070105,94,residencia5,departamento
019999,070201,211,residencia5,departamento
019999,070502,41,residencia5,departamento
019999,070603,4,residencia5,departamento
019999,071001,119,residencia5,departamento
020101,070101,4970,residencia5,municipio
020101,070102,101,residencia5,municipio
020101,070103,335,residencia5,municipio
020101,070104,162,residencia5,municipio
020101,070105,23,residencia5,municipio
020101,070201,224,residencia5,municipio
020101,070502,8,residencia5,municipio
020101,070603,2,residencia5,municipio
020101,071001,78,residencia5,municipio
020102,070101,12,residencia5,municipio
020102,070102,2,residencia5,municipio
020102,070105,1,residencia5,municipio
020102,071001,1,residencia5,municipio
020103,070101,15,residencia5,municipio
020103,070102,4,residencia5,municipio
020103,070201,1,residencia5,municipio
020104,070101,24,residencia5,municipio
020104,070102,1,residencia5,municipio
020104,070104,3,residencia5,municipio
020104,070201,9,residencia5,municipio
020105,070101,1350,residencia5,municipio
020105,070102,62,residencia5,municipio
020105,070103,7,residencia5,municipio
020105,070104,122,residencia5,municipio
020105,070105,13,residencia5,municipio
020105,070201,229,residencia5,municipio
020105,070502,2,residencia5,municipio
020105,071001,61,residencia5,municipio
020199,070101,3044,residencia5,provincia
020199,070102,61,residencia5,provincia
020199,070103,79,residencia5,provincia
020199,070104,111,residencia5,provincia
020199,070105,8,residencia5,provincia
020199,070201,204,residencia5,provincia
020199,070502,5,residencia5,provincia
020199,071001,61,residencia5,provincia
020201,070101,22,residencia5,municipio
020201,070104,2,residencia5,municipio
020201,070105,1,residencia5,municipio
020201,070201,8,residencia5,municipio
020201,070502,1,residencia5,municipio
020201,071001,2,residencia5,municipio
020202,070101,3,residencia5,municipio
020202,070104,1,residencia5,municipio
020202,070502,1,residencia5,municipio
020203,070101,3,residencia5,municipio
020204,070101,3,residencia5,municipio
020204,070102,4,residencia5,municipio
020204,070201,2,residencia5,municipio
020204,071001,1,residencia5,municipio
020205,070101,2,residencia5,municipio
020206,070101,1,residencia5,municipio
020206,070201,2,residencia5,municipio
020299,070101,40,residencia5,provincia
020299,070103,1,residencia5,provincia
020299,070201,3,residencia5,provincia
020299,071001,2,residencia5,provincia
020301,070101,4,residencia5,municipio
020301,070104,1,residencia5,municipio
020302,070101,2,residencia5,municipio
020302,070201,1,residencia5,municipio
020303,070101,6,residencia5,municipio
020303,070103,1,residencia5,municipio
020303,070104,1,residencia5,municipio
020304,070101,1,residencia5,municipio
020306,070104,3,residencia5,municipio
020306,070201,1,residencia5,municipio
020306,070502,1,residencia5,municipio
020308,070101,4,residencia5,municipio
020308,070102,1,residencia5,municipio
020308,070104,1,residencia5,municipio
020308,071001,1,residencia5,municipio
020399,070101,28,residencia5,provincia
020399,070102,1,residencia5,provincia
020399,070201,1,residencia5,provincia
020399,071001,1,residencia5,provincia
020401,070101,10,residencia5,municipio
020401,070201,1,residencia5,municipio
020401,071001,1,residencia5,municipio
020402,070101,8,residencia5,municipio
020402,070105,1,residencia5,municipio
020402,070201,1,residencia5,municipio
020403,070101,4,residencia5,municipio
020403,071001,1,residencia5,municipio
020405,070101,1,residencia5,municipio
020405,070201,2,residencia5,municipio
020499,070101,14,residencia5,provincia
020499,070502,1,residencia5,provincia
020499,071001,1,residencia5,provincia
020501,070101,4,residencia5,municipio
020502,070101,1,residencia5,municipio
020502,070201,3,residencia5,municipio
020503,070101,2,residencia5,municipio
020599,070101,10,residencia5,provincia
020599,070104,1,residencia5,provincia
020601,070101,16,residencia5,municipio
020601,070102,1,residencia5,municipio
020601,070104,1,residencia5,municipio
020601,070105,1,residencia5,municipio
020601,070201,2,residencia5,municipio
020601,070502,2,residencia5,municipio
020601,071001,2,residencia5,municipio
020602,070101,31,residencia5,municipio
020602,070102,3,residencia5,municipio
020602,070104,1,residencia5,municipio
020602,070105,1,residencia5,municipio
020602,070201,2,residencia5,municipio
020602,071001,1,residencia5,municipio
020603,070101,14,residencia5,municipio
020603,070103,1,residencia5,municipio
020603,070201,3,residencia5,municipio
020604,070102,1,residencia5,municipio
020605,070101,1,residencia5,municipio
020605,070201,1,residencia5,municipio
020606,070101,20,residencia5,municipio
020606,070104,1,residencia5,municipio
020606,070201,2,residencia5,municipio
020606,071001,2,residencia5,municipio
020607,070101,23,residencia5,municipio
020607,070102,1,residencia5,municipio
020607,070104,1,residencia5,municipio
020607,070201,5,residencia5,municipio
020607,071001,2,residencia5,municipio
020608,070101,32,residencia5,municipio
020608,070102,2,residencia5,municipio
020608,070103,1,residencia5,municipio
020608,070104,4,residencia5,municipio
020608,070105,1,residencia5,municipio
020608,070201,3,residencia5,municipio
020608,071001,4,residencia5,municipio
020699,070101,44,residencia5,provincia
020699,070102,1,residencia5,provincia
020699,070104,1,residencia5,provincia
020699,070201,4,residencia5,provincia
020699,071001,1,residencia5,provincia
020701,070101,51,residencia5,municipio
020701,070104,1,residencia5,municipio
020701,070105,1,residencia5,municipio
020701,070201,14,residencia5,municipio
020701,071001,6,residencia5,municipio
020702,070104,1,residencia5,municipio
020799,070101,15,residencia5,provincia
020799,070103,1,residencia5,provincia
020799,070201,3,residencia5,provincia
020799,070502,1,residencia5,provincia
020799,071001,1,residencia5,provincia
020801,070101,73,residencia5,municipio
020801,070102,5,residencia5,municipio
020801,070104,9,residencia5,municipio
020801,070201,29,residencia5,municipio
020801,070603,1,residencia5,municipio
020801,071001,2,residencia5,municipio
020802,070101,2,residencia5,municipio
020802,070201,1,residencia5,municipio
020803,070101,6,residencia5,municipio
020803,070103,1,residencia5,municipio
020803,070104,1,residencia5,municipio
020804,070101,2,residencia5,municipio
020804,070201,3,residencia5,municipio
020806,070101,6,residencia5,municipio
020806,070102,1,residencia5,municipio
020806,070201,2,residencia5,municipio
020807,070101,1,residencia5,municipio
020899,070101,32,residencia5,provincia
020899,070104,2,residencia5,provincia
020899,070201,3,residencia5,provincia
020899,070502,2,residencia5,provincia
020899,070603,1,residencia5,provincia
020899,071001,2,residencia5,provincia
020901,070101,12,residencia5,municipio
020901,070102,2,residencia5,municipio
020901,070104,2,residencia5,municipio
020902,070101,27,residencia5,municipio
020902,070102,2,residencia5,municipio
020902,070103,2,residencia5,municipio
020902,070201,1,residencia5,municipio
020903,070101,1,residencia5,municipio
020903,070104,3,residencia5,municipio
020903,070201,3,residencia5,municipio
020903,071001,1,residencia5,municipio
020904,070101,2,residencia5,municipio
020904,070105,1,residencia5,municipio
020905,070101,44,residencia5,municipio
020905,070104,1,residencia5,municipio
020905,070201,3,residencia5,municipio
020999,070101,22,residencia5,provincia
021001,070101,48,residencia5,municipio
021001,070102,2,residencia5,municipio
021001,070104,2,residencia5,municipio
021001,070201,3,residencia5,municipio
021001,071001,2,residencia5,municipio
021002,070101,13,residencia5,municipio
021002,070201,1,residencia5,municipio
021002,071001,1,residencia5,municipio
021003,070101,19,residencia5,municipio
021003,070102,1,residencia5,municipio
021003,070104,1,residencia5,municipio
021003,070502,1,residencia5,municipio
021003,071001,2,residencia5,municipio
021004,070101,8,residencia5,municipio
021005,070101,7,residencia5,municipio
021005,070104,2,residencia5,municipio
021005,070201,2,residencia5,municipio
021006,070101,11,residencia5,municipio
021006,070201,2,residencia5,municipio
021099,070101,8,residencia5,provincia
021099,071001,1,residencia5,provincia
021101,070101,98,residencia5,municipio
021101,070102,11,residencia5,municipio
021101,070103,1,residencia5,municipio
021101,070104,4,residencia5,municipio
021101,070105,2,residencia5,municipio
021101,070201,4,residencia5,municipio
021101,070502,5,residencia5,municipio
021101,071001,1,residencia5,municipio
021102,070101,16,residencia5,municipio
021102,070103,1,residencia5,municipio
021102,070104,2,residencia5,municipio
021102,070201,3,residencia5,municipio
021103,070101,11,residencia5,municipio
021104,070101,26,residencia5,municipio
021104,070102,2,residencia5,municipio
021104,070104,2,residencia5,municipio
021104,070105,1,residencia5,municipio
021104,070201,6,residencia5,municipio
021104,071001,7,residencia5,municipio
021105,070101,16,residencia5,municipio
021105,070102,3,residencia5,municipio
021105,070104,8,residencia5,municipio
021105,070105,2,residencia5,municipio
021105,070201,5,residencia5,municipio
021105,070502,2,residencia5,municipio
021105,071001,4,residencia5,municipio
021199,070101,35,residencia5,provincia
021199,070102,2,residencia5,provincia
021199,070104,3,residencia5,provincia
021199,070201,5,residencia5,provincia
021199,071001,2,residencia5,provincia
021201,070101,4,residencia5,municipio
021201,070102,1,residencia5,municipio
021201,070105,1,residencia5,municipio
021201,070201,3,residencia5,municipio
021201,071001,3,residencia5,municipio
021202,070101,2,residencia5,municipio
021202,070104,2,residencia5,municipio
021202,070201,5,residencia5,municipio
021203,070101,2,residencia5,municipio
021203,070104,2,residencia5,municipio
021203,070201,3,residencia5,municipio
021204,070101,1,residencia5,municipio
021204,070502,1,residencia5,municipio
021299,070101,27,residencia5,provincia
021299,070102,1,residencia5,provincia
021299,070104,3,residencia5,provincia
021299,070105,1,residencia5,provincia
021299,070201,4,residencia5,provincia
021299,071001,6,residencia5,provincia
021301,070101,21,residencia5,municipio
021301,070104,2,residencia5,municipio
021301,070105,2,residencia5,municipio
021301,070201,5,residencia5,municipio
021301,070502,1,residencia5,municipio
021301,071001,1,residencia5,municipio
021302,070101,12,residencia5,municipio
021302,070102,2,residencia5,municipio
021302,070104,1,residencia5,municipio
021302,070201,5,residencia5,municipio
021302,071001,3,residencia5,municipio
021303,070101,4,residencia5,municipio
021303,071001,1,residencia5,municipio
021304,070101,7,residencia5,municipio
021304,070104,1,residencia5,municipio
021304,070201,4,residencia5,municipio
021305,070101,40,residencia5,municipio
021305,070104,11,residencia5,municipio
021305,070201,10,residencia5,municipio
021305,071001,4,residencia5,municipio
021306,070101,5,residencia5,municipio
021306,070102,1,residencia5,municipio
021306,070201,2,residencia5,municipio
021307,070101,1,residencia5,municipio
021399,070101,34,residencia5,provincia
021399,070104,4,residencia5,provincia
021399,070201,4,residencia5,provincia
021399,071001,5,residencia5,provincia
021401,070101,41,residencia5,municipio
021401,070102,2,residencia5,municipio
021401,070103,2,residencia5,municipio
021401,070201,1,residencia5,municipio
021401,071001,6,residencia5,municipio
021402,070101,36,residencia5,municipio
021402,070102,7,residencia5,municipio
021402,070104,1,residencia5,municipio
021402,070105,3,residencia5,municipio
021402,070201,4,residencia5,municipio
021402,071001,2,residencia5,municipio
021499,070101,11,residencia5,provincia
021499,070102,3,residencia5,provincia
021499,070201,3,residencia5,provincia
021501,070101,34,residencia5,municipio
021501,070102,8,residencia5,municipio
021501,070104,1,residencia5,municipio
021501,070201,10,residencia5,municipio
021501,070502,4,residencia5,municipio
021502,070101,51,residencia5,municipio
021502,070102,3,residencia5,municipio
021502,070104,2,residencia5,municipio
021502,070201,8,residencia5,municipio
021502,071001,10,residencia5,municipio
021599,070101,3,residencia5,provincia
021599,070201,2,residencia5,provincia
021601,070101,2,residencia5,municipio
021602,070101,1,residencia5,municipio
021699,070101,2,residencia5,provincia
021699,070102,2,residencia5,provincia
021701,070101,43,residencia5,municipio
021701,070104,1,residencia5,municipio
021701,070201,4,residencia5,municipio
021701,071001,1,residencia5,municipio
021702,070101,6,residencia5,municipio
021702,070201,1,residencia5,municipio
021703,070101,4,residencia5,municipio
021703,070102,1,residencia5,municipio
021703,070201,2,residencia5,municipio
021799,070101,7,residencia5,provincia
021799,070201,6,residencia5,provincia
021801,070101,1,residencia5,municipio
021801,070104,1,residencia5,municipio
021801,070201,1,residencia5,municipio
021802,070101,4,residencia5,municipio
021803,070101,2,residencia5,municipio
021803,070102,1,residencia5,municipio
021899,070101,8,residencia5,provincia
021899,070104,2,residencia5,provincia
021901,070101,6,residencia5,municipio
021901,070102,2,residencia5,municipio
021901,070103,3,residencia5,municipio
021901,070201,1,residencia5,municipio
022001,070101,90,residencia5,municipio
022001,070102,13,residencia5,municipio
022001,070103,1,residencia5,municipio
022001,070104,10,residencia5,municipio
022001,070105,24,residencia5,municipio
022001,070201,21,residencia5,municipio
022001,070502,1,residencia5,municipio
022001,071001,10,residencia5,municipio
022002,070101,19,residencia5,municipio
022002,070102,2,residencia5,municipio
022002,070104,1,residencia5,municipio
022002,070502,2,residencia5,municipio
022002,071001,1,residencia5,municipio
022099,070101,3,residencia5,provincia
022099,070102,2,residencia5,provincia
022099,070201,1,residencia5,provincia
022099,071001,1,residencia5,provincia
029999,070101,3694,residencia5,departamento
029999,070102,129,residencia5,departamento
029999,070103,73,residencia5,departamento
029999,070104,160,residencia5,departamento
029999,070105,22,residencia5,departamento
029999,070201,270,residencia5,departamento
029999,070502,17,residencia5,departamento
029999,071001,99,residencia5,departamento
030101,070101,5225,residencia5,municipio
030101,070102,183,residencia5,municipio
030101,070103,136,residencia5,municipio
030101,070104,307,residencia5,municipio
030101,070105,51,residencia5,municipio
030101,070201,471,residencia5,municipio
030101,070502,37,residencia5,municipio
030101,070603,5,residencia5,municipio
030101,071001,266,residencia5,municipio
030201,070101,226,residencia5,municipio
030201,070102,11,residencia5,municipio
030201,070103,2,residencia5,municipio
030201,070104,55,residencia5,municipio
030201,070105,18,residencia5,municipio
030201,070201,40,residencia5,municipio
030201,070502,6,residencia5,municipio
030201,071001,18,residencia5,municipio
030202,070101,33,residencia5,municipio
030202,070102,2,residencia5,municipio
030202,070104,12,residencia5,municipio
030202,070105,2,residencia5,municipio
030202,071001,1,residencia5,municipio
030203,070101,30,residencia5,municipio
030203,070102,1,residencia5,municipio
030203,070104,8,residencia5,municipio
030203,070105,10,residencia5,municipio
030203,070201,3,residencia5,municipio
030203,071001,3,residencia5,municipio
030299,070101,44,residencia5,provincia
030299,070102,2,residencia5,provincia
030299,070104,7,residencia5,provincia
030299,070105,2,residencia5,provincia
030299,070502,1,residencia5,provincia
030299,071001,6,residencia5,provincia
030301,070101,20,residencia5,municipio
030301,070102,3,residencia5,municipio
030301,070104,5,residencia5,municipio
030301,070105,1,residencia5,municipio
030301,070201,10,residencia5,municipio
030301,071001,4,residencia5,municipio
030302,070101,12,residencia5,municipio
030302,070102,1,residencia5,municipio
030302,070104,1,residencia5,municipio
030302,070105,2,residencia5,municipio
030302,070201,1,residencia5,municipio
030302,071001,2,residencia5,municipio
030303,070101,20,residencia5,municipio
030303,070102,1,residencia5,municipio
030303,070104,1,residencia5,municipio
030303,070201,7,residencia5,municipio
030303,071001,2,residencia5,municipio
030399,070101,4,residencia5,provincia
030399,070201,1,residencia5,provincia
030399,071001,1,residencia5,provincia
030401,070101,37,residencia5,municipio
030401,070102,1,residencia5,municipio
030401,070103,3,residencia5,municipio
030401,070104,3,residencia5,municipio
030401,070105,2,residencia5,municipio
030401,070201,12,residencia5,municipio
030401,070502,1,residencia5,municipio
030401,070603,1,residencia5,municipio
030401,071001,5,residencia5,municipio
030402,070101,5,residencia5,municipio
030402,070104,1,residencia5,municipio
030402,070201,3,residencia5,municipio
030402,071001,7,residencia5,municipio
030403,070101,9,residencia5,municipio
030403,070102,7,residencia5,municipio
030403,070105,1,residencia5,municipio
030403,070201,2,residencia5,municipio
030403,070502,1,residencia5,municipio
030403,071001,5,residencia5,municipio
030404,070101,7,residencia5,municipio
030404,070201,6,residencia5,municipio
030499,070101,13,residencia5,provincia
030499,070103,1,residencia5,provincia
030499,070104,1,residencia5,provincia
030499,070105,3,residencia5,provincia
030499,070201,5,residencia5,provincia
030499,071001,2,residencia5,provincia
030501,070101,97,residencia5,municipio
030501,070102,2,residencia5,municipio
030501,070104,16,residencia5,municipio
030501,070105,12,residencia5,municipio
030501,070201,12,residencia5,municipio
030501,070502,1,residencia5,municipio
030501,071001,8,residencia5,municipio
030502,070101,6,residencia5,municipio
030502,070102,2,residencia5,municipio
030502,070104,14,residencia5,municipio
030502,070201,2,residencia5,municipio
030502,071001,1,residencia5,municipio
030599,070101,1,residencia5,provincia
030599,070201,1,residencia5,provincia
030601,070101,13,residencia5,municipio
030601,070104,1,residencia5,municipio
030601,070201,1,residencia5,municipio
030601,071001,1,residencia5,municipio
030602,070101,7,residencia5,municipio
030602,070104,1,residencia5,municipio
030602,070201,4,residencia5,municipio
030699,070101,1,residencia5,provincia
030699,070201,1,residencia5,provincia
030701,070101,74,residencia5,municipio
030701,070102,10,residencia5,municipio
030701,070103,3,residencia5,municipio
030701,070104,10,residencia5,municipio
030701,070105,3,residencia5,municipio
030701,070201,22,residencia5,municipio
030701,071001,14,residencia5,municipio
030702,070101,19,residencia5,municipio
030702,070102,3,residencia5,municipio
030702,070201,2,residencia5,municipio
030702,071001,3,residencia5,municipio
030703,070101,11,residencia5,municipio
030703,070102,1,residencia5,municipio
030703,070201,1,residencia5,municipio
030703,071001,2,residencia5,municipio
030799,070101,3,residencia5,provincia
030799,071001,1,residencia5,provincia
030801,070101,100,residencia5,municipio
030801,070103,2,residencia5,municipio
030801,070104,13,residencia5,municipio
030801,070201,17,residencia5,municipio
030801,070502,2,residencia5,municipio
030801,071001,25,residencia5,municipio
030802,070101,22,residencia5,municipio
030802,070104,8,residencia5,municipio
030802,071001,9,residencia5,municipio
030803,070101,13,residencia5,municipio
030803,070104,3,residencia5,municipio
030803,070201,1,residencia5,municipio
030803,071001,2,residencia5,municipio
030899,070101,12,residencia5,provincia
030899,070102,1,residencia5,provincia
030899,070104,1,residencia5,provincia
030899,070201,2,residencia5,provincia
030899,071001,7,residencia5,provincia
030901,070101,723,residencia5,municipio
030901,070102,30,residencia5,municipio
030901,070103,3,residencia5,municipio
030901,070104,73,residencia5,municipio
030901,070105,28,residencia5,municipio
030901,070201,193,residencia5,municipio
030901,070502,7,residencia5,municipio
030901,071001,75,residencia5,municipio
030902,070101,108,residencia5,municipio
030902,070102,7,residencia5,municipio
030902,070104,12,residencia5,municipio
030902,070105,1,residencia5,municipio
030902,070201,37,residencia5,municipio
030902,070502,2,residencia5,municipio
030902,071001,13,residencia5,municipio
030903,070101,152,residencia5,municipio
030903,070102,11,residencia5,municipio
030903,070103,6,residencia5,municipio
030903,070104,13,residencia5,municipio
030903,070105,29,residencia5,municipio
030903,070201,33,residencia5,municipio
030903,070502,3,residencia5,municipio
030903,071001,14,residencia5,municipio
030904,070101,175,residencia5,municipio
030904,070102,18,residencia5,municipio
030904,070104,17,residencia5,municipio
030904,070105,4,residencia5,municipio
030904,070201,36,residencia5,municipio
030904,071001,31,residencia5,municipio
030905,070101,145,residencia5,municipio
030905,070102,4,residencia5,municipio
030905,070103,5,residencia5,municipio
030905,070104,7,residencia5,municipio
030905,070201,18,residencia5,municipio
030905,070502,1,residencia5,municipio
030905,071001,6,residencia5,municipio
030999,070101,23,residencia5,provincia
030999,070102,1,residencia5,provincia
030999,070105,1,residencia5,provincia
030999,070201,7,residencia5,provincia
030999,071001,7,residencia5,provincia
031001,070101,655,residencia5,municipio
031001,070102,45,residencia5,municipio
031001,070103,6,residencia5,municipio
031001,070104,69,residencia5,municipio
031001,070105,9,residencia5,municipio
031001,070201,168,residencia5,municipio
031001,070502,11,residencia5,municipio
031001,071001,92,residencia5,municipio
031002,070101,46,residencia5,municipio
031002,070102,18,residencia5,municipio
031002,070104,9,residencia5,municipio
031002,070201,21,residencia5,municipio
031002,071001,9,residencia5,municipio
031003,070101,144,residencia5,municipio
031003,070102,14,residencia5,municipio
031003,070103,3,residencia5,municipio
031003,070104,19,residencia5,municipio
031003,070105,7,residencia5,municipio
031003,070201,22,residencia5,municipio
031003,070502,6,residencia5,municipio
031003,071001,27,residencia5,municipio
031099,070101,207,residencia5,provincia
031099,070102,13,residencia5,provincia
031099,070104,18,residencia5,provincia
031099,070105,8,residencia5,provincia
031099,070201,36,residencia5,provincia
031099,070502,5,residencia5,provincia
031099,071001,27,residencia5,provincia
031101,070101,22,residencia5,municipio
031101,070102,4,residencia5,municipio
031101,070104,4,residencia5,municipio
031101,070201,11,residencia5,municipio
031101,070502,7,residencia5,municipio
031101,071001,1,residencia5,municipio
031201,070101,43,residencia5,municipio
031201,070102,10,residencia5,municipio
031201,070104,13,residencia5,municipio
031201,070105,21,residencia5,municipio
031201,070201,4,residencia5,municipio
031201,071001,4,residencia5,municipio
031202,070101,33,residencia5,municipio
031202,070102,2,residencia5,municipio
031202,070103,2,residencia5,municipio
031202,070104,29,residencia5,municipio
031202,070105,13,residencia5,municipio
031202,070201,3,residencia5,municipio
031202,070502,1,residencia5,municipio
031202,071001,4,residencia5,municipio
031203,070101,27,residencia5,municipio
031203,070102,1,residencia5,municipio
031203,070104,2,residencia5,municipio
031203,070105,1,residencia5,municipio
031203,070201,8,residencia5,municipio
031203,071001,6,residencia5,municipio
031204,070101,78,residencia5,municipio
031204,070102,8,residencia5,municipio
031204,070103,1,residencia5,municipio
031204,070104,8,residencia5,municipio
031204,070105,5,residencia5,municipio
031204,070201,6,residencia5,municipio
031204,070502,8,residencia5,municipio
031204,071001,13,residencia5,municipio
031205,070101,148,residencia5,municipio
031205,070102,8,residencia5,municipio
031205,070103,2,residencia5,municipio
031205,070104,33,residencia5,municipio
031205,070105,4,residencia5,municipio
031205,070201,41,residencia5,municipio
031205,070502,3,residencia5,municipio
031205,071001,45,residencia5,municipio
031206,070101,99,residencia5,municipio
031206,070102,12,residencia5,municipio
031206,070103,1,residencia5,municipio
031206,070104,11,residencia5,municipio
031206,070105,3,residencia5,municipio
031206,070201,37,residencia5,municipio
031206,070502,3,residencia5,municipio
031206,071001,40,residencia5,municipio
031299,070101,88,residencia5,provincia
031299,070102,1,residencia5,provincia
031299,070104,19,residencia5,provincia
031299,070105,4,residencia5,provincia
031299,070201,16,residencia5,provincia
031299,071001,22,residencia5,provincia
031301,070101,84,residencia5,municipio
031301,070102,6,residencia5,municipio
031301,070103,1,residencia5,municipio
031301,070104,9,residencia5,municipio
031301,070105,13,residencia5,municipio
031301,070201,21,residencia5,municipio
031301,070502,1,residencia5,municipio
031301,071001,9,residencia5,municipio
031302,070101,9,residencia5,municipio
031302,070103,1,residencia5,municipio
031302,070201,1,residencia5,municipio
031302,070502,4,residencia5,municipio
031303,070101,3,residencia5,municipio
031303,070201,1,residencia5,municipio
031303,071001,1,residencia5,municipio
031304,070101,4,residencia5,municipio
031304,070103,1,residencia5,municipio
031304,070104,2,residencia5,municipio
031399,070101,3,residencia5,provincia
031399,071001,1,residencia5,provincia
031401,070101,285,residencia5,municipio
031401,070102,8,residencia5,municipio
031401,070103,1,residencia5,municipio
031401,070104,34,residencia5,municipio
031401,070105,15,residencia5,municipio
031401,070201,30,residencia5,municipio
031401,070502,1,residencia5,municipio
031401,071001,40,residencia5,municipio
031402,070101,7,residencia5,municipio
031402,070102,1,residencia5,municipio
031402,070104,1,residencia5,municipio
031403,070101,19,residencia5,municipio
031403,070102,4,residencia5,municipio
031403,070104,7,residencia5,municipio
031403,070201,1,residencia5,municipio
031403,071001,13,residencia5,municipio
031404,070101,1,residencia5,municipio
031499,070101,12,residencia5,provincia
031499,070104,1,residencia5,provincia
031499,071001,2,residencia5,provincia
031501,070101,23,residencia5,municipio
031501,070104,1,residencia5,municipio
031501,070105,1,residencia5,municipio
031501,070201,8,residencia5,municipio
031501,070502,1,residencia5,municipio
031501,071001,1,residencia5,municipio
031601,070101,39,residencia5,municipio
031601,070102,2,residencia5,municipio
031601,070104,8,residencia5,municipio
031601,070105,1,residencia5,municipio
031601,070201,15,residencia5,municipio
031601,070502,1,residencia5,municipio
031601,071001,22,residencia5,municipio
031602,070101,36,residencia5,municipio
031602,070102,1,residencia5,municipio
031602,070201,7,residencia5,municipio
031602,070502,1,residencia5,municipio
031602,071001,4,residencia5,municipio
031699,070101,3,residencia5,provincia
031699,070201,1,residencia5,provincia
031699,071001,5,residencia5,provincia
039999,070101,3765,residencia5,departamento
039999,070102,221,residencia5,departamento
039999,070103,37,residencia5,departamento
039999,070104,231,residencia5,departamento
039999,070105,69,residencia5,departamento
039999,070201,475,residencia5,departamento
039999,070502,41,residencia5,departamento
039999,070603,3,residencia5,departamento
039999,071001,342,residencia5,departamento
040101,070101,550,residencia5,municipio
040101,070102,11,residencia5,municipio
040101,070103,8,residencia5,municipio
040101,070104,14,residencia5,municipio
040101,070105,2,residencia5,municipio
040101,070201,55,residencia5,municipio
040101,070502,5,residencia5,municipio
040101,071001,35,residencia5,municipio
040102,070101,49,residencia5,municipio
040102,070102,6,residencia5,municipio
040102,070104,6,residencia5,municipio
040102,070201,4,residencia5,municipio
040102,070502,2,residencia5,municipio
040102,071001,2,residencia5,municipio
040103,070101,24,residencia5,municipio
040103,070102,3,residencia5,municipio
040103,070201,7,residencia5,municipio
040104,070101,3,residencia5,municipio
040104,071001,1,residencia5,municipio
040199,070101,435,residencia5,provincia
040199,070102,4,residencia5,provincia
040199,070103,1,residencia5,provincia
040199,070104,20,residencia5,provincia
040199,070201,33,residencia5,provincia
040199,070502,1,residencia5,provincia
040199,071001,11,residencia5,provincia
040201,070101,48,residencia5,municipio
040201,070102,2,residencia5,municipio
040201,070104,5,residencia5,municipio
040201,070105,2,residencia5,municipio
040201,070201,23,residencia5,municipio
040201,070502,2,residencia5,municipio
040201,071001,7,residencia5,municipio
040202,070101,1,residencia5,municipio
040202,070102,2,residencia5,municipio
040299,070101,14,residencia5,provincia
040299,070104,1,residencia5,provincia
040299,070201,5,residencia5,provincia
040299,071001,1,residencia5,provincia
040301,070101,7,residencia5,municipio
040301,070105,1,residencia5,municipio
040399,070101,2,residencia5,provincia
040401,070101,3,residencia5,municipio
040401,070201,1,residencia5,municipio
040401,071001,1,residencia5,municipio
040402,070101,6,residencia5,municipio
040402,070104,1,residencia5,municipio
040402,071001,1,residencia5,municipio
040499,070201,1,residencia5,provincia
040501,071001,1,residencia5,municipio
040504,070201,1,residencia5,municipio
040504,071001,1,residencia5,municipio
040505,070101,1,residencia5,municipio
040599,070101,1,residencia5,provincia
040599,070201,2,residencia5,provincia
040599,071001,3,residencia5,provincia
040601,070101,30,residencia5,municipio
040601,070102,7,residencia5,municipio
040601,070104,9,residencia5,municipio
040601,070502,2,residencia5,municipio
040601,071001,2,residencia5,municipio
040602,070101,2,residencia5,municipio
040602,071001,1,residencia5,municipio
040603,070101,2,residencia5,municipio
040701,070101,23,residencia5,municipio
040701,070104,2,residencia5,municipio
040701,070201,6,residencia5,municipio
040701,071001,3,residencia5,municipio
040702,070101,9,residencia5,municipio
040702,070102,2,residencia5,municipio
040702,070201,3,residencia5,municipio
040799,070101,4,residencia5,provincia
040801,070101,17,residencia5,municipio
040801,070201,9,residencia5,municipio
040801,071001,2,residencia5,municipio
040802,070101,3,residencia5,municipio
040802,070102,2,residencia5,municipio
040802,070104,2,residencia5,municipio
040802,070201,3,residencia5,municipio
040802,070502,1,residencia5,municipio
040802,071001,1,residencia5,municipio
040899,070101,7,residencia5,provincia
040899,070104,1,residencia5,provincia
040899,070502,1,residencia5,provincia
040901,070101,5,residencia5,municipio
040901,070105,1,residencia5,municipio
040901,071001,1,residencia5,municipio
040902,070101,1,residencia5,municipio
040903,070101,1,residencia5,municipio
041001,070101,13,residencia5,municipio
041001,070102,1,residencia5,municipio
041001,070201,3,residencia5,municipio
041001,071001,1,residencia5,municipio
041101,070101,24,residencia5,municipio
041101,071001,1,residencia5,municipio
041201,070101,13,residencia5,municipio
041201,071001,3,residencia5,municipio
041202,070101,16,residencia5,municipio
041202,070102,9,residencia5,municipio
041202,070104,4,residencia5,municipio
041202,070105,1,residencia5,municipio
041202,070201,4,residencia5,municipio
041202,070502,1,residencia5,municipio
041202,071001,1,residencia5,municipio
041299,070101,3,residencia5,provincia
041299,070201,1,residencia5,provincia
041301,070101,3,residencia5,municipio
041301,070201,2,residencia5,municipio
041401,070101,12,residencia5,municipio
041401,070102,2,residencia5,municipio
041401,070104,2,residencia5,municipio
041401,070201,9,residencia5,municipio
041401,070502,4,residencia5,municipio
041401,071001,1,residencia5,municipio
041499,070101,1,residencia5,provincia
041501,070101,2,residencia5,municipio
041503,070101,1,residencia5,municipio
041601,070101,14,residencia5,municipio
041601,070102,1,residencia5,municipio
041601,070201,2,residencia5,municipio
049999,070101,561,residencia5,departamento
049999,070102,40,residencia5,departamento
049999,070103,3,residencia5,departamento
049999,070104,21,residencia5,departamento
049999,070105,11,residencia5,departamento
049999,070201,54,residencia5,departamento
049999,070502,2,residencia5,departamento
049999,071001,27,residencia5,departamento
050101,070101,459,residencia5,municipio
050101,070102,47,residencia5,municipio
050101,070103,7,residencia5,municipio
050101,070104,46,residencia5,municipio
050101,070105,18,residencia5,municipio
050101,070201,39,residencia5,municipio
050101,070502,8,residencia5,municipio
050101,070603,1,residencia5,municipio
050101,071001,24,residencia5,municipio
050102,070101,10,residencia5,municipio
050102,070102,1,residencia5,municipio
050102,070104,1,residencia5,municipio
050102,070105,1,residencia5,municipio
050102,070201,3,residencia5,municipio
050103,070101,12,residencia5,municipio
050103,070102,2,residencia5,municipio
050103,070105,2,residencia5,municipio
050104,070101,1,residencia5,municipio
050104,070104,1,residencia5,municipio
050199,070101,222,residencia5,provincia
050199,070102,12,residencia5,provincia
050199,070103,3,residencia5,provincia
050199,070104,21,residencia5,provincia
050199,070105,11,residencia5,provincia
050199,070201,22,residencia5,provincia
050199,071001,18,residencia5,provincia
050201,070101,29,residencia5,municipio
050201,070103,1,residencia5,municipio
050201,070104,3,residencia5,municipio
050201,070201,3,residencia5,municipio
050202,070101,60,residencia5,municipio
050202,070102,8,residencia5,municipio
050202,070103,1,residencia5,municipio
050202,070104,10,residencia5,municipio
050202,070105,1,residencia5,municipio
050202,070201,3,residencia5,municipio
050202,070502,1,residencia5,municipio
050203,070101,93,residencia5,municipio
050203,070102,6,residencia5,municipio
050203,070104,10,residencia5,municipio
050203,070201,13,residencia5,municipio
050203,071001,11,residencia5,municipio
050204,070101,4,residencia5,municipio
050204,070102,1,residencia5,municipio
050204,070105,1,residencia5,municipio
050204,070201,4,residencia5,municipio
050299,070101,29,residencia5,provincia
050299,070102,2,residencia5,provincia
050299,070104,1,residencia5,provincia
050299,070201,3,residencia5,provincia
050299,071001,2,residencia5,provincia
050301,070101,83,residencia5,municipio
050301,070102,41,residencia5,municipio
050301,070103,2,residencia5,municipio
050301,070104,44,residencia5,municipio
050301,070105,3,residencia5,municipio
050301,070201,14,residencia5,municipio
050301,070502,4,residencia5,municipio
050301,071001,1,residencia5,municipio
050302,070101,11,residencia5,municipio
050302,070102,8,residencia5,municipio
050302,070104,1,residencia5,municipio
050302,071001,1,residencia5,municipio
050303,070101,10,residencia5,municipio
050303,070102,1,residencia5,municipio
050303,070104,3,residencia5,municipio
050303,070201,2,residencia5,municipio
050399,070101,29,residencia5,provincia
050399,070102,13,residencia5,provincia
050399,070104,11,residencia5,provincia
050399,070105,1,residencia5,provincia
050399,070201,11,residencia5,provincia
050399,070502,2,residencia5,provincia
050401,070101,5,residencia5,municipio
050401,070104,2,residencia5,municipio
050401,070201,2,residencia5,municipio
050401,070502,1,residencia5,municipio
050401,071001,2,residencia5,municipio
050402,070101,42,residencia5,municipio
050402,070102,3,residencia5,municipio
050402,070104,20,residencia5,municipio
050402,070105,1,residencia5,municipio
050402,070201,3,residencia5,municipio
050403,070101,16,residencia5,municipio
050403,070104,1,residencia5,municipio
050403,070201,4,residencia5,municipio
050403,070502,1,residencia5,municipio
050404,070101,19,residencia5,municipio
050404,070102,3,residencia5,municipio
050404,070104,7,residencia5,municipio
050404,070105,3,residencia5,municipio
050404,070201,2,residencia5,municipio
050404,071001,2,residencia5,municipio
050405,070101,10,residencia5,municipio
050405,070102,1,residencia5,municipio
050405,070104,3,residencia5,municipio
050405,070201,5,residencia5,municipio
050499,070101,7,residencia5,provincia
050499,070103,1,residencia5,provincia
050499,070104,1,residencia5,provincia
050499,070201,2,residencia5,provincia
050501,070101,11,residencia5,municipio
050501,070102,2,residencia5,municipio
050501,070104,1,residencia5,municipio
050501,070105,1,residencia5,municipio
050501,070201,2,residencia5,municipio
050501,070502,1,residencia5,municipio
050501,071001,1,residencia5,municipio
050502,070101,28,residencia5,municipio
050502,070104,1,residencia5,municipio
050502,070201,2,residencia5,municipio
050502,071001,2,residencia5,municipio
050599,070101,13,residencia5,provincia
050599,071001,4,residencia5,provincia
050601,070101,59,residencia5,municipio
050601,070102,5,residencia5,municipio
050601,070103,1,residencia5,municipio
050601,070104,3,residencia5,municipio
050601,070105,9,residencia5,municipio
050601,070201,4,residencia5,municipio
050601,070502,4,residencia5,municipio
050601,071001,14,residencia5,municipio
050602,070101,31,residencia5,municipio
050602,070102,6,residencia5,municipio
050602,070201,6,residencia5,municipio
050602,071001,8,residencia5,municipio
050699,070101,21,residencia5,provincia
050699,070102,3,residencia5,provincia
050699,070105,1,residencia5,provincia
050699,070201,2,residencia5,provincia
050699,071001,3,residencia5,provincia
050701,070101,10,residencia5,municipio
050701,070102,1,residencia5,municipio
050701,070104,1,residencia5,municipio
050701,070201,1,residencia5,municipio
050701,071001,1,residencia5,municipio
050702,070201,1,residencia5,municipio
050799,070201,4,residencia5,provincia
050801,070101,140,residencia5,municipio
050801,070102,16,residencia5,municipio
050801,070104,6,residencia5,municipio
050801,070105,12,residencia5,municipio
050801,070201,10,residencia5,municipio
050801,070502,3,residencia5,municipio
050801,071001,20,residencia5,municipio
050802,070101,17,residencia5,municipio
050802,070104,3,residencia5,municipio
050802,070105,1,residencia5,municipio
050802,070201,3,residencia5,municipio
050802,071001,3,residencia5,municipio
050899,070101,16,residencia5,provincia
050899,071001,2,residencia5,provincia
050901,070101,8,residencia5,municipio
050901,070105,1,residencia5,municipio
050901,070201,1,residencia5,municipio
050902,070101,1,residencia5,municipio
051001,070101,11,residencia5,municipio
051001,070102,3,residencia5,municipio
051001,070201,3,residencia5,municipio
051001,070502,2,residencia5,municipio
051001,071001,4,residencia5,municipio
051101,070101,31,residencia5,municipio
051101,070102,5,residencia5,municipio
051101,070104,8,residencia5,municipio
051101,070201,14,residencia5,municipio
051101,070502,1,residencia5,municipio
051101,071001,7,residencia5,municipio
051102,070101,10,residencia5,municipio
051102,070102,3,residencia5,municipio
051102,070104,2,residencia5,municipio
051103,070101,18,residencia5,municipio
051103,070102,7,residencia5,municipio
051103,070104,1,residencia5,municipio
051103,070105,2,residencia5,municipio
051103,070201,5,residencia5,municipio
051103,070502,3,residencia5,municipio
051103,071001,1,residencia5,municipio
051199,070101,36,residencia5,provincia
051199,070102,5,residencia5,provincia
051199,070104,2,residencia5,provincia
051199,070105,1,residencia5,provincia
051199,070201,6,residencia5,provincia
051199,070502,3,residencia5,provincia
051199,071001,1,residencia5,provincia
051201,070101,56,residencia5,municipio
051201,070102,2,residencia5,municipio
051201,070104,1,residencia5,municipio
051201,070201,2,residencia5,municipio
051201,071001,3,residencia5,municipio
051202,070101,8,residencia5,municipio
051202,070102,1,residencia5,municipio
051202,070104,2,residencia5,municipio
051202,070201,1,residencia5,municipio
051203,070101,12,residencia5,municipio
051203,070201,5,residencia5,municipio
051203,071001,1,residencia5,municipio
051204,070101,2,residencia5,municipio
051204,070102,1,residencia5,municipio
051299,070101,21,residencia5,provincia
051299,070102,1,residencia5,provincia
051299,070104,1,residencia5,provincia
051299,070201,3,residencia5,provincia
051299,071001,2,residencia5,provincia
051301,070101,2,residencia5,municipio
051301,070201,2,residencia5,municipio
051301,071001,1,residencia5,municipio
051302,070101,3,residencia5,municipio
051302,070104,1,residencia5,municipio
051302,071001,2,residencia5,municipio
051401,070101,17,residencia5,municipio
051401,070102,1,residencia5,municipio
051402,070101,2,residencia5,municipio
051499,070101,2,residencia5,provincia
051499,070104,1,residencia5,provincia
051499,071001,1,residencia5,provincia
051501,070101,90,residencia5,municipio
051501,070102,1,residencia5,municipio
051501,070104,17,residencia5,municipio
051501,070105,5,residencia5,municipio
051501,070201,12,residencia5,municipio
051501,070502,1,residencia5,municipio
051501,071001,19,residencia5,municipio
051601,070101,2,residencia5,municipio
051601,070104,2,residencia5,municipio
059999,070101,819,residencia5,departamento
059999,070102,67,residencia5,departamento
059999,070103,8,residencia5,departamento
059999,070104,85,residencia5,departamento
059999,070105,27,residencia5,departamento
059999,070201,107,residencia5,departamento
059999,070502,15,residencia5,departamento
059999,070603,4,residencia5,departamento
059999,071001,69,residencia5,departamento
060101,070101,1940,residencia5,municipio
060101,070102,73,residencia5,municipio
060101,070103,38,residencia5,municipio
060101,070104,120,residencia5,municipio
060101,070105,24,residencia5,municipio
060101,070201,89,residencia5,municipio
060101,070502,16,residencia5,municipio
060101,070603,1,residencia5,municipio
060101,071001,72,residencia5,municipio
060201,070101,22,residencia5,municipio
060201,070102,2,residencia5,municipio
060201,070104,1,residencia5,municipio
060201,070201,1,residencia5,municipio
060201,071001,1,residencia5,municipio
060202,070101,170,residencia5,municipio
060202,070102,15,residencia5,municipio
060202,070103,5,residencia5,municipio
060202,070104,12,residencia5,municipio
060202,070105,9,residencia5,municipio
060202,070201,15,residencia5,municipio
060202,070502,4,residencia5,municipio
060202,071001,22,residencia5,municipio
060299,070101,27,residencia5,provincia
060299,070102,3,residencia5,provincia
060299,071001,2,residencia5,provincia
060301,070101,1723,residencia5,municipio
060301,070102,38,residencia5,municipio
060301,070103,19,residencia5,municipio
060301,070104,154,residencia5,municipio
060301,070105,80,residencia5,municipio
060301,070201,127,residencia5,municipio
060301,070502,31,residencia5,municipio
060301,070603,1,residencia5,municipio
060301,071001,71,residencia5,municipio
060302,070101,58,residencia5,municipio
060302,070102,1,residencia5,municipio
060302,070103,3,residencia5,municipio
060302,070104,8,residencia5,municipio
060302,070105,4,residencia5,municipio
060302,070201,6,residencia5,municipio
060302,070502,5,residencia5,municipio
060302,071001,3,residencia5,municipio
060303,070101,981,residencia5,municipio
060303,070102,36,residencia5,municipio
060303,070103,12,residencia5,municipio
060303,070104,74,residencia5,municipio
060303,070105,15,residencia5,municipio
060303,070201,80,residencia5,municipio
060303,070502,25,residencia5,municipio
060303,071001,28,residencia5,municipio
060399,070101,146,residencia5,provincia
060399,070102,4,residencia5,provincia
060399,070103,9,residencia5,provincia
060399,070104,12,residencia5,provincia
060399,070105,4,residencia5,provincia
060399,070201,16,residencia5,provincia
060399,070502,4,residencia5,provincia
060399,070603,1,residencia5,provincia
060399,071001,4,residencia5,provincia
060401,070101,22,residencia5,municipio
060401,070102,2,residencia5,municipio
060401,070103,1,residencia5,municipio
060401,070201,2,residencia5,municipio
060402,070101,4,residencia5,municipio
060402,070102,1,residencia5,municipio
060402,070103,1,residencia5,municipio
060402,070104,2,residencia5,municipio
060499,070101,5,residencia5,provincia
060499,070102,1,residencia5,provincia
060501,070101,34,residencia5,municipio
060501,070102,6,residencia5,municipio
060501,070103,2,residencia5,municipio
060501,070104,1,residencia5,municipio
060501,070105,2,residencia5,municipio
060501,070201,5,residencia5,municipio
060501,071001,3,residencia5,municipio
060502,070101,7,residencia5,municipio
060502,070102,1,residencia5,municipio
060502,070104,3,residencia5,municipio
060502,070105,2,residencia5,municipio
060502,071001,1,residencia5,municipio
060599,070101,45,residencia5,provincia
060599,070104,3,residencia5,provincia
060599,070201,7,residencia5,provincia
060599,071001,2,residencia5,provincia
060601,070101,147,residencia5,municipio
060601,070102,5,residencia5,municipio
060601,070103,1,residencia5,municipio
060601,070104,8,residencia5,municipio
060601,070105,1,residencia5,municipio
060601,070201,12,residencia5,municipio
060601,070502,5,residencia5,municipio
060601,071001,8,residencia5,municipio
069999,070101,1400,residencia5,departamento
069999,070102,69,residencia5,departamento
069999,070103,12,residencia5,departamento
069999,070104,79,residencia5,departamento
069999,070105,19,residencia5,departamento
069999,070201,93,residencia5,departamento
069999,070502,17,residencia5,departamento
069999,070603,3,residencia5,departamento
069999,071001,47,residencia5,departamento
070101,010101,1489,residencia5,municipio
070101,010102,33,residencia5,municipio
070101,010103,52,residencia5,municipio
070101,010201,32,residencia5,municipio
070101,010202,53,residencia5,municipio
070101,010301,132,residencia5,municipio
070101,010302,67,residencia5,municipio
070101,010303,55,residencia5,municipio
070101,010304,34,residencia5,municipio
070101,010401,125,residencia5,municipio
070101,010402,92,residencia5,municipio
070101,010403,145,residencia5,municipio
070101,010404,53,residencia5,municipio
070101,010405,51,residencia5,municipio
070101,010501,312,residencia5,municipio
070101,010502,88,residencia5,municipio
070101,010601,88,residencia5,municipio
070101,010602,51,residencia5,municipio
070101,010701,24,residencia5,municipio
070101,010702,65,residencia5,municipio
070101,010703,9,residencia5,municipio
070101,010704,15,residencia5,municipio
070101,010801,152,residencia5,municipio
070101,010901,21,residencia5,municipio
070101,010902,23,residencia5,municipio
070101,010903,13,residencia5,municipio
070101,011001,12,residencia5,municipio
070101,011002,41,residencia5,municipio
070101,011003,131,residencia5,municipio
070101,020101,2024,residencia5,municipio
070101,020102,7,residencia5,municipio
070101,020103,23,residencia5,municipio
070101,020104,49,residencia5,municipio
070101,020105,1026,residencia5,municipio
070101,020201,19,residencia5,municipio
070101,020202,4,residencia5,municipio
070101,020203,4,residencia5,municipio
070101,020204,5,residencia5,municipio
070101,020205,7,residencia5,municipio
070101,020206,15,residencia5,municipio
070101,020301,5,residencia5,municipio
070101,020302,7,residencia5,municipio
070101,020303,8,residencia5,municipio
070101,020304,1,residencia5,municipio
070101,020305,3,residencia5,municipio
070101,020306,13,residencia5,municipio
070101,020308,5,residencia5,municipio
070101,020401,7,residencia5,municipio
070101,020402,3,residencia5,municipio
070101,020403,15,residencia5,municipio
070101,020405,4,residencia5,municipio
070101,020501,9,residencia5,municipio
070101,020503,4,residencia5,municipio
070101,020601,27,residencia5,municipio
070101,020602,83,residencia5,municipio
070101,020603,8,residencia5,municipio
070101,020604,1,residencia5,municipio
070101,020606,38,residencia5,municipio
070101,020607,146,residencia5,municipio
070101,020608,49,residencia5,municipio
070101,020701,50,residencia5,municipio
070101,020702,1,residencia5,municipio
070101,020801,78,residencia5,municipio
070101,020802,7,residencia5,municipio
070101,020803,7,residencia5,municipio
070101,020804,7,residencia5,municipio
070101,020805,7,residencia5,municipio
070101,020806,8,residencia5,municipio
070101,020807,3,residencia5,municipio
070101,020901,12,residencia5,municipio
070101,020902,26,residencia5,municipio
070101,020903,3,residencia5,municipio
070101,020904,5,residencia5,municipio
070101,020905,18,residencia5,municipio
070101,021001,17,residencia5,municipio
070101,021002,23,residencia5,municipio
070101,021003,31,residencia5,municipio
070101,021004,7,residencia5,municipio
070101,021005,2,residencia5,municipio
070101,021006,25,residencia5,municipio
070101,021101,10,residencia5,municipio
070101,021102,31,residencia5,municipio
070101,021103,13,residencia5,municipio
070101,021104,31,residencia5,municipio
070101,021105,71,residencia5,municipio
070101,021201,21,residencia5,municipio
070101,021202,16,residencia5,municipio
070101,021203,13,residencia5,municipio
070101,021204,4,residencia5,municipio
070101,021301,39,residencia5,municipio
070101,021302,2,residencia5,municipio
070101,021303,5,residencia5,municipio
070101,021304,10,residencia5,municipio
070101,021305,40,residencia5,municipio
070101,021306,11,residencia5,municipio
070101,021307,8,residencia5,municipio
070101,021401,28,residencia5,municipio
070101,021402,26,residencia5,municipio
070101,021501,56,residencia5,municipio
070101,021502,44,residencia5,municipio
070101,021601,16,residencia5,municipio
070101,021602,2,residencia5,municipio
070101,021701,30,residencia5,municipio
070101,021702,2,residencia5,municipio
070101,021703,1,residencia5,municipio
070101,021801,2,residencia5,municipio
070101,021802,13,residencia5,municipio
070101,021803,2,residencia5,municipio
070101,021901,6,residencia5,municipio
070101,022001,89,residencia5,municipio
070101,022002,12,residencia5,municipio
070101,030101,1714,residencia5,municipio
070101,030201,119,residencia5,municipio
070101,030202,115,residencia5,municipio
070101,030203,55,residencia5,municipio
070101,030301,17,residencia5,municipio
070101,030302,5,residencia5,municipio
070101,030303,18,residencia5,municipio
070101,030401,15,residencia5,municipio
070101,030402,1,residencia5,municipio
070101,030403,40,residencia5,municipio
070101,030404,1,residencia5,municipio
070101,030501,15,residencia5,municipio
070101,030502,6,residencia5,municipio
070101,030601,3,residencia5,municipio
070101,030602,2,residencia5,municipio
070101,030701,33,residencia5,municipio
070101,030702,20,residencia5,municipio
070101,030703,1,residencia5,municipio
070101,030801,16,residencia5,municipio
070101,030802,7,residencia5,municipio
070101,030803,23,residencia5,municipio
070101,030901,238,residencia5,municipio
070101,030902,70,residencia5,municipio
070101,030903,111,residencia5,municipio
070101,030904,100,residencia5,municipio
070101,030905,148,residencia5,municipio
070101,031001,386,residencia5,municipio
070101,031002,20,residencia5,municipio
070101,031003,191,residencia5,municipio
070101,031101,5,residencia5,municipio
070101,031201,38,residencia5,municipio
070101,031202,47,residencia5,municipio
070101,031203,34,residencia5,municipio
070101,031204,136,residencia5,municipio
070101,031205,170,residencia5,municipio
070101,031206,236,residencia5,municipio
070101,031301,33,residencia5,municipio
070101,031302,2,residencia5,municipio
070101,031303,3,residencia5,municipio
070101,031304,13,residencia5,municipio
070101,031401,60,residencia5,municipio
070101,031402,1,residencia5,municipio
070101,031403,16,residencia5,municipio
070101,031404,1,residencia5,municipio
070101,031405,3,residencia5,municipio
070101,031501,3,residencia5,municipio
070101,031601,21,residencia5,municipio
070101,031602,73,residencia5,municipio
070101,040101,576,residencia5,municipio
070101,040102,33,residencia5,municipio
070101,040103,29,residencia5,municipio
070101,040104,15,residencia5,municipio
070101,040201,51,residencia5,municipio
070101,040202,25,residencia5,municipio
070101,040301,42,residencia5,municipio
070101,040302,12,residencia5,municipio
070101,040401,7,residencia5,municipio
070101,040402,6,residencia5,municipio
070101,040501,18,residencia5,municipio
070101,040502,5,residencia5,municipio
070101,040503,4,residencia5,municipio
070101,040504,1,residencia5,municipio
070101,040505,7,residencia5,municipio
070101,040601,28,residencia5,municipio
070101,040602,10,residencia5,municipio
070101,040603,10,residencia5,municipio
070101,040701,14,residencia5,municipio
070101,040702,9,residencia5,municipio
070101,040801,49,residencia5,municipio
070101,040802,22,residencia5,municipio
070101,040901,34,residencia5,municipio
070101,041001,108,residencia5,municipio
070101,041101,17,residencia5,municipio
070101,041201,7,residencia5,municipio
070101,041202,10,residencia5,municipio
070101,041301,5,residencia5,municipio
070101,041401,61,residencia5,municipio
070101,041501,1,residencia5,municipio
070101,041503,16,residencia5,municipio
070101,041601,11,residencia5,municipio
070101,050101,595,residencia5,municipio
070101,050102,35,residencia5,municipio
070101,050103,43,residencia5,municipio
070101,050104,10,residencia5,municipio
070101,050201,43,residencia5,municipio
070101,050202,14,residencia5,municipio
070101,050203,95,residencia5,municipio
070101,050204,14,residencia5,municipio
070101,050301,213,residencia5,municipio
070101,050302,39,residencia5,municipio
070101,050303,22,residencia5,municipio
070101,050401,31,residencia5,municipio
070101,050402,40,residencia5,municipio
070101,050403,66,residencia5,municipio
070101,050404,18,residencia5,municipio
070101,050405,25,residencia5,municipio
070101,050501,15,residencia5,municipio
070101,050502,7,residencia5,municipio
070101,050601,83,residencia5,municipio
070101,050602,44,residencia5,municipio
070101,050701,14,residencia5,municipio
070101,050702,7,residencia5,municipio
070101,050801,168,residencia5,municipio
070101,050802,21,residencia5,municipio
070101,050901,57,residencia5,municipio
070101,050902,4,residencia5,municipio
070101,051001,1,residencia5,municipio
070101,051003,1,residencia5,municipio
070101,051101,63,residencia5,municipio
070101,051102,31,residencia5,municipio
070101,051103,45,residencia5,municipio
070101,051201,108,residencia5,municipio
070101,051202,46,residencia5,municipio
070101,051203,110,residencia5,municipio
070101,051204,30,residencia5,municipio
070101,051301,3,residencia5,municipio
070101,051302,5,residencia5,municipio
070101,051401,9,residencia5,municipio
070101,051402,4,residencia5,municipio
070101,051501,86,residencia5,municipio
070101,051601,7,residencia5,municipio
070101,060101,534,residencia5,municipio
070101,060201,10,residencia5,municipio
070101,060202,68,residencia5,municipio
070101,060301,719,residencia5,municipio
070101,060302,72,residencia5,municipio
070101,060303,440,residencia5,municipio
070101,060401,9,residencia5,municipio
070101,060402,1,residencia5,municipio
070101,060501,28,residencia5,municipio
070101,060502,6,residencia5,municipio
070101,060601,59,residencia5,municipio
070101,070101,1342559,residencia5,municipio
070101,070102,7283,residencia5,municipio
070101,070103,2713,residencia5,municipio
070101,070104,8606,residencia5,municipio
070101,070105,1109,residencia5,municipio
070101,070201,5458,residencia5,municipio
070101,070202,278,residencia5,municipio
070101,070301,1172,residencia5,municipio
070101,070302,365,residencia5,municipio
070101,070303,245,residencia5,municipio
070101,070401,454,residencia5,municipio
070101,070402,259,residencia5,municipio
070101,070403,597,residencia5,municipio
070101,070404,120,residencia5,municipio
070101,070501,839,residencia5,municipio
070101,070502,817,residencia5,municipio
070101,070503,500,residencia5,municipio
070101,070601,302,residencia5,municipio
070101,070602,412,residencia5,municipio
070101,070603,146,residencia5,municipio
070101,070701,118,residencia5,municipio
070101,070702,378,residencia5,municipio
070101,070703,665,residencia5,municipio
070101,070704,120,residencia5,municipio
070101,070705,165,residencia5,municipio
070101,070706,513,residencia5,municipio
070101,070707,92,residencia5,municipio
070101,070801,371,residencia5,municipio
070101,070802,63,residencia5,municipio
070101,070803,47,residencia5,municipio
070101,070804,70,residencia5,municipio
070101,070805,27,residencia5,municipio
070101,070901,474,residencia5,municipio
070101,070902,208,residencia5,municipio
070101,070903,257,residencia5,municipio
070101,070904,131,residencia5,municipio
070101,071001,1178,residencia5,municipio
070101,071002,182,residencia5,municipio
070101,071003,238,residencia5,municipio
070101,071004,173,residencia5,municipio
070101,071005,267,residencia5,municipio
070101,071101,807,residencia5,municipio
070101,071102,326,residencia5,municipio
070101,071103,730,residencia5,municipio
070101,071104,128,residencia5,municipio
070101,071105,229,residencia5,municipio
070101,071106,490,residencia5,municipio
070101,071201,282,residencia5,municipio
070101,071301,231,residencia5,municipio
070101,071302,153,residencia5,municipio
070101,071401,320,residencia5,municipio
070101,071402,433,residencia5,municipio
070101,071403,194,residencia5,municipio
070101,071501,753,residencia5,municipio
070101,071502,101,residencia5,municipio
070101,071503,379,residencia5,municipio
070101,080101,1468,residencia5,municipio
070101,080102,76,residencia5,municipio
070101,080201,552,residencia5,municipio
070101,080202,389,residencia5,municipio
070101,080301,94,residencia5,municipio
070101,080302,255,residencia5,municipio
070101,080303,137,residencia5,municipio
070101,080304,112,residencia5,municipio
070101,080401,240,residencia5,municipio
070101,080402,137,residencia5,municipio
070101,080501,211,residencia5,municipio
070101,080601,44,residencia5,municipio
070101,080602,231,residencia5,municipio
070101,080701,104,residencia5,municipio
070101,080702,109,residencia5,municipio
070101,080703,8,residencia5,municipio
070101,080801,127,residencia5,municipio
070101,080802,160,residencia5,municipio
070101,080803,85,residencia5,municipio
070101,080901,6,residencia5,municipio
070101,090101,222,residencia5,municipio
070101,090102,26,residencia5,municipio
070101,090103,2,residencia5,municipio
070101,090104,10,residencia5,municipio
070101,090201,39,residencia5,municipio
070101,090202,2,residencia5,municipio
070101,090203,10,residencia5,municipio
070101,090301,16,residencia5,municipio
070101,090302,27,residencia5,municipio
070101,090303,51,residencia5,municipio
070101,090401,18,residencia5,municipio
070101,090402,4,residencia5,municipio
070101,090501,12,residencia5,municipio
070101,090502,3,residencia5,municipio
070101,090503,2,residencia5,municipio
070102,010101,38,residencia5,municipio
070102,010102,3,residencia5,municipio
070102,010201,1,residencia5,municipio
070102,010202,1,residencia5,municipio
070102,010301,1,residencia5,municipio
070102,010302,13,residencia5,municipio
070102,010401,3,residencia5,municipio
070102,010402,6,residencia5,municipio
070102,010403,7,residencia5,municipio
070102,010405,3,residencia5,municipio
070102,010501,5,residencia5,municipio
070102,010502,3,residencia5,municipio
070102,010601,3,residencia5,municipio
070102,010602,1,residencia5,municipio
070102,010702,9,residencia5,municipio
070102,010801,3,residencia5,municipio
070102,010901,2,residencia5,municipio
070102,010902,1,residencia5,municipio
070102,011003,2,residencia5,municipio
070102,020101,47,residencia5,municipio
070102,020104,2,residencia5,municipio
070102,020105,47,residencia5,municipio
070102,020201,2,residencia5,municipio
070102,020401,1,residencia5,municipio
070102,020501,1,residencia5,municipio
070102,020601,1,residencia5,municipio
070102,020602,2,residencia5,municipio
070102,020603,2,residencia5,municipio
070102,020606,3,residencia5,municipio
070102,020607,3,residencia5,municipio
070102,020701,8,residencia5,municipio
070102,020801,7,residencia5,municipio
070102,020902,4,residencia5,municipio
070102,021001,1,residencia5,municipio
070102,021002,5,residencia5,municipio
070102,021003,3,residencia5,municipio
070102,021004,5,residencia5,municipio
070102,021102,4,residencia5,municipio
070102,021104,2,residencia5,municipio
070102,021105,7,residencia5,municipio
070102,021201,1,residencia5,municipio
070102,021202,2,residencia5,municipio
070102,021301,2,residencia5,municipio
070102,021305,5,residencia5,municipio
070102,021401,1,residencia5,municipio
070102,021402,2,residencia5,municipio
070102,021501,1,residencia5,municipio
070102,021502,4,residencia5,municipio
070102,021601,4,residencia5,municipio
070102,021802,1,residencia5,municipio
070102,022001,1,residencia5,municipio
070102,030101,96,residencia5,municipio
070102,030201,5,residencia5,municipio
070102,030202,3,residencia5,municipio
070102,030301,1,residencia5,municipio
070102,030302,1,residencia5,municipio
070102,030401,1,residencia5,municipio
070102,030403,3,residencia5,municipio
070102,030501,2,residencia5,municipio
070102,030502,2,residencia5,municipio
070102,030701,1,residencia5,municipio
070102,030901,39,residencia5,municipio
070102,030902,10,residencia5,municipio
070102,030903,13,residencia5,municipio
070102,030904,15,residencia5,municipio
070102,030905,21,residencia5,municipio
070102,031001,36,residencia5,municipio
070102,031002,5,residencia5,municipio
070102,031003,30,residencia5,municipio
070102,031201,3,residencia5,municipio
070102,031202,5,residencia5,municipio
070102,031203,7,residencia5,municipio
070102,031204,7,residencia5,municipio
070102,031205,27,residencia5,municipio
070102,031206,40,residencia5,municipio
070102,031301,3,residencia5,municipio
070102,031401,4,residencia5,municipio
070102,031402,5,residencia5,municipio
070102,031602,9,residencia5,municipio
070102,040101,29,residencia5,municipio
070102,040102,1,residencia5,municipio
070102,040201,1,residencia5,municipio
070102,040603,1,residencia5,municipio
070102,040701,2,residencia5,municipio
070102,040802,1,residencia5,municipio
070102,040901,1,residencia5,municipio
070102,050101,17,residencia5,municipio
070102,050102,1,residencia5,municipio
070102,050103,5,residencia5,municipio
070102,050201,4,residencia5,municipio
070102,050203,3,residencia5,municipio
070102,050301,37,residencia5,municipio
070102,050302,5,residencia5,municipio
070102,050401,2,residencia5,municipio
070102,050403,5,residencia5,municipio
070102,050601,1,residencia5,municipio
070102,050602,13,residencia5,municipio
070102,050801,15,residencia5,municipio
070102,051101,8,residencia5,municipio
070102,051102,1,residencia5,municipio
070102,051103,9,residencia5,municipio
070102,051201,2,residencia5,municipio
070102,051203,5,residencia5,municipio
070102,051204,2,residencia5,municipio
070102,051401,3,residencia5,municipio
070102,051402,1,residencia5,municipio
070102,051501,6,residencia5,municipio
070102,060101,22,residencia5,municipio
070102,060201,3,residencia5,municipio
070102,060202,1,residencia5,municipio
070102,060301,41,residencia5,municipio
070102,060302,6,residencia5,municipio
070102,060303,8,residencia5,municipio
070102,060401,5,residencia5,municipio
070102,060501,3,residencia5,municipio
070102,070101,1327,residencia5,municipio
070102,070102,73262,residencia5,municipio
070102,070103,67,residencia5,municipio
070102,070104,255,residencia5,municipio
070102,070105,68,residencia5,municipio
070102,070201,325,residencia5,municipio
070102,070202,25,residencia5,municipio
070102,070301,66,residencia5,municipio
070102,070302,14,residencia5,municipio
070102,070303,8,residencia5,municipio
070102,070401,14,residencia5,municipio
070102,070402,11,residencia5,municipio
070102,070403,39,residencia5,municipio
070102,070404,9,residencia5,municipio
070102,070501,62,residencia5,municipio
070102,070502,206,residencia5,municipio
070102,070503,32,residencia5,municipio
070102,070601,14,residencia5,municipio
070102,070602,23,residencia5,municipio
070102,070603,15,residencia5,municipio
070102,070701,2,residencia5,municipio
070102,070702,29,residencia5,municipio
070102,070703,34,residencia5,municipio
070102,070704,6,residencia5,municipio
070102,070705,14,residencia5,municipio
070102,070706,9,residencia5,municipio
070102,070707,5,residencia5,municipio
070102,070801,7,residencia5,municipio
070102,070803,1,residencia5,municipio
070102,070901,19,residencia5,municipio
070102,070902,11,residencia5,municipio
070102,070903,19,residencia5,municipio
070102,070904,11,residencia5,municipio
070102,071001,76,residencia5,municipio
070102,071002,24,residencia5,municipio
070102,071003,6,residencia5,municipio
070102,071004,17,residencia5,municipio
070102,071005,33,residencia5,municipio
070102,071101,81,residencia5,municipio
070102,071102,14,residencia5,municipio
070102,071103,75,residencia5,municipio
070102,071104,17,residencia5,municipio
070102,071105,20,residencia5,municipio
070102,071106,68,residencia5,municipio
070102,071201,17,residencia5,municipio
070102,071301,3,residencia5,municipio
070102,071302,3,residencia5,municipio
070102,071401,34,residencia5,municipio
070102,071402,11,residencia5,municipio
070102,071403,10,residencia5,municipio
070102,071501,55,residencia5,municipio
070102,071502,4,residencia5,municipio
070102,071503,23,residencia5,municipio
070102,080101,50,residencia5,municipio
070102,080102,5,residencia5,municipio
070102,080201,10,residencia5,municipio
070102,080202,12,residencia5,municipio
070102,080301,3,residencia5,municipio
070102,080302,20,residencia5,municipio
070102,080304,7,residencia5,municipio
070102,080401,3,residencia5,municipio
070102,080402,4,residencia5,municipio
070102,080501,12,residencia5,municipio
070102,080601,1,residencia5,municipio
070102,080602,24,residencia5,municipio
070102,080701,2,residencia5,municipio
070102,080801,4,residencia5,municipio
070102,080802,21,residencia5,municipio
070102,080901,7,residencia5,municipio
070102,090101,6,residencia5,municipio
070102,090301,5,residencia5,municipio
070102,090303,2,residencia5,municipio
070102,090401,1,residencia5,municipio
070103,010101,12,residencia5,municipio
070103,010303,2,residencia5,municipio
070103,010401,1,residencia5,municipio
070103,010501,1,residencia5,municipio
070103,010502,4,residencia5,municipio
070103,010601,1,residencia5,municipio
070103,010901,1,residencia5,municipio
070103,011003,2,residencia5,municipio
070103,020101,11,residencia5,municipio
070103,020105,11,residencia5,municipio
070103,020202,1,residencia5,municipio
070103,020601,1,residencia5,municipio
070103,020606,1,residencia5,municipio
070103,020608,1,residencia5,municipio
070103,020801,1,residencia5,municipio
070103,021002,1,residencia5,municipio
070103,021305,1,residencia5,municipio
070103,021402,1,residencia5,municipio
070103,022001,1,residencia5,municipio
070103,030101,20,residencia5,municipio
070103,030202,1,residencia5,municipio
070103,030901,3,residencia5,municipio
070103,030902,1,residencia5,municipio
070103,030905,1,residencia5,municipio
070103,031001,3,residencia5,municipio
070103,031002,3,residencia5,municipio
070103,031003,2,residencia5,municipio
070103,031206,1,residencia5,municipio
070103,031602,2,residencia5,municipio
070103,040101,5,residencia5,municipio
070103,040801,1,residencia5,municipio
070103,050101,3,residencia5,municipio
070103,050601,1,residencia5,municipio
070103,050801,2,residencia5,municipio
070103,051201,1,residencia5,municipio
070103,060101,2,residencia5,municipio
070103,060301,2,residencia5,municipio
070103,060303,1,residencia5,municipio
070103,060402,1,residencia5,municipio
070103,060501,1,residencia5,municipio
070103,060601,1,residencia5,municipio
070103,070101,293,residencia5,municipio
070103,070102,74,residencia5,municipio
070103,070103,14805,residencia5,municipio
070103,070104,88,residencia5,municipio
070103,070105,22,residencia5,municipio
070103,070201,68,residencia5,municipio
070103,070301,7,residencia5,municipio
070103,070303,3,residencia5,municipio
070103,070401,8,residencia5,municipio
070103,070402,3,residencia5,municipio
070103,070403,5,residencia5,municipio
070103,070501,10,residencia5,municipio
070103,070502,10,residencia5,municipio
070103,070503,11,residencia5,municipio
070103,070601,14,residencia5,municipio
070103,070602,1,residencia5,municipio
070103,070603,18,residencia5,municipio
070103,070701,1,residencia5,municipio
070103,070702,2,residencia5,municipio
070103,070703,15,residencia5,municipio
070103,070705,2,residencia5,municipio
070103,070706,1,residencia5,municipio
070103,070801,1,residencia5,municipio
070103,070901,3,residencia5,municipio
070103,070903,1,residencia5,municipio
070103,070904,1,residencia5,municipio
070103,071001,16,residencia5,municipio
070103,071002,3,residencia5,municipio
070103,071003,11,residencia5,municipio
070103,071004,7,residencia5,municipio
070103,071005,6,residencia5,municipio
070103,071101,6,residencia5,municipio
070103,071102,5,residencia5,municipio
070103,071103,6,residencia5,municipio
070103,071106,4,residencia5,municipio
070103,071301,1,residencia5,municipio
070103,071401,4,residencia5,municipio
070103,071402,3,residencia5,municipio
070103,071403,2,residencia5,municipio
070103,071501,4,residencia5,municipio
070103,071502,4,residencia5,municipio
070103,071503,3,residencia5,municipio
070103,080101,10,residencia5,municipio
070103,080202,2,residencia5,municipio
070103,080302,2,residencia5,municipio
070103,080401,2,residencia5,municipio
070103,080501,2,residencia5,municipio
070103,080701,1,residencia5,municipio
070103,080802,2,residencia5,municipio
070103,090401,1,residencia5,municipio
070104,010101,87,residencia5,municipio
070104,010102,5,residencia5,municipio
070104,010103,11,residencia5,municipio
070104,010201,6,residencia5,municipio
070104,010202,4,residencia5,municipio
070104,010301,8,residencia5,municipio
070104,010302,5,residencia5,municipio
070104,010303,5,residencia5,municipio
070104,010304,2,residencia5,municipio
070104,010401,4,residencia5,municipio
070104,010402,16,residencia5,municipio
070104,010403,24,residencia5,municipio
070104,010404,3,residencia5,municipio
070104,010405,2,residencia5,municipio
070104,010501,10,residencia5,municipio
070104,010502,5,residencia5,municipio
070104,010601,9,residencia5,municipio
070104,010602,19,residencia5,municipio
070104,010701,1,residencia5,municipio
070104,010702,3,residencia5,municipio
070104,010703,1,residencia5,municipio
070104,010801,13,residencia5,municipio
070104,010903,2,residencia5,municipio
070104,011003,7,residencia5,municipio
070104,020101,46,residencia5,municipio
070104,020104,2,residencia5,municipio
070104,020105,74,residencia5,municipio
070104,020206,1,residencia5,municipio
070104,020401,3,residencia5,municipio
070104,020601,1,residencia5,municipio
070104,020602,2,residencia5,municipio
070104,020607,5,residencia5,municipio
070104,020608,3,residencia5,municipio
070104,020701,4,residencia5,municipio
070104,020801,10,residencia5,municipio
070104,021003,5,residencia5,municipio
070104,021004,1,residencia5,municipio
070104,021102,2,residencia5,municipio
070104,021104,2,residencia5,municipio
070104,021105,5,residencia5,municipio
070104,021201,1,residencia5,municipio
070104,021202,2,residencia5,municipio
070104,021304,5,residencia5,municipio
070104,021305,1,residencia5,municipio
070104,021501,5,residencia5,municipio
070104,021701,1,residencia5,municipio
070104,021801,1,residencia5,municipio
070104,022001,4,residencia5,municipio
070104,022002,3,residencia5,municipio
070104,030101,99,residencia5,municipio
070104,030201,19,residencia5,municipio
070104,030202,15,residencia5,municipio
070104,030203,3,residencia5,municipio
070104,030302,3,residencia5,municipio
070104,030401,4,residencia5,municipio
070104,030402,4,residencia5,municipio
070104,030403,6,residencia5,municipio
070104,030502,8,residencia5,municipio
070104,030601,1,residencia5,municipio
070104,030701,8,residencia5,municipio
070104,030801,2,residencia5,municipio
070104,030802,4,residencia5,municipio
070104,030803,4,residencia5,municipio
070104,030901,31,residencia5,municipio
070104,030902,12,residencia5,municipio
070104,030903,14,residencia5,municipio
070104,030904,20,residencia5,municipio
070104,030905,5,residencia5,municipio
070104,031001,54,residencia5,municipio
070104,031002,4,residencia5,municipio
070104,031003,46,residencia5,municipio
070104,031201,5,residencia5,municipio
070104,031202,21,residencia5,municipio
070104,031203,1,residencia5,municipio
070104,031204,12,residencia5,municipio
070104,031205,12,residencia5,municipio
070104,031206,66,residencia5,municipio
070104,031301,6,residencia5,municipio
070104,031401,6,residencia5,municipio
070104,031501,1,residencia5,municipio
070104,031601,2,residencia5,municipio
070104,031602,13,residencia5,municipio
070104,040101,25,residencia5,municipio
070104,040201,1,residencia5,municipio
070104,040402,1,residencia5,municipio
070104,040601,1,residencia5,municipio
070104,040801,3,residencia5,municipio
070104,040901,1,residencia5,municipio
070104,041201,1,residencia5,municipio
070104,041401,5,residencia5,municipio
070104,050101,27,residencia5,municipio
070104,050102,1,residencia5,municipio
070104,050103,2,residencia5,municipio
070104,050201,1,residencia5,municipio
070104,050203,3,residencia5,municipio
070104,050204,10,residencia5,municipio
070104,050301,27,residencia5,municipio
070104,050302,1,residencia5,municipio
070104,050303,1,residencia5,municipio
070104,050401,5,residencia5,municipio
070104,050402,2,residencia5,municipio
070104,050403,1,residencia5,municipio
070104,050404,12,residencia5,municipio
070104,050405,2,residencia5,municipio
070104,050601,2,residencia5,municipio
070104,050602,5,residencia5,municipio
070104,050701,1,residencia5,municipio
070104,050801,2,residencia5,municipio
070104,050901,3,residencia5,municipio
070104,051101,3,residencia5,municipio
070104,051103,6,residencia5,municipio
070104,051201,1,residencia5,municipio
070104,051202,3,residencia5,municipio
070104,051301,1,residencia5,municipio
070104,051501,2,residencia5,municipio
070104,051601,2,residencia5,municipio
070104,060101,25,residencia5,municipio
070104,060201,1,residencia5,municipio
070104,060202,1,residencia5,municipio
070104,060301,31,residencia5,municipio
070104,060302,8,residencia5,municipio
070104,060303,22,residencia5,municipio
070104,060402,1,residencia5,municipio
070104,060501,3,residencia5,municipio
070104,060601,7,residencia5,municipio
070104,070101,1689,residencia5,municipio
070104,070102,297,residencia5,municipio
070104,070103,113,residencia5,municipio
070104,070104,106812,residencia5,municipio
070104,070105,380,residencia5,municipio
070104,070201,416,residencia5,municipio
070104,070202,10,residencia5,municipio
070104,070301,40,residencia5,municipio
070104,070302,13,residencia5,municipio
070104,070303,5,residencia5,municipio
070104,070401,25,residencia5,municipio
070104,070402,10,residencia5,municipio
070104,070403,40,residencia5,municipio
070104,070404,2,residencia5,municipio
070104,070501,60,residencia5,municipio
070104,070502,41,residencia5,municipio
070104,070503,10,residencia5,municipio
070104,070601,16,residencia5,municipio
070104,070602,14,residencia5,municipio
070104,070603,11,residencia5,municipio
070104,070701,6,residencia5,municipio
070104,070702,45,residencia5,municipio
070104,070703,176,residencia5,municipio
070104,070704,3,residencia5,municipio
070104,070705,5,residencia5,municipio
070104,070706,22,residencia5,municipio
070104,070707,3,residencia5,municipio
070104,070801,38,residencia5,municipio
070104,070802,7,residencia5,municipio
070104,070803,1,residencia5,municipio
070104,070804,4,residencia5,municipio
070104,070805,15,residencia5,municipio
070104,070901,51,residencia5,municipio
070104,070902,26,residencia5,municipio
070104,070903,18,residencia5,municipio
070104,070904,10,residencia5,municipio
070104,071001,58,residencia5,municipio
070104,071002,7,residencia5,municipio
070104,071003,4,residencia5,municipio
070104,071004,28,residencia5,municipio
070104,071005,18,residencia5,municipio
070104,071101,22,residencia5,municipio
070104,071102,13,residencia5,municipio
070104,071103,43,residencia5,municipio
070104,071105,1,residencia5,municipio
070104,071106,54,residencia5,municipio
070104,071201,3,residencia5,municipio
070104,071301,26,residencia5,municipio
070104,071302,18,residencia5,municipio
070104,071401,9,residencia5,municipio
070104,071402,9,residencia5,municipio
070104,071403,11,residencia5,municipio
070104,071501,26,residencia5,municipio
070104,071502,1,residencia5,municipio
070104,071503,23,residencia5,municipio
070104,080101,11,residencia5,municipio
070104,080102,1,residencia5,municipio
070104,080201,9,residencia5,municipio
070104,080202,2,residencia5,municipio
070104,080301,8,residencia5,municipio
070104,080302,2,residencia5,municipio
070104,080304,2,residencia5,municipio
070104,080402,1,residencia5,municipio
070104,080501,1,residencia5,municipio
070104,080602,8,residencia5,municipio
070104,080802,4,residencia5,municipio
070104,080803,1,residencia5,municipio
070104,090101,7,residencia5,municipio
070104,090102,1,residencia5,municipio
070104,090103,1,residencia5,municipio
070104,090104,2,residencia5,municipio
070104,090302,6,residencia5,municipio
070104,090401,1,residencia5,municipio
070105,010101,24,residencia5,municipio
070105,010102,2,residencia5,municipio
070105,010202,1,residencia5,municipio
070105,010301,10,residencia5,municipio
070105,010302,5,residencia5,municipio
070105,010303,5,residencia5,municipio
070105,010304,1,residencia5,municipio
070105,010401,9,residencia5,municipio
070105,010402,1,residencia5,municipio
070105,010403,7,residencia5,municipio
070105,010404,1,residencia5,municipio
070105,010405,1,residencia5,municipio
070105,010501,8,residencia5,municipio
070105,010502,5,residencia5,municipio
070105,010601,4,residencia5,municipio
070105,010602,4,residencia5,municipio
070105,010702,1,residencia5,municipio
070105,010703,3,residencia5,municipio
070105,010704,1,residencia5,municipio
070105,010801,22,residencia5,municipio
070105,020101,9,residencia5,municipio
070105,020103,1,residencia5,municipio
070105,020105,15,residencia5,municipio
070105,020201,2,residencia5,municipio
070105,020601,1,residencia5,municipio
070105,020602,2,residencia5,municipio
070105,020603,1,residencia5,municipio
070105,020606,1,residencia5,municipio
070105,020607,3,residencia5,municipio
070105,020701,1,residencia5,municipio
070105,020801,2,residencia5,municipio
070105,021001,1,residencia5,municipio
070105,021002,1,residencia5,municipio
070105,021101,1,residencia5,municipio
070105,021105,5,residencia5,municipio
070105,021304,4,residencia5,municipio
070105,021402,4,residencia5,municipio
070105,021501,2,residencia5,municipio
070105,022001,1,residencia5,municipio
070105,022002,2,residencia5,municipio
070105,030101,44,residencia5,municipio
070105,030201,8,residencia5,municipio
070105,030202,8,residencia5,municipio
070105,030203,12,residencia5,municipio
070105,030301,3,residencia5,municipio
070105,030302,1,residencia5,municipio
070105,030303,1,residencia5,municipio
070105,030502,1,residencia5,municipio
070105,030801,1,residencia5,municipio
070105,030802,1,residencia5,municipio
070105,030803,1,residencia5,municipio
070105,030901,4,residencia5,municipio
070105,030902,7,residencia5,municipio
070105,030903,2,residencia5,municipio
070105,030904,3,residencia5,municipio
070105,030905,5,residencia5,municipio
070105,031001,16,residencia5,municipio
070105,031003,12,residencia5,municipio
070105,031201,15,residencia5,municipio
070105,031202,40,residencia5,municipio
070105,031203,4,residencia5,municipio
070105,031204,11,residencia5,municipio
070105,031205,13,residencia5,municipio
070105,031206,20,residencia5,municipio
070105,031301,3,residencia5,municipio
070105,031402,4,residencia5,municipio
070105,031601,1,residencia5,municipio
070105,031602,17,residencia5,municipio
070105,040101,11,residencia5,municipio
070105,040104,1,residencia5,municipio
070105,040601,1,residencia5,municipio
070105,040801,3,residencia5,municipio
070105,041201,3,residencia5,municipio
070105,050101,13,residencia5,municipio
070105,050103,2,residencia5,municipio
070105,050201,1,residencia5,municipio
070105,050203,1,residencia5,municipio
070105,050301,6,residencia5,municipio
070105,050302,2,residencia5,municipio
070105,050303,3,residencia5,municipio
070105,050402,1,residencia5,municipio
070105,050403,2,residencia5,municipio
070105,050502,2,residencia5,municipio
070105,050601,8,residencia5,municipio
070105,050801,3,residencia5,municipio
070105,050802,1,residencia5,municipio
070105,050901,1,residencia5,municipio
070105,051102,1,residencia5,municipio
070105,051201,2,residencia5,municipio
070105,051203,3,residencia5,municipio
070105,051501,1,residencia5,municipio
070105,060101,19,residencia5,municipio
070105,060201,3,residencia5,municipio
070105,060202,5,residencia5,municipio
070105,060301,21,residencia5,municipio
070105,060302,2,residencia5,municipio
070105,060303,2,residencia5,municipio
070105,060401,3,residencia5,municipio
070105,060501,2,residencia5,municipio
070105,060601,1,residencia5,municipio
070105,070101,594,residencia5,municipio
070105,070102,74,residencia5,municipio
070105,070103,48,residencia5,municipio
070105,070104,448,residencia5,municipio
070105,070105,45177,residencia5,municipio
070105,070201,112,residencia5,municipio
070105,070202,4,residencia5,municipio
070105,070301,46,residencia5,municipio
070105,070302,17,residencia5,municipio
070105,070303,34,residencia5,municipio
070105,070401,5,residencia5,municipio
070105,070402,13,residencia5,municipio
070105,070403,56,residencia5,municipio
070105,070404,4,residencia5,municipio
070105,070501,157,residencia5,municipio
070105,070502,24,residencia5,municipio
070105,070503,7,residencia5,municipio
070105,070601,11,residencia5,municipio
070105,070602,11,residencia5,municipio
070105,070603,9,residencia5,municipio
070105,070701,1,residencia5,municipio
070105,070702,14,residencia5,municipio
070105,070703,73,residencia5,municipio
070105,070705,2,residencia5,municipio
070105,070706,10,residencia5,municipio
070105,070801,52,residencia5,municipio
070105,070802,3,residencia5,municipio
070105,070803,4,residencia5,municipio
070105,070804,5,residencia5,municipio
070105,070901,49,residencia5,municipio
070105,070902,37,residencia5,municipio
070105,070903,38,residencia5,municipio
070105,070904,16,residencia5,municipio
070105,071001,29,residencia5,municipio
070105,071002,4,residencia5,municipio
070105,071003,5,residencia5,municipio
070105,071004,7,residencia5,municipio
070105,071005,10,residencia5,municipio
070105,071101,72,residencia5,municipio
070105,071102,3,residencia5,municipio
070105,071103,48,residencia5,municipio
070105,071105,3,residencia5,municipio
070105,071106,26,residencia5,municipio
070105,071201,4,residencia5,municipio
070105,071301,24,residencia5,municipio
070105,071302,12,residencia5,municipio
070105,071401,6,residencia5,municipio
070105,071402,7,residencia5,municipio
070105,071403,1,residencia5,municipio
070105,071501,23,residencia5,municipio
070105,071502,1,residencia5,municipio
070105,071503,21,residencia5,municipio
070105,080101,9,residencia5,municipio
070105,080201,1,residencia5,municipio
070105,080301,2,residencia5,municipio
070105,080304,1,residencia5,municipio
070105,080401,2,residencia5,municipio
070105,080501,4,residencia5,municipio
070105,080602,7,residencia5,municipio
070105,080802,3,residencia5,municipio
070105,080803,1,residencia5,municipio
070105,080901,1,residencia5,municipio
070105,090101,1,residencia5,municipio
070105,090104,1,residencia5,municipio
070105,090302,2,residencia5,municipio
070199,070101,11477,residencia5,provincia
070199,070102,2750,residencia5,provincia
070199,070103,472,residencia5,provincia
070199,070104,3450,residencia5,provincia
070199,070105,190,residencia5,provincia
070199,070201,4299,residencia5,provincia
070199,070502,497,residencia5,provincia
070199,070603,78,residencia5,provincia
070199,071001,513,residencia5,provincia
070201,010101,58,residencia5,municipio
070201,010102,3,residencia5,municipio
070201,010103,3,residencia5,municipio
070201,010201,3,residencia5,municipio
070201,010202,1,residencia5,municipio
070201,010301,4,residencia5,municipio
070201,010302,7,residencia5,municipio
070201,010303,6,residencia5,municipio
070201,010401,4,residencia5,municipio
070201,010402,1,residencia5,municipio
070201,010403,1,residencia5,municipio
070201,010404,1,residencia5,municipio
070201,010501,4,residencia5,municipio
070201,010601,1,residencia5,municipio
070201,010602,6,residencia5,municipio
070201,010701,2,residencia5,municipio
070201,010702,8,residencia5,municipio
070201,010704,4,residencia5,municipio
070201,010801,8,residencia5,municipio
070201,010902,8,residencia5,municipio
070201,010903,2,residencia5,municipio
070201,011001,1,residencia5,municipio
070201,011002,1,residencia5,municipio
070201,011003,8,residencia5,municipio
070201,020101,117,residencia5,municipio
070201,020103,4,residencia5,municipio
070201,020104,4,residencia5,municipio
070201,020105,109,residencia5,municipio
070201,020201,5,residencia5,municipio
070201,020202,5,residencia5,municipio
070201,020204,4,residencia5,municipio
070201,020301,3,residencia5,municipio
070201,020303,1,residencia5,municipio
070201,020304,1,residencia5,municipio
070201,020306,1,residencia5,municipio
070201,020308,4,residencia5,municipio
070201,020402,2,residencia5,municipio
070201,020405,1,residencia5,municipio
070201,020502,1,residencia5,municipio
070201,020503,1,residencia5,municipio
070201,020601,3,residencia5,municipio
070201,020602,11,residencia5,municipio
070201,020603,1,residencia5,municipio
070201,020607,15,residencia5,municipio
070201,020608,4,residencia5,municipio
070201,020701,6,residencia5,municipio
070201,020801,23,residencia5,municipio
070201,020802,1,residencia5,municipio
070201,020803,1,residencia5,municipio
070201,020901,1,residencia5,municipio
070201,020905,1,residencia5,municipio
070201,021001,7,residencia5,municipio
070201,021002,7,residencia5,municipio
070201,021003,3,residencia5,municipio
070201,021004,1,residencia5,municipio
070201,021005,1,residencia5,municipio
070201,021006,3,residencia5,municipio
070201,021101,2,residencia5,municipio
070201,021102,2,residencia5,municipio
070201,021104,5,residencia5,municipio
070201,021105,10,residencia5,municipio
070201,021201,2,residencia5,municipio
070201,021202,1,residencia5,municipio
070201,021203,2,residencia5,municipio
070201,021301,2,residencia5,municipio
070201,021303,3,residencia5,municipio
070201,021306,4,residencia5,municipio
070201,021401,1,residencia5,municipio
070201,021402,11,residencia5,municipio
070201,021501,4,residencia5,municipio
070201,021601,2,residencia5,municipio
070201,021701,2,residencia5,municipio
070201,021702,1,residencia5,municipio
070201,021901,1,residencia5,municipio
070201,022001,9,residencia5,municipio
070201,022002,1,residencia5,municipio
070201,030101,168,residencia5,municipio
070201,030201,23,residencia5,municipio
070201,030203,4,residencia5,municipio
070201,030301,7,residencia5,municipio
070201,030302,2,residencia5,municipio
070201,030303,5,residencia5,municipio
070201,030401,4,residencia5,municipio
070201,030403,7,residencia5,municipio
070201,030404,2,residencia5,municipio
070201,030501,8,residencia5,municipio
070201,030502,2,residencia5,municipio
070201,030701,4,residencia5,municipio
070201,030702,3,residencia5,municipio
070201,030703,1,residencia5,municipio
070201,030801,5,residencia5,municipio
070201,030803,1,residencia5,municipio
070201,030901,85,residencia5,municipio
070201,030902,37,residencia5,municipio
070201,030903,20,residencia5,municipio
070201,030904,39,residencia5,municipio
070201,030905,30,residencia5,municipio
070201,031001,114,residencia5,municipio
070201,031002,6,residencia5,municipio
070201,031003,86,residencia5,municipio
070201,031101,2,residencia5,municipio
070201,031201,1,residencia5,municipio
070201,031202,9,residencia5,municipio
070201,031203,2,residencia5,municipio
070201,031204,20,residencia5,municipio
070201,031205,48,residencia5,municipio
070201,031206,70,residencia5,municipio
070201,031301,8,residencia5,municipio
070201,031304,2,residencia5,municipio
070201,031401,16,residencia5,municipio
070201,031403,3,residencia5,municipio
070201,031405,4,residencia5,municipio
070201,031601,9,residencia5,municipio
070201,031602,24,residencia5,municipio
070201,040101,42,residencia5,municipio
070201,040102,5,residencia5,municipio
070201,040104,1,residencia5,municipio
070201,040201,6,residencia5,municipio
070201,040301,1,residencia5,municipio
070201,040401,2,residencia5,municipio
070201,040502,1,residencia5,municipio
070201,040602,3,residencia5,municipio
070201,040603,2,residencia5,municipio
070201,040702,1,residencia5,municipio
070201,040801,11,residencia5,municipio
070201,040901,2,residencia5,municipio
070201,041201,1,residencia5,municipio
070201,041401,4,residencia5,municipio
070201,041601,3,residencia5,municipio
070201,050101,43,residencia5,municipio
070201,050102,1,residencia5,municipio
070201,050103,5,residencia5,municipio
070201,050104,1,residencia5,municipio
070201,050201,2,residencia5,municipio
070201,050202,7,residencia5,municipio
070201,050203,6,residencia5,municipio
070201,050301,22,residencia5,municipio
070201,050302,1,residencia5,municipio
070201,050401,2,residencia5,municipio
070201,050402,4,residencia5,municipio
070201,050403,9,residencia5,municipio
070201,050405,4,residencia5,municipio
070201,050501,3,residencia5,municipio
070201,050502,1,residencia5,municipio
070201,050601,10,residencia5,municipio
070201,050602,1,residencia5,municipio
070201,050701,8,residencia5,municipio
070201,050801,13,residencia5,municipio
070201,050802,1,residencia5,municipio
070201,050901,5,residencia5,municipio
070201,051001,1,residencia5,municipio
070201,051003,1,residencia5,municipio
070201,051101,3,residencia5,municipio
070201,051102,7,residencia5,municipio
070201,051103,1,residencia5,municipio
070201,051201,11,residencia5,municipio
070201,051202,1,residencia5,municipio
070201,051203,2,residencia5,municipio
070201,051204,3,residencia5,municipio
070201,051302,1,residencia5,municipio
070201,051501,5,residencia5,municipio
070201,060101,34,residencia5,municipio
070201,060201,2,residencia5,municipio
070201,060202,5,residencia5,municipio
070201,060301,32,residencia5,municipio
070201,060302,5,residencia5,municipio
070201,060303,20,residencia5,municipio
070201,060401,1,residencia5,municipio
070201,060501,7,residencia5,municipio
070201,060601,3,residencia5,municipio
070201,070101,1907,residencia5,municipio
070201,070102,264,residencia5,municipio
070201,070103,100,residencia5,municipio
070201,070104,305,residencia5,municipio
070201,070105,79,residencia5,municipio
070201,070201,108480,residencia5,municipio
070201,070202,48,residencia5,municipio
070201,070301,97,residencia5,municipio
070201,070302,34,residencia5,municipio
070201,070303,15,residencia5,municipio
070201,070401,69,residencia5,municipio
070201,070402,65,residencia5,municipio
070201,070403,93,residencia5,municipio
070201,070404,12,residencia5,municipio
070201,070501,74,residencia5,municipio
070201,070502,73,residencia5,municipio
070201,070503,21,residencia5,municipio
070201,070601,41,residencia5,municipio
070201,070602,87,residencia5,municipio
070201,070603,90,residencia5,municipio
070201,070701,2,residencia5,municipio
070201,070702,17,residencia5,municipio
070201,070703,50,residencia5,municipio
070201,070704,3,residencia5,municipio
070201,070705,29,residencia5,municipio
070201,070706,14,residencia5,municipio
070201,070707,4,residencia5,municipio
070201,070801,8,residencia5,municipio
070201,070802,1,residencia5,municipio
070201,070901,9,residencia5,municipio
070201,070902,7,residencia5,municipio
070201,070903,14,residencia5,municipio
070201,070904,6,residencia5,municipio
070201,071001,542,residencia5,municipio
070201,071002,56,residencia5,municipio
070201,071003,26,residencia5,municipio
070201,071004,40,residencia5,municipio
070201,071005,63,residencia5,municipio
070201,071101,50,residencia5,municipio
070201,071102,22,residencia5,municipio
070201,071103,76,residencia5,municipio
070201,071104,6,residencia5,municipio
070201,071105,12,residencia5,municipio
070201,071106,48,residencia5,municipio
070201,071201,5,residencia5,municipio
070201,071301,8,residencia5,municipio
070201,071302,6,residencia5,municipio
070201,071401,22,residencia5,municipio
070201,071402,18,residencia5,municipio
070201,071403,11,residencia5,municipio
070201,071501,55,residencia5,municipio
070201,071502,9,residencia5,municipio
070201,071503,45,residencia5,municipio
070201,080101,72,residencia5,municipio
070201,080102,6,residencia5,municipio
070201,080201,17,residencia5,municipio
070201,080202,10,residencia5,municipio
070201,080301,7,residencia5,municipio
070201,080302,12,residencia5,municipio
070201,080304,11,residencia5,municipio
070201,080401,7,residencia5,municipio
070201,080402,1,residencia5,municipio
070201,080501,7,residencia5,municipio
070201,080601,4,residencia5,municipio
070201,080602,51,residencia5,municipio
070201,080701,1,residencia5,municipio
070201,080801,2,residencia5,municipio
070201,080802,15,residencia5,municipio
070201,080803,1,residencia5,municipio
070201,090101,28,residencia5,municipio
070201,090104,2,residencia5,municipio
070201,090201,4,residencia5,municipio
070201,090203,8,residencia5,municipio
070201,090301,1,residencia5,municipio
070201,090302,3,residencia5,municipio
070201,090401,2,residencia5,municipio
070201,090502,1,residencia5,municipio
070201,090503,2,residencia5,municipio
070202,070101,157,residencia5,municipio
070202,070102,31,residencia5,municipio
070202,070104,11,residencia5,municipio
070202,070105,7,residencia5,municipio
070202,070201,86,residencia5,municipio
070202,070502,13,residencia5,municipio
070202,070603,1,residencia5,municipio
070202,071001,140,residencia5,municipio
070299,070101,150,residencia5,provincia
070299,070102,13,residencia5,provincia
070299,070103,9,residencia5,provincia
070299,070104,22,residencia5,provincia
070299,070105,1,residencia5,provincia
070299,070201,414,residencia5,provincia
070299,070502,7,residencia5,provincia
070299,070603,4,residencia5,provincia
070299,071001,37,residencia5,provincia
070301,070101,1318,residencia5,municipio
070301,070102,128,residencia5,municipio
070301,070103,37,residencia5,municipio
070301,070104,74,residencia5,municipio
070301,070105,32,residencia5,municipio
070301,070201,144,residencia5,municipio
070301,070502,70,residencia5,municipio
070301,070603,2,residencia5,municipio
070301,071001,53,residencia5,municipio
070302,070101,356,residencia5,municipio
070302,070102,36,residencia5,municipio
070302,070103,9,residencia5,municipio
070302,070104,25,residencia5,municipio
070302,070105,5,residencia5,municipio
070302,070201,41,residencia5,municipio
070302,070502,22,residencia5,municipio
070302,070603,1,residencia5,municipio
070302,071001,11,residencia5,municipio
070303,070101,91,residencia5,municipio
070303,070102,12,residencia5,municipio
070303,070103,1,residencia5,municipio
070303,070104,7,residencia5,municipio
070303,070105,2,residencia5,municipio
070303,070201,15,residencia5,municipio
070303,070502,8,residencia5,municipio
070303,071001,1,residencia5,municipio
070399,070101,199,residencia5,provincia
070399,070102,12,residencia5,provincia
070399,070104,10,residencia5,provincia
070399,070105,7,residencia5,provincia
070399,070201,12,residencia5,provincia
070399,070502,5,residencia5,provincia
070399,071001,2,residencia5,provincia
070401,070101,229,residencia5,municipio
070401,070102,28,residencia5,municipio
070401,070103,21,residencia5,municipio
070401,070104,20,residencia5,municipio
070401,070105,13,residencia5,municipio
070401,070201,76,residencia5,municipio
070401,070502,18,residencia5,municipio
070401,070603,1,residencia5,municipio
070401,071001,97,residencia5,municipio
070402,070101,157,residencia5,municipio
070402,070102,22,residencia5,municipio
070402,070103,7,residencia5,municipio
070402,070104,25,residencia5,municipio
070402,070105,12,residencia5,municipio
070402,070201,22,residencia5,municipio
070402,070502,4,residencia5,municipio
070402,071001,45,residencia5,municipio
070403,070101,631,residencia5,municipio
070403,070102,81,residencia5,municipio
070403,070103,7,residencia5,municipio
070403,070104,62,residencia5,municipio
070403,070105,34,residencia5,municipio
070403,070201,200,residencia5,municipio
070403,070502,30,residencia5,municipio
070403,070603,7,residencia5,municipio
070403,071001,305,residencia5,municipio
070404,070101,89,residencia5,municipio
070404,070102,1,residencia5,municipio
070404,070104,11,residencia5,municipio
070404,070105,1,residencia5,municipio
070404,070201,19,residencia5,municipio
070404,070502,2,residencia5,municipio
070404,070603,1,residencia5,municipio
070404,071001,46,residencia5,municipio
070499,070101,146,residencia5,provincia
070499,070102,9,residencia5,provincia
070499,070103,3,residencia5,provincia
070499,070104,13,residencia5,provincia
070499,070105,4,residencia5,provincia
070499,070201,31,residencia5,provincia
070499,070502,4,residencia5,provincia
070499,070603,2,residencia5,provincia
070499,071001,30,residencia5,provincia
070501,070101,987,residencia5,municipio
070501,070102,149,residencia5,municipio
070501,070103,22,residencia5,municipio
070501,070104,159,residencia5,municipio
070501,070105,63,residencia5,municipio
070501,070201,379,residencia5,municipio
070501,070502,200,residencia5,municipio
070501,070603,24,residencia5,municipio
070501,071001,241,residencia5,municipio
070502,010101,10,residencia5,municipio
070502,010102,1,residencia5,municipio
070502,010202,3,residencia5,municipio
070502,010401,2,residencia5,municipio
070502,010404,1,residencia5,municipio
070502,010501,1,residencia5,municipio
070502,010602,1,residencia5,municipio
070502,010801,1,residencia5,municipio
070502,010902,1,residencia5,municipio
070502,011001,1,residencia5,municipio
070502,011003,80,residencia5,municipio
070502,020101,7,residencia5,municipio
070502,020104,2,residencia5,municipio
070502,020105,7,residencia5,municipio
070502,020201,1,residencia5,municipio
070502,020601,1,residencia5,municipio
070502,020607,4,residencia5,municipio
070502,020701,1,residencia5,municipio
070502,021104,1,residencia5,municipio
070502,021105,1,residencia5,municipio
070502,021202,1,residencia5,municipio
070502,021301,1,residencia5,municipio
070502,021304,1,residencia5,municipio
070502,021602,1,residencia5,municipio
070502,021701,1,residencia5,municipio
070502,021702,1,residencia5,municipio
070502,030101,13,residencia5,municipio
070502,030201,3,residencia5,municipio
070502,030301,1,residencia5,municipio
070502,030303,1,residencia5,municipio
070502,030401,1,residencia5,municipio
070502,030701,1,residencia5,municipio
070502,030901,5,residencia5,municipio
070502,030902,1,residencia5,municipio
070502,030903,1,residencia5,municipio
070502,030904,1,residencia5,municipio
070502,030905,1,residencia5,municipio
070502,031001,4,residencia5,municipio
070502,031003,7,residencia5,municipio
070502,031204,3,residencia5,municipio
070502,031205,4,residencia5,municipio
070502,031206,5,residencia5,municipio
070502,031301,4,residencia5,municipio
070502,031401,1,residencia5,municipio
070502,031602,1,residencia5,municipio
070502,040101,5,residencia5,municipio
070502,041001,1,residencia5,municipio
070502,050101,4,residencia5,municipio
070502,050204,1,residencia5,municipio
070502,050301,1,residencia5,municipio
070502,050601,5,residencia5,municipio
070502,050801,1,residencia5,municipio
070502,051101,4,residencia5,municipio
070502,051204,2,residencia5,municipio
070502,060101,7,residencia5,municipio
070502,060202,1,residencia5,municipio
070502,060301,5,residencia5,municipio
070502,060303,6,residencia5,municipio
070502,060501,2,residencia5,municipio
070502,070101,348,residencia5,municipio
070502,070102,107,residencia5,municipio
070502,070103,13,residencia5,municipio
070502,070104,44,residencia5,municipio
070502,070105,18,residencia5,municipio
070502,070201,42,residencia5,municipio
070502,070202,11,residencia5,municipio
070502,070301,126,residencia5,municipio
070502,070302,174,residencia5,municipio
070502,070303,325,residencia5,municipio
070502,070401,8,residencia5,municipio
070502,070402,2,residencia5,municipio
070502,070403,16,residencia5,municipio
070502,070404,1,residencia5,municipio
070502,070501,182,residencia5,municipio
070502,070502,40100,residencia5,municipio
070502,070503,60,residencia5,municipio
070502,070601,18,residencia5,municipio
070502,070602,9,residencia5,municipio
070502,070603,5,residencia5,municipio
070502,070701,8,residencia5,municipio
070502,070702,32,residencia5,municipio
070502,070703,34,residencia5,municipio
070502,070704,2,residencia5,municipio
070502,070705,4,residencia5,municipio
070502,070706,4,residencia5,municipio
070502,070801,1,residencia5,municipio
070502,070804,5,residencia5,municipio
070502,070901,8,residencia5,municipio
070502,070902,1,residencia5,municipio
070502,070903,1,residencia5,municipio
070502,071001,36,residencia5,municipio
070502,071002,3,residencia5,municipio
070502,071003,9,residencia5,municipio
070502,071004,4,residencia5,municipio
070502,071005,17,residencia5,municipio
070502,071101,166,residencia5,municipio
070502,071102,14,residencia5,municipio
070502,071103,90,residencia5,municipio
070502,071104,12,residencia5,municipio
070502,071105,25,residencia5,municipio
070502,071106,132,residencia5,municipio
070502,071201,8,residencia5,municipio
070502,071301,5,residencia5,municipio
070502,071401,63,residencia5,municipio
070502,071402,8,residencia5,municipio
070502,071403,198,residencia5,municipio
070502,071501,52,residencia5,municipio
070502,071502,11,residencia5,municipio
070502,071503,43,residencia5,municipio
070502,080101,15,residencia5,municipio
070502,080102,179,residencia5,municipio
070502,080201,3,residencia5,municipio
070502,080202,1,residencia5,municipio
070502,080301,1,residencia5,municipio
070502,080302,10,residencia5,municipio
070502,080303,17,residencia5,municipio
070502,080304,1,residencia5,municipio
070502,080401,7,residencia5,municipio
070502,080402,13,residencia5,municipio
070502,080501,9,residencia5,municipio
070502,080601,4,residencia5,municipio
070502,080602,21,residencia5,municipio
070502,080701,49,residencia5,municipio
070502,080702,2,residencia5,municipio
070502,080802,3,residencia5,municipio
070502,080803,1,residencia5,municipio
070502,090101,1,residencia5,municipio
070502,090103,1,residencia5,municipio
070502,090302,1,residencia5,municipio
070503,070101,819,residencia5,municipio
070503,070102,37,residencia5,municipio
070503,070103,5,residencia5,municipio
070503,070104,48,residencia5,municipio
070503,070105,6,residencia5,municipio
070503,070201,42,residencia5,municipio
070503,070502,41,residencia5,municipio
070503,071001,13,residencia5,municipio
070599,070101,158,residencia5,provincia
070599,070102,11,residencia5,provincia
070599,070104,8,residencia5,provincia
070599,070105,1,residencia5,provincia
070599,070201,6,residencia5,provincia
070599,070502,19,residencia5,provincia
070599,071001,10,residencia5,provincia
070601,070101,358,residencia5,municipio
070601,070102,42,residencia5,municipio
070601,070103,10,residencia5,municipio
070601,070104,30,residencia5,municipio
070601,070105,10,residencia5,municipio
070601,070201,133,residencia5,municipio
070601,070502,24,residencia5,municipio
070601,070603,3,residencia5,municipio
070601,071001,183,residencia5,municipio
070602,070101,245,residencia5,municipio
070602,070102,11,residencia5,municipio
070602,070103,7,residencia5,municipio
070602,070104,47,residencia5,municipio
070602,070105,14,residencia5,municipio
070602,070201,41,residencia5,municipio
070602,070502,20,residencia5,municipio
070602,070603,2,residencia5,municipio
070602,071001,166,residencia5,municipio
070603,021102,1,residencia5,municipio
070603,030101,2,residencia5,municipio
070603,030901,1,residencia5,municipio
070603,050101,1,residencia5,municipio
070603,051101,1,residencia5,municipio
070603,060301,1,residencia5,municipio
070603,070101,71,residencia5,municipio
070603,070102,4,residencia5,municipio
070603,070103,57,residencia5,municipio
070603,070104,7,residencia5,municipio
070603,070105,4,residencia5,municipio
070603,070201,116,residencia5,municipio
070603,070202,1,residencia5,municipio
070603,070301,1,residencia5,municipio
070603,070303,1,residencia5,municipio
070603,070401,2,residencia5,municipio
070603,070403,2,residencia5,municipio
070603,070502,1,residencia5,municipio
070603,070601,4,residencia5,municipio
070603,070603,4658,residencia5,municipio
070603,070702,1,residencia5,municipio
070603,070703,4,residencia5,municipio
070603,070705,7,residencia5,municipio
070603,071001,19,residencia5,municipio
070603,071002,3,residencia5,municipio
070603,071003,14,residencia5,municipio
070603,071004,2,residencia5,municipio
070603,071005,8,residencia5,municipio
070603,071201,1,residencia5,municipio
070603,071301,2,residencia5,municipio
070603,071501,7,residencia5,municipio
070603,080101,5,residencia5,municipio
070603,080501,3,residencia5,municipio
070699,070101,62,residencia5,provincia
070699,070103,5,residencia5,provincia
070699,070105,2,residencia5,provincia
070699,070201,24,residencia5,provincia
070699,070502,3,residencia5,provincia
070699,070603,1,residencia5,provincia
070699,071001,35,residencia5,provincia
070701,070101,96,residencia5,municipio
070701,070102,11,residencia5,municipio
070701,070103,3,residencia5,municipio
070701,070104,21,residencia5,municipio
070701,070105,6,residencia5,municipio
070701,070201,10,residencia5,municipio
070701,070502,1,residencia5,municipio
070702,070101,600,residencia5,municipio
070702,070102,56,residencia5,municipio
070702,070103,2,residencia5,municipio
070702,070104,84,residencia5,municipio
070702,070105,21,residencia5,municipio
070702,070201,58,residencia5,municipio
070702,070502,70,residencia5,municipio
070702,070603,3,residencia5,municipio
070702,071001,17,residencia5,municipio
070703,070101,348,residencia5,municipio
070703,070102,92,residencia5,municipio
070703,070103,10,residencia5,municipio
070703,070104,207,residencia5,municipio
070703,070105,43,residencia5,municipio
070703,070201,59,residencia5,municipio
070703,070502,101,residencia5,municipio
070703,071001,23,residencia5,municipio
070704,070101,57,residencia5,municipio
070704,070102,2,residencia5,municipio
070704,070103,1,residencia5,municipio
070704,070104,16,residencia5,municipio
070704,070105,3,residencia5,municipio
070704,070201,4,residencia5,municipio
070704,070502,3,residencia5,municipio
070704,071001,1,residencia5,municipio
070705,070101,113,residencia5,municipio
070705,070102,14,residencia5,municipio
070705,070103,10,residencia5,municipio
070705,070104,45,residencia5,municipio
070705,070105,7,residencia5,municipio
070705,070201,38,residencia5,municipio
070705,070502,7,residencia5,municipio
070705,070603,14,residencia5,municipio
070705,071001,2,residencia5,municipio
070706,070101,1942,residencia5,municipio
070706,070102,89,residencia5,municipio
070706,070103,15,residencia5,municipio
070706,070104,229,residencia5,municipio
070706,070105,44,residencia5,municipio
070706,070201,146,residencia5,municipio
070706,070502,42,residencia5,municipio
070706,070603,4,residencia5,municipio
070706,071001,82,residencia5,municipio
070707,070101,115,residencia5,municipio
070707,070102,7,residencia5,municipio
070707,070104,7,residencia5,municipio
070707,070105,5,residencia5,municipio
070707,070201,2,residencia5,municipio
070707,070502,4,residencia5,municipio
070707,071001,7,residencia5,municipio
070799,070101,258,residencia5,provincia
070799,070102,19,residencia5,provincia
070799,070103,7,residencia5,provincia
070799,070104,43,residencia5,provincia
070799,070105,6,residencia5,provincia
070799,070201,37,residencia5,provincia
070799,070502,12,residencia5,provincia
070799,070603,3,residencia5,provincia
070799,071001,14,residencia5,provincia
070801,070101,762,residencia5,municipio
070801,070102,41,residencia5,municipio
070801,070103,7,residencia5,municipio
070801,070104,215,residencia5,municipio
070801,070105,51,residencia5,municipio
070801,070201,40,residencia5,municipio
070801,070502,22,residencia5,municipio
070801,071001,18,residencia5,municipio
070802,070101,13,residencia5,municipio
070802,070104,7,residencia5,municipio
070802,070105,2,residencia5,municipio
070803,070101,41,residencia5,municipio
070803,070104,19,residencia5,municipio
070803,070105,10,residencia5,municipio
070803,070201,1,residencia5,municipio
070804,070101,24,residencia5,municipio
070804,070104,4,residencia5,municipio
070804,070105,5,residencia5,municipio
070804,070201,1,residencia5,municipio
070805,070101,13,residencia5,municipio
070805,070103,3,residencia5,municipio
070805,070104,5,residencia5,municipio
070805,070105,1,residencia5,municipio
070805,070201,1,residencia5,municipio
070805,070502,1,residencia5,municipio
070805,071001,1,residencia5,municipio
070899,070101,30,residencia5,provincia
070899,070102,2,residencia5,provincia
070899,070104,9,residencia5,provincia
070899,070105,2,residencia5,provincia
070899,070201,1,residencia5,provincia
070899,070502,1,residencia5,provincia
070901,070101,278,residencia5,municipio
070901,070102,18,residencia5,municipio
070901,070103,7,residencia5,municipio
070901,070104,112,residencia5,municipio
070901,070105,54,residencia5,municipio
070901,070201,17,residencia5,municipio
070901,070502,6,residencia5,municipio
070901,071001,7,residencia5,municipio
070902,070101,121,residencia5,municipio
070902,070102,9,residencia5,municipio
070902,070103,5,residencia5,municipio
070902,070104,69,residencia5,municipio
070902,070105,22,residencia5,municipio
070902,070201,14,residencia5,municipio
070902,070502,1,residencia5,municipio
070902,071001,2,residencia5,municipio
070903,070101,270,residencia5,municipio
070903,070102,13,residencia5,municipio
070903,070103,2,residencia5,municipio
070903,070104,79,residencia5,municipio
070903,070105,61,residencia5,municipio
070903,070201,24,residencia5,municipio
070903,070502,4,residencia5,municipio
070903,071001,15,residencia5,municipio
070904,070101,25,residencia5,municipio
070904,070102,1,residencia5,municipio
070904,070104,20,residencia5,municipio
070904,070105,2,residencia5,municipio
070904,070502,1,residencia5,municipio
070999,070101,57,residencia5,provincia
070999,070102,4,residencia5,provincia
070999,070103,3,residencia5,provincia
070999,070104,21,residencia5,provincia
070999,070105,2,residencia5,provincia
070999,070201,1,residencia5,provincia
070999,071001,3,residencia5,provincia
071001,010101,78,residencia5,municipio
071001,010201,6,residencia5,municipio
071001,010202,27,residencia5,municipio
071001,010301,13,residencia5,municipio
071001,010302,4,residencia5,municipio
071001,010303,3,residencia5,municipio
071001,010304,5,residencia5,municipio
071001,010401,9,residencia5,municipio
071001,010402,1,residencia5,municipio
071001,010403,13,residencia5,municipio
071001,010405,9,residencia5,municipio
071001,010501,9,residencia5,municipio
071001,010601,9,residencia5,municipio
071001,010602,8,residencia5,municipio
071001,010701,3,residencia5,municipio
071001,010702,21,residencia5,municipio
071001,010703,2,residencia5,municipio
071001,010801,6,residencia5,municipio
071001,010901,3,residencia5,municipio
071001,010902,8,residencia5,municipio
071001,010903,3,residencia5,municipio
071001,011003,2,residencia5,municipio
071001,020101,85,residencia5,municipio
071001,020103,1,residencia5,municipio
071001,020104,4,residencia5,municipio
071001,020105,78,residencia5,municipio
071001,020301,6,residencia5,municipio
071001,020306,1,residencia5,municipio
071001,020601,2,residencia5,municipio
071001,020602,6,residencia5,municipio
071001,020603,17,residencia5,municipio
071001,020606,3,residencia5,municipio
071001,020607,21,residencia5,municipio
071001,020608,1,residencia5,municipio
071001,020701,2,residencia5,municipio
071001,020801,6,residencia5,municipio
071001,020901,1,residencia5,municipio
071001,021001,4,residencia5,municipio
071001,021002,9,residencia5,municipio
071001,021003,1,residencia5,municipio
071001,021004,1,residencia5,municipio
071001,021006,1,residencia5,municipio
071001,021102,3,residencia5,municipio
071001,021104,3,residencia5,municipio
071001,021105,10,residencia5,municipio
071001,021201,1,residencia5,municipio
071001,021301,10,residencia5,municipio
071001,021304,1,residencia5,municipio
071001,021305,8,residencia5,municipio
071001,021306,1,residencia5,municipio
071001,021307,1,residencia5,municipio
071001,021401,5,residencia5,municipio
071001,021501,3,residencia5,municipio
071001,021502,1,residencia5,municipio
071001,021601,2,residencia5,municipio
071001,021801,1,residencia5,municipio
071001,021802,1,residencia5,municipio
071001,022001,10,residencia5,municipio
071001,030101,264,residencia5,municipio
071001,030201,19,residencia5,municipio
071001,030202,6,residencia5,municipio
071001,030203,2,residencia5,municipio
071001,030301,14,residencia5,municipio
071001,030302,4,residencia5,municipio
071001,030303,6,residencia5,municipio
071001,030401,3,residencia5,municipio
071001,030402,1,residencia5,municipio
071001,030403,8,residencia5,municipio
071001,030404,3,residencia5,municipio
071001,030501,5,residencia5,municipio
071001,030502,2,residencia5,municipio
071001,030601,1,residencia5,municipio
071001,030602,3,residencia5,municipio
071001,030701,12,residencia5,municipio
071001,030702,23,residencia5,municipio
071001,030801,14,residencia5,municipio
071001,030802,6,residencia5,municipio
071001,030803,13,residencia5,municipio
071001,030901,83,residencia5,municipio
071001,030902,28,residencia5,municipio
071001,030903,35,residencia5,municipio
071001,030904,39,residencia5,municipio
071001,030905,32,residencia5,municipio
071001,031001,98,residencia5,municipio
071001,031002,20,residencia5,municipio
071001,031003,107,residencia5,municipio
071001,031101,1,residencia5,municipio
071001,031201,4,residencia5,municipio
071001,031202,4,residencia5,municipio
071001,031203,15,residencia5,municipio
071001,031204,41,residencia5,municipio
071001,031205,75,residencia5,municipio
071001,031206,141,residencia5,municipio
071001,031301,16,residencia5,municipio
071001,031302,1,residencia5,municipio
071001,031303,1,residencia5,municipio
071001,031304,1,residencia5,municipio
071001,031401,17,residencia5,municipio
071001,031402,4,residencia5,municipio
071001,031403,5,residencia5,municipio
071001,031404,1,residencia5,municipio
071001,031405,2,residencia5,municipio
071001,031601,6,residencia5,municipio
071001,031602,26,residencia5,municipio
071001,040101,59,residencia5,municipio
071001,040102,2,residencia5,municipio
071001,040201,8,residencia5,municipio
071001,040301,5,residencia5,municipio
071001,040503,1,residencia5,municipio
071001,040504,4,residencia5,municipio
071001,040505,1,residencia5,municipio
071001,040601,2,residencia5,municipio
071001,040603,1,residencia5,municipio
071001,040801,12,residencia5,municipio
071001,040901,5,residencia5,municipio
071001,040902,1,residencia5,municipio
071001,041401,2,residencia5,municipio
071001,041503,2,residencia5,municipio
071001,050101,52,residencia5,municipio
071001,050102,4,residencia5,municipio
071001,050103,1,residencia5,municipio
071001,050201,3,residencia5,municipio
071001,050202,2,residencia5,municipio
071001,050203,11,residencia5,municipio
071001,050301,5,residencia5,municipio
071001,050303,2,residencia5,municipio
071001,050401,2,residencia5,municipio
071001,050402,4,residencia5,municipio
071001,050403,9,residencia5,municipio
071001,050502,2,residencia5,municipio
071001,050601,32,residencia5,municipio
071001,050602,9,residencia5,municipio
071001,050701,4,residencia5,municipio
071001,050801,22,residencia5,municipio
071001,050802,2,residencia5,municipio
071001,050901,1,residencia5,municipio
071001,051101,13,residencia5,municipio
071001,051102,2,residencia5,municipio
071001,051103,6,residencia5,municipio
071001,051201,3,residencia5,municipio
071001,051202,2,residencia5,municipio
071001,051203,9,residencia5,municipio
071001,051204,2,residencia5,municipio
071001,051302,1,residencia5,municipio
071001,051501,13,residencia5,municipio
071001,051601,2,residencia5,municipio
071001,060101,51,residencia5,municipio
071001,060201,2,residencia5,municipio
071001,060202,11,residencia5,municipio
071001,060301,38,residencia5,municipio
071001,060302,8,residencia5,municipio
071001,060303,17,residencia5,municipio
071001,060501,6,residencia5,municipio
071001,060502,7,residencia5,municipio
071001,070101,1681,residencia5,municipio
071001,070102,169,residencia5,municipio
071001,070103,37,residencia5,municipio
071001,070104,203,residencia5,municipio
071001,070105,91,residencia5,municipio
071001,070201,999,residencia5,municipio
071001,070202,96,residencia5,municipio
071001,070301,191,residencia5,municipio
071001,070302,44,residencia5,municipio
071001,070303,50,residencia5,municipio
071001,070401,143,residencia5,municipio
071001,070402,99,residencia5,municipio
071001,070403,334,residencia5,municipio
071001,070404,46,residencia5,municipio
071001,070501,155,residencia5,municipio
071001,070502,116,residencia5,municipio
071001,070503,20,residencia5,municipio
071001,070601,169,residencia5,municipio
071001,070602,457,residencia5,municipio
071001,070603,27,residencia5,municipio
071001,070701,1,residencia5,municipio
071001,070702,22,residencia5,municipio
071001,070703,47,residencia5,municipio
071001,070704,2,residencia5,municipio
071001,070705,10,residencia5,municipio
071001,070706,22,residencia5,municipio
071001,070707,3,residencia5,municipio
071001,070801,20,residencia5,municipio
071001,070802,4,residencia5,municipio
071001,070804,1,residencia5,municipio
071001,070805,3,residencia5,municipio
071001,070901,21,residencia5,municipio
071001,070902,8,residencia5,municipio
071001,070903,19,residencia5,municipio
071001,070904,2,residencia5,municipio
071001,071001,102938,residencia5,municipio
071001,071002,347,residencia5,municipio
071001,071003,225,residencia5,municipio
071001,071004,184,residencia5,municipio
071001,071005,411,residencia5,municipio
071001,071101,129,residencia5,municipio
071001,071102,35,residencia5,municipio
071001,071103,431,residencia5,municipio
071001,071104,11,residencia5,municipio
071001,071105,42,residencia5,municipio
071001,071106,116,residencia5,municipio
071001,071201,13,residencia5,municipio
071001,071301,11,residencia5,municipio
071001,071302,7,residencia5,municipio
071001,071401,38,residencia5,municipio
071001,071402,39,residencia5,municipio
071001,071403,22,residencia5,municipio
071001,071501,175,residencia5,municipio
071001,071502,2,residencia5,municipio
071001,071503,128,residencia5,municipio
071001,080101,102,residencia5,municipio
071001,080102,34,residencia5,municipio
071001,080201,24,residencia5,municipio
071001,080202,17,residencia5,municipio
071001,080301,2,residencia5,municipio
071001,080302,14,residencia5,municipio
071001,080303,5,residencia5,municipio
071001,080304,1,residencia5,municipio
071001,080401,8,residencia5,municipio
071001,080402,9,residencia5,municipio
071001,080501,7,residencia5,municipio
071001,080601,4,residencia5,municipio
071001,080602,94,residencia5,municipio
071001,080701,10,residencia5,municipio
071001,080702,29,residencia5,municipio
071001,080801,5,residencia5,municipio
071001,080802,27,residencia5,municipio
071001,080803,1,residencia5,municipio
071001,090101,18,residencia5,municipio
071001,090104,2,residencia5,municipio
071001,090201,3,residencia5,municipio
071001,090203,4,residencia5,municipio
071001,090303,2,residencia5,municipio
071001,090402,1,residencia5,municipio
071001,090501,2,residencia5,municipio
071002,070101,56,residencia5,municipio
071002,070102,3,residencia5,municipio
071002,070103,1,residencia5,municipio
071002,070104,4,residencia5,municipio
071002,070105,2,residencia5,municipio
071002,070201,37,residencia5,municipio
071002,070502,6,residencia5,municipio
071002,071001,106,residencia5,municipio
071003,070101,334,residencia5,municipio
071003,070102,28,residencia5,municipio
071003,070103,4,residencia5,municipio
071003,070104,31,residencia5,municipio
071003,070105,16,residencia5,municipio
071003,070201,114,residencia5,municipio
071003,070502,10,residencia5,municipio
071003,070603,4,residencia5,municipio
071003,071001,284,residencia5,municipio
071004,070101,70,residencia5,municipio
071004,070102,11,residencia5,municipio
071004,070104,7,residencia5,municipio
071004,070105,1,residencia5,municipio
071004,070201,47,residencia5,municipio
071004,070502,7,residencia5,municipio
071004,070603,5,residencia5,municipio
071004,071001,86,residencia5,municipio
071005,070101,92,residencia5,municipio
071005,070102,12,residencia5,municipio
071005,070103,1,residencia5,municipio
071005,070104,12,residencia5,municipio
071005,070105,7,residencia5,municipio
071005,070201,23,residencia5,municipio
071005,070502,6,residencia5,municipio
071005,071001,170,residencia5,municipio
071099,070101,76,residencia5,provincia
071099,070102,4,residencia5,provincia
071099,070103,2,residencia5,provincia
071099,070104,6,residencia5,provincia
071099,070105,1,residencia5,provincia
071099,070201,33,residencia5,provincia
071099,070502,8,residencia5,provincia
071099,070603,1,residencia5,provincia
071099,071001,58,residencia5,provincia
071101,070101,615,residencia5,municipio
071101,070102,99,residencia5,municipio
071101,070103,8,residencia5,municipio
071101,070104,77,residencia5,municipio
071101,070105,32,residencia5,municipio
071101,070201,173,residencia5,municipio
071101,070502,33,residencia5,municipio
071101,070603,1,residencia5,municipio
071101,071001,34,residencia5,municipio
071102,070101,557,residencia5,municipio
071102,070102,42,residencia5,municipio
071102,070103,2,residencia5,municipio
071102,070104,58,residencia5,municipio
071102,070105,7,residencia5,municipio
071102,070201,46,residencia5,municipio
071102,070502,31,residencia5,municipio
071102,070603,2,residencia5,municipio
071102,071001,13,residencia5,municipio
071103,070101,526,residencia5,municipio
071103,070102,72,residencia5,municipio
071103,070103,4,residencia5,municipio
071103,070104,70,residencia5,municipio
071103,070105,34,residencia5,municipio
071103,070201,108,residencia5,municipio
071103,070502,107,residencia5,municipio
071103,070603,2,residencia5,municipio
071103,071001,131,residencia5,municipio
071104,070101,40,residencia5,municipio
071104,070102,10,residencia5,municipio
071104,070103,3,residencia5,municipio
071104,070104,1,residencia5,municipio
071104,070105,4,residencia5,municipio
071104,070201,1,residencia5,municipio
071104,070502,1,residencia5,municipio
071104,071001,1,residencia5,municipio
071105,070101,238,residencia5,municipio
071105,070102,32,residencia5,municipio
071105,070103,3,residencia5,municipio
071105,070104,8,residencia5,municipio
071105,070105,10,residencia5,municipio
071105,070201,19,residencia5,municipio
071105,070502,21,residencia5,municipio
071105,070603,4,residencia5,municipio
071105,071001,15,residencia5,municipio
071106,070101,230,residencia5,municipio
071106,070102,39,residencia5,municipio
071106,070103,9,residencia5,municipio
071106,070104,48,residencia5,municipio
071106,070105,21,residencia5,municipio
071106,070201,64,residencia5,municipio
071106,070502,147,residencia5,municipio
071106,070603,1,residencia5,municipio
071106,071001,28,residencia5,municipio
071199,070101,159,residencia5,provincia
071199,070102,27,residencia5,provincia
071199,070103,1,residencia5,provincia
071199,070104,32,residencia5,provincia
071199,070105,2,residencia5,provincia
071199,070201,35,residencia5,provincia
071199,070502,27,residencia5,provincia
071199,070603,6,residencia5,provincia
071199,071001,25,residencia5,provincia
071201,070101,432,residencia5,municipio
071201,070102,25,residencia5,municipio
071201,070103,7,residencia5,municipio
071201,070104,26,residencia5,municipio
071201,070105,4,residencia5,municipio
071201,070201,34,residencia5,municipio
071201,070502,39,residencia5,municipio
071201,071001,20,residencia5,municipio
071299,070101,1,residencia5,provincia
071301,070101,402,residencia5,municipio
071301,070102,69,residencia5,municipio
071301,070103,3,residencia5,municipio
071301,070104,164,residencia5,municipio
071301,070105,46,residencia5,municipio
071301,070201,29,residencia5,municipio
071301,070502,7,residencia5,municipio
071301,071001,11,residencia5,municipio
071302,070101,146,residencia5,municipio
071302,070102,11,residencia5,municipio
071302,070103,2,residencia5,municipio
071302,070104,42,residencia5,municipio
071302,070105,22,residencia5,municipio
071302,070201,6,residencia5,municipio
071302,070603,1,residencia5,municipio
071302,071001,5,residencia5,municipio
071399,070101,28,residencia5,provincia
071399,070104,6,residencia5,provincia
071399,070105,2,residencia5,provincia
071399,070201,2,residencia5,provincia
071401,070101,755,residencia5,municipio
071401,070102,35,residencia5,municipio
071401,070103,5,residencia5,municipio
071401,070104,41,residencia5,municipio
071401,070105,10,residencia5,municipio
071401,070201,73,residencia5,municipio
071401,070502,44,residencia5,municipio
071401,070603,1,residencia5,municipio
071401,071001,23,residencia5,municipio
071402,070101,641,residencia5,municipio
071402,070102,44,residencia5,municipio
071402,070103,2,residencia5,municipio
071402,070104,8,residencia5,municipio
071402,070105,8,residencia5,municipio
071402,070201,29,residencia5,municipio
071402,070502,16,residencia5,municipio
071402,070603,7,residencia5,municipio
071402,071001,30,residencia5,municipio
071403,070101,99,residencia5,municipio
071403,070102,24,residencia5,municipio
071403,070104,6,residencia5,municipio
071403,070105,5,residencia5,municipio
071403,070201,18,residencia5,municipio
071403,070502,14,residencia5,municipio
071403,071001,6,residencia5,municipio
071499,070101,80,residencia5,provincia
071499,070102,10,residencia5,provincia
071499,070104,7,residencia5,provincia
071499,070201,2,residencia5,provincia
071499,070502,1,residencia5,provincia
071499,071001,3,residencia5,provincia
071501,070101,239,residencia5,municipio
071501,070102,27,residencia5,municipio
071501,070103,4,residencia5,municipio
071501,070104,28,residencia5,municipio
071501,070105,7,residencia5,municipio
071501,070201,29,residencia5,municipio
071501,070502,9,residencia5,municipio
071501,070603,2,residencia5,municipio
071501,071001,25,residencia5,municipio
071502,070101,125,residencia5,municipio
071502,070102,6,residencia5,municipio
071502,070103,3,residencia5,municipio
071502,070104,10,residencia5,municipio
071502,070105,2,residencia5,municipio
071502,070201,8,residencia5,municipio
071502,070502,1,residencia5,municipio
071502,071001,2,residencia5,municipio
071503,070101,135,residencia5,municipio
071503,070102,10,residencia5,municipio
071503,070103,3,residencia5,municipio
071503,070104,17,residencia5,municipio
071503,070105,9,residencia5,municipio
071503,070201,18,residencia5,municipio
071503,070502,6,residencia5,municipio
071503,070603,1,residencia5,municipio
071503,071001,10,residencia5,municipio
071599,070101,729,residencia5,provincia
071599,070102,115,residencia5,provincia
071599,070103,16,residencia5,provincia
071599,070104,58,residencia5,provincia
071599,070105,22,residencia5,provincia
071599,070201,97,residencia5,provincia
071599,070502,53,residencia5,provincia
071599,070603,3,residencia5,provincia
071599,071001,63,residencia5,provincia
079999,070101,8418,residencia5,departamento
079999,070102,4012,residencia5,departamento
079999,070103,658,residencia5,departamento
079999,070104,3364,residencia5,departamento
079999,070105,700,residencia5,departamento
079999,070201,3622,residencia5,departamento
079999,070502,728,residencia5,departamento
079999,070603,112,residencia5,departamento
079999,071001,1189,residencia5,departamento
080101,070101,2298,residencia5,municipio
080101,070102,180,residencia5,municipio
080101,070103,19,residencia5,municipio
080101,070104,97,residencia5,municipio
080101,070105,14,residencia5,municipio
080101,070201,214,residencia5,municipio
080101,070502,129,residencia5,municipio
080101,070603,4,residencia5,municipio
080101,071001,96,residencia5,municipio
080102,070101,8,residencia5,municipio
080102,070103,1,residencia5,municipio
080102,070105,3,residencia5,municipio
080102,070502,4,residencia5,municipio
080102,071001,3,residencia5,municipio
080199,070101,150,residencia5,provincia
080199,070102,18,residencia5,provincia
080199,070103,8,residencia5,provincia
080199,070104,8,residencia5,provincia
080199,070105,3,residencia5,provincia
080199,070201,13,residencia5,provincia
080199,070502,5,residencia5,provincia
080199,071001,7,residencia5,provincia
080201,070101,1101,residencia5,municipio
080201,070102,56,residencia5,municipio
080201,070103,29,residencia5,municipio
080201,070104,53,residencia5,municipio
080201,070105,10,residencia5,municipio
080201,070201,74,residencia5,municipio
080201,070502,19,residencia5,municipio
080201,070603,3,residencia5,municipio
080201,071001,32,residencia5,municipio
080202,070101,807,residencia5,municipio
080202,070102,44,residencia5,municipio
080202,070103,18,residencia5,municipio
080202,070104,27,residencia5,municipio
080202,070105,2,residencia5,municipio
080202,070201,35,residencia5,municipio
080202,070502,14,residencia5,municipio
080202,071001,19,residencia5,municipio
080299,070101,176,residencia5,provincia
080299,070102,5,residencia5,provincia
080299,070103,2,residencia5,provincia
080299,070104,7,residencia5,provincia
080299,070201,18,residencia5,provincia
080299,070502,3,residencia5,provincia
080299,071001,2,residencia5,provincia
080301,070101,119,residencia5,municipio
080301,070102,4,residencia5,municipio
080301,070103,2,residencia5,municipio
080301,070104,1,residencia5,municipio
080301,070201,6,residencia5,municipio
080301,070502,5,residencia5,municipio
080301,071001,3,residencia5,municipio
080302,070101,438,residencia5,municipio
080302,070102,60,residencia5,municipio
080302,070103,4,residencia5,municipio
080302,070104,37,residencia5,municipio
080302,070105,8,residencia5,municipio
080302,070201,76,residencia5,municipio
080302,070502,23,residencia5,municipio
080302,071001,50,residencia5,municipio
080303,070101,81,residencia5,municipio
080303,070102,6,residencia5,municipio
080303,070103,4,residencia5,municipio
080303,070104,5,residencia5,municipio
080303,070201,10,residencia5,municipio
080303,070502,5,residencia5,municipio
080303,071001,3,residencia5,municipio
080304,070101,159,residencia5,municipio
080304,070102,17,residencia5,municipio
080304,070103,1,residencia5,municipio
080304,070104,20,residencia5,municipio
080304,070105,3,residencia5,municipio
080304,070201,73,residencia5,municipio
080304,070502,6,residencia5,municipio
080304,070603,1,residencia5,municipio
080304,071001,7,residencia5,municipio
080399,070101,46,residencia5,provincia
080399,070102,6,residencia5,provincia
080399,070201,2,residencia5,provincia
080399,071001,6,residencia5,provincia
080401,070101,309,residencia5,municipio
080401,070102,26,residencia5,municipio
080401,070103,18,residencia5,municipio
080401,070104,12,residencia5,municipio
080401,070105,1,residencia5,municipio
080401,070201,24,residencia5,municipio
080401,070502,20,residencia5,municipio
080401,071001,6,residencia5,municipio
080402,070101,8,residencia5,municipio
080402,070103,1,residencia5,municipio
080402,070104,2,residencia5,municipio
080402,070502,2,residencia5,municipio
080499,070101,29,residencia5,provincia
080499,070102,1,residencia5,provincia
080499,070103,1,residencia5,provincia
080499,070104,3,residencia5,provincia
080499,070105,2,residencia5,provincia
080499,070201,5,residencia5,provincia
080499,070502,2,residencia5,provincia
080499,071001,1,residencia5,provincia
080501,070101,267,residencia5,municipio
080501,070102,30,residencia5,municipio
080501,070103,4,residencia5,municipio
080501,070104,27,residencia5,municipio
080501,070105,1,residencia5,municipio
080501,070201,42,residencia5,municipio
080501,070502,17,residencia5,municipio
080501,070603,1,residencia5,municipio
080501,071001,8,residencia5,municipio
080601,070101,15,residencia5,municipio
080601,070102,2,residencia5,municipio
080601,070103,1,residencia5,municipio
080601,070104,5,residencia5,municipio
080601,070105,22,residencia5,municipio
080601,070201,3,residencia5,municipio
080601,070502,4,residencia5,municipio
080602,070101,42,residencia5,municipio
080602,070102,6,residencia5,municipio
080602,070103,5,residencia5,municipio
080602,070104,3,residencia5,municipio
080602,070201,18,residencia5,municipio
080602,070502,9,residencia5,municipio
080602,070603,1,residencia5,municipio
080602,071001,7,residencia5,municipio
080699,070101,29,residencia5,provincia
080699,070102,4,residencia5,provincia
080699,070103,6,residencia5,provincia
080699,070105,3,residencia5,provincia
080699,070201,5,residencia5,provincia
080699,070502,5,residencia5,provincia
080699,071001,1,residencia5,provincia
080701,070101,85,residencia5,municipio
080701,070102,6,residencia5,municipio
080701,070104,1,residencia5,municipio
080701,070201,9,residencia5,municipio
080701,070502,9,residencia5,municipio
080701,071001,1,residencia5,municipio
080702,070101,53,residencia5,municipio
080702,070102,4,residencia5,municipio
080702,070104,2,residencia5,municipio
080702,070201,13,residencia5,municipio
080702,070502,4,residencia5,municipio
080702,071001,2,residencia5,municipio
080703,070101,4,residencia5,municipio
080703,070502,1,residencia5,municipio
080799,070101,24,residencia5,provincia
080799,070201,3,residencia5,provincia
080799,070502,2,residencia5,provincia
080799,071001,4,residencia5,provincia
080801,070101,171,residencia5,municipio
080801,070102,9,residencia5,municipio
080801,070104,7,residencia5,municipio
080801,070201,13,residencia5,municipio
080801,070502,11,residencia5,municipio
080801,071001,2,residencia5,municipio
080802,070101,81,residencia5,municipio
080802,070104,4,residencia5,municipio
080802,070201,4,residencia5,municipio
080802,071001,4,residencia5,municipio
080803,070101,25,residencia5,municipio
080803,070102,2,residencia5,municipio
080803,070104,2,residencia5,municipio
080803,070201,3,residencia5,municipio
080803,071001,3,residencia5,municipio
080899,070101,63,residencia5,provincia
080899,070102,3,residencia5,provincia
080899,070104,6,residencia5,provincia
080899,070105,1,residencia5,provincia
080899,070201,7,residencia5,provincia
080899,070502,1,residencia5,provincia
080899,071001,4,residencia5,provincia
080901,070101,5,residencia5,municipio
080901,071001,2,residencia5,municipio
089999,070101,2483,residencia5,departamento
089999,070102,201,residencia5,departamento
089999,070103,19,residencia5,departamento
089999,070104,105,residencia5,departamento
089999,070105,31,residencia5,departamento
089999,070201,193,residencia5,departamento
089999,070502,184,residencia5,departamento
089999,070603,16,residencia5,departamento
089999,071001,102,residencia5,departamento
090101,070101,504,residencia5,municipio
090101,070102,14,residencia5,municipio
090101,070103,9,residencia5,municipio
090101,070104,36,residencia5,municipio
090101,070105,4,residencia5,municipio
090101,070201,44,residencia5,municipio
090101,070502,6,residencia5,municipio
090101,070603,1,residencia5,municipio
090101,071001,11,residencia5,municipio
090102,070101,11,residencia5,municipio
090102,070102,6,residencia5,municipio
090102,070201,1,residencia5,municipio
090102,071001,5,residencia5,municipio
090103,070101,1,residencia5,municipio
090103,070104,1,residencia5,municipio
090104,070101,5,residencia5,municipio
090104,070102,1,residencia5,municipio
090104,070502,2,residencia5,municipio
090199,070101,25,residencia5,provincia
090199,070102,1,residencia5,provincia
090199,070104,2,residencia5,provincia
090199,070201,4,residencia5,provincia
090199,071001,1,residencia5,provincia
090201,070101,13,residencia5,municipio
090201,070105,15,residencia5,municipio
090201,070201,4,residencia5,municipio
090201,070502,1,residencia5,municipio
090201,071001,5,residencia5,municipio
090202,070101,104,residencia5,municipio
090202,070102,2,residencia5,municipio
090202,070103,4,residencia5,municipio
090202,070104,7,residencia5,municipio
090202,070105,5,residencia5,municipio
090202,070201,4,residencia5,municipio
090202,071001,1,residencia5,municipio
090203,070102,1,residencia5,municipio
090203,070105,2,residencia5,municipio
090299,070101,2,residencia5,provincia
090299,070105,1,residencia5,provincia
090299,071001,3,residencia5,provincia
090301,070101,11,residencia5,municipio
090301,070102,3,residencia5,municipio
090301,070201,1,residencia5,municipio
090301,070502,1,residencia5,municipio
090302,070101,10,residencia5,municipio
090302,070104,1,residencia5,municipio
090302,070502,1,residencia5,municipio
090303,070101,40,residencia5,municipio
090303,070102,3,residencia5,municipio
090303,070103,3,residencia5,municipio
090303,070104,1,residencia5,municipio
090303,070201,1,residencia5,municipio
090303,070502,8,residencia5,municipio
090399,070101,7,residencia5,provincia
090399,070603,1,residencia5,provincia
090401,070101,7,residencia5,municipio
090401,070105,1,residencia5,municipio
090401,070201,1,residencia5,municipio
090401,071001,1,residencia5,municipio
090402,070201,1,residencia5,municipio
090501,070104,1,residencia5,municipio
090501,071001,3,residencia5,municipio
090502,070104,1,residencia5,municipio
090502,070105,1,residencia5,municipio
090503,070101,3,residencia5,municipio
090503,070102,1,residencia5,municipio
090503,070201,1,residencia5,municipio
090503,071001,1,residencia5,municipio
099999,070101,169,residencia5,departamento
099999,070102,14,residencia5,departamento
099999,070104,18,residencia5,departamento
099999,070105,1,residencia5,departamento
099999,070201,22,residencia5,departamento
099999,070502,5,residencia5,departamento
099999,071001,5,residencia5,departamento
010101,070101,480,trabajo,municipio
010101,070103,3,trabajo,municipio
010101,070104,1,trabajo,municipio
010101,070105,2,trabajo,municipio
010101,070201,3,trabajo,municipio
010101,070502,1,trabajo,municipio
010101,071001,10,trabajo,municipio
010102,070101,17,trabajo,municipio
010102,070102,1,trabajo,municipio
010102,070104,1,trabajo,municipio
010102,070105,1,trabajo,municipio
010103,070101,63,trabajo,municipio
010103,070104,9,trabajo,municipio
010103,070201,2,trabajo,municipio
010103,070502,1,trabajo,municipio
010201,070101,4,trabajo,municipio
010202,070101,57,trabajo,municipio
010202,070201,1,trabajo,municipio
010202,070502,1,trabajo,municipio
010202,071001,4,trabajo,municipio
010301,070101,95,trabajo,municipio
010301,070105,2,trabajo,municipio
010301,071001,3,trabajo,municipio
010302,070101,143,trabajo,municipio
010302,070102,6,trabajo,municipio
010302,070104,1,trabajo,municipio
010302,070201,4,trabajo,municipio
010302,071001,3,trabajo,municipio
010303,070101,16,trabajo,municipio
010303,070102,1,trabajo,municipio
010303,070104,4,trabajo,municipio
010303,070201,1,trabajo,municipio
010303,071001,2,trabajo,municipio
010304,070101,42,trabajo,municipio
010304,070105,1,trabajo,municipio
010401,070101,26,trabajo,municipio
010401,070502,1,trabajo,municipio
010401,071001,1,trabajo,municipio
010402,070101,31,trabajo,municipio
010402,070103,1,trabajo,municipio
010402,070104,1,trabajo,municipio
010402,070201,1,trabajo,municipio
010403,070101,89,trabajo,municipio
010403,070102,1,trabajo,municipio
010403,070104,9,trabajo,municipio
010403,070105,2,trabajo,municipio
010403,070201,1,trabajo,municipio
010403,071001,1,trabajo,municipio
010404,070101,39,trabajo,municipio
010404,070104,1,trabajo,municipio
010404,070502,2,trabajo,municipio
010404,071001,1,trabajo,municipio
010405,070101,7,trabajo,municipio
010501,070101,72,trabajo,municipio
010501,070102,2,trabajo,municipio
010501,070104,1,trabajo,municipio
010501,070502,1,trabajo,municipio
010502,070101,4,trabajo,municipio
010601,070101,84,trabajo,municipio
010601,070102,2,trabajo,municipio
010601,070103,1,trabajo,municipio
010601,070104,2,trabajo,municipio
010601,070105,1,trabajo,municipio
010601,071001,1,trabajo,municipio
010602,070101,46,trabajo,municipio
010602,070201,6,trabajo,municipio
010701,070101,15,trabajo,municipio
010701,070201,2,trabajo,municipio
010701,071001,1,trabajo,municipio
010702,070101,34,trabajo,municipio
010702,070102,3,trabajo,municipio
010702,070104,2,trabajo,municipio
010702,071001,1,trabajo,municipio
010703,070101,17,trabajo,municipio
010703,070103,1,trabajo,municipio
010704,070101,15,trabajo,municipio
010801,070101,43,trabajo,municipio
010801,070104,1,trabajo,municipio
010801,070105,8,trabajo,municipio
010801,070201,1,trabajo,municipio
010801,071001,1,trabajo,municipio
010901,070101,6,trabajo,municipio
010902,070101,13,trabajo,municipio
010902,070201,2,trabajo,municipio
010902,071001,2,trabajo,municipio
010903,070101,3,trabajo,municipio
010903,071001,1,trabajo,municipio
011001,070101,43,trabajo,municipio
011001,070104,4,trabajo,municipio
011001,070201,1,trabajo,municipio
011001,070502,2,trabajo,municipio
011001,071001,1,trabajo,municipio
011002,070101,20,trabajo,municipio
011003,070101,42,trabajo,municipio
011003,070102,2,trabajo,municipio
011003,070104,1,trabajo,municipio
011003,070502,1,trabajo,municipio
020101,070101,470,trabajo,municipio
020101,070102,3,trabajo,municipio
020101,070104,2,trabajo,municipio
020101,070105,3,trabajo,municipio
020101,070201,5,trabajo,municipio
020101,071001,6,trabajo,municipio
020102,070101,8,trabajo,municipio
020103,070101,9,trabajo,municipio
020104,070101,23,trabajo,municipio
020104,070105,1,trabajo,municipio
020104,070201,1,trabajo,municipio
020104,071001,2,trabajo,municipio
020105,070101,473,trabajo,municipio
020105,070102,1,trabajo,municipio
020105,070104,8,trabajo,municipio
020105,070105,1,trabajo,municipio
020105,070201,8,trabajo,municipio
020105,071001,7,trabajo,municipio
020201,070101,18,trabajo,municipio
020201,070201,1,trabajo,municipio
020202,070101,1,trabajo,municipio
020203,070101,3,trabajo,municipio
020204,070101,3,trabajo,municipio
020205,070101,4,trabajo,municipio
020205,070201,1,trabajo,municipio
020206,070101,7,trabajo,municipio
020301,070101,6,trabajo,municipio
020302,070101,4,trabajo,municipio
020303,070101,4,trabajo,municipio
020304,070101,1,trabajo,municipio
020305,070101,2,trabajo,municipio
020306,070101,3,trabajo,municipio
020308,070101,5,trabajo,municipio
020401,070101,5,trabajo,municipio
020402,070101,6,trabajo,municipio
020403,070101,3,trabajo,municipio
020405,070101,4,trabajo,municipio
020501,070101,2,trabajo,municipio
020501,070201,1,trabajo,municipio
020601,070101,8,trabajo,municipio
020602,070101,3,trabajo,municipio
020603,070101,1,trabajo,municipio
020606,070101,2,trabajo,municipio
020606,070102,1,trabajo,municipio
020607,070101,5,trabajo,municipio
020608,070101,1,trabajo,municipio
020608,070201,1,trabajo,municipio
020701,070101,3,trabajo,municipio
020701,070102,1,trabajo,municipio
020702,070502,1,trabajo,municipio
020801,070101,57,trabajo,municipio
020801,070104,1,trabajo,municipio
020801,070201,2,trabajo,municipio
020801,070502,1,trabajo,municipio
020801,071001,2,trabajo,municipio
020802,070101,1,trabajo,municipio
020803,070101,2,trabajo,municipio
020804,070101,1,trabajo,municipio
020806,070101,4,trabajo,municipio
020901,070101,3,trabajo,municipio
020901,070201,1,trabajo,municipio
020902,070101,11,trabajo,municipio
020903,070101,8,trabajo,municipio
020904,070101,4,trabajo,municipio
020905,070101,1,trabajo,municipio
021001,070101,5,trabajo,municipio
021002,070101,5,trabajo,municipio
021003,070101,5,trabajo,municipio
021003,070201,1,trabajo,municipio
021004,070101,6,trabajo,municipio
021004,070201,1,trabajo,municipio
021006,070101,8,trabajo,municipio
021006,070201,1,trabajo,municipio
021101,070101,3,trabajo,municipio
021102,070101,4,trabajo,municipio
021103,070101,1,trabajo,municipio
021104,070101,3,trabajo,municipio
021105,070101,6,trabajo,municipio
021105,070201,1,trabajo,municipio
021201,070101,10,trabajo,municipio
021202,070101,10,trabajo,municipio
021203,070101,7,trabajo,municipio
021301,070101,37,trabajo,municipio
021301,070201,3,trabajo,municipio
021302,070101,11,trabajo,municipio
021302,070102,1,trabajo,municipio
021303,070101,7,trabajo,municipio
021303,070201,1,trabajo,municipio
021304,070101,10,trabajo,municipio
021305,070101,28,trabajo,municipio
021305,070104,1,trabajo,municipio
021306,070101,14,trabajo,municipio
021306,070104,1,trabajo,municipio
021307,070101,8,trabajo,municipio
021401,070101,15,trabajo,municipio
021402,070101,13,trabajo,municipio
021402,070201,1,trabajo,municipio
021501,070101,2,trabajo,municipio
021502,070101,2,trabajo,municipio
021601,070101,10,trabajo,municipio
021601,070201,1,trabajo,municipio
021602,070101,1,trabajo,municipio
021701,070101,11,trabajo,municipio
021702,070101,3,trabajo,municipio
021801,070101,8,trabajo,municipio
021801,070502,1,trabajo,municipio
021802,070101,8,trabajo,municipio
021803,070101,4,trabajo,municipio
021901,070101,1,trabajo,municipio
022001,070101,4,trabajo,municipio
022001,070104,1,trabajo,municipio
022001,070201,1,trabajo,municipio
022002,070105,1,trabajo,municipio
030101,070101,802,trabajo,municipio
030101,070102,8,trabajo,municipio
030101,070103,2,trabajo,municipio
030101,070104,8,trabajo,municipio
030101,070105,4,trabajo,municipio
030101,070201,28,trabajo,municipio
030101,070502,2,trabajo,municipio
030101,070603,1,trabajo,municipio
030101,071001,28,trabajo,municipio
030201,070101,47,trabajo,municipio
030201,070105,1,trabajo,municipio
030201,070201,2,trabajo,municipio
030201,070502,1,trabajo,municipio
030202,070101,25,trabajo,municipio
030202,070102,1,trabajo,municipio
030202,070104,1,trabajo,municipio
030202,070105,1,trabajo,municipio
030202,070201,1,trabajo,municipio
030202,071001,1,trabajo,municipio
030203,070101,10,trabajo,municipio
030203,070105,2,trabajo,municipio
030301,070101,2,trabajo,municipio
030302,070101,3,trabajo,municipio
030302,071001,1,trabajo,municipio
030303,070101,6,trabajo,municipio
030401,070101,9,trabajo,municipio
030401,070102,1,trabajo,municipio
030402,070101,7,trabajo,municipio
030403,070101,36,trabajo,municipio
030403,071001,3,trabajo,municipio
030404,070101,2,trabajo,municipio
030404,070201,1,trabajo,municipio
030501,070101,22,trabajo,municipio
030502,070101,6,trabajo,municipio
030502,070102,2,trabajo,municipio
030502,070105,1,trabajo,municipio
030502,070201,1,trabajo,municipio
030601,070101,4,trabajo,municipio
030602,070101,8,trabajo,municipio
030701,070101,30,trabajo,municipio
030701,070102,1,trabajo,municipio
030702,070101,9,trabajo,municipio
030702,070201,8,trabajo,municipio
030702,071001,2,trabajo,municipio
030801,070101,30,trabajo,municipio
030802,070101,13,trabajo,municipio
030802,070201,1,trabajo,municipio
030802,071001,4,trabajo,municipio
030803,070101,12,trabajo,municipio
030803,071001,2,trabajo,municipio
030901,070101,228,trabajo,municipio
030901,070102,2,trabajo,municipio
030901,070103,1,trabajo,municipio
030901,070201,3,trabajo,municipio
030901,070502,1,trabajo,municipio
030901,071001,21,trabajo,municipio
030902,070101,108,trabajo,municipio
030902,070104,1,trabajo,municipio
030902,070105,2,trabajo,municipio
030902,070201,2,trabajo,municipio
030902,070502,1,trabajo,municipio
030902,071001,4,trabajo,municipio
030903,070101,86,trabajo,municipio
030903,070102,1,trabajo,municipio
030903,070103,1,trabajo,municipio
030903,070104,3,trabajo,municipio
030903,070201,8,trabajo,municipio
030903,070603,1,trabajo,municipio
030903,071001,4,trabajo,municipio
030904,070101,94,trabajo,municipio
030904,070102,3,trabajo,municipio
030904,070104,1,trabajo,municipio
030904,070201,2,trabajo,municipio
030904,071001,3,trabajo,municipio
030905,070101,72,trabajo,municipio
030905,070102,2,trabajo,municipio
030905,070104,2,trabajo,municipio
030905,070201,3,trabajo,municipio
030905,070502,1,trabajo,municipio
030905,071001,4,trabajo,municipio
031001,070101,386,trabajo,municipio
031001,070102,6,trabajo,municipio
031001,070104,2,trabajo,municipio
031001,070105,3,trabajo,municipio
031001,070201,13,trabajo,municipio
031001,070502,2,trabajo,municipio
031001,071001,22,trabajo,municipio
031002,070101,36,trabajo,municipio
031002,070104,1,trabajo,municipio
031002,070201,1,trabajo,municipio
031002,070502,1,trabajo,municipio
031002,071001,3,trabajo,municipio
031003,070101,62,trabajo,municipio
031003,070102,2,trabajo,municipio
031003,070103,1,trabajo,municipio
031003,070104,2,trabajo,municipio
031003,070201,5,trabajo,municipio
031003,071001,2,trabajo,municipio
031101,070101,12,trabajo,municipio
031201,070101,16,trabajo,municipio
031202,070101,21,trabajo,municipio
031202,070102,1,trabajo,municipio
031202,070104,2,trabajo,municipio
031202,070105,2,trabajo,municipio
031202,071001,2,trabajo,municipio
031203,070101,20,trabajo,municipio
031203,070104,1,trabajo,municipio
031203,071001,1,trabajo,municipio
031204,070101,26,trabajo,municipio
031204,070201,1,trabajo,municipio
031204,070502,1,trabajo,municipio
031204,071001,3,trabajo,municipio
031205,070101,66,trabajo,municipio
031205,070104,1,trabajo,municipio
031205,070201,6,trabajo,municipio
031205,070502,1,trabajo,municipio
031205,071001,5,trabajo,municipio
031206,070101,65,trabajo,municipio
031206,070102,5,trabajo,municipio
031206,070103,1,trabajo,municipio
031206,070104,2,trabajo,municipio
031206,070201,3,trabajo,municipio
031206,071001,9,trabajo,municipio
031301,070101,19,trabajo,municipio
031301,070104,1,trabajo,municipio
031301,071001,1,trabajo,municipio
031303,070101,4,trabajo,municipio
031303,071001,1,trabajo,municipio
031304,070101,16,trabajo,municipio
031304,071001,1,trabajo,municipio
031401,070101,75,trabajo,municipio
031401,070102,1,trabajo,municipio
031401,070104,1,trabajo,municipio
031401,070105,2,trabajo,municipio
031401,070201,1,trabajo,municipio
031401,071001,6,trabajo,municipio
031402,070101,21,trabajo,municipio
031403,070101,38,trabajo,municipio
031403,070201,1,trabajo,municipio
031403,070502,1,trabajo,municipio
031403,071001,3,trabajo,municipio
031404,070101,1,trabajo,municipio
031405,070101,4,trabajo,municipio
031405,070201,1,trabajo,municipio
031501,070101,3,trabajo,municipio
031601,070101,19,trabajo,municipio
031601,070104,1,trabajo,municipio
031602,070101,15,trabajo,municipio
031602,070104,1,trabajo,municipio
031602,071001,1,trabajo,municipio
040101,070101,166,trabajo,municipio
040101,070102,1,trabajo,municipio
040101,070201,3,trabajo,municipio
040101,071001,1,trabajo,municipio
040102,070101,15,trabajo,municipio
040102,070102,1,trabajo,municipio
040102,070201,1,trabajo,municipio
040103,070101,5,trabajo,municipio
040104,070101,5,trabajo,municipio
040201,070101,14,trabajo,municipio
040201,071001,8,trabajo,municipio
040202,070101,11,trabajo,municipio
040301,070101,25,trabajo,municipio
040301,070201,1,trabajo,municipio
040302,070101,6,trabajo,municipio
040401,070101,1,trabajo,municipio
040402,070101,1,trabajo,municipio
040501,070101,10,trabajo,municipio
040502,070101,7,trabajo,municipio
040503,070101,4,trabajo,municipio
040504,070101,9,trabajo,municipio
040505,070101,2,trabajo,municipio
040601,070101,9,trabajo,municipio
040602,070101,4,trabajo,municipio
040701,070101,4,trabajo,municipio
040702,070101,3,trabajo,municipio
040801,070101,30,trabajo,municipio
040801,070103,1,trabajo,municipio
040801,070105,1,trabajo,municipio
040801,070201,1,trabajo,municipio
040801,070502,1,trabajo,municipio
040801,071001,1,trabajo,municipio
040802,070101,7,trabajo,municipio
040802,070102,1,trabajo,municipio
040802,071001,1,trabajo,municipio
040901,070101,11,trabajo,municipio
041001,070101,16,trabajo,municipio
041001,071001,1,trabajo,municipio
041101,070101,11,trabajo,municipio
041201,070101,9,trabajo,municipio
041202,070101,4,trabajo,municipio
041301,070101,4,trabajo,municipio
041301,070102,1,trabajo,municipio
041301,070201,1,trabajo,municipio
041401,070101,45,trabajo,municipio
041401,070201,2,trabajo,municipio
041501,070101,1,trabajo,municipio
041502,070101,1,trabajo,municipio
041503,070101,1,trabajo,municipio
041601,070101,2,trabajo,municipio
050101,070101,64,trabajo,municipio
050101,070103,1,trabajo,municipio
050101,070502,1,trabajo,municipio
050102,070101,20,trabajo,municipio
050103,070101,34,trabajo,municipio
050104,070101,10,trabajo,municipio
050201,070101,13,trabajo,municipio
050202,070101,4,trabajo,municipio
050203,070101,10,trabajo,municipio
050203,071001,2,trabajo,municipio
050204,070101,3,trabajo,municipio
050204,070104,3,trabajo,municipio
050301,070101,90,trabajo,municipio
050301,070102,3,trabajo,municipio
050301,070104,1,trabajo,municipio
050301,070105,1,trabajo,municipio
050301,071001,5,trabajo,municipio
050302,070101,12,trabajo,municipio
050302,070102,1,trabajo,municipio
050302,070105,2,trabajo,municipio
050302,070201,1,trabajo,municipio
050303,070101,10,trabajo,municipio
050401,070101,3,trabajo,municipio
050402,070101,40,trabajo,municipio
050402,070104,1,trabajo,municipio
050403,070101,30,trabajo,municipio
050403,070201,2,trabajo,municipio
050403,071001,1,trabajo,municipio
050404,070101,25,trabajo,municipio
050404,070102,1,trabajo,municipio
050405,070101,21,trabajo,municipio
050405,070104,1,trabajo,municipio
050405,070201,3,trabajo,municipio
050405,071001,1,trabajo,municipio
050501,070101,6,trabajo,municipio
050501,071001,1,trabajo,municipio
050502,070101,7,trabajo,municipio
050601,070101,33,trabajo,municipio
050601,070201,2,trabajo,municipio
050601,071001,4,trabajo,municipio
050602,070101,31,trabajo,municipio
050602,070102,1,trabajo,municipio
050602,071001,2,trabajo,municipio
050701,070101,8,trabajo,municipio
050701,070201,1,trabajo,municipio
050702,070101,4,trabajo,municipio
050702,071001,1,trabajo,municipio
050801,070101,22,trabajo,municipio
050801,070103,1,trabajo,municipio
050802,070101,1,trabajo,municipio
050802,071001,1,trabajo,municipio
050901,070101,2,trabajo,municipio
050901,070104,1,trabajo,municipio
050902,070101,1,trabajo,municipio
051002,070101,1,trabajo,municipio
051101,070101,20,trabajo,municipio
051101,070102,1,trabajo,municipio
051101,070201,1,trabajo,municipio
051101,071001,1,trabajo,municipio
051102,070101,14,trabajo,municipio
051102,070502,1,trabajo,municipio
051103,070101,26,trabajo,municipio
051103,070102,1,trabajo,municipio
051103,070104,1,trabajo,municipio
051201,070101,12,trabajo,municipio
051201,070201,1,trabajo,municipio
051201,071001,1,trabajo,municipio
051202,070101,16,trabajo,municipio
051202,070201,1,trabajo,municipio
051203,070101,2,trabajo,municipio
051204,070101,12,trabajo,municipio
051204,071001,1,trabajo,municipio
051301,070101,5,trabajo,municipio
051302,070101,2,trabajo,municipio
051401,070101,1,trabajo,municipio
051401,070102,1,trabajo,municipio
051402,070101,2,trabajo,municipio
051501,070101,19,trabajo,municipio
051501,070102,1,trabajo,municipio
060101,070101,204,trabajo,municipio
060101,070102,4,trabajo,municipio
060101,070103,1,trabajo,municipio
060101,070104,1,trabajo,municipio
060101,070105,1,trabajo,municipio
060101,070201,4,trabajo,municipio
060101,071001,2,trabajo,municipio
060201,070101,6,trabajo,municipio
060201,070102,1,trabajo,municipio
060201,071001,1,trabajo,municipio
060202,070101,16,trabajo,municipio
060301,070101,299,trabajo,municipio
060301,070102,2,trabajo,municipio
060301,070104,1,trabajo,municipio
060301,070105,2,trabajo,municipio
060301,070201,2,trabajo,municipio
060301,070502,2,trabajo,municipio
060301,071001,4,trabajo,municipio
060302,070101,25,trabajo,municipio
060302,070102,1,trabajo,municipio
060302,070104,1,trabajo,municipio
060302,070105,1,trabajo,municipio
060302,070201,1,trabajo,municipio
060302,071001,2,trabajo,municipio
060303,070101,110,trabajo,municipio
060303,070102,2,trabajo,municipio
060303,070104,3,trabajo,municipio
060303,070105,1,trabajo,municipio
060303,070201,2,trabajo,municipio
060303,070603,1,trabajo,municipio
060303,071001,3,trabajo,municipio
060401,070101,6,trabajo,municipio
060401,070201,1,trabajo,municipio
060401,071001,1,trabajo,municipio
060402,070101,1,trabajo,municipio
060501,070101,22,trabajo,municipio
060501,071001,2,trabajo,municipio
060502,070101,5,trabajo,municipio
060601,070101,16,trabajo,municipio
060601,070102,2,trabajo,municipio
060601,070104,2,trabajo,municipio
060601,070201,3,trabajo,municipio
070101,010101,106,trabajo,municipio
070101,010102,2,trabajo,municipio
070101,010199,6,trabajo,provincia
070101,010201,5,trabajo,municipio
070101,010202,3,trabajo,municipio
070101,010301,2,trabajo,municipio
070101,010302,1,trabajo,municipio
070101,010304,2,trabajo,municipio
070101,010401,2,trabajo,municipio
070101,010402,3,trabajo,municipio
070101,010405,1,trabajo,municipio
070101,010501,28,trabajo,municipio
070101,010502,4,trabajo,municipio
070101,010599,7,trabajo,provincia
070101,010601,2,trabajo,municipio
070101,010602,4,trabajo,municipio
070101,010701,10,trabajo,municipio
070101,010703,11,trabajo,municipio
070101,010704,1,trabajo,municipio
070101,010801,13,trabajo,municipio
070101,010901,1,trabajo,municipio
070101,011001,11,trabajo,municipio
070101,011003,7,trabajo,municipio
070101,011099,3,trabajo,provincia
070101,019999,80,trabajo,departamento
070101,020101,645,trabajo,municipio
070101,020102,3,trabajo,municipio
070101,020105,44,trabajo,municipio
070101,020199,51,trabajo,provincia
070101,020203,1,trabajo,municipio
070101,020299,1,trabajo,provincia
070101,020303,1,trabajo,municipio
070101,020399,1,trabajo,provincia
070101,020501,1,trabajo,municipio
070101,020601,1,trabajo,municipio
070101,020602,6,trabajo,municipio
070101,020603,6,trabajo,municipio
070101,020607,1,trabajo,municipio
070101,020608,44,trabajo,municipio
070101,020699,4,trabajo,provincia
070101,020701,1,trabajo,municipio
070101,020799,1,trabajo,provincia
070101,020801,1,trabajo,municipio
070101,020803,1,trabajo,municipio
070101,020804,1,trabajo,municipio
070101,020805,1,trabajo,municipio
070101,020899,2,trabajo,provincia
070101,020904,1,trabajo,municipio
070101,020905,3,trabajo,municipio
070101,021001,2,trabajo,municipio
070101,021002,4,trabajo,municipio
070101,021003,1,trabajo,municipio
070101,021004,3,trabajo,municipio
070101,021101,25,trabajo,municipio
070101,021102,1,trabajo,municipio
070101,021103,1,trabajo,municipio
070101,021104,14,trabajo,municipio
070101,021105,3,trabajo,municipio
070101,021199,3,trabajo,provincia
070101,021201,2,trabajo,municipio
070101,021202,1,trabajo,municipio
070101,021203,1,trabajo,municipio
070101,021304,1,trabajo,municipio
070101,021399,2,trabajo,provincia
070101,021401,3,trabajo,municipio
070101,021402,1,trabajo,municipio
070101,021499,1,trabajo,provincia
070101,021501,16,trabajo,municipio
070101,021502,1,trabajo,municipio
070101,021601,1,trabajo,municipio
070101,021701,5,trabajo,municipio
070101,021702,1,trabajo,municipio
070101,021803,2,trabajo,municipio
070101,021899,1,trabajo,provincia
070101,021901,2,trabajo,municipio
070101,022001,25,trabajo,municipio
070101,022002,11,trabajo,municipio
070101,029999,13,trabajo,departamento
070101,030101,499,trabajo,municipio
070101,030201,5,trabajo,municipio
070101,030203,1,trabajo,municipio
070101,030299,2,trabajo,provincia
070101,030301,2,trabajo,municipio
070101,030402,1,trabajo,municipio
070101,030499,1,trabajo,provincia
070101,030501,4,trabajo,municipio
070101,030701,6,trabajo,municipio
070101,030702,1,trabajo,municipio
070101,030801,3,trabajo,municipio
070101,030802,2,trabajo,municipio
070101,030901,8,trabajo,municipio
070101,030902,2,trabajo,municipio
070101,030903,5,trabajo,municipio
070101,030904,1,trabajo,municipio
070101,030905,2,trabajo,municipio
070101,031001,7,trabajo,municipio
070101,031002,6,trabajo,municipio
070101,031003,27,trabajo,municipio
070101,031099,27,trabajo,provincia
070101,031101,5,trabajo,municipio
070101,031201,1,trabajo,municipio
070101,031202,5,trabajo,municipio
070101,031203,1,trabajo,municipio
070101,031204,14,trabajo,municipio
070101,031205,30,trabajo,municipio
070101,031206,55,trabajo,municipio
070101,031299,13,trabajo,provincia
070101,031301,3,trabajo,municipio
070101,031303,1,trabajo,municipio
070101,031304,1,trabajo,municipio
070101,031399,1,trabajo,provincia
070101,031401,2,trabajo,municipio
070101,031402,1,trabajo,municipio
070101,031403,1,trabajo,municipio
070101,031601,2,trabajo,municipio
070101,031602,7,trabajo,municipio
070101,039999,10,trabajo,departamento
070101,040101,91,trabajo,municipio
070101,040102,9,trabajo,municipio
070101,040103,17,trabajo,municipio
070101,040199,3,trabajo,provincia
070101,040301,1,trabajo,municipio
070101,040402,2,trabajo,municipio
070101,040602,1,trabajo,municipio
070101,040701,7,trabajo,municipio
070101,040901,1,trabajo,municipio
070101,041201,1,trabajo,municipio
070101,041202,6,trabajo,municipio
070101,041401,1,trabajo,municipio
070101,041503,1,trabajo,municipio
070101,041601,1,trabajo,municipio
070101,049999,2,trabajo,departamento
070101,050101,122,trabajo,municipio
070101,050199,4,trabajo,provincia
070101,050201,2,trabajo,municipio
070101,050203,4,trabajo,municipio
070101,050299,2,trabajo,provincia
070101,050301,5,trabajo,municipio
070101,050401,2,trabajo,municipio
070101,050402,2,trabajo,municipio
070101,050501,1,trabajo,municipio
070101,050502,2,trabajo,municipio
070101,050599,2,trabajo,provincia
070101,050601,6,trabajo,municipio
070101,050699,1,trabajo,provincia
070101,050702,1,trabajo,municipio
070101,050801,11,trabajo,municipio
070101,050901,6,trabajo,municipio
070101,050999,4,trabajo,provincia
070101,051001,5,trabajo,municipio
070101,051103,1,trabajo,municipio
070101,051199,1,trabajo,provincia
070101,051201,8,trabajo,municipio
070101,051203,3,trabajo,municipio
070101,051299,3,trabajo,provincia
070101,051501,3,trabajo,municipio
070101,059999,4,trabajo,departamento
070101,060101,198,trabajo,municipio
070101,060201,2,trabajo,municipio
070101,060202,18,trabajo,municipio
070101,060299,1,trabajo,provincia
070101,060301,146,trabajo,municipio
070101,060302,17,trabajo,municipio
070101,060303,103,trabajo,municipio
070101,060399,6,trabajo,provincia
070101,060601,8,trabajo,municipio
070101,069999,1,trabajo,departamento
070101,070101,719126,trabajo,municipio
070101,070102,1773,trabajo,municipio
070101,070103,1223,trabajo,municipio
070101,070104,1606,trabajo,municipio
070101,070105,279,trabajo,municipio
070101,070199,1114,trabajo,provincia
070101,070201,2887,trabajo,municipio
070101,070202,73,trabajo,municipio
070101,070299,3,trabajo,provincia
070101,070301,254,trabajo,municipio
070101,070302,42,trabajo,municipio
070101,070303,44,trabajo,municipio
070101,070399,53,trabajo,provincia
070101,070401,101,trabajo,municipio
070101,070402,47,trabajo,municipio
070101,070403,270,trabajo,municipio
070101,070404,46,trabajo,municipio
070101,070499,54,trabajo,provincia
070101,070501,604,trabajo,municipio
070101,070502,771,trabajo,municipio
070101,070503,115,trabajo,municipio
070101,070599,83,trabajo,provincia
070101,070601,147,trabajo,municipio
070101,070602,116,trabajo,municipio
070101,070603,68,trabajo,municipio
070101,070699,28,trabajo,provincia
070101,070701,23,trabajo,municipio
070101,070702,149,trabajo,municipio
070101,070703,364,trabajo,municipio
070101,070704,7,trabajo,municipio
070101,070705,23,trabajo,municipio
070101,070706,183,trabajo,municipio
070101,070707,13,trabajo,municipio
070101,070799,38,trabajo,provincia
070101,070801,115,trabajo,municipio
070101,070802,3,trabajo,municipio
070101,070803,14,trabajo,municipio
070101,070804,2,trabajo,municipio
070101,070805,3,trabajo,municipio
070101,070901,124,trabajo,municipio
070101,070902,99,trabajo,municipio
070101,070903,42,trabajo,municipio
070101,070904,3,trabajo,municipio
070101,070999,25,trabajo,provincia
070101,071001,928,trabajo,municipio
070101,071002,20,trabajo,municipio
070101,071003,75,trabajo,municipio
070101,071004,84,trabajo,municipio
070101,071005,111,trabajo,municipio
070101,071099,75,trabajo,provincia
070101,071101,245,trabajo,municipio
070101,071102,132,trabajo,municipio
070101,071103,329,trabajo,municipio
070101,071104,2,trabajo,municipio
070101,071105,122,trabajo,municipio
070101,071106,320,trabajo,municipio
070101,071199,66,trabajo,provincia
070101,071201,60,trabajo,municipio
070101,071301,105,trabajo,municipio
070101,071302,17,trabajo,municipio
070101,071399,7,trabajo,provincia
070101,071401,117,trabajo,municipio
070101,071402,85,trabajo,municipio
070101,071403,50,trabajo,municipio
070101,071499,15,trabajo,provincia
070101,071501,56,trabajo,municipio
070101,071502,9,trabajo,municipio
070101,071503,41,trabajo,municipio
070101,071599,275,trabajo,provincia
070101,079999,1010,trabajo,departamento
070101,080101,151,trabajo,municipio
070101,080102,2,trabajo,municipio
070101,080199,2,trabajo,provincia
070101,080201,28,trabajo,municipio
070101,080202,51,trabajo,municipio
070101,080299,5,trabajo,provincia
070101,080301,8,trabajo,municipio
070101,080302,99,trabajo,municipio
070101,080303,3,trabajo,municipio
070101,080304,10,trabajo,municipio
070101,080399,3,trabajo,provincia
070101,080401,17,trabajo,municipio
070101,080402,4,trabajo,municipio
070101,080499,7,trabajo,provincia
070101,080501,12,trabajo,municipio
070101,080601,2,trabajo,municipio
070101,080602,20,trabajo,municipio
070101,080699,4,trabajo,provincia
070101,080701,13,trabajo,municipio
070101,080702,5,trabajo,municipio
070101,080801,3,trabajo,municipio
070101,080802,7,trabajo,municipio
070101,080803,5,trabajo,municipio
070101,080899,4,trabajo,provincia
070101,080901,2,trabajo,municipio
070101,089999,288,trabajo,departamento
070101,090101,28,trabajo,municipio
070101,090103,1,trabajo,municipio
070101,090104,4,trabajo,municipio
070101,090199,1,trabajo,provincia
070101,090201,4,trabajo,municipio
070101,090203,2,trabajo,municipio
070101,090301,3,trabajo,municipio
070101,090302,2,trabajo,municipio
070101,090303,6,trabajo,municipio
070101,090402,2,trabajo,municipio
070101,090502,1,trabajo,municipio
070101,090503,1,trabajo,municipio
070101,099999,19,trabajo,departamento
070102,010101,6,trabajo,municipio
070102,010102,1,trabajo,municipio
070102,010401,1,trabajo,municipio
070102,010801,1,trabajo,municipio
070102,010902,1,trabajo,municipio
070102,019999,3,trabajo,departamento
070102,020101,21,trabajo,municipio
070102,020102,1,trabajo,municipio
070102,020103,3,trabajo,municipio
070102,020105,4,trabajo,municipio
070102,020902,1,trabajo,municipio
070102,021104,2,trabajo,municipio
070102,021105,1,trabajo,municipio
070102,021301,1,trabajo,municipio
070102,021501,3,trabajo,municipio
070102,022001,2,trabajo,municipio
070102,029999,4,trabajo,departamento
070102,030101,36,trabajo,municipio
070102,030299,1,trabajo,provincia
070102,030702,1,trabajo,municipio
070102,030801,1,trabajo,municipio
070102,030901,2,trabajo,municipio
070102,030903,1,trabajo,municipio
070102,031003,1,trabajo,municipio
070102,031099,5,trabajo,provincia
070102,031101,1,trabajo,municipio
070102,031202,1,trabajo,municipio
070102,031204,2,trabajo,municipio
070102,031205,7,trabajo,municipio
070102,031206,1,trabajo,municipio
070102,031301,4,trabajo,municipio
070102,031401,1,trabajo,municipio
070102,039999,1,trabajo,departamento
070102,040101,3,trabajo,municipio
070102,040104,1,trabajo,municipio
070102,040601,1,trabajo,municipio
070102,041202,1,trabajo,municipio
070102,049999,1,trabajo,departamento
070102,050101,11,trabajo,municipio
070102,050204,2,trabajo,municipio
070102,050599,2,trabajo,provincia
070102,050601,1,trabajo,municipio
070102,050801,1,trabajo,municipio
070102,050802,1,trabajo,municipio
070102,051001,2,trabajo,municipio
070102,051199,1,trabajo,provincia
070102,051201,1,trabajo,municipio
070102,051501,3,trabajo,municipio
070102,060101,13,trabajo,municipio
070102,060301,5,trabajo,municipio
070102,060303,4,trabajo,municipio
070102,060501,2,trabajo,municipio
070102,060601,1,trabajo,municipio
070102,069999,1,trabajo,departamento
070102,070101,6595,trabajo,municipio
070102,070102,31733,trabajo,municipio
070102,070103,61,trabajo,municipio
070102,070104,86,trabajo,municipio
070102,070105,18,trabajo,municipio
070102,070199,1154,trabajo,provincia
070102,070201,186,trabajo,municipio
070102,070202,12,trabajo,municipio
070102,070301,38,trabajo,municipio
070102,070302,9,trabajo,municipio
070102,070303,3,trabajo,municipio
070102,070399,3,trabajo,provincia
070102,070401,7,trabajo,municipio
070102,070402,2,trabajo,municipio
070102,070403,12,trabajo,municipio
070102,070404,2,trabajo,municipio
070102,070499,2,trabajo,provincia
070102,070501,57,trabajo,municipio
070102,070502,220,trabajo,municipio
070102,070503,8,trabajo,municipio
070102,070599,12,trabajo,provincia
070102,070601,11,trabajo,municipio
070102,070602,2,trabajo,municipio
070102,070603,4,trabajo,municipio
070102,070699,3,trabajo,provincia
070102,070701,1,trabajo,municipio
070102,070702,7,trabajo,municipio
070102,070703,19,trabajo,municipio
070102,070705,2,trabajo,municipio
070102,070706,9,trabajo,municipio
070102,070707,1,trabajo,municipio
070102,070799,1,trabajo,provincia
070102,070801,11,trabajo,municipio
070102,070805,2,trabajo,municipio
070102,070901,6,trabajo,municipio
070102,070902,2,trabajo,municipio
070102,070903,2,trabajo,municipio
070102,071001,57,trabajo,municipio
070102,071003,5,trabajo,municipio
070102,071004,5,trabajo,municipio
070102,071005,12,trabajo,municipio
070102,071099,1,trabajo,provincia
070102,071101,23,trabajo,municipio
070102,071102,8,trabajo,municipio
070102,071103,50,trabajo,municipio
070102,071105,13,trabajo,municipio
070102,071106,66,trabajo,municipio
070102,071199,1,trabajo,provincia
070102,071201,6,trabajo,municipio
070102,071301,26,trabajo,municipio
070102,071401,12,trabajo,municipio
070102,071402,8,trabajo,municipio
070102,071403,10,trabajo,municipio
070102,071501,1,trabajo,municipio
070102,071502,1,trabajo,municipio
070102,071503,4,trabajo,municipio
070102,071599,27,trabajo,provincia
070102,079999,268,trabajo,departamento
070102,080101,5,trabajo,municipio
070102,080201,1,trabajo,municipio
070102,080202,1,trabajo,municipio
070102,080301,1,trabajo,municipio
070102,080302,14,trabajo,municipio
070102,080402,2,trabajo,municipio
070102,080501,1,trabajo,municipio
070102,080701,1,trabajo,municipio
070102,080801,1,trabajo,municipio
070102,089999,10,trabajo,departamento
070102,090101,4,trabajo,municipio
070102,090203,1,trabajo,municipio
070102,090501,3,trabajo,municipio
070102,090502,1,trabajo,municipio
070103,010101,4,trabajo,municipio
070103,010401,1,trabajo,municipio
070103,010602,1,trabajo,municipio
070103,020101,43,trabajo,municipio
070103,020105,3,trabajo,municipio
070103,020199,3,trabajo,provincia
070103,020608,1,trabajo,municipio
070103,021102,1,trabajo,municipio
070103,021402,2,trabajo,municipio
070103,022001,1,trabajo,municipio
070103,029999,1,trabajo,departamento
070103,030101,6,trabajo,municipio
070103,031101,1,trabajo,municipio
070103,040101,2,trabajo,municipio
070103,040103,1,trabajo,municipio
070103,050101,4,trabajo,municipio
070103,050199,1,trabajo,provincia
070103,050901,1,trabajo,municipio
070103,051201,2,trabajo,municipio
070103,060101,2,trabajo,municipio
070103,060301,3,trabajo,municipio
070103,060303,1,trabajo,municipio
070103,060399,1,trabajo,provincia
070103,070101,2482,trabajo,municipio
070103,070102,22,trabajo,municipio
070103,070103,6705,trabajo,municipio
070103,070104,76,trabajo,municipio
070103,070105,6,trabajo,municipio
070103,070199,286,trabajo,provincia
070103,070201,56,trabajo,municipio
070103,070202,2,trabajo,municipio
070103,070301,5,trabajo,municipio
070103,070302,2,trabajo,municipio
070103,070399,1,trabajo,provincia
070103,070401,6,trabajo,municipio
070103,070402,3,trabajo,municipio
070103,070403,3,trabajo,municipio
070103,070499,1,trabajo,provincia
070103,070501,14,trabajo,municipio
070103,070502,24,trabajo,municipio
070103,070503,1,trabajo,municipio
070103,070599,1,trabajo,provincia
070103,070601,5,trabajo,municipio
070103,070602,2,trabajo,municipio
070103,070603,4,trabajo,municipio
070103,070699,2,trabajo,provincia
070103,070702,1,trabajo,municipio
070103,070703,9,trabajo,municipio
070103,070704,2,trabajo,municipio
070103,070706,4,trabajo,municipio
070103,070799,1,trabajo,provincia
070103,070901,4,trabajo,municipio
070103,070903,1,trabajo,municipio
070103,071001,15,trabajo,municipio
070103,071002,1,trabajo,municipio
070103,071003,1,trabajo,municipio
070103,071004,1,trabajo,municipio
070103,071005,1,trabajo,municipio
070103,071099,1,trabajo,provincia
070103,071101,7,trabajo,municipio
070103,071102,6,trabajo,municipio
070103,071103,8,trabajo,municipio
070103,071105,3,trabajo,municipio
070103,071106,9,trabajo,municipio
070103,071201,3,trabajo,municipio
070103,071401,2,trabajo,municipio
070103,071403,1,trabajo,municipio
070103,071501,1,trabajo,municipio
070103,071503,3,trabajo,municipio
070103,071599,9,trabajo,provincia
070103,079999,19,trabajo,departamento
070103,080101,1,trabajo,municipio
070103,080201,2,trabajo,municipio
070103,080202,2,trabajo,municipio
070103,080302,6,trabajo,municipio
070103,080401,1,trabajo,municipio
070103,080402,1,trabajo,municipio
070103,080701,1,trabajo,municipio
070103,089999,8,trabajo,departamento
070103,099999,3,trabajo,departamento
070104,010101,19,trabajo,municipio
070104,010202,1,trabajo,municipio
070104,010303,2,trabajo,municipio
070104,010402,1,trabajo,municipio
070104,010403,1,trabajo,municipio
070104,010501,4,trabajo,municipio
070104,010703,1,trabajo,municipio
070104,010801,1,trabajo,municipio
070104,010902,1,trabajo,municipio
070104,019999,13,trabajo,departamento
070104,020101,41,trabajo,municipio
070104,020105,5,trabajo,municipio
070104,020199,2,trabajo,provincia
070104,020607,2,trabajo,municipio
070104,020608,13,trabajo,municipio
070104,021002,1,trabajo,municipio
070104,021101,1,trabajo,municipio
070104,021105,2,trabajo,municipio
070104,021501,1,trabajo,municipio
070104,022001,2,trabajo,municipio
070104,022002,1,trabajo,municipio
070104,029999,4,trabajo,departamento
070104,030101,58,trabajo,municipio
070104,030201,3,trabajo,municipio
070104,030702,1,trabajo,municipio
070104,030901,1,trabajo,municipio
070104,030903,2,trabajo,municipio
070104,030905,1,trabajo,municipio
070104,031001,1,trabajo,municipio
070104,031003,1,trabajo,municipio
070104,031099,9,trabajo,provincia
070104,031101,1,trabajo,municipio
070104,031202,1,trabajo,municipio
070104,031203,1,trabajo,municipio
070104,031204,2,trabajo,municipio
070104,031206,7,trabajo,municipio
070104,031299,2,trabajo,provincia
070104,031401,1,trabajo,municipio
070104,031405,1,trabajo,municipio
070104,040101,6,trabajo,municipio
070104,040102,1,trabajo,municipio
070104,040103,9,trabajo,municipio
070104,040402,1,trabajo,municipio
070104,041202,3,trabajo,municipio
070104,041502,1,trabajo,municipio
070104,050101,13,trabajo,municipio
070104,050199,1,trabajo,provincia
070104,050201,1,trabajo,municipio
070104,050203,2,trabajo,municipio
070104,050402,1,trabajo,municipio
070104,050502,1,trabajo,municipio
070104,050601,1,trabajo,municipio
070104,050801,2,trabajo,municipio
070104,051001,1,trabajo,municipio
070104,060101,15,trabajo,municipio
070104,060202,4,trabajo,municipio
070104,060301,34,trabajo,municipio
070104,060302,2,trabajo,municipio
070104,060303,12,trabajo,municipio
070104,060399,3,trabajo,provincia
070104,060601,1,trabajo,municipio
070104,070101,14461,trabajo,municipio
070104,070102,219,trabajo,municipio
070104,070103,327,trabajo,municipio
070104,070104,40982,trabajo,municipio
070104,070105,318,trabajo,municipio
070104,070199,3139,trabajo,provincia
070104,070201,300,trabajo,municipio
070104,070202,2,trabajo,municipio
070104,070301,32,trabajo,municipio
070104,070302,7,trabajo,municipio
070104,070303,7,trabajo,municipio
070104,070399,2,trabajo,provincia
070104,070401,14,trabajo,municipio
070104,070402,3,trabajo,municipio
070104,070403,39,trabajo,municipio
070104,070404,1,trabajo,municipio
070104,070499,4,trabajo,provincia
070104,070501,143,trabajo,municipio
070104,070502,89,trabajo,municipio
070104,070503,14,trabajo,municipio
070104,070599,12,trabajo,provincia
070104,070601,9,trabajo,municipio
070104,070602,10,trabajo,municipio
070104,070603,5,trabajo,municipio
070104,070699,4,trabajo,provincia
070104,070701,8,trabajo,municipio
070104,070702,21,trabajo,municipio
070104,070703,188,trabajo,municipio
070104,070704,5,trabajo,municipio
070104,070705,2,trabajo,municipio
070104,070706,44,trabajo,municipio
070104,070707,5,trabajo,municipio
070104,070799,11,trabajo,provincia
070104,070801,35,trabajo,municipio
070104,070802,1,trabajo,municipio
070104,070803,3,trabajo,municipio
070104,070805,1,trabajo,municipio
070104,070901,34,trabajo,municipio
070104,070902,5,trabajo,municipio
070104,070903,11,trabajo,municipio
070104,070904,1,trabajo,municipio
070104,070999,2,trabajo,provincia
070104,071001,102,trabajo,municipio
070104,071002,1,trabajo,municipio
070104,071003,5,trabajo,municipio
070104,071004,9,trabajo,municipio
070104,071005,9,trabajo,municipio
070104,071099,7,trabajo,provincia
070104,071101,29,trabajo,municipio
070104,071102,9,trabajo,municipio
070104,071103,47,trabajo,municipio
070104,071104,1,trabajo,municipio
070104,071105,17,trabajo,municipio
070104,071106,42,trabajo,municipio
070104,071199,15,trabajo,provincia
070104,071201,4,trabajo,municipio
070104,071301,32,trabajo,municipio
070104,071302,3,trabajo,municipio
070104,071399,2,trabajo,provincia
070104,071401,26,trabajo,municipio
070104,071402,8,trabajo,municipio
070104,071403,5,trabajo,municipio
070104,071499,1,trabajo,provincia
070104,071501,12,trabajo,municipio
070104,071502,2,trabajo,municipio
070104,071503,10,trabajo,municipio
070104,071599,23,trabajo,provincia
070104,079999,422,trabajo,departamento
070104,080101,26,trabajo,municipio
070104,080102,1,trabajo,municipio
070104,080201,5,trabajo,municipio
070104,080202,2,trabajo,municipio
070104,080299,1,trabajo,provincia
070104,080301,2,trabajo,municipio
070104,080302,10,trabajo,municipio
070104,080304,2,trabajo,municipio
070104,080401,1,trabajo,municipio
070104,080402,2,trabajo,municipio
070104,080501,2,trabajo,municipio
070104,080601,2,trabajo,municipio
070104,080602,4,trabajo,municipio
070104,080801,2,trabajo,municipio
070104,089999,13,trabajo,departamento
070104,090101,4,trabajo,municipio
070105,010101,3,trabajo,municipio
070105,010401,3,trabajo,municipio
070105,010601,1,trabajo,municipio
070105,010602,1,trabajo,municipio
070105,010801,1,trabajo,municipio
070105,011001,1,trabajo,municipio
070105,011099,1,trabajo,provincia
070105,019999,5,trabajo,departamento
070105,020101,13,trabajo,municipio
070105,020105,1,trabajo,municipio
070105,020608,1,trabajo,municipio
070105,021101,1,trabajo,municipio
070105,021104,2,trabajo,municipio
070105,022001,10,trabajo,municipio
070105,029999,1,trabajo,departamento
070105,030101,10,trabajo,municipio
070105,030201,1,trabajo,municipio
070105,030303,2,trabajo,municipio
070105,030903,10,trabajo,municipio
070105,031001,1,trabajo,municipio
070105,031003,2,trabajo,municipio
070105,031099,2,trabajo,provincia
070105,031101,3,trabajo,municipio
070105,031202,3,trabajo,municipio
070105,031203,1,trabajo,municipio
070105,031204,2,trabajo,municipio
070105,031205,1,trabajo,municipio
070105,031299,1,trabajo,provincia
070105,040101,4,trabajo,municipio
070105,050101,4,trabajo,municipio
070105,050601,1,trabajo,municipio
070105,050801,4,trabajo,municipio
070105,051201,2,trabajo,municipio
070105,051601,1,trabajo,municipio
070105,060101,4,trabajo,municipio
070105,060202,2,trabajo,municipio
070105,060301,14,trabajo,municipio
070105,060302,1,trabajo,municipio
070105,070101,2483,trabajo,municipio
070105,070102,51,trabajo,municipio
070105,070103,41,trabajo,municipio
070105,070104,473,trabajo,municipio
070105,070105,19920,trabajo,municipio
070105,070199,189,trabajo,provincia
070105,070201,38,trabajo,municipio
070105,070301,10,trabajo,municipio
070105,070302,3,trabajo,municipio
070105,070399,1,trabajo,provincia
070105,070401,3,trabajo,municipio
070105,070402,2,trabajo,municipio
070105,070403,7,trabajo,municipio
070105,070404,1,trabajo,municipio
070105,070501,82,trabajo,municipio
070105,070502,24,trabajo,municipio
070105,070503,5,trabajo,municipio
070105,070599,3,trabajo,provincia
070105,070601,2,trabajo,municipio
070105,070602,1,trabajo,municipio
070105,070603,3,trabajo,municipio
070105,070701,1,trabajo,municipio
070105,070702,11,trabajo,municipio
070105,070703,66,trabajo,municipio
070105,070706,12,trabajo,municipio
070105,070707,1,trabajo,municipio
070105,070801,8,trabajo,municipio
070105,070803,1,trabajo,municipio
070105,070804,2,trabajo,municipio
070105,070901,39,trabajo,municipio
070105,070902,7,trabajo,municipio
070105,070903,18,trabajo,municipio
070105,070904,1,trabajo,municipio
070105,070999,5,trabajo,provincia
070105,071001,38,trabajo,municipio
070105,071003,3,trabajo,municipio
070105,071004,3,trabajo,municipio
070105,071005,2,trabajo,municipio
070105,071099,1,trabajo,provincia
070105,071101,21,trabajo,municipio
070105,071102,4,trabajo,municipio
070105,071103,16,trabajo,municipio
070105,071105,8,trabajo,municipio
070105,071106,25,trabajo,municipio
070105,071199,2,trabajo,provincia
070105,071301,14,trabajo,municipio
070105,071302,4,trabajo,municipio
070105,071401,10,trabajo,municipio
070105,071402,2,trabajo,municipio
070105,071403,3,trabajo,municipio
070105,071499,1,trabajo,provincia
070105,071501,2,trabajo,municipio
070105,071599,11,trabajo,provincia
070105,079999,217,trabajo,departamento
070105,080101,3,trabajo,municipio
070105,080302,3,trabajo,municipio
070105,080304,2,trabajo,municipio
070105,080601,7,trabajo,municipio
070105,080901,1,trabajo,municipio
070105,089999,3,trabajo,departamento
070105,090201,11,trabajo,municipio
070105,090303,1,trabajo,municipio
070105,090502,3,trabajo,municipio
070201,010101,18,trabajo,municipio
070201,010199,1,trabajo,provincia
070201,010401,1,trabajo,municipio
070201,010501,4,trabajo,municipio
070201,010601,2,trabajo,municipio
070201,010701,1,trabajo,municipio
070201,010703,1,trabajo,municipio
070201,011001,2,trabajo,municipio
070201,019999,4,trabajo,departamento
070201,020101,39,trabajo,municipio
070201,020105,9,trabajo,municipio
070201,020199,3,trabajo,provincia
070201,020306,1,trabajo,municipio
070201,020502,1,trabajo,municipio
070201,020603,2,trabajo,municipio
070201,020606,1,trabajo,municipio
070201,020608,5,trabajo,municipio
070201,020801,1,trabajo,municipio
070201,020803,1,trabajo,municipio
070201,020899,1,trabajo,provincia
070201,021002,1,trabajo,municipio
070201,021101,2,trabajo,municipio
070201,021105,2,trabajo,municipio
070201,021202,2,trabajo,municipio
070201,030101,66,trabajo,municipio
070201,030201,1,trabajo,municipio
070201,030302,1,trabajo,municipio
070201,030303,1,trabajo,municipio
070201,030701,2,trabajo,municipio
070201,030702,1,trabajo,municipio
070201,030901,5,trabajo,municipio
070201,030903,1,trabajo,municipio
070201,031001,4,trabajo,municipio
070201,031002,1,trabajo,municipio
070201,031003,9,trabajo,municipio
070201,031099,13,trabajo,provincia
070201,031203,2,trabajo,municipio
070201,031204,5,trabajo,municipio
070201,031205,7,trabajo,municipio
070201,031206,6,trabajo,municipio
070201,031299,1,trabajo,provincia
070201,031401,1,trabajo,municipio
070201,031601,2,trabajo,municipio
070201,031602,4,trabajo,municipio
070201,039999,8,trabajo,departamento
070201,040101,10,trabajo,municipio
070201,040102,1,trabajo,municipio
070201,040103,2,trabajo,municipio
070201,040702,1,trabajo,municipio
070201,040801,2,trabajo,municipio
070201,041401,1,trabajo,municipio
070201,050101,15,trabajo,municipio
070201,050199,1,trabajo,provincia
070201,050202,1,trabajo,municipio
070201,050301,1,trabajo,municipio
070201,050402,2,trabajo,municipio
070201,050601,2,trabajo,municipio
070201,050701,1,trabajo,municipio
070201,050801,2,trabajo,municipio
070201,050901,2,trabajo,municipio
070201,051001,1,trabajo,municipio
070201,051101,1,trabajo,municipio
070201,059999,1,trabajo,departamento
070201,060101,14,trabajo,municipio
070201,060301,10,trabajo,municipio
070201,060302,2,trabajo,municipio
070201,060303,7,trabajo,municipio
070201,060399,1,trabajo,provincia
070201,060601,1,trabajo,municipio
070201,069999,1,trabajo,departamento
070201,070101,7888,trabajo,municipio
070201,070102,132,trabajo,municipio
070201,070103,151,trabajo,municipio
070201,070104,141,trabajo,municipio
070201,070105,32,trabajo,municipio
070201,070199,3169,trabajo,provincia
070201,070201,44491,trabajo,municipio
070201,070202,54,trabajo,municipio
070201,070299,1,trabajo,provincia
070201,070301,34,trabajo,municipio
070201,070302,8,trabajo,municipio
070201,070303,2,trabajo,municipio
070201,070399,2,trabajo,provincia
070201,070401,23,trabajo,municipio
070201,070402,11,trabajo,municipio
070201,070403,64,trabajo,municipio
070201,070404,7,trabajo,municipio
070201,070499,4,trabajo,provincia
070201,070501,212,trabajo,municipio
070201,070502,66,trabajo,municipio
070201,070503,4,trabajo,municipio
070201,070599,7,trabajo,provincia
070201,070601,53,trabajo,municipio
070201,070602,27,trabajo,municipio
070201,070603,72,trabajo,municipio
070201,070699,8,trabajo,provincia
070201,070702,9,trabajo,municipio
070201,070703,28,trabajo,municipio
070201,070704,1,trabajo,municipio
070201,070706,19,trabajo,municipio
070201,070707,2,trabajo,municipio
070201,070799,2,trabajo,provincia
070201,070801,5,trabajo,municipio
070201,070805,1,trabajo,municipio
070201,070901,10,trabajo,municipio
070201,070902,2,trabajo,municipio
070201,070903,4,trabajo,municipio
070201,070999,2,trabajo,provincia
070201,071001,611,trabajo,municipio
070201,071002,3,trabajo,municipio
070201,071003,34,trabajo,municipio
070201,071004,22,trabajo,municipio
070201,071005,23,trabajo,municipio
070201,071099,30,trabajo,provincia
070201,071101,42,trabajo,municipio
070201,071102,15,trabajo,municipio
070201,071103,44,trabajo,municipio
070201,071105,12,trabajo,municipio
070201,071106,42,trabajo,municipio
070201,071199,9,trabajo,provincia
070201,071201,3,trabajo,municipio
070201,071301,3,trabajo,municipio
070201,071302,1,trabajo,municipio
070201,071399,1,trabajo,provincia
070201,071401,15,trabajo,municipio
070201,071402,3,trabajo,municipio
070201,071403,12,trabajo,municipio
070201,071499,1,trabajo,provincia
070201,071501,3,trabajo,municipio
070201,071502,3,trabajo,municipio
070201,071503,4,trabajo,municipio
070201,071599,24,trabajo,provincia
070201,079999,301,trabajo,departamento
070201,080101,17,trabajo,municipio
070201,080199,1,trabajo,provincia
070201,080201,3,trabajo,municipio
070201,080202,1,trabajo,municipio
070201,080299,2,trabajo,provincia
070201,080301,1,trabajo,municipio
070201,080302,26,trabajo,municipio
070201,080304,5,trabajo,municipio
070201,080401,3,trabajo,municipio
070201,080402,1,trabajo,municipio
070201,080501,4,trabajo,municipio
070201,080602,4,trabajo,municipio
070201,080702,1,trabajo,municipio
070201,080802,1,trabajo,municipio
070201,080899,1,trabajo,provincia
070201,080901,1,trabajo,municipio
070201,089999,16,trabajo,departamento
070201,090101,15,trabajo,municipio
070201,090104,1,trabajo,municipio
070201,090301,1,trabajo,municipio
070201,090401,1,trabajo,municipio
070201,090503,1,trabajo,municipio
070201,099999,1,trabajo,departamento
070202,070101,91,trabajo,municipio
070202,070102,1,trabajo,municipio
070202,070201,28,trabajo,municipio
070202,070502,7,trabajo,municipio
070202,071001,61,trabajo,municipio
070301,070101,179,trabajo,municipio
070301,070102,10,trabajo,municipio
070301,070104,1,trabajo,municipio
070301,070105,1,trabajo,municipio
070301,070201,12,trabajo,municipio
070301,070502,9,trabajo,municipio
070301,071001,8,trabajo,municipio
070302,070101,68,trabajo,municipio
070302,070102,4,trabajo,municipio
070302,070103,1,trabajo,municipio
070302,070104,2,trabajo,municipio
070302,070105,1,trabajo,municipio
070302,070201,2,trabajo,municipio
070302,070502,8,trabajo,municipio
070302,071001,2,trabajo,municipio
070303,070101,35,trabajo,municipio
070303,070102,1,trabajo,municipio
070303,070105,2,trabajo,municipio
070303,070502,2,trabajo,municipio
070303,071001,5,trabajo,municipio
070401,070101,165,trabajo,municipio
070401,070103,3,trabajo,municipio
070401,070104,3,trabajo,municipio
070401,070105,1,trabajo,municipio
070401,070201,10,trabajo,municipio
070401,070502,1,trabajo,municipio
070401,070603,1,trabajo,municipio
070401,071001,48,trabajo,municipio
070402,070101,210,trabajo,municipio
070402,070102,6,trabajo,municipio
070402,070103,1,trabajo,municipio
070402,070104,2,trabajo,municipio
070402,070201,9,trabajo,municipio
070402,070502,7,trabajo,municipio
070402,071001,33,trabajo,municipio
070403,070101,248,trabajo,municipio
070403,070102,4,trabajo,municipio
070403,070103,5,trabajo,municipio
070403,070104,4,trabajo,municipio
070403,070105,2,trabajo,municipio
070403,070201,15,trabajo,municipio
070403,070502,5,trabajo,municipio
070403,071001,57,trabajo,municipio
070404,070101,46,trabajo,municipio
070404,070102,1,trabajo,municipio
070404,070201,5,trabajo,municipio
070404,070502,2,trabajo,municipio
070404,071001,22,trabajo,municipio
070501,070101,99,trabajo,municipio
070501,070102,8,trabajo,municipio
070501,070103,4,trabajo,municipio
070501,070104,3,trabajo,municipio
070501,070105,2,trabajo,municipio
070501,070201,3,trabajo,municipio
070501,070502,24,trabajo,municipio
070501,071001,3,trabajo,municipio
070502,010501,1,trabajo,municipio
070502,010801,1,trabajo,municipio
070502,020101,4,trabajo,municipio
070502,020199,1,trabajo,provincia
070502,020602,2,trabajo,municipio
070502,020608,2,trabajo,municipio
070502,030101,2,trabajo,municipio
070502,030901,1,trabajo,municipio
070502,031003,1,trabajo,municipio
070502,031101,1,trabajo,municipio
070502,031205,2,trabajo,municipio
070502,031206,1,trabajo,municipio
070502,040101,1,trabajo,municipio
070502,050101,1,trabajo,municipio
070502,060202,1,trabajo,municipio
070502,060302,1,trabajo,municipio
070502,060303,2,trabajo,municipio
070502,070101,247,trabajo,municipio
070502,070102,38,trabajo,municipio
070502,070103,2,trabajo,municipio
070502,070104,2,trabajo,municipio
070502,070105,3,trabajo,municipio
070502,070199,63,trabajo,provincia
070502,070201,7,trabajo,municipio
070502,070202,1,trabajo,municipio
070502,070301,18,trabajo,municipio
070502,070302,7,trabajo,municipio
070502,070303,12,trabajo,municipio
070502,070399,2,trabajo,provincia
070502,070401,1,trabajo,municipio
070502,070403,5,trabajo,municipio
070502,070404,2,trabajo,municipio
070502,070499,1,trabajo,provincia
070502,070501,47,trabajo,municipio
070502,070502,20810,trabajo,municipio
070502,070503,14,trabajo,municipio
070502,070599,3,trabajo,provincia
070502,070601,2,trabajo,municipio
070502,070602,2,trabajo,municipio
070502,070702,20,trabajo,municipio
070502,070703,9,trabajo,municipio
070502,070705,1,trabajo,municipio
070502,070706,1,trabajo,municipio
070502,071001,21,trabajo,municipio
070502,071003,3,trabajo,municipio
070502,071004,3,trabajo,municipio
070502,071005,3,trabajo,municipio
070502,071101,17,trabajo,municipio
070502,071103,27,trabajo,municipio
070502,071105,5,trabajo,municipio
070502,071106,51,trabajo,municipio
070502,071199,1,trabajo,provincia
070502,071201,1,trabajo,municipio
070502,071401,6,trabajo,municipio
070502,071403,3,trabajo,municipio
070502,071499,1,trabajo,provincia
070502,071501,1,trabajo,municipio
070502,071503,1,trabajo,municipio
070502,071599,9,trabajo,provincia
070502,079999,31,trabajo,departamento
070502,080101,3,trabajo,municipio
070502,080202,1,trabajo,municipio
070502,080302,3,trabajo,municipio
070502,080601,1,trabajo,municipio
070502,080901,2,trabajo,municipio
070502,089999,5,trabajo,departamento
070502,090103,2,trabajo,municipio
070503,070101,67,trabajo,municipio
070503,070102,5,trabajo,municipio
070503,070103,5,trabajo,municipio
070503,070502,7,trabajo,municipio
070503,071001,1,trabajo,municipio
070601,070101,256,trabajo,municipio
070601,070102,5,trabajo,municipio
070601,070103,1,trabajo,municipio
070601,070104,2,trabajo,municipio
070601,070105,12,trabajo,municipio
070601,070201,143,trabajo,municipio
070601,070502,11,trabajo,municipio
070601,070603,27,trabajo,municipio
070601,071001,274,trabajo,municipio
070602,070101,132,trabajo,municipio
070602,070102,2,trabajo,municipio
070602,070103,3,trabajo,municipio
070602,070104,1,trabajo,municipio
070602,070105,2,trabajo,municipio
070602,070201,9,trabajo,municipio
070602,070502,3,trabajo,municipio
070602,071001,113,trabajo,municipio
070603,010501,1,trabajo,municipio
070603,019999,3,trabajo,departamento
070603,030901,2,trabajo,municipio
070603,060303,1,trabajo,municipio
070603,070101,161,trabajo,municipio
070603,070102,1,trabajo,municipio
070603,070103,11,trabajo,municipio
070603,070104,2,trabajo,municipio
070603,070199,25,trabajo,provincia
070603,070201,94,trabajo,municipio
070603,070202,1,trabajo,municipio
070603,070403,1,trabajo,municipio
070603,070501,3,trabajo,municipio
070603,070601,1,trabajo,municipio
070603,070603,1739,trabajo,municipio
070603,070699,2,trabajo,provincia
070603,070703,2,trabajo,municipio
070603,071001,23,trabajo,municipio
070603,071003,2,trabajo,municipio
070603,071004,9,trabajo,municipio
070603,071005,1,trabajo,municipio
070603,071099,1,trabajo,provincia
070603,071101,1,trabajo,municipio
070603,071103,1,trabajo,municipio
070603,079999,3,trabajo,departamento
070603,080101,1,trabajo,municipio
070603,090101,2,trabajo,municipio
070701,070101,59,trabajo,municipio
070701,070102,4,trabajo,municipio
070701,070104,2,trabajo,municipio
070701,070201,1,trabajo,municipio
070701,070502,3,trabajo,municipio
070701,071001,2,trabajo,municipio
070702,070101,351,trabajo,municipio
070702,070102,5,trabajo,municipio
070702,070103,7,trabajo,municipio
070702,070104,23,trabajo,municipio
070702,070105,3,trabajo,municipio
070702,070201,9,trabajo,municipio
070702,070502,15,trabajo,municipio
070702,071001,48,trabajo,municipio
070703,070101,262,trabajo,municipio
070703,070102,12,trabajo,municipio
070703,070103,1,trabajo,municipio
070703,070104,45,trabajo,municipio
070703,070105,6,trabajo,municipio
070703,070201,6,trabajo,municipio
070703,070502,9,trabajo,municipio
070703,070603,1,trabajo,municipio
070703,071001,10,trabajo,municipio
070704,070101,44,trabajo,municipio
070704,070104,2,trabajo,municipio
070704,071001,1,trabajo,municipio
070705,070101,247,trabajo,municipio
070705,070102,4,trabajo,municipio
070705,070104,13,trabajo,municipio
070705,070201,16,trabajo,municipio
070705,070502,15,trabajo,municipio
070705,071001,29,trabajo,municipio
070706,070101,283,trabajo,municipio
070706,070102,3,trabajo,municipio
070706,070104,8,trabajo,municipio
070706,070105,3,trabajo,municipio
070706,070201,10,trabajo,municipio
070706,070502,5,trabajo,municipio
070706,070603,1,trabajo,municipio
070706,071001,1,trabajo,municipio
070707,070101,51,trabajo,municipio
070707,070102,1,trabajo,municipio
070707,070104,1,trabajo,municipio
070707,070502,1,trabajo,municipio
070801,070101,60,trabajo,municipio
070801,070104,1,trabajo,municipio
070801,070105,4,trabajo,municipio
070801,070201,1,trabajo,municipio
070801,070502,1,trabajo,municipio
070801,071001,5,trabajo,municipio
070802,070101,29,trabajo,municipio
070802,070104,2,trabajo,municipio
070803,070101,9,trabajo,municipio
070804,070101,22,trabajo,municipio
070804,070104,2,trabajo,municipio
070805,070101,10,trabajo,municipio
070901,070101,138,trabajo,municipio
070901,070102,1,trabajo,municipio
070901,070104,2,trabajo,municipio
070901,070105,1,trabajo,municipio
070901,070201,1,trabajo,municipio
070902,070101,80,trabajo,municipio
070902,070102,2,trabajo,municipio
070902,070104,1,trabajo,municipio
070902,070105,1,trabajo,municipio
070902,070201,1,trabajo,municipio
070903,070101,74,trabajo,municipio
070903,070104,2,trabajo,municipio
070903,070105,1,trabajo,municipio
070903,070201,1,trabajo,municipio
070903,070502,2,trabajo,municipio
070903,070603,1,trabajo,municipio
070903,071001,2,trabajo,municipio
070904,070101,25,trabajo,municipio
070904,070104,1,trabajo,municipio
071001,010101,5,trabajo,municipio
071001,010501,1,trabajo,municipio
071001,010602,1,trabajo,municipio
071001,010702,1,trabajo,municipio
071001,011001,1,trabajo,municipio
071001,019999,2,trabajo,departamento
071001,020101,24,trabajo,municipio
071001,020105,1,trabajo,municipio
071001,020199,5,trabajo,provincia
071001,020602,1,trabajo,municipio
071001,020607,1,trabajo,municipio
071001,020608,1,trabajo,municipio
071001,020699,1,trabajo,provincia
071001,020801,1,trabajo,municipio
071001,021002,2,trabajo,municipio
071001,021501,3,trabajo,municipio
071001,021502,1,trabajo,municipio
071001,021699,1,trabajo,provincia
071001,022001,1,trabajo,municipio
071001,030101,48,trabajo,municipio
071001,030501,1,trabajo,municipio
071001,030701,3,trabajo,municipio
071001,030702,1,trabajo,municipio
071001,030902,1,trabajo,municipio
071001,030903,1,trabajo,municipio
071001,030904,1,trabajo,municipio
071001,031001,3,trabajo,municipio
071001,031002,1,trabajo,municipio
071001,031003,3,trabajo,municipio
071001,031099,11,trabajo,provincia
071001,031204,2,trabajo,municipio
071001,031205,17,trabajo,municipio
071001,031206,8,trabajo,municipio
071001,031401,2,trabajo,municipio
071001,031602,1,trabajo,municipio
071001,039999,4,trabajo,departamento
071001,040101,3,trabajo,municipio
071001,040102,1,trabajo,municipio
071001,040103,3,trabajo,municipio
071001,040801,1,trabajo,municipio
071001,050101,7,trabajo,municipio
071001,050199,1,trabajo,provincia
071001,050302,1,trabajo,municipio
071001,050901,1,trabajo,municipio
071001,051001,3,trabajo,municipio
071001,051201,1,trabajo,municipio
071001,059999,1,trabajo,departamento
071001,060101,4,trabajo,municipio
071001,060202,1,trabajo,municipio
071001,060301,10,trabajo,municipio
071001,060303,4,trabajo,municipio
071001,060601,1,trabajo,municipio
071001,069999,1,trabajo,departamento
071001,070101,1230,trabajo,municipio
071001,070102,33,trabajo,municipio
071001,070103,13,trabajo,municipio
071001,070104,10,trabajo,municipio
071001,070105,10,trabajo,municipio
071001,070199,141,trabajo,provincia
071001,070201,474,trabajo,municipio
071001,070202,69,trabajo,municipio
071001,070301,29,trabajo,municipio
071001,070303,3,trabajo,municipio
071001,070399,8,trabajo,provincia
071001,070401,41,trabajo,municipio
071001,070402,24,trabajo,municipio
071001,070403,111,trabajo,municipio
071001,070404,15,trabajo,municipio
071001,070499,21,trabajo,provincia
071001,070501,266,trabajo,municipio
071001,070502,35,trabajo,municipio
071001,070503,6,trabajo,municipio
071001,070599,3,trabajo,provincia
071001,070601,183,trabajo,municipio
071001,070602,149,trabajo,municipio
071001,070603,11,trabajo,municipio
071001,070699,30,trabajo,provincia
071001,070702,5,trabajo,municipio
071001,070703,19,trabajo,municipio
071001,070705,2,trabajo,municipio
071001,070706,8,trabajo,municipio
071001,070707,1,trabajo,municipio
071001,070801,3,trabajo,municipio
071001,070802,1,trabajo,municipio
071001,070901,14,trabajo,municipio
071001,070902,1,trabajo,municipio
071001,070903,4,trabajo,municipio
071001,071001,47384,trabajo,municipio
071001,071002,99,trabajo,municipio
071001,071003,190,trabajo,municipio
071001,071004,114,trabajo,municipio
071001,071005,182,trabajo,municipio
071001,071099,11,trabajo,provincia
071001,071101,15,trabajo,municipio
071001,071102,6,trabajo,municipio
071001,071103,105,trabajo,municipio
071001,071105,10,trabajo,municipio
071001,071106,39,trabajo,municipio
071001,071199,3,trabajo,provincia
071001,071201,2,trabajo,municipio
071001,071301,3,trabajo,municipio
071001,071302,1,trabajo,municipio
071001,071401,6,trabajo,municipio
071001,071402,7,trabajo,municipio
071001,071403,4,trabajo,municipio
071001,071499,1,trabajo,provincia
071001,071501,6,trabajo,municipio
071001,071503,5,trabajo,municipio
071001,071599,48,trabajo,provincia
071001,079999,133,trabajo,departamento
071001,080101,16,trabajo,municipio
071001,080299,1,trabajo,provincia
071001,080301,1,trabajo,municipio
071001,080302,53,trabajo,municipio
071001,080304,1,trabajo,municipio
071001,080401,1,trabajo,municipio
071001,080501,4,trabajo,municipio
071001,080602,6,trabajo,municipio
071001,080699,3,trabajo,provincia
071001,080802,1,trabajo,municipio
071001,089999,23,trabajo,departamento
071001,090101,1,trabajo,municipio
071001,090102,4,trabajo,municipio
071001,090301,1,trabajo,municipio
071001,090401,1,trabajo,municipio
071001,090402,1,trabajo,municipio
071001,090499,1,trabajo,provincia
071001,090503,2,trabajo,municipio
071001,099999,1,trabajo,departamento
071002,070101,183,trabajo,municipio
071002,070103,1,trabajo,municipio
071002,070104,1,trabajo,municipio
071002,070201,31,trabajo,municipio
071002,070502,16,trabajo,municipio
071002,070603,1,trabajo,municipio
071002,071001,464,trabajo,municipio
071003,070101,209,trabajo,municipio
071003,070102,4,trabajo,municipio
071003,070103,3,trabajo,municipio
071003,070104,5,trabajo,municipio
071003,070105,5,trabajo,municipio
071003,070201,25,trabajo,municipio
071003,070502,3,trabajo,municipio
071003,070603,1,trabajo,municipio
071003,071001,265,trabajo,municipio
071004,070101,144,trabajo,municipio
071004,070102,3,trabajo,municipio
071004,070103,2,trabajo,municipio
071004,070104,1,trabajo,municipio
071004,070201,11,trabajo,municipio
071004,070502,13,trabajo,municipio
071004,070603,1,trabajo,municipio
071004,071001,99,trabajo,municipio
071005,070101,96,trabajo,municipio
071005,070102,4,trabajo,municipio
071005,070104,2,trabajo,municipio
071005,070201,13,trabajo,municipio
071005,070502,5,trabajo,municipio
071005,070603,1,trabajo,municipio
071005,071001,135,trabajo,municipio
071101,070101,109,trabajo,municipio
071101,070102,3,trabajo,municipio
071101,070103,1,trabajo,municipio
071101,070104,1,trabajo,municipio
071101,070105,1,trabajo,municipio
071101,070201,2,trabajo,municipio
071101,070502,3,trabajo,municipio
071101,071001,5,trabajo,municipio
071102,070101,81,trabajo,municipio
071102,070102,5,trabajo,municipio
071102,070103,1,trabajo,municipio
071102,070201,1,trabajo,municipio
071102,070502,4,trabajo,municipio
071102,071001,1,trabajo,municipio
071103,070101,267,trabajo,municipio
071103,070102,10,trabajo,municipio
071103,070103,3,trabajo,municipio
071103,070104,3,trabajo,municipio
071103,070105,1,trabajo,municipio
071103,070201,11,trabajo,municipio
071103,070502,29,trabajo,municipio
071103,071001,47,trabajo,municipio
071104,070101,83,trabajo,municipio
071104,070102,6,trabajo,municipio
071104,070105,1,trabajo,municipio
071104,070201,4,trabajo,municipio
071104,070502,6,trabajo,municipio
071104,071001,5,trabajo,municipio
071105,070101,34,trabajo,municipio
071105,070102,4,trabajo,municipio
071105,070201,2,trabajo,municipio
071105,070502,3,trabajo,municipio
071105,071001,2,trabajo,municipio
071106,070101,163,trabajo,municipio
071106,070102,9,trabajo,municipio
071106,070103,1,trabajo,municipio
071106,070104,3,trabajo,municipio
071106,070105,1,trabajo,municipio
071106,070201,2,trabajo,municipio
071106,070502,90,trabajo,municipio
071106,070603,1,trabajo,municipio
071106,071001,21,trabajo,municipio
071201,070101,24,trabajo,municipio
071301,070101,76,trabajo,municipio
071301,070104,2,trabajo,municipio
071301,070105,1,trabajo,municipio
071301,070502,1,trabajo,municipio
071301,071001,1,trabajo,municipio
071302,070101,32,trabajo,municipio
071401,070101,35,trabajo,municipio
071401,070103,1,trabajo,municipio
071401,070104,2,trabajo,municipio
071401,070201,1,trabajo,municipio
071401,070502,1,trabajo,municipio
071401,071001,1,trabajo,municipio
071402,070101,44,trabajo,municipio
071402,070201,2,trabajo,municipio
071402,071001,1,trabajo,municipio
071403,070101,24,trabajo,municipio
071403,070102,1,trabajo,municipio
071403,070105,1,trabajo,municipio
071403,070502,8,trabajo,municipio
071403,071001,2,trabajo,municipio
071501,070101,110,trabajo,municipio
071501,070102,3,trabajo,municipio
071501,070104,1,trabajo,municipio
071501,070105,2,trabajo,municipio
071501,070201,4,trabajo,municipio
071501,070502,4,trabajo,municipio
071501,071001,12,trabajo,municipio
071502,070101,43,trabajo,municipio
071502,070103,1,trabajo,municipio
071502,070104,1,trabajo,municipio
071502,071001,1,trabajo,municipio
071503,070101,93,trabajo,municipio
071503,070102,2,trabajo,municipio
071503,070104,1,trabajo,municipio
071503,070105,2,trabajo,municipio
071503,070201,8,trabajo,municipio
071503,070502,3,trabajo,municipio
071503,071001,24,trabajo,municipio
080101,070101,145,trabajo,municipio
080101,070102,4,trabajo,municipio
080101,070103,2,trabajo,municipio
080101,070201,2,trabajo,municipio
080101,070502,8,trabajo,municipio
080101,071001,4,trabajo,municipio
080102,070101,8,trabajo,municipio
080102,070104,2,trabajo,municipio
080102,070201,1,trabajo,municipio
080102,070502,1,trabajo,municipio
080102,071001,1,trabajo,municipio
080201,070101,24,trabajo,municipio
080201,070102,6,trabajo,municipio
080201,070105,1,trabajo,municipio
080201,070201,5,trabajo,municipio
080201,071001,1,trabajo,municipio
080202,070101,17,trabajo,municipio
080301,070101,6,trabajo,municipio
080302,070101,16,trabajo,municipio
080302,070105,4,trabajo,municipio
080303,070101,7,trabajo,municipio
080303,070502,1,trabajo,municipio
080303,071001,1,trabajo,municipio
080304,070101,11,trabajo,municipio
080401,070101,11,trabajo,municipio
080401,070103,1,trabajo,municipio
080401,071001,1,trabajo,municipio
080402,070101,2,trabajo,municipio
080501,070101,8,trabajo,municipio
080501,070102,1,trabajo,municipio
080501,071001,1,trabajo,municipio
080601,070101,2,trabajo,municipio
080601,070502,3,trabajo,municipio
080602,070101,31,trabajo,municipio
080602,070104,1,trabajo,municipio
080602,070201,8,trabajo,municipio
080602,070502,3,trabajo,municipio
080602,071001,10,trabajo,municipio
080702,070101,3,trabajo,municipio
080801,070101,11,trabajo,municipio
080801,070603,1,trabajo,municipio
080802,070101,29,trabajo,municipio
080802,070102,5,trabajo,municipio
080802,070502,5,trabajo,municipio
080802,071001,1,trabajo,municipio
080803,070101,3,trabajo,municipio
080901,070101,5,trabajo,municipio
080901,070502,1,trabajo,municipio
080901,071001,1,trabajo,municipio
090101,070101,9,trabajo,municipio
090101,070102,1,trabajo,municipio
090201,070101,3,trabajo,municipio
090301,070101,5,trabajo,municipio
090302,070101,1,trabajo,municipio
090303,070101,1,trabajo,municipio
