cod_ine,municipio,ambito,indicador,v2012,v2024,cambio,unidad_cambio,cambio_anual
070101,Santa Cruz de la Sierra,núcleo,viviendas,360441.0,453158.0,25.723211288393944,%,1.9259157678504835
070101,Santa Cruz de la Sierra,núcleo,pct_agua_caneria,94.06282859053216,95.1182589736913,1.055430383159134,pp,
070101,Santa Cruz de la Sierra,núcleo,pct_agua_pileta,4.963364323148587,3.62831506891636,-1.3350492542322274,pp,
070101,Santa Cruz de la Sierra,núcleo,pct_agua_pozo,0.8242680494172416,0.7911147988118934,-0.03315325060534824,pp,
070101,Santa Cruz de la Sierra,núcleo,pct_agua_pozo_bomba,0.6533662929577934,0.7101275934662965,0.05676130050850314,pp,
070101,Santa Cruz de la Sierra,núcleo,pct_agua_carro,0.0726887340785315,0.0681881374708159,-0.0045005966077156095,pp,
070101,Santa Cruz de la Sierra,núcleo,pct_agua_interior,73.18035406626882,84.6713508312774,11.490996765008575,pp,
070101,Santa Cruz de la Sierra,núcleo,pct_agua_lote,26.22287697570476,11.313934654138292,-14.90894232156647,pp,
070101,Santa Cruz de la Sierra,núcleo,pct_agua_sin_caneria,0.5967689580264176,4.014714514584317,3.4179455565578993,pp,
070101,Santa Cruz de la Sierra,núcleo,pct_servicio_sanitario,96.58723619122132,98.81586554799873,2.228629356777404,pp,
070101,Santa Cruz de la Sierra,núcleo,pct_sanitario_exclusivo,46.44144256618975,73.96735796344763,27.525915397257876,pp,
070101,Santa Cruz de la Sierra,núcleo,pct_sanitario_compartido,50.14579362503156,24.848507584551083,-25.297286040480476,pp,
070101,Santa Cruz de la Sierra,núcleo,pct_sin_sanitario,3.4127638087786907,1.1841344520012886,-2.228629356777402,pp,
070101,Santa Cruz de la Sierra,núcleo,pct_alcantarillado,53.40125013525098,70.38097087550038,16.979720740249398,pp,
070101,Santa Cruz de la Sierra,núcleo,pct_camara_septica,20.6044817321004,12.967883166577662,-7.636598565522737,pp,
070101,Santa Cruz de la Sierra,núcleo,pct_pozo_ciego,22.37425820037121,14.871854849743356,-7.502403350627853,pp,
070101,Santa Cruz de la Sierra,núcleo,pct_desague_superficie,0.207246123498714,0.0567131111003226,-0.1505330123983914,pp,
070101,Santa Cruz de la Sierra,núcleo,pct_electricidad,98.86833073928882,99.6447155296828,0.7763847903939762,pp,
070101,Santa Cruz de la Sierra,núcleo,pct_elec_red,98.4027899156866,98.87081327042664,0.46802335474004053,pp,
070101,Santa Cruz de la Sierra,núcleo,pct_panel_solar,0.0227499091390824,0.0476654941543567,0.024915585015274296,pp,
070101,Santa Cruz de la Sierra,núcleo,pct_motor_propio,0.2327704118010992,0.3875028135881966,0.1547324017870974,pp,
070101,Santa Cruz de la Sierra,núcleo,pct_sin_energia,1.1316692607111845,0.3552844703171962,-0.7763847903939882,pp,
070101,Santa Cruz de la Sierra,núcleo,pct_gas_red,6.576943244525457,34.05059603935052,27.473652794825068,pp,
070101,Santa Cruz de la Sierra,núcleo,pct_gas_garrafa,88.27824803504596,62.03818535698365,-26.240062678062316,pp,
070101,Santa Cruz de la Sierra,núcleo,pct_lena_guano,1.2395926101636607,0.5980254127699389,-0.6415671973937218,pp,
070101,Santa Cruz de la Sierra,núcleo,pct_combustible_limpio,95.31906747567562,96.86930386311175,1.5502363874361293,pp,
070101,Santa Cruz de la Sierra,núcleo,pct_no_cocina,3.370593245496489,2.4872119658044216,-0.8833812796920673,pp,
070101,Santa Cruz de la Sierra,núcleo,pct_cocina_exclusiva,71.73296045677378,81.03420881899912,9.301248362225337,pp,
070101,Santa Cruz de la Sierra,núcleo,pct_basura_formal,93.71436656762133,96.97478583628669,3.260419268665359,pp,
070101,Santa Cruz de la Sierra,núcleo,pct_basura_carro,79.03318434917226,75.9701914122668,-3.0629929369054594,pp,
070101,Santa Cruz de la Sierra,núcleo,pct_basura_contenedor,14.681182218449068,21.00459442401988,6.323412205570813,pp,
070101,Santa Cruz de la Sierra,núcleo,pct_basura_quema,4.524734977430425,2.25506335538598,-2.269671622044445,pp,
070101,Santa Cruz de la Sierra,núcleo,pct_basura_entierra,0.7623993940755908,0.2149360708627013,-0.5474633232128895,pp,
070101,Santa Cruz de la Sierra,núcleo,pct_basura_informal,0.7987437611148566,0.3793378909784225,-0.41940587013643404,pp,
070101,Santa Cruz de la Sierra,núcleo,pct_viv_propia,51.054680238929535,55.04658419359252,3.9919039546629875,pp,
070101,Santa Cruz de la Sierra,núcleo,pct_viv_alquilada,30.04486171107061,28.115579996380955,-1.9292817146896546,pp,
070101,Santa Cruz de la Sierra,núcleo,pct_viv_anticretico,5.99154924106858,5.306758349185053,-0.6847908918835275,pp,
070101,Santa Cruz de la Sierra,núcleo,pct_viv_prestada,8.566727980446176,8.71064838312465,0.14392040267847328,pp,
070101,Santa Cruz de la Sierra,núcleo,pct_viv_cedida,2.16318343362714,1.0124504036119852,-1.1507330300151548,pp,
070101,Santa Cruz de la Sierra,núcleo,pct_pared_ladrillo,94.3244525456316,97.08269521888612,2.7582426732545144,pp,
070101,Santa Cruz de la Sierra,núcleo,pct_pared_adobe,1.418540066196687,0.7964109648290442,-0.6221291013676428,pp,
070101,Santa Cruz de la Sierra,núcleo,pct_pared_madera,3.058753027541262,1.15390217098672,-1.904850856554542,pp,
070101,Santa Cruz de la Sierra,núcleo,pct_pared_precaria,0.0971032707155956,0.0229500527409865,-0.07415321797460911,pp,
070101,Santa Cruz de la Sierra,núcleo,pct_techo_calamina,17.545451266642807,18.182399957630672,0.6369486909878646,pp,
070101,Santa Cruz de la Sierra,núcleo,pct_techo_teja,71.6597168468626,65.65436337877738,-6.005353468085218,pp,
070101,Santa Cruz de la Sierra,núcleo,pct_techo_losa,7.693908295671136,13.69610599393589,6.002197698264753,pp,
070101,Santa Cruz de la Sierra,núcleo,pct_techo_paja,0.1875480314392646,0.2014749822357764,0.013926950796511794,pp,
070101,Santa Cruz de la Sierra,núcleo,pct_piso_tierra,4.383796515934646,3.124958623702991,-1.2588378922316554,pp,
070101,Santa Cruz de la Sierra,núcleo,pct_piso_cemento,33.27840062589994,23.82281676589622,-9.45558386000372,pp,
070101,Santa Cruz de la Sierra,núcleo,pct_piso_ceramica,45.4942695198382,63.37083313104922,17.87656361121102,pp,
070101,Santa Cruz de la Sierra,núcleo,pct_piso_mosaico,4.29584869645795,3.5186402976445303,-0.77720839881342,pp,
070101,Santa Cruz de la Sierra,núcleo,pct_monoambiente,33.47343948108012,28.57965654363379,-4.893782937446332,pp,
070101,Santa Cruz de la Sierra,núcleo,pct_urbano,99.20791474887707,99.4776656265585,0.2697508776814317,pp,
070101,Santa Cruz de la Sierra,núcleo,pct_revoque,86.4760113305645,91.46920058787444,4.993189257309936,pp,
070101,Santa Cruz de la Sierra,núcleo,pct_hogar_nuclear,,37.78770318520251,,pp,
070101,Santa Cruz de la Sierra,núcleo,pct_hogar_monoparental,,14.2433764823748,,pp,
070101,Santa Cruz de la Sierra,núcleo,pct_hogar_extendido,,26.354604795678327,,pp,
070101,Santa Cruz de la Sierra,núcleo,pct_hogar_compuesto,,3.919604199859652,,pp,
070101,Santa Cruz de la Sierra,núcleo,pct_departamento,5.2696557827772095,7.380428018483619,2.11077223570641,pp,
070101,Santa Cruz de la Sierra,núcleo,pct_con_emigrante,12.93859466597862,8.271066603701138,-4.667528062277482,pp,
070101,Santa Cruz de la Sierra,núcleo,pct_hogar_fallecido,4.124392064165841,7.472228229447566,3.3478361652817252,pp,
070101,Santa Cruz de la Sierra,núcleo,pct_hacinamiento,18.221012592907023,13.455351113739578,-4.765661479167445,pp,
070101,Santa Cruz de la Sierra,núcleo,pct_choza,,0.4000812078789296,,pp,
070101,Santa Cruz de la Sierra,núcleo,pct_agua_rio,,0.0231707263250345,,pp,
070101,Santa Cruz de la Sierra,núcleo,pct_agua_lluvia,,0.0412659602169662,,pp,
070101,Santa Cruz de la Sierra,núcleo,pct_agua_no_mejorada,,0.1723460691414473,,pp,
070101,Santa Cruz de la Sierra,núcleo,pct_agua_mejorada,,99.82765393085856,,pp,
070101,Santa Cruz de la Sierra,núcleo,pct_saneamiento_mejorado,37.69770919512486,62.23877764488324,24.541068449758384,pp,
070101,Santa Cruz de la Sierra,núcleo,pct_radio,69.5309357148604,58.206629917159134,-11.324305797701271,pp,
070101,Santa Cruz de la Sierra,núcleo,pct_televisor,89.32002741086613,85.11358069370948,-4.206446717156652,pp,
070101,Santa Cruz de la Sierra,núcleo,pct_computadora,38.961438904009256,46.36352000847386,7.402081104464607,pp,
070101,Santa Cruz de la Sierra,núcleo,pct_auto,33.21597709472563,37.00276724674397,3.786790152018341,pp,
070101,Santa Cruz de la Sierra,núcleo,pct_bicicleta,28.011519222286037,45.95108107988825,17.93956185760221,pp,
070101,Santa Cruz de la Sierra,núcleo,pct_moto,6.95620087614894,17.097789292035007,10.141588415886066,pp,
070101,Santa Cruz de la Sierra,núcleo,pct_carreta,0.7207837066260497,0.6328918390495147,-0.087891867576535,pp,
070101,Santa Cruz de la Sierra,núcleo,pct_bote,0.2857610538201814,1.173542119966987,0.8877810661468057,pp,
070101,Santa Cruz de la Sierra,núcleo,pct_internet,23.482900114026982,87.22013072703119,63.73723061300421,pp,
070101,Santa Cruz de la Sierra,núcleo,pct_telefonia,85.58210636414836,91.67398567387092,6.091879309722557,pp,
070101,Santa Cruz de la Sierra,núcleo,pct_celular,,91.50980452733926,,pp,
070101,Santa Cruz de la Sierra,núcleo,pct_internet_fijo,,62.82599005203483,,pp,
070101,Santa Cruz de la Sierra,núcleo,pct_internet_movil,,75.26800806782623,,pp,
070101,Santa Cruz de la Sierra,núcleo,pct_tv_cable,,40.15575141562104,,pp,
070101,Santa Cruz de la Sierra,núcleo,pct_telefono_fijo,,7.060892668782191,,pp,
070101,Santa Cruz de la Sierra,núcleo,pct_refrigerador,,79.81145648978944,,pp,
070101,Santa Cruz de la Sierra,núcleo,pct_microondas,,32.63056152600197,,pp,
070101,Santa Cruz de la Sierra,núcleo,pct_calefon,,12.027593024949356,,pp,
070101,Santa Cruz de la Sierra,núcleo,pct_aire_acond,,29.22512677697404,,pp,
070101,Santa Cruz de la Sierra,núcleo,pct_lavadora,,47.725076022049706,,pp,
070101,Santa Cruz de la Sierra,núcleo,pct_vivienda_desocupada,3.845840255200318,5.765084948906132,1.919244693705814,pp,
070101,Santa Cruz de la Sierra,núcleo,tam_hogar,3.9152899,3.4860182,-10.963982513785242,%,-0.9630758263188377
070101,Santa Cruz de la Sierra,núcleo,pers_x_vivienda,3.9152899,3.4860182,-10.963982513785242,%,-0.9630758263188377
070101,Santa Cruz de la Sierra,núcleo,pers_x_dormitorio,1.9058508,1.6473145,-13.565400817314766,%,-1.2075016158583307
070101,Santa Cruz de la Sierra,núcleo,pers_x_habitacion,1.4782876,1.3364215,-9.596650881736412,%,-0.8372162559187823
070101,Santa Cruz de la Sierra,núcleo,pob_total,1444425.0,1610982.0,11.531024456098438,%,0.9135863932866473
070101,Santa Cruz de la Sierra,núcleo,pob_mujeres,727908.0,811152.0,11.436060601064968,%,0.9064233003988509
070101,Santa Cruz de la Sierra,núcleo,pct_0_14,29.54262076604877,25.78905288823836,-3.7535678778104113,pp,
070101,Santa Cruz de la Sierra,núcleo,pct_15_64,66.44713294217422,68.28456183867976,1.8374288965055428,pp,
070101,Santa Cruz de la Sierra,núcleo,pct_65_mas,4.010246291777005,5.926385273081884,1.9161389813048793,pp,
070101,Santa Cruz de la Sierra,núcleo,pct_menor20,40.87508870311716,34.34762151284124,-6.527467190275914,pp,
070101,Santa Cruz de la Sierra,núcleo,pct_60_mas,6.272876750263946,9.095011614034172,2.822134863770226,pp,
070101,Santa Cruz de la Sierra,núcleo,edad_mediana,23.0,28.0,5.0,años,
070101,Santa Cruz de la Sierra,núcleo,edad_promedio,26.606781245132147,30.085503,3.478721754867852,años,
070101,Santa Cruz de la Sierra,núcleo,indice_masculinidad,98.43510443627493,98.60420734954732,0.1691029132723969,h/100m,
070101,Santa Cruz de la Sierra,núcleo,pob_hombres,716517.0,799830.0,11.627498021679884,%,0.9208576405975499
070101,Santa Cruz de la Sierra,núcleo,pct_0_4,10.520172386935975,7.068980286558136,-3.451192100377839,pp,
070101,Santa Cruz de la Sierra,núcleo,pct_15_29,32.36111255343822,27.482305823404605,-4.878806730033613,pp,
070101,Santa Cruz de la Sierra,núcleo,pct_80_mas,0.8032954289769285,0.9784715161311548,0.17517608715422628,pp,
070101,Santa Cruz de la Sierra,núcleo,razon_dependencia,50.49558283729901,46.44598618974376,-4.049596647555248,pp,
070101,Santa Cruz de la Sierra,núcleo,dep_juvenil,44.460339307278026,37.76703283117526,-6.693306476102769,pp,
070101,Santa Cruz de la Sierra,núcleo,dep_senil,6.035243530020973,8.678953358568505,2.6437098285475313,pp,
070101,Santa Cruz de la Sierra,núcleo,indice_envejecimiento,13.574443254491811,22.980236221799128,9.405792967307317,índice,
070101,Santa Cruz de la Sierra,núcleo,indice_juventud,736.6784635304273,435.1565364029621,-301.5219271274652,índice,
070101,Santa Cruz de la Sierra,núcleo,pct_analfabetismo,1.4401383648675978,1.349714336269936,-0.09042402859766185,pp,
070101,Santa Cruz de la Sierra,núcleo,pct_analfabetismo_mujeres,2.1461164024471238,1.9112417714144128,-0.234874631032711,pp,
070101,Santa Cruz de la Sierra,núcleo,pct_asistencia_escolar,88.03378671498201,94.81240428790198,6.77861757291997,pp,
070101,Santa Cruz de la Sierra,núcleo,pct_educacion_publica,59.85715031103432,76.66506721624832,16.807916905214,pp,
070101,Santa Cruz de la Sierra,núcleo,tasa_asistencia_4_5,57.35763272011768,83.00642381959932,25.64879109948164,pp,
070101,Santa Cruz de la Sierra,núcleo,tasa_asistencia_18_24,23.527241368954407,58.88366580684998,35.356424437895576,pp,
070101,Santa Cruz de la Sierra,núcleo,pct_sin_educacion,2.363536295166277,1.7379949365279774,-0.6255413586382996,pp,
070101,Santa Cruz de la Sierra,núcleo,pct_edu_primaria,18.274443799927838,11.633200056030994,-6.641243743896844,pp,
070101,Santa Cruz de la Sierra,núcleo,pct_edu_secundaria,47.72815507374133,45.99242077396101,-1.7357342997803187,pp,
070101,Santa Cruz de la Sierra,núcleo,pct_edu_superior,31.111463819019736,40.63638423348002,9.524920414460286,pp,
070101,Santa Cruz de la Sierra,núcleo,pct_secundaria_mas,78.83961889276107,86.62880500744103,7.789186114679964,pp,
070101,Santa Cruz de la Sierra,núcleo,pct_primaria_completa,83.08711022604263,88.96330439965517,5.8761941736125465,pp,
070101,Santa Cruz de la Sierra,núcleo,brecha_alfabetismo,1.440915853415554,1.1416118855617667,-0.2993039678537872,pp,
070101,Santa Cruz de la Sierra,núcleo,brecha_alfabetismo_muj,2.1461164024471238,1.9112417714144128,-0.234874631032711,pp,
070101,Santa Cruz de la Sierra,núcleo,brecha_alfabetismo_hom,0.7052005490315694,0.7696298858526461,0.06442933682107677,pp,
070101,Santa Cruz de la Sierra,núcleo,brecha_edu_superior,-1.7180051395511882,2.402032516063848,4.120037655615036,pp,
070101,Santa Cruz de la Sierra,núcleo,brecha_edu_superior_muj,30.269791097699656,41.81579749360472,11.546006395905064,pp,
070101,Santa Cruz de la Sierra,núcleo,brecha_edu_superior_hom,31.987796237250844,39.41376497754087,7.425968740290028,pp,
070101,Santa Cruz de la Sierra,núcleo,brecha_anios_estudio,-0.5439481486841338,-0.2261474484818251,0.31780070020230866,años,
070101,Santa Cruz de la Sierra,núcleo,brecha_anios_estudio_muj,10.75038264534708,11.850506543039996,1.1001238976929155,años,
070101,Santa Cruz de la Sierra,núcleo,brecha_anios_estudio_hom,11.294330794031213,12.07665399152182,0.7823231974906069,años,
070101,Santa Cruz de la Sierra,núcleo,pct_asalariados,49.73445005033493,46.91506750711061,-2.8193825432243216,pp,
070101,Santa Cruz de la Sierra,núcleo,pct_cuenta_propia,33.5850571692582,37.849969758014126,4.2649125887559265,pp,
070101,Santa Cruz de la Sierra,núcleo,pct_empleadores,3.430745931137097,2.3819937716505124,-1.0487521594865847,pp,
070101,Santa Cruz de la Sierra,núcleo,pct_trab_familiar,1.9409206715653424,4.499182716580107,2.5582620450147644,pp,
070101,Santa Cruz de la Sierra,núcleo,pct_catocu_hogar,2.6141687651853536,1.8928733885520337,-0.7212953766333199,pp,
070101,Santa Cruz de la Sierra,núcleo,pct_catocu_cooperativista,0.421868680457354,0.0339909923870174,-0.38787768807033657,pp,
070101,Santa Cruz de la Sierra,núcleo,pct_catocu_asalariado_amplio,52.34861881552028,48.80794089566265,-3.540677919857636,pp,
070101,Santa Cruz de la Sierra,núcleo,tasa_participacion,67.19756055000015,69.34249647046299,2.144935920462842,pp,
070101,Santa Cruz de la Sierra,núcleo,tasa_ocupacion,66.25289477653656,67.2606821828296,1.0077874062930334,pp,
070101,Santa Cruz de la Sierra,núcleo,tasa_desocupacion,1.4058036716387692,3.00221998571996,1.596416314081191,pp,
070101,Santa Cruz de la Sierra,núcleo,tasa_participacion_fem,55.68412387389999,61.04148035359865,5.357356479698659,pp,
070101,Santa Cruz de la Sierra,núcleo,tasa_ocupacion_fem,54.85976649004626,59.13551844624044,4.275751956194178,pp,
070101,Santa Cruz de la Sierra,núcleo,pct_sector_primario,3.327123882963177,5.044163296726367,1.7170394137631901,pp,
070101,Santa Cruz de la Sierra,núcleo,pct_sector_secundario,21.926100652139898,18.16906019904725,-3.757040453092646,pp,
070101,Santa Cruz de la Sierra,núcleo,pct_sector_servicios,62.847953095524176,68.7559046852584,5.907951589734225,pp,
070101,Santa Cruz de la Sierra,núcleo,brecha_participacion,23.50566424403905,16.881429901952494,-6.624234342086556,pp,
070101,Santa Cruz de la Sierra,núcleo,brecha_participacion_hom,79.18978811793903,77.92291025555114,-1.2668778623878865,pp,
070101,Santa Cruz de la Sierra,núcleo,brecha_participacion_muj,55.68412387389999,61.04148035359865,5.357356479698659,pp,
070101,Santa Cruz de la Sierra,núcleo,pct_ocu_profesionales,21.099781242342743,23.961025328288,2.8612440859452555,pp,
070101,Santa Cruz de la Sierra,núcleo,pct_ocu_no_calificado,9.337350286805757,7.760318515593368,-1.577031771212389,pp,
070101,Santa Cruz de la Sierra,núcleo,pct_agricultura,2.3449285716394423,4.561166290932903,2.2162377192934604,pp,
070101,Santa Cruz de la Sierra,núcleo,pct_manufactura,11.55562968845485,9.613577401988474,-1.9420522864663763,pp,
070101,Santa Cruz de la Sierra,núcleo,pct_construccion,10.002627453643155,8.27880611637916,-1.7238213372639954,pp,
070101,Santa Cruz de la Sierra,núcleo,pct_comercio,23.228166303054635,23.92416009757414,0.6959937945195058,pp,
070101,Santa Cruz de la Sierra,núcleo,pct_transporte,7.461377907543154,7.601860506965654,0.14048259942249963,pp,
070101,Santa Cruz de la Sierra,núcleo,pct_alojamiento,6.150455671314406,7.704458318545585,1.5540026472311794,pp,
070101,Santa Cruz de la Sierra,núcleo,pct_rama_mineria,0.9821953113237348,0.4829970057934647,-0.4991983055302701,pp,
070101,Santa Cruz de la Sierra,núcleo,pct_admin_publica,2.0941395974977195,1.8521341844411232,-0.24200541305659629,pp,
070101,Santa Cruz de la Sierra,núcleo,pct_rama_ensenanza,3.853205050615385,4.144901601075715,0.29169655046033016,pp,
070101,Santa Cruz de la Sierra,núcleo,pct_rama_salud,3.379230126560604,5.292847395440209,1.9136172688796047,pp,
070101,Santa Cruz de la Sierra,núcleo,pct_salud_publica,57.84287865413573,65.4151939624403,7.572315308304567,pp,
070101,Santa Cruz de la Sierra,núcleo,pct_caja_salud,22.563580663585856,22.986476571432828,0.4228959078469714,pp,
070101,Santa Cruz de la Sierra,núcleo,pct_salud_privada,22.373747338906487,31.33579394431471,8.962046605408222,pp,
070101,Santa Cruz de la Sierra,núcleo,pct_salud_tradicional,9.871748273534452,11.82334749860644,1.9515992250719876,pp,
070101,Santa Cruz de la Sierra,núcleo,pct_automedicacion,46.0706509510705,46.20622700936448,0.1355760582939851,pp,
070101,Santa Cruz de la Sierra,núcleo,pct_remedios_caseros,33.0653374180037,51.03073777360641,17.96540035560271,pp,
070101,Santa Cruz de la Sierra,núcleo,pct_registro_civil,97.84822331607404,98.5403554320355,0.6921321159614564,pp,
070101,Santa Cruz de la Sierra,núcleo,pct_cedula_identidad,78.64286324160389,98.11633300796544,19.473469766361546,pp,
070101,Santa Cruz de la Sierra,núcleo,pct_autoident_indigena,18.858514068934376,9.941423626395444,-8.917090442538932,pp,
070101,Santa Cruz de la Sierra,núcleo,pct_nacido_otro_municipio,25.61813773231143,33.27893132315295,7.660793590841525,pp,
070101,Santa Cruz de la Sierra,núcleo,pct_nacido_extranjero,2.1680895918788097,2.4890642561877327,0.3209746643089231,pp,
070101,Santa Cruz de la Sierra,núcleo,pct_migrante_reciente,6.679572028210759,7.480877849448159,0.8013058212374,pp,
070101,Santa Cruz de la Sierra,núcleo,paridez_media,1.9753410067200976,1.6431423,-0.33219870672009755,hijos,
070101,Santa Cruz de la Sierra,núcleo,paridez_media_12mas,2.5578569719051125,2.1051,-0.4527569719051123,hijos,
070101,Santa Cruz de la Sierra,núcleo,pct_hijos_fallecidos,12.697445784198436,7.367235,-5.330210784198436,pp,
070101,Santa Cruz de la Sierra,núcleo,pct_parto_calificado,,98.6626158225165,,pp,
070101,Santa Cruz de la Sierra,núcleo,pct_jefatura_femenina,33.94699648617093,37.79432387312187,3.847327386950937,pp,
070101,Santa Cruz de la Sierra,núcleo,edad_media_jefe,41.746440083348695,45.119225,3.3727849166513053,años,
070101,Santa Cruz de la Sierra,núcleo,prom_anios_estudio,10.658710107680424,11.96154638021918,1.302836272538757,años,
070101,Santa Cruz de la Sierra,núcleo,pct_ecivil_casado,28.70879025790176,26.4562505736338,-2.252539684267962,pp,
070101,Santa Cruz de la Sierra,núcleo,pct_ecivil_conviviente,20.566970497399623,22.205905527492,1.6389350300923766,pp,
070101,Santa Cruz de la Sierra,núcleo,pct_ecivil_separado_divorciado,3.91634089828016,5.846908611693644,1.9305677134134842,pp,
070101,Santa Cruz de la Sierra,núcleo,pct_ecivil_viudo,2.957380298042225,3.4758311845516303,0.5184508865094055,pp,
070101,Santa Cruz de la Sierra,núcleo,pct_ecivil_soltero,43.85051804837624,42.01510410262893,-1.8354139457473053,pp,
070101,Santa Cruz de la Sierra,núcleo,pct_quechua,5.119355000902076,3.427051588270531,-1.6923034126315453,pp,
070101,Santa Cruz de la Sierra,núcleo,pct_aymara,2.3770440893321383,1.5720063569686282,-0.8050377323635101,pp,
070101,Santa Cruz de la Sierra,núcleo,pct_guarani,1.135235481259988,0.9958743915720316,-0.13936108968795646,pp,
070101,Santa Cruz de la Sierra,núcleo,pct_chiquitano,1.6708615663390602,0.8911922526768296,-0.7796693136622307,pp,
070101,Santa Cruz de la Sierra,núcleo,pct_pueblo_afroboliviano,0.3129168404271995,0.2531296917917882,-0.05978714863541135,pp,
070101,Santa Cruz de la Sierra,núcleo,pct_pueblo_guarayo,0.2817631789353926,0.2203478758988596,-0.061415303036533,pp,
070101,Santa Cruz de la Sierra,núcleo,pct_pueblo_mojeno,0.3035510244723841,0.0729141935969002,-0.23063683087548387,pp,
070101,Santa Cruz de la Sierra,núcleo,pct_pueblo_trinitario,0.0191259820550966,0.0081109647570132,-0.0110150172980834,pp,
070101,Santa Cruz de la Sierra,núcleo,pct_pueblo_yuracare,0.0080841779820511,0.004477928459601,-0.0036062495224500994,pp,
070101,Santa Cruz de la Sierra,núcleo,pct_pueblo_movima,0.0970101357846138,0.0348095570821818,-0.062200578702432,pp,
070101,Santa Cruz de la Sierra,núcleo,pct_disc_ver,,2.69512361682106,,pp,
070101,Santa Cruz de la Sierra,núcleo,pct_disc_oir,,0.8506135419029134,,pp,
070101,Santa Cruz de la Sierra,núcleo,pct_disc_caminar,,1.7269140214341832,,pp,
070101,Santa Cruz de la Sierra,núcleo,pct_disc_comunicar,,0.8128349482690137,,pp,
070101,Santa Cruz de la Sierra,núcleo,pct_discapacidad,,4.520023907647315,,pp,
070101,Santa Cruz de la Sierra,núcleo,pct_sus,,44.54334693629484,,pp,
070101,Santa Cruz de la Sierra,núcleo,pct_afiliado_caja,,16.44928517977814,,pp,
070101,Santa Cruz de la Sierra,núcleo,pct_seguro_privado,,3.379932867295788,,pp,
070101,Santa Cruz de la Sierra,núcleo,pct_sin_seguro,,35.62743501663123,,pp,
070101,Santa Cruz de la Sierra,núcleo,pct_seguro_salud,,64.37256498336876,,pp,
070101,Santa Cruz de la Sierra,núcleo,pct_madres_adolescentes,12.816130420232346,5.974736408687852,-6.8413940115444944,pp,
070101,Santa Cruz de la Sierra,núcleo,edad_1er_hijo,,21.679904441344966,,años,
070101,Santa Cruz de la Sierra,núcleo,pct_idioma_materno_castellano,88.03811541941967,93.62649766044376,5.588382241024092,pp,
070101,Santa Cruz de la Sierra,núcleo,pct_idioma_materno_originario,8.271528027247387,4.816160690155847,-3.4553673370915394,pp,
070101,Santa Cruz de la Sierra,núcleo,pct_bilingue,19.71207336659244,14.782650899332587,-4.929422467259851,pp,
070101,Santa Cruz de la Sierra,núcleo,pct_registro_menores5,83.47999762700469,95.8332223731281,12.353224746123402,pp,
070101,Santa Cruz de la Sierra,núcleo,pct_residia_otro_mun,0.8433426328478103,2.325231714972728,1.4818890821249178,pp,
070101,Santa Cruz de la Sierra,núcleo,pct_rezago_escolar,8.528011282710084,6.41752603906978,-2.110485243640304,pp,
070101,Santa Cruz de la Sierra,núcleo,pct_hogar_con_menores,60.20727079848219,49.824589204202816,-10.382681594279376,pp,
070101,Santa Cruz de la Sierra,núcleo,pct_hogar_con_am,13.04745195642417,16.910084910269784,3.8626329538456137,pp,
070101,Santa Cruz de la Sierra,núcleo,pct_hogar_unipersonal,12.908727406258926,17.412547704253438,4.503820297994512,pp,
070101,Santa Cruz de la Sierra,núcleo,pct_am_solo,1.402478001278442,2.6657158829303507,1.2632378816519088,pp,
070101,Santa Cruz de la Sierra,núcleo,hogares,367635.0,454362.0,23.59051776898282,%,1.780699035430433
070101,Santa Cruz de la Sierra,núcleo,tam_hogar_pers,3.918497966733309,3.512930218636241,-0.40556774809706786,pers/hogar,
070101,Santa Cruz de la Sierra,núcleo,autocontencion_laboral,,97.12109587092662,,pp,
070101,Santa Cruz de la Sierra,núcleo,pct_trabaja_fuera,,2.8789041290733763,,pp,
070101,Santa Cruz de la Sierra,núcleo,dependencia_capital,,0.0,,pp,
070101,Santa Cruz de la Sierra,núcleo,poblacion_nbi,1399186.0,1551843.0,10.910415055610901,%,0.8666725297008515
070101,Santa Cruz de la Sierra,núcleo,pct_nbi_no_pobre,78.8723586428109,89.59611249333857,10.723753850527672,pp,
070101,Santa Cruz de la Sierra,núcleo,pct_nbi_satisfechas,39.17813643075331,45.86559336221512,6.68745693146181,pp,
070101,Santa Cruz de la Sierra,núcleo,pct_nbi_umbral,39.69422221205758,43.73051913112344,4.036296919065855,pp,
070101,Santa Cruz de la Sierra,núcleo,pct_nbi_pobre,21.12764135718911,10.403887506661434,-10.723753850527675,pp,
070101,Santa Cruz de la Sierra,núcleo,pct_nbi_moderada,20.22940481108301,10.123317887183177,-10.106086923899834,pp,
070101,Santa Cruz de la Sierra,núcleo,pct_nbi_indigente,0.892804816514745,0.2779275996347569,-0.6148772168799881,pp,
070101,Santa Cruz de la Sierra,núcleo,pct_nbi_marginal,0.0054317295913481,0.0026420198435022,-0.0027897097478459002,pp,
070101,Santa Cruz de la Sierra,núcleo,pct_nbi_materiales,7.865787679407885,5.158898161734144,-2.7068895176737406,pp,
070101,Santa Cruz de la Sierra,núcleo,pct_nbi_espacios,70.87892531800632,70.9292112668614,0.05028594885507687,pp,
070101,Santa Cruz de la Sierra,núcleo,pct_nbi_agua_sanea,21.52086999155223,8.217712745425922,-13.30315724612631,pp,
070101,Santa Cruz de la Sierra,núcleo,pct_nbi_energia,1.9940165210343728,0.8663247506352124,-1.1276917703991605,pp,
070101,Santa Cruz de la Sierra,núcleo,pct_nbi_educacion,26.494619014198257,18.516048337364023,-7.978570676834234,pp,
070101,Santa Cruz de la Sierra,núcleo,pct_nbi_salud,17.343584055300724,13.063692654476,-4.279891400824724,pp,
070101,Santa Cruz de la Sierra,núcleo,emigrantes,64414.0,40752.0,-36.73425031825379,%,-3.7433547404650547
070101,Santa Cruz de la Sierra,núcleo,edad_prom_emigracion,27.671695206303863,28.53797107459437,0.8662758682905078,años,
070101,Santa Cruz de la Sierra,núcleo,pct_emi_argentina,15.920452075635732,10.446113074204948,-5.474339001430783,pp,
070101,Santa Cruz de la Sierra,núcleo,pct_emi_brasil,5.739435526438352,10.026501766784452,4.287066240346101,pp,
070101,Santa Cruz de la Sierra,núcleo,pct_emi_chile,5.610581550594591,44.63584609344327,39.02526454284868,pp,
070101,Santa Cruz de la Sierra,núcleo,pct_emi_espana,51.72943769987891,15.471633294071456,-36.25780440580745,pp,
070101,Santa Cruz de la Sierra,núcleo,pct_emi_eeuu,6.439593877107461,8.173831959167648,1.7342380820601875,pp,
070101,Santa Cruz de la Sierra,núcleo,fallecidos,15933.0,33777.0,111.99397476934662,%,6.461756305533961
070101,Santa Cruz de la Sierra,núcleo,edad_prom_fallecimiento,55.286232840549104,60.68729441421501,5.401061573665906,años,
070101,Santa Cruz de la Sierra,núcleo,emigrantes_x1000,44.59490800837703,25.29637202650309,-19.298535981873943,‰,
070101,Santa Cruz de la Sierra,núcleo,tasa_mortalidad,,4.446356321796271,,‰,
070101,Santa Cruz de la Sierra,núcleo,idx_carencia,12.238563315494073,7.695858839521756,-4.542704475972316,índice,
070101,Santa Cruz de la Sierra,núcleo,idx_calidad_vivienda,91.60162134718303,94.35402221741644,2.7524008702334157,índice,
070101,Santa Cruz de la Sierra,núcleo,crec_intercensal,,0.9135863932866473,,%,0.9135863932866473
070102,Cotoca,núcleo,viviendas,12677.0,27833.0,119.55509978701583,%,6.773126740165214
070102,Cotoca,núcleo,pct_agua_caneria,73.81872682811391,83.55549168253512,9.73676485442121,pp,
070102,Cotoca,núcleo,pct_agua_pileta,9.978701585548633,6.76894334063881,-3.209758244909823,pp,
070102,Cotoca,núcleo,pct_agua_pozo,15.618837264336989,7.774943412495958,-7.843893851841031,pp,
070102,Cotoca,núcleo,pct_agua_pozo_bomba,13.22868186479451,7.146193367585241,-6.082488497209269,pp,
070102,Cotoca,núcleo,pct_agua_carro,0.2208724461623412,0.2982071641576546,0.07733471799531338,pp,
070102,Cotoca,núcleo,pct_agua_interior,49.483316242013096,64.92293320878095,15.43961696676785,pp,
070102,Cotoca,núcleo,pct_agua_lote,43.36988246430544,25.408687529191965,-17.961194935113475,pp,
070102,Cotoca,núcleo,pct_agua_sin_caneria,7.14680129368147,9.66837926202709,2.5215779683456194,pp,
070102,Cotoca,núcleo,pct_servicio_sanitario,80.27135757671374,93.94962813925916,13.678270562545421,pp,
070102,Cotoca,núcleo,pct_sanitario_exclusivo,39.30740711524809,76.6859483347106,37.37854121946251,pp,
070102,Cotoca,núcleo,pct_sanitario_compartido,40.96395046146564,17.26367980454856,-23.700270656917084,pp,
070102,Cotoca,núcleo,pct_sin_sanitario,19.728642423286267,6.050371860740847,-13.678270562545421,pp,
070102,Cotoca,núcleo,pct_alcantarillado,14.191054665930425,15.981029712930694,1.7899750470002687,pp,
070102,Cotoca,núcleo,pct_camara_septica,19.7049775183403,25.106887507634823,5.4019099892945235,pp,
070102,Cotoca,núcleo,pct_pozo_ciego,45.91780389682101,50.6161750440125,4.698371147191487,pp,
070102,Cotoca,núcleo,pct_desague_superficie,0.4575214956219925,0.154492868178062,-0.30302862744393055,pp,
070102,Cotoca,núcleo,pct_electricidad,92.95574662775104,97.51014982215356,4.554403194402525,pp,
070102,Cotoca,núcleo,pct_elec_red,91.42541610791196,95.64904968921785,4.22363358130589,pp,
070102,Cotoca,núcleo,pct_panel_solar,0.1498777313244458,1.045521503251536,0.8956437719270901,pp,
070102,Cotoca,núcleo,pct_motor_propio,0.5442928137571981,0.3449143103510221,-0.19937850340617597,pp,
070102,Cotoca,núcleo,pct_sin_energia,7.044253372248955,2.489850177846441,-4.554403194402514,pp,
070102,Cotoca,núcleo,pct_gas_red,2.1929478583261024,9.700714978622498,7.507767120296396,pp,
070102,Cotoca,núcleo,pct_gas_garrafa,82.01467224106649,84.04052743146624,2.025855190399753,pp,
070102,Cotoca,núcleo,pct_lena_guano,13.99384712471405,4.580893184349513,-9.412953940364536,pp,
070102,Cotoca,núcleo,pct_combustible_limpio,84.42060424390628,93.9711852836561,9.550581039749815,pp,
070102,Cotoca,núcleo,pct_no_cocina,1.5382188214877337,1.390435813602558,-0.14778300788517562,pp,
070102,Cotoca,núcleo,pct_cocina_exclusiva,69.29872998343457,76.26558401897029,6.966854035535718,pp,
070102,Cotoca,núcleo,pct_basura_formal,37.18545397175988,50.1922178708727,13.006763899112826,pp,
070102,Cotoca,núcleo,pct_basura_carro,29.036838368699215,39.21963137283081,10.182793004131597,pp,
070102,Cotoca,núcleo,pct_basura_contenedor,8.14861560306066,10.972586498041892,2.8239708949812314,pp,
070102,Cotoca,núcleo,pct_basura_quema,48.80492230022876,42.85560306111451,-5.949319239114253,pp,
070102,Cotoca,núcleo,pct_basura_entierra,5.7900134101128025,2.629971616426544,-3.1600417936862586,pp,
070102,Cotoca,núcleo,pct_basura_informal,6.547290368383687,1.8862501347321523,-4.661040233651535,pp,
070102,Cotoca,núcleo,pct_viv_propia,60.08519365780548,67.80081198577228,7.715618327966801,pp,
070102,Cotoca,núcleo,pct_viv_alquilada,14.790565591228209,13.95825099701793,-0.8323145942102794,pp,
070102,Cotoca,núcleo,pct_viv_anticretico,1.8931923956772108,1.800021557144397,-0.09317083853281383,pp,
070102,Cotoca,núcleo,pct_viv_prestada,8.282716731087797,9.67197211942658,1.3892553883387837,pp,
070102,Cotoca,núcleo,pct_viv_cedida,11.311824564171332,3.571300255092875,-7.740524309078456,pp,
070102,Cotoca,núcleo,pct_pared_ladrillo,90.19484105072178,92.89332806380916,2.6984870130873873,pp,
070102,Cotoca,núcleo,pct_pared_adobe,3.1001025479214324,1.2539072324219451,-1.8461953154994872,pp,
070102,Cotoca,núcleo,pct_pared_madera,3.0606610396781573,3.1042287931592,0.043567753481042804,pp,
070102,Cotoca,núcleo,pct_pared_precaria,0.362861875838132,0.114971436783674,-0.247890439054458,pp,
070102,Cotoca,núcleo,pct_techo_calamina,29.05261497199653,28.732080623720044,-0.3205343482764853,pp,
070102,Cotoca,núcleo,pct_techo_teja,60.93713023586022,59.96119714008551,-0.9759330957747068,pp,
070102,Cotoca,núcleo,pct_techo_losa,1.6723199495148695,5.662343261595948,3.990023312081079,pp,
070102,Cotoca,núcleo,pct_techo_paja,1.5224422181904236,0.4024000287428592,-1.1200421894475645,pp,
070102,Cotoca,núcleo,pct_piso_tierra,8.566695590439378,7.451586246541875,-1.1151093438975037,pp,
070102,Cotoca,núcleo,pct_piso_cemento,28.681864794509742,28.03506628821902,-0.6467985062907218,pp,
070102,Cotoca,núcleo,pct_piso_ceramica,21.77960085193658,43.850824560773184,22.071223708836605,pp,
070102,Cotoca,núcleo,pct_piso_mosaico,2.287607478109963,2.3964358854597063,0.1088284073497432,pp,
070102,Cotoca,núcleo,pct_monoambiente,38.67634298335568,32.00876657205475,-6.667576411300928,pp,
070102,Cotoca,núcleo,pct_urbano,61.10278457048197,84.4824488916035,23.379664321121524,pp,
070102,Cotoca,núcleo,pct_revoque,69.33817149167784,77.93626270973306,8.598091218055217,pp,
070102,Cotoca,núcleo,pct_hogar_nuclear,,42.80889591492114,,pp,
070102,Cotoca,núcleo,pct_hogar_monoparental,,12.980993784356698,,pp,
070102,Cotoca,núcleo,pct_hogar_extendido,,25.58114468436748,,pp,
070102,Cotoca,núcleo,pct_hogar_compuesto,,3.064707361764812,,pp,
070102,Cotoca,núcleo,pct_departamento,1.1674686440009463,0.9628857830632702,-0.20458286093767608,pp,
070102,Cotoca,núcleo,pct_con_emigrante,9.584286503115878,7.35098623935616,-2.233300263759719,pp,
070102,Cotoca,núcleo,pct_hogar_fallecido,4.914411927112093,6.413250458089318,1.498838530977225,pp,
070102,Cotoca,núcleo,pct_hacinamiento,30.08598248797034,21.71163726511695,-8.374345222853393,pp,
070102,Cotoca,núcleo,pct_choza,,1.728164409154601,,pp,
070102,Cotoca,núcleo,pct_agua_rio,,0.0431142887938777,,pp,
070102,Cotoca,núcleo,pct_agua_lluvia,,0.3341357381525527,,pp,
070102,Cotoca,núcleo,pct_agua_no_mejorada,,0.97007149786225,,pp,
070102,Cotoca,núcleo,pct_agua_mejorada,,99.02992850213776,,pp,
070102,Cotoca,núcleo,pct_saneamiento_mejorado,17.57513607320344,33.420759530054255,15.845623456850817,pp,
070102,Cotoca,núcleo,pct_radio,65.0469353948095,55.21503251535947,-9.831902879450027,pp,
070102,Cotoca,núcleo,pct_televisor,80.27924587836239,79.10753422196673,-1.171711656395658,pp,
070102,Cotoca,núcleo,pct_computadora,16.178906681391496,25.760787554341967,9.581880872950471,pp,
070102,Cotoca,núcleo,pct_auto,22.907627987694248,24.266158876154204,1.3585308884599563,pp,
070102,Cotoca,núcleo,pct_bicicleta,35.710341563461384,40.19688858549204,4.486547022030656,pp,
070102,Cotoca,núcleo,pct_moto,22.04780310799085,34.60999532928538,12.562192221294534,pp,
070102,Cotoca,núcleo,pct_carreta,3.4629644237595647,1.297021521215823,-2.1659429025437418,pp,
070102,Cotoca,núcleo,pct_bote,0.4811864005679577,1.1461215104372506,0.6649351098692929,pp,
070102,Cotoca,núcleo,pct_internet,7.5569929794115325,79.47759853411418,71.92060555470265,pp,
070102,Cotoca,núcleo,pct_telefonia,76.8557229628461,87.98189199870657,11.126169035860471,pp,
070102,Cotoca,núcleo,pct_celular,,87.84895627492544,,pp,
070102,Cotoca,núcleo,pct_internet_fijo,,36.06869543347825,,pp,
070102,Cotoca,núcleo,pct_internet_movil,,71.12779793769985,,pp,
070102,Cotoca,núcleo,pct_tv_cable,,17.60500125750009,,pp,
070102,Cotoca,núcleo,pct_telefono_fijo,,3.053928789566342,,pp,
070102,Cotoca,núcleo,pct_refrigerador,,70.45952646139474,,pp,
070102,Cotoca,núcleo,pct_microondas,,17.24571551755111,,pp,
070102,Cotoca,núcleo,pct_calefon,,2.594043042431646,,pp,
070102,Cotoca,núcleo,pct_aire_acond,,12.104336578881185,,pp,
070102,Cotoca,núcleo,pct_lavadora,,29.903352135953725,,pp,
070102,Cotoca,núcleo,pct_vivienda_desocupada,4.840655830789978,10.27632827324478,5.435672442454801,pp,
070102,Cotoca,núcleo,tam_hogar,4.31072,3.7965364,-11.928021305025604,%,-1.052882691863144
070102,Cotoca,núcleo,pers_x_vivienda,4.31072,3.7965364,-11.928021305025604,%,-1.052882691863144
070102,Cotoca,núcleo,pers_x_dormitorio,2.423048,2.0188186,-16.68268230757295,%,-1.5094400275830866
070102,Cotoca,núcleo,pers_x_habitacion,1.9413478,1.6898118,-12.956771579003002,%,-1.1497172546312218
070102,Cotoca,núcleo,pob_total,55633.0,106603.0,91.61828411194794,%,5.5690010960434355
070102,Cotoca,núcleo,pob_mujeres,26985.0,52124.0,93.1591624976839,%,5.639485199240779
070102,Cotoca,núcleo,pct_0_14,37.01939496342099,32.355562226203766,-4.663832737217227,pp,
070102,Cotoca,núcleo,pct_15_64,59.515036039760574,63.81340112379576,4.298365084035183,pp,
070102,Cotoca,núcleo,pct_65_mas,3.465568996818435,3.831036650000469,0.365467653182034,pp,
070102,Cotoca,núcleo,pct_menor20,48.39753383783007,41.70145305479208,-6.696080783037985,pp,
070102,Cotoca,núcleo,pct_60_mas,5.19116351805583,6.220275226775982,1.0291117087201522,pp,
070102,Cotoca,núcleo,edad_mediana,20.0,24.0,4.0,años,
070102,Cotoca,núcleo,edad_promedio,24.039203350529363,26.795671,2.756467649470636,años,
070102,Cotoca,núcleo,indice_masculinidad,106.1626829720215,104.51807228915662,-1.6446106828648794,h/100m,
070102,Cotoca,núcleo,pob_hombres,28648.0,54479.0,90.1668528344038,%,5.502131741178196
070102,Cotoca,núcleo,pct_0_4,12.981503783725486,9.211748262244027,-3.769755521481459,pp,
070102,Cotoca,núcleo,pct_15_29,29.67842827099024,27.13901109724867,-2.539417173741569,pp,
070102,Cotoca,núcleo,pct_80_mas,0.6219330253626445,0.6472613341087962,0.025328308746151662,pp,
070102,Cotoca,núcleo,razon_dependencia,68.02476593174268,56.70689579137695,-11.317870140365727,pp,
070102,Cotoca,núcleo,dep_juvenil,62.20175173663546,50.70339718053126,-11.498354556104196,pp,
070102,Cotoca,núcleo,dep_senil,5.823014195107218,6.003498610845694,0.1804844157384755,pp,
070102,Cotoca,núcleo,indice_envejecimiento,9.361495508618598,11.840426765626813,2.478931257008215,índice,
070102,Cotoca,núcleo,indice_juventud,1068.2053941908714,844.564152791381,-223.64124139949035,índice,
070102,Cotoca,núcleo,pct_analfabetismo,3.505428505428505,2.481816115467667,-1.0236123899608383,pp,
070102,Cotoca,núcleo,pct_analfabetismo_mujeres,5.042317320300393,3.487021659601649,-1.5552956606987443,pp,
070102,Cotoca,núcleo,pct_asistencia_escolar,84.05352050888352,91.99566831683168,7.94214780794816,pp,
070102,Cotoca,núcleo,pct_educacion_publica,85.24921711899792,86.46621598896849,1.216998869970567,pp,
070102,Cotoca,núcleo,tasa_asistencia_4_5,43.63992172211351,75.01734906315059,31.377427341037077,pp,
070102,Cotoca,núcleo,tasa_asistencia_18_24,22.85,43.56560942814205,20.715609428142045,pp,
070102,Cotoca,núcleo,pct_sin_educacion,5.789598348729402,2.982721451784163,-2.8068768969452385,pp,
070102,Cotoca,núcleo,pct_edu_primaria,32.419720502148685,19.87033044821262,-12.549390053936065,pp,
070102,Cotoca,núcleo,pct_edu_secundaria,48.878286468378846,55.5551980436951,6.676911575316254,pp,
070102,Cotoca,núcleo,pct_edu_superior,12.523263289682944,21.59175005630812,9.068486766625174,pp,
070102,Cotoca,núcleo,pct_secundaria_mas,61.40154975806179,77.14694810000321,15.745398341941424,pp,
070102,Cotoca,núcleo,pct_primaria_completa,67.59381450275775,81.18826217059751,13.59444766783976,pp,
070102,Cotoca,núcleo,brecha_alfabetismo,2.981154555653815,1.9682455817156963,-1.0129089739381187,pp,
070102,Cotoca,núcleo,brecha_alfabetismo_muj,5.042317320300393,3.487021659601649,-1.5552956606987443,pp,
070102,Cotoca,núcleo,brecha_alfabetismo_hom,2.061162764646578,1.5187760778859527,-0.5423866867606253,pp,
070102,Cotoca,núcleo,brecha_edu_superior,0.7796433614945055,3.749712347288636,2.9700689857941303,pp,
070102,Cotoca,núcleo,brecha_edu_superior_muj,12.925312652833089,23.507929196551952,10.582616543718864,pp,
070102,Cotoca,núcleo,brecha_edu_superior_hom,12.145669291338583,19.75821684926332,7.612547557924737,pp,
070102,Cotoca,núcleo,brecha_anios_estudio,-0.2571123123347991,-0.1704729570322527,0.08663935530254638,años,
070102,Cotoca,núcleo,brecha_anios_estudio_muj,8.592397928092627,9.98766203856024,1.395264110467613,años,
070102,Cotoca,núcleo,brecha_anios_estudio_hom,8.849510240427426,10.158134995592494,1.3086247551650683,años,
070102,Cotoca,núcleo,pct_asalariados,46.15851806863043,45.4103863072529,-0.7481317613775289,pp,
070102,Cotoca,núcleo,pct_cuenta_propia,35.942041560019085,36.93164050284571,0.9895989428266248,pp,
070102,Cotoca,núcleo,pct_empleadores,2.4684395470912324,1.7366105864448476,-0.7318289606463848,pp,
070102,Cotoca,núcleo,pct_trab_familiar,1.7656500802568218,5.172305960347739,3.4066558800909172,pp,
070102,Cotoca,núcleo,pct_catocu_hogar,2.173441499284196,2.1952592407280007,0.02181774144380455,pp,
070102,Cotoca,núcleo,pct_catocu_cooperativista,0.55962864951629,0.0917297308566306,-0.4678989186596594,pp,
070102,Cotoca,núcleo,pct_catocu_asalariado_amplio,48.33195956791462,47.605645547980906,-0.7263140199337172,pp,
070102,Cotoca,núcleo,tasa_participacion,65.72016813931543,68.63157304630563,2.9114049069901995,pp,
070102,Cotoca,núcleo,tasa_ocupacion,65.10251351119499,66.62462159434914,1.5221080831541514,pp,
070102,Cotoca,núcleo,tasa_desocupacion,0.939825088108602,2.9242393302021648,1.9844142420935627,pp,
070102,Cotoca,núcleo,tasa_participacion_fem,47.3339624867288,56.63709215798512,9.303129671256322,pp,
070102,Cotoca,núcleo,tasa_ocupacion_fem,46.79721599622508,54.87979393245564,8.082577936230564,pp,
070102,Cotoca,núcleo,pct_sector_primario,13.817187974491343,11.345299893676902,-2.4718880808144412,pp,
070102,Cotoca,núcleo,pct_sector_secundario,29.62127456509479,23.78510225780224,-5.83617230729255,pp,
070102,Cotoca,núcleo,pct_sector_servicios,45.00889332350007,57.21225008860258,12.203356765102512,pp,
070102,Cotoca,núcleo,brecha_participacion,35.68762823314688,23.5040700962168,-12.183558136930081,pp,
070102,Cotoca,núcleo,brecha_participacion_hom,83.02159071987568,80.14116225420192,-2.8804284656737593,pp,
070102,Cotoca,núcleo,brecha_participacion_muj,47.3339624867288,56.63709215798512,9.303129671256322,pp,
070102,Cotoca,núcleo,pct_ocu_profesionales,9.591774760314086,12.562803594137636,2.9710288338235493,pp,
070102,Cotoca,núcleo,pct_ocu_no_calificado,10.264196781050714,9.074989054975296,-1.1892077260754181,pp,
070102,Cotoca,núcleo,pct_agricultura,13.539542753025898,11.18268809806742,-2.356854654958479,pp,
070102,Cotoca,núcleo,pct_manufactura,18.4156869550128,12.80463652094148,-5.611050434071318,pp,
070102,Cotoca,núcleo,pct_construccion,10.936618801787342,10.70110701107011,-0.23551179071723105,pp,
070102,Cotoca,núcleo,pct_comercio,16.276951108411783,19.369566577021704,3.092615468609921,pp,
070102,Cotoca,núcleo,pct_transporte,8.203548652986855,9.637876039777346,1.4343273867904909,pp,
070102,Cotoca,núcleo,pct_alojamiento,4.958570127109453,7.528092230074843,2.56952210296539,pp,
070102,Cotoca,núcleo,pct_rama_mineria,0.2776452214654462,0.1626117956094815,-0.11503342585596468,pp,
070102,Cotoca,núcleo,pct_admin_publica,1.171315778057351,1.1445368690975046,-0.02677890895984647,pp,
070102,Cotoca,núcleo,pct_rama_ensenanza,2.685349876361112,3.12923468217733,0.4438848058162179,pp,
070102,Cotoca,núcleo,pct_rama_salud,1.6138128497679058,3.173014780995268,1.559201931227362,pp,
070102,Cotoca,núcleo,pct_salud_publica,72.28803048550321,79.05312233239215,6.765091846888936,pp,
070102,Cotoca,núcleo,pct_caja_salud,18.37218916829939,17.106460418562328,-1.265728749737061,pp,
070102,Cotoca,núcleo,pct_salud_privada,17.940790537990043,19.82871026143729,1.8879197234472471,pp,
070102,Cotoca,núcleo,pct_salud_tradicional,12.120504017399744,13.088749847565266,0.9682458301655217,pp,
070102,Cotoca,núcleo,pct_automedicacion,48.5377383926806,45.08597319024793,-3.451765202432675,pp,
070102,Cotoca,núcleo,pct_remedios_caseros,38.27943846278288,55.17762164291812,16.89818318013524,pp,
070102,Cotoca,núcleo,pct_registro_civil,96.06992402693264,98.91477272727272,2.84484870034008,pp,
070102,Cotoca,núcleo,pct_cedula_identidad,71.12483347135708,98.4119318181818,27.28709834682472,pp,
070102,Cotoca,núcleo,pct_autoident_indigena,27.4741929026908,15.811750196210337,-11.662442706480462,pp,
070102,Cotoca,núcleo,pct_nacido_otro_municipio,24.79026392539517,57.53693181818182,32.74666789278665,pp,
070102,Cotoca,núcleo,pct_nacido_extranjero,0.8767508011377957,1.2424242424242424,0.36567344128644674,pp,
070102,Cotoca,núcleo,pct_migrante_reciente,8.468684695123212,21.766607571175307,13.297922876052095,pp,
070102,Cotoca,núcleo,paridez_media,2.682739819390015,2.17994,-0.502799819390015,hijos,
070102,Cotoca,núcleo,paridez_media_12mas,3.2824282498593136,2.6000826,-0.6823456498593137,hijos,
070102,Cotoca,núcleo,pct_hijos_fallecidos,14.40721984157901,8.701765,-5.7054548415790105,pp,
070102,Cotoca,núcleo,pct_parto_calificado,,97.95183714001986,,pp,
070102,Cotoca,núcleo,pct_jefatura_femenina,30.38485904339563,33.68501196432456,3.30015292092893,pp,
070102,Cotoca,núcleo,edad_media_jefe,40.86894203357618,43.023964,2.155021966423817,años,
070102,Cotoca,núcleo,prom_anios_estudio,8.197737618044703,10.074777180732973,1.8770395626882692,años,
070102,Cotoca,núcleo,pct_ecivil_casado,25.32717254046608,23.337200870195797,-1.9899716702702825,pp,
070102,Cotoca,núcleo,pct_ecivil_conviviente,28.954769831247848,31.477882523567803,2.5231126923199554,pp,
070102,Cotoca,núcleo,pct_ecivil_separado_divorciado,2.3217770634829527,4.374184191443074,2.0524071279601217,pp,
070102,Cotoca,núcleo,pct_ecivil_viudo,2.801056135920101,2.828136330674402,0.0270801947543009,pp,
070102,Cotoca,núcleo,pct_ecivil_soltero,40.59522442888302,37.98259608411893,-2.61262834476409,pp,
070102,Cotoca,núcleo,pct_quechua,13.039375482542678,6.501569682699854,-6.537805799842824,pp,
070102,Cotoca,núcleo,pct_aymara,1.1981355980669697,1.0287027693687634,-0.1694328286982063,pp,
070102,Cotoca,núcleo,pct_guarani,1.2667638900803524,0.9656351608924768,-0.3011287291878756,pp,
070102,Cotoca,núcleo,pct_chiquitano,3.1225872866089044,1.639757820383451,-1.4828294662254533,pp,
070102,Cotoca,núcleo,pct_pueblo_afroboliviano,0.5833404821137514,0.2999215158650073,-0.28341896624874413,pp,
070102,Cotoca,núcleo,pct_pueblo_guarayo,0.1887278030368019,0.2788989797062451,0.09017117666944321,pp,
070102,Cotoca,núcleo,pct_pueblo_mojeno,0.6376712132910125,0.1303397241843256,-0.5073314891066869,pp,
070102,Cotoca,núcleo,pct_pueblo_trinitario,0.0486117068428126,0.0070075120529207,-0.0416041947898919,pp,
070102,Cotoca,núcleo,pct_pueblo_yuracare,0.0142975608361213,0.0126135216952573,-0.0016840391408639993,pp,
070102,Cotoca,núcleo,pct_pueblo_movima,0.1544136570301106,0.0798856374032963,-0.0745280196268143,pp,
070102,Cotoca,núcleo,pct_disc_ver,,2.179924242424242,,pp,
070102,Cotoca,núcleo,pct_disc_oir,,0.7225378787878788,,pp,
070102,Cotoca,núcleo,pct_disc_caminar,,1.4535984848484849,,pp,
070102,Cotoca,núcleo,pct_disc_comunicar,,0.8096590909090909,,pp,
070102,Cotoca,núcleo,pct_discapacidad,,3.759469696969697,,pp,
070102,Cotoca,núcleo,pct_sus,,65.64850301126704,,pp,
070102,Cotoca,núcleo,pct_afiliado_caja,,11.66565810832877,,pp,
070102,Cotoca,núcleo,pct_seguro_privado,,1.1286248066929851,,pp,
070102,Cotoca,núcleo,pct_sin_seguro,,21.557214073711208,,pp,
070102,Cotoca,núcleo,pct_seguro_salud,,78.44278592628879,,pp,
070102,Cotoca,núcleo,pct_madres_adolescentes,18.83916990920882,10.064328698900187,-8.774841210308633,pp,
070102,Cotoca,núcleo,edad_1er_hijo,,20.200389736927573,,años,
070102,Cotoca,núcleo,pct_idioma_materno_castellano,81.5218701048319,91.3834072714293,9.861537166597401,pp,
070102,Cotoca,núcleo,pct_idioma_materno_originario,14.545929228421096,7.504971699556371,-7.040957528864725,pp,
070102,Cotoca,núcleo,pct_bilingue,19.1967888104943,13.099384711648764,-6.097404098845537,pp,
070102,Cotoca,núcleo,pct_registro_menores5,78.72487872487872,95.11843460350154,16.39355587862282,pp,
070102,Cotoca,núcleo,pct_residia_otro_mun,0.957764735534512,2.794507575757576,1.836742840223064,pp,
070102,Cotoca,núcleo,pct_rezago_escolar,11.189985497290284,8.861249784816664,-2.3287357124736197,pp,
070102,Cotoca,núcleo,pct_hogar_con_menores,69.28261543229006,59.72899340407227,-9.553622028217788,pp,
070102,Cotoca,núcleo,pct_hogar_con_am,12.542609234583203,12.385288213363925,-0.15732102121927838,pp,
070102,Cotoca,núcleo,pct_hogar_unipersonal,11.767895878524946,15.28893031258962,3.521034434064674,pp,
070102,Cotoca,núcleo,pct_am_solo,1.8438177874186552,2.5630914826498423,0.7192736952311871,pp,
070102,Cotoca,núcleo,hogares,12908.0,27896.0,116.1140378060118,%,6.632661257473571
070102,Cotoca,núcleo,tam_hogar_pers,4.303222807561203,3.785488958990536,-0.5177338485706668,pers/hogar,
070102,Cotoca,núcleo,autocontencion_laboral,,76.80381633870006,,pp,
070102,Cotoca,núcleo,pct_trabaja_fuera,,23.19618366129994,,pp,
070102,Cotoca,núcleo,dependencia_capital,,16.269131385410454,,pp,
070102,Cotoca,núcleo,poblacion_nbi,54280.0,103265.0,90.24502579218864,%,5.505745173314014
070102,Cotoca,núcleo,pct_nbi_no_pobre,57.581061164333086,76.72686776739457,19.14580660306148,pp,
070102,Cotoca,núcleo,pct_nbi_satisfechas,16.389093588798822,21.356703626591777,4.967610037792955,pp,
070102,Cotoca,núcleo,pct_nbi_umbral,41.19196757553426,55.37016414080279,14.178196565268536,pp,
070102,Cotoca,núcleo,pct_nbi_pobre,42.418938835666914,23.273132232605438,-19.145806603061477,pp,
070102,Cotoca,núcleo,pct_nbi_moderada,39.454679439941046,22.375441824432286,-17.07923761550876,pp,
070102,Cotoca,núcleo,pct_nbi_indigente,2.9366249078850406,0.8909117319517745,-2.0457131759332663,pp,
070102,Cotoca,núcleo,pct_nbi_marginal,0.0276344878408253,0.0067786762213721,-0.0208558116194532,pp,
070102,Cotoca,núcleo,pct_nbi_materiales,14.613117170228444,11.26034958601656,-3.3527675842118843,pp,
070102,Cotoca,núcleo,pct_nbi_espacios,82.7044952100221,81.32377862780226,-1.380716582219847,pp,
070102,Cotoca,núcleo,pct_nbi_agua_sanea,48.45983787767133,28.393937926693457,-20.065899950977876,pp,
070102,Cotoca,núcleo,pct_nbi_energia,16.12196020633751,5.297051275843703,-10.824908930493805,pp,
070102,Cotoca,núcleo,pct_nbi_educacion,48.43957258658806,31.12961797317581,-17.309954613412252,pp,
070102,Cotoca,núcleo,pct_nbi_salud,19.66838614591009,14.104488452040863,-5.563897693869228,pp,
070102,Cotoca,núcleo,emigrantes,1638.0,2609.0,59.27960927960927,%,3.9553109492454386
070102,Cotoca,núcleo,edad_prom_emigracion,26.07362355953905,26.511627906976745,0.438004347437694,años,
070102,Cotoca,núcleo,pct_emi_argentina,29.426129426129425,13.645074741280183,-15.781054684849241,pp,
070102,Cotoca,núcleo,pct_emi_brasil,6.837606837606837,13.07014181678804,6.232534979181202,pp,
070102,Cotoca,núcleo,pct_emi_chile,4.151404151404152,59.52472211575317,55.37331796434902,pp,
070102,Cotoca,núcleo,pct_emi_espana,46.7032967032967,6.707550785741663,-39.99574591755504,pp,
070102,Cotoca,núcleo,pct_emi_eeuu,1.7704517704517704,2.069758528171713,0.2993067577199424,pp,
070102,Cotoca,núcleo,fallecidos,680.0,1740.0,155.88235294117646,%,8.144232127736162
070102,Cotoca,núcleo,edad_prom_fallecimiento,48.98724082934609,55.05051112447384,6.063270295127751,años,
070102,Cotoca,núcleo,emigrantes_x1000,29.44295651861305,24.47398290854854,-4.968973610064513,‰,
070102,Cotoca,núcleo,tasa_mortalidad,,4.099321782689042,,‰,
070102,Cotoca,núcleo,idx_carencia,39.16857300623176,31.46840081917149,-7.7001721870602715,índice,
070102,Cotoca,núcleo,idx_calidad_vivienda,83.8715784491599,88.2527934466281,4.381214997468206,índice,
070102,Cotoca,núcleo,crec_intercensal,,5.5690010960434355,,%,5.5690010960434355
070103,Porongo,núcleo,viviendas,3622.0,6642.0,83.37934842628383,%,5.183076362040384
070103,Porongo,núcleo,pct_agua_caneria,61.01601325234677,78.93706714844926,17.921053896102492,pp,
070103,Porongo,núcleo,pct_agua_pileta,6.6261733848702375,2.1529659741041853,-4.473207410766053,pp,
070103,Porongo,núcleo,pct_agua_pozo,20.62396466040861,13.655525444143333,-6.968439216265278,pp,
070103,Porongo,núcleo,pct_agua_pozo_bomba,16.123688569850913,12.752183077386327,-3.3715054924645855,pp,
070103,Porongo,núcleo,pct_agua_carro,0.4969630038652678,0.1957241794640168,-0.30123882440125105,pp,
070103,Porongo,núcleo,pct_agua_interior,47.10104914411927,72.3727792833484,25.27173013922912,pp,
070103,Porongo,núcleo,pct_agua_lote,33.020430701270016,19.96386630532972,-13.056564395940295,pp,
070103,Porongo,núcleo,pct_agua_sin_caneria,19.87852015461071,7.663354411321891,-12.215165743288821,pp,
070103,Porongo,núcleo,pct_servicio_sanitario,73.66096079514081,91.7043059319482,18.04334513680739,pp,
070103,Porongo,núcleo,pct_sanitario_exclusivo,50.441744892324685,82.92682926829268,32.48508437596799,pp,
070103,Porongo,núcleo,pct_sanitario_compartido,23.219215902816124,8.777476663655525,-14.441739239160599,pp,
070103,Porongo,núcleo,pct_sin_sanitario,26.339039204859198,8.295694068051791,-18.043345136807407,pp,
070103,Porongo,núcleo,pct_alcantarillado,11.76145775814467,33.09244203553147,21.330984277386797,pp,
070103,Porongo,núcleo,pct_camara_septica,21.36940916620652,22.463113520024088,1.093704353817568,pp,
070103,Porongo,núcleo,pct_pozo_ciego,39.8674765323026,33.81511592893707,-6.052360603365528,pp,
070103,Porongo,núcleo,pct_desague_superficie,0.6626173384870238,0.1957241794640168,-0.466893159023007,pp,
070103,Porongo,núcleo,pct_electricidad,81.63997791275538,94.53477868112014,12.89480076836476,pp,
070103,Porongo,núcleo,pct_elec_red,72.97073440088349,90.99668774465522,18.025953343771732,pp,
070103,Porongo,núcleo,pct_panel_solar,4.113749309773605,2.378801565793436,-1.7349477439801695,pp,
070103,Porongo,núcleo,pct_motor_propio,3.368304803975704,0.8882866606443842,-2.4800181433313195,pp,
070103,Porongo,núcleo,pct_sin_energia,18.360022087244616,5.465221318879856,-12.89480076836476,pp,
070103,Porongo,núcleo,pct_gas_red,0.0,18.277627220716653,18.277627220716653,pp,
070103,Porongo,núcleo,pct_gas_garrafa,51.71176145775814,63.6254140319181,11.913652574159954,pp,
070103,Porongo,núcleo,pct_lena_guano,44.50579790171176,15.100873230954532,-29.404924670757225,pp,
070103,Porongo,núcleo,pct_combustible_limpio,54.38983986747653,83.54411321890997,29.15427335143344,pp,
070103,Porongo,núcleo,pct_no_cocina,0.8558807288790723,1.2947907256850346,0.4389099968059623,pp,
070103,Porongo,núcleo,pct_cocina_exclusiva,77.69188293760354,83.95061728395062,6.258734346347083,pp,
070103,Porongo,núcleo,pct_basura_formal,24.406405300938708,57.97952423968684,33.57311893874813,pp,
070103,Porongo,núcleo,pct_basura_carro,17.25565985643291,42.71303824149353,25.45737838506062,pp,
070103,Porongo,núcleo,pct_basura_contenedor,7.150745444505798,15.266485998193316,8.115740553687518,pp,
070103,Porongo,núcleo,pct_basura_quema,56.54334621755936,27.913279132791327,-28.630067084768033,pp,
070103,Porongo,núcleo,pct_basura_entierra,9.580342352291552,5.691056910569106,-3.8892854417224463,pp,
070103,Porongo,núcleo,pct_basura_informal,7.233572611816676,1.4152363745859682,-5.818336237230708,pp,
070103,Porongo,núcleo,pct_viv_propia,63.39039204859194,70.74676302318579,7.356370974593851,pp,
070103,Porongo,núcleo,pct_viv_alquilada,8.917725013804528,9.831376091538694,0.9136510777341655,pp,
070103,Porongo,núcleo,pct_viv_anticretico,0.8558807288790723,1.7464619090635352,0.8905811801844629,pp,
070103,Porongo,núcleo,pct_viv_prestada,6.7642186637217,5.269497139415838,-1.494721524305862,pp,
070103,Porongo,núcleo,pct_viv_cedida,16.151297625621204,9.75609756097561,-6.395200064645595,pp,
070103,Porongo,núcleo,pct_pared_ladrillo,60.85035891772501,86.90153568202349,26.051176764298482,pp,
070103,Porongo,núcleo,pct_pared_adobe,9.442297073440088,3.4176452875639867,-6.024651785876101,pp,
070103,Porongo,núcleo,pct_pared_madera,7.537272225289895,3.839205058717254,-3.698067166572641,pp,
070103,Porongo,núcleo,pct_pared_precaria,3.7824406405300937,0.7377295995182174,-3.044711041011876,pp,
070103,Porongo,núcleo,pct_techo_calamina,15.102153506350083,23.080397470641373,7.9782439642912895,pp,
070103,Porongo,núcleo,pct_techo_teja,53.45113197128658,56.45889792231256,3.0077659510259807,pp,
070103,Porongo,núcleo,pct_techo_losa,5.356156819436776,14.468533574224631,9.112376754787856,pp,
070103,Porongo,núcleo,pct_techo_paja,20.90005521811154,4.1854862993074375,-16.7145689188041,pp,
070103,Porongo,núcleo,pct_piso_tierra,30.59083379348426,10.508882866606443,-20.081950926877816,pp,
070103,Porongo,núcleo,pct_piso_cemento,20.982882385422418,18.1421258657031,-2.840756519719317,pp,
070103,Porongo,núcleo,pct_piso_ceramica,28.216454997239094,61.69828364950316,33.48182865226407,pp,
070103,Porongo,núcleo,pct_piso_mosaico,2.59525124240751,1.1291779584462511,-1.4660732839612587,pp,
070103,Porongo,núcleo,pct_monoambiente,35.726118166758695,26.72387834989461,-9.002239816864087,pp,
070103,Porongo,núcleo,pct_urbano,26.449475427940364,46.28124059018368,19.831765162243315,pp,
070103,Porongo,núcleo,pct_revoque,65.93042517945887,81.46642577536886,15.536000595909996,pp,
070103,Porongo,núcleo,pct_hogar_nuclear,,45.3026196928636,,pp,
070103,Porongo,núcleo,pct_hogar_monoparental,,9.16892502258356,,pp,
070103,Porongo,núcleo,pct_hogar_extendido,,21.951219512195124,,pp,
070103,Porongo,núcleo,pct_hogar_compuesto,,3.794037940379404,,pp,
070103,Porongo,núcleo,pct_departamento,1.1319712865819989,1.7163504968383017,0.5843792102563028,pp,
070103,Porongo,núcleo,pct_con_emigrante,9.442297073440088,9.274314965371875,-0.16798210806821245,pp,
070103,Porongo,núcleo,pct_hogar_fallecido,4.279403644395361,6.338452273411623,2.059048629016262,pp,
070103,Porongo,núcleo,pct_hacinamiento,30.17669795692987,14.33303221921108,-15.84366573771879,pp,
070103,Porongo,núcleo,pct_choza,,3.9295392953929538,,pp,
070103,Porongo,núcleo,pct_agua_rio,,2.303523035230352,,pp,
070103,Porongo,núcleo,pct_agua_lluvia,,0.7979524239686842,,pp,
070103,Porongo,núcleo,pct_agua_no_mejorada,,3.40258958145137,,pp,
070103,Porongo,núcleo,pct_agua_mejorada,,96.59741041854863,,pp,
070103,Porongo,núcleo,pct_saneamiento_mejorado,26.145775814467147,51.59590484793737,25.450129033470223,pp,
070103,Porongo,núcleo,pct_radio,70.43070127001657,67.08822643781993,-3.3424748321966433,pp,
070103,Porongo,núcleo,pct_televisor,65.51628934290447,79.75007527853056,14.233785935626088,pp,
070103,Porongo,núcleo,pct_computadora,22.059635560463832,45.332731105088826,23.273095544624994,pp,
070103,Porongo,núcleo,pct_auto,30.093870789619,51.791629027401385,21.697758237782384,pp,
070103,Porongo,núcleo,pct_bicicleta,28.02319160684705,47.68142125865703,19.658229651809982,pp,
070103,Porongo,núcleo,pct_moto,18.028713418001104,35.09485094850948,17.066137530508378,pp,
070103,Porongo,núcleo,pct_carreta,8.00662617338487,1.2345679012345678,-6.772058272150302,pp,
070103,Porongo,núcleo,pct_bote,0.6902263942573164,1.370069256248118,0.6798428619908017,pp,
070103,Porongo,núcleo,pct_internet,16.372170071783547,78.59078590785907,62.21861583607553,pp,
070103,Porongo,núcleo,pct_telefonia,61.45775814467145,89.35561577838001,27.89785763370856,pp,
070103,Porongo,núcleo,pct_celular,,89.25022583559169,,pp,
070103,Porongo,núcleo,pct_internet_fijo,,48.14814814814815,,pp,
070103,Porongo,núcleo,pct_internet_movil,,74.04396266184884,,pp,
070103,Porongo,núcleo,pct_tv_cable,,38.87383318277627,,pp,
070103,Porongo,núcleo,pct_telefono_fijo,,7.0761818729298405,,pp,
070103,Porongo,núcleo,pct_refrigerador,,75.56458897922313,,pp,
070103,Porongo,núcleo,pct_microondas,,40.87624209575429,,pp,
070103,Porongo,núcleo,pct_calefon,,35.62180066245107,,pp,
070103,Porongo,núcleo,pct_aire_acond,,41.10207768744354,,pp,
070103,Porongo,núcleo,pct_lavadora,,50.34628124059019,,pp,
070103,Porongo,núcleo,pct_vivienda_desocupada,10.1775956284153,8.412366054932873,-1.7652295734824275,pp,
070103,Porongo,núcleo,tam_hogar,4.209829,3.4467027,-18.127251724476224,%,-1.6528873542307254
070103,Porongo,núcleo,pers_x_vivienda,4.209829,3.4467027,-18.127251724476224,%,-1.6528873542307254
070103,Porongo,núcleo,pers_x_dormitorio,2.249963,1.5585132,-30.73160758643587,%,-3.0135062445266314
070103,Porongo,núcleo,pers_x_habitacion,1.6715633,1.1658094,-30.25634147387658,%,-2.9582260147951733
070103,Porongo,núcleo,pob_total,15317.0,23126.0,50.982568388065545,%,3.4929025792019397
070103,Porongo,núcleo,pob_mujeres,7160.0,11143.0,55.628491620111745,%,3.75461559104453
070103,Porongo,núcleo,pct_0_14,35.117842919631784,26.05725157831013,-9.060591341321654,pp,
070103,Porongo,núcleo,pct_15_64,59.46987007899719,66.61765977687452,7.147789697877329,pp,
070103,Porongo,núcleo,pct_65_mas,5.412287001371026,7.325088644815359,1.9128016434443333,pp,
070103,Porongo,núcleo,pct_menor20,46.20356466671019,34.04825737265416,-12.15530729405603,pp,
070103,Porongo,núcleo,pct_60_mas,8.657047724750278,11.294646717979765,2.6375989932294868,pp,
070103,Porongo,núcleo,edad_mediana,22.0,30.0,8.0,años,
070103,Porongo,núcleo,edad_promedio,26.707449239407197,32.05747,5.350020760592805,años,
070103,Porongo,núcleo,indice_masculinidad,113.9245810055866,107.53836489275778,-6.386216112828819,h/100m,
070103,Porongo,núcleo,pob_hombres,8157.0,11983.0,46.904499203138414,%,3.257021016246364
070103,Porongo,núcleo,pct_0_4,11.34034079780636,6.901323186024388,-4.439017611781972,pp,
070103,Porongo,núcleo,pct_15_29,26.17353267611151,22.71469341866297,-3.4588392574485383,pp,
070103,Porongo,núcleo,pct_80_mas,0.9923614284781616,1.1502205310040647,0.15785910252590318,pp,
070103,Porongo,núcleo,razon_dependencia,68.15237677022725,50.1103466182007,-18.04203015202655,pp,
070103,Porongo,núcleo,dep_juvenil,59.05148753979581,39.1146306633779,-19.936856876417906,pp,
070103,Porongo,núcleo,dep_senil,9.10088923043144,10.995715954822796,1.894826724391356,pp,
070103,Porongo,núcleo,indice_envejecimiento,15.41178657743075,28.11151676070362,12.69973018327287,índice,
070103,Porongo,núcleo,indice_juventud,648.854041013269,355.72609208972847,-293.12794892354054,índice,
070103,Porongo,núcleo,pct_analfabetismo,4.2265080016413625,2.3312518584597086,-1.895256143181654,pp,
070103,Porongo,núcleo,pct_analfabetismo_mujeres,5.034375693058328,2.6801081878534547,-2.354267505204873,pp,
070103,Porongo,núcleo,pct_asistencia_escolar,87.30288756911735,96.22447228419426,8.921584715076918,pp,
070103,Porongo,núcleo,pct_educacion_publica,70.13840018766128,57.39254503299447,-12.745855154666806,pp,
070103,Porongo,núcleo,tasa_asistencia_4_5,63.95705521472393,90.76479076479076,26.80773555006683,pp,
070103,Porongo,núcleo,tasa_asistencia_18_24,23.39400428265525,53.58811040339703,30.194106120741782,pp,
070103,Porongo,núcleo,pct_sin_educacion,6.39618138424821,2.528825995807128,-3.8673553884410814,pp,
070103,Porongo,núcleo,pct_edu_primaria,32.004773269689736,15.723270440251572,-16.281502829438164,pp,
070103,Porongo,núcleo,pct_edu_secundaria,39.00954653937948,34.74842767295598,-4.261118866423502,pp,
070103,Porongo,núcleo,pct_edu_superior,21.706443914081145,46.99947589098532,25.293031976904178,pp,
070103,Porongo,núcleo,pct_secundaria_mas,60.71599045346062,81.74790356394129,21.031913110480673,pp,
070103,Porongo,núcleo,pct_primaria_completa,65.52505966587113,84.32914046121593,18.804080795344802,pp,
070103,Porongo,núcleo,brecha_alfabetismo,1.5031674472098835,0.6757308119750998,-0.8274366352347837,pp,
070103,Porongo,núcleo,brecha_alfabetismo_muj,5.034375693058328,2.6801081878534547,-2.354267505204873,pp,
070103,Porongo,núcleo,brecha_alfabetismo_hom,3.531208245848444,2.004377375878355,-1.5268308699700892,pp,
070103,Porongo,núcleo,brecha_edu_superior,3.111897012882217,4.865283944772003,1.7533869318897857,pp,
070103,Porongo,núcleo,brecha_edu_superior_muj,23.38605133523464,49.51785956811082,26.131808232876182,pp,
070103,Porongo,núcleo,brecha_edu_superior_hom,20.27415432235242,44.65257562333882,24.3784213009864,pp,
070103,Porongo,núcleo,brecha_anios_estudio,0.4679469256527415,0.2996766844928054,-0.1682702411599361,años,
070103,Porongo,núcleo,brecha_anios_estudio_muj,9.68167657887284,12.304359636017928,2.622683057145087,años,
070103,Porongo,núcleo,brecha_anios_estudio_hom,9.2137296532201,12.004682951525124,2.790953298305025,años,
070103,Porongo,núcleo,pct_asalariados,37.40185581727338,42.18655621710243,4.784700399829049,pp,
070103,Porongo,núcleo,pct_cuenta_propia,33.4332619557459,36.12908792820778,2.6958259724618827,pp,
070103,Porongo,núcleo,pct_empleadores,3.69735902926481,5.5915091897489,1.8941501604840902,pp,
070103,Porongo,núcleo,pct_trab_familiar,2.5124910778015703,4.745879713521442,2.233388635719872,pp,
070103,Porongo,núcleo,pct_catocu_hogar,3.140613847251963,3.874363620674778,0.7337497734228151,pp,
070103,Porongo,núcleo,pct_catocu_cooperativista,0.371163454675232,0.0172577444128052,-0.3539057102624268,pp,
070103,Porongo,núcleo,pct_catocu_asalariado_amplio,40.54246966452534,46.060919837777206,5.518450173251864,pp,
070103,Porongo,núcleo,tasa_participacion,70.05045408678103,69.60969840331165,-0.44075568346937644,pp,
070103,Porongo,núcleo,tasa_ocupacion,69.63673057517659,68.19633353045535,-1.4403970447212373,pp,
070103,Porongo,núcleo,tasa_desocupacion,0.5906078939786805,2.0304137286551693,1.4398058346764888,pp,
070103,Porongo,núcleo,tasa_participacion_fem,52.85527462946818,58.7839491069244,5.9286744774562266,pp,
070103,Porongo,núcleo,tasa_ocupacion_fem,52.37576285963383,57.54832395400049,5.172561094366657,pp,
070103,Porongo,núcleo,pct_sector_primario,37.558886509635975,21.3823453274657,-16.176541182170276,pp,
070103,Porongo,núcleo,pct_sector_secundario,14.760885082084226,13.573215980671328,-1.1876691014128973,pp,
070103,Porongo,núcleo,pct_sector_servicios,36.059957173447536,56.70894814047804,20.648990967030507,pp,
070103,Porongo,núcleo,brecha_participacion,32.0188328489234,20.9550618820866,-11.063770966836803,pp,
070103,Porongo,núcleo,brecha_participacion_hom,84.87410747839158,79.73901098901099,-5.135096489380587,pp,
070103,Porongo,núcleo,brecha_participacion_muj,52.85527462946818,58.7839491069244,5.9286744774562266,pp,
070103,Porongo,núcleo,pct_ocu_profesionales,15.08922198429693,30.75330054361895,15.664078559322018,pp,
070103,Porongo,núcleo,pct_ocu_no_calificado,11.448965024982156,9.80239882647338,-1.6465661985087756,pp,
070103,Porongo,núcleo,pct_agricultura,36.10278372591007,20.191560962982138,-15.911222762927935,pp,
070103,Porongo,núcleo,pct_manufactura,5.010706638115631,4.996117007507118,-0.014589630608512927,pp,
070103,Porongo,núcleo,pct_construccion,9.507494646680945,8.257830701527311,-1.2496639451536335,pp,
070103,Porongo,núcleo,pct_comercio,9.507494646680945,13.081370264906376,3.573875618225431,pp,
070103,Porongo,núcleo,pct_transporte,3.369022127052105,3.753559409785141,0.384537282733036,pp,
070103,Porongo,núcleo,pct_alojamiento,3.3832976445396143,5.9021485891793946,2.51885094463978,pp,
070103,Porongo,núcleo,pct_rama_mineria,1.45610278372591,1.190784364483562,-0.2653184192423479,pp,
070103,Porongo,núcleo,pct_admin_publica,1.284796573875803,2.148589179394253,0.8637926055184502,pp,
070103,Porongo,núcleo,pct_rama_ensenanza,2.6409707351891507,3.0805073776857363,0.43953664249658564,pp,
070103,Porongo,núcleo,pct_rama_salud,2.0842255531763025,4.581931141599793,2.4977055884234907,pp,
070103,Porongo,núcleo,pct_salud_publica,60.37082979695763,62.06866730087348,1.6978375039158493,pp,
070103,Porongo,núcleo,pct_caja_salud,14.010576483645622,16.51820461817867,2.50762813453305,pp,
070103,Porongo,núcleo,pct_salud_privada,19.135600966246653,40.962552970682346,21.826952004435693,pp,
070103,Porongo,núcleo,pct_salud_tradicional,12.9006985702161,8.02127475568624,-4.87942381452986,pp,
070103,Porongo,núcleo,pct_automedicacion,39.30926421623033,37.35189829628989,-1.9573659199404432,pp,
070103,Porongo,núcleo,pct_remedios_caseros,39.04811647189398,46.20773155755427,7.159615085660292,pp,
070103,Porongo,núcleo,pct_registro_civil,95.6169043569279,97.51289448378354,1.8959901268556365,pp,
070103,Porongo,núcleo,pct_cedula_identidad,78.02564438047887,96.9315499606609,18.905905580182036,pp,
070103,Porongo,núcleo,pct_autoident_indigena,14.803229061553983,7.386162034299232,-7.417067027254752,pp,
070103,Porongo,núcleo,pct_nacido_otro_municipio,24.892058092372107,68.88276947285601,43.9907113804839,pp,
070103,Porongo,núcleo,pct_nacido_extranjero,3.055083082559205,5.6123787044322055,2.5572956218730005,pp,
070103,Porongo,núcleo,pct_migrante_reciente,8.502472507196103,27.57439218999343,19.071919682797326,pp,
070103,Porongo,núcleo,paridez_media,2.4327323162274617,1.7716073,-0.6611250162274616,hijos,
070103,Porongo,núcleo,paridez_media_12mas,3.323613642280656,2.267928,-1.0556856422806562,hijos,
070103,Porongo,núcleo,pct_hijos_fallecidos,13.625592417061617,7.3358417,-6.289750717061617,pp,
070103,Porongo,núcleo,pct_parto_calificado,,98.390636430139,,pp,
070103,Porongo,núcleo,pct_jefatura_femenina,22.993311036789297,27.77356199726817,4.780250960478874,pp,
070103,Porongo,núcleo,edad_media_jefe,45.92920847268673,48.504326,2.5751175273132674,años,
070103,Porongo,núcleo,prom_anios_estudio,8.636407416325548,12.14924004192872,3.5128326256031723,años,
070103,Porongo,núcleo,pct_ecivil_casado,25.523226135783563,33.90766644653899,8.384440310755426,pp,
070103,Porongo,núcleo,pct_ecivil_conviviente,25.9315977539561,22.849252566488563,-3.0823451874675385,pp,
070103,Porongo,núcleo,pct_ecivil_separado_divorciado,3.614088820826952,5.15098757279222,1.5368987519652677,pp,
070103,Porongo,núcleo,pct_ecivil_viudo,3.33843797856049,3.259890736627244,-0.0785472419332458,pp,
070103,Porongo,núcleo,pct_ecivil_soltero,41.59264931087289,34.83220267755298,-6.760446633319916,pp,
070103,Porongo,núcleo,pct_quechua,6.680121089808274,2.791247782377292,-3.8888733074309823,pp,
070103,Porongo,núcleo,pct_aymara,0.6760847628657921,0.3429923122412773,-0.3330924506245148,pp,
070103,Porongo,núcleo,pct_guarani,1.7255297679112007,0.6268480189237138,-1.098681748987487,pp,
070103,Porongo,núcleo,pct_chiquitano,1.7053481331987892,0.4612655233589592,-1.2440826098398299,pp,
070103,Porongo,núcleo,pct_pueblo_afroboliviano,0.2219979818365287,0.0827912477823772,-0.1392067340541515,pp,
070103,Porongo,núcleo,pct_pueblo_guarayo,0.4944500504540868,0.1360141927853341,-0.3584358576687527,pp,
070103,Porongo,núcleo,pct_pueblo_mojeno,0.4036326942482341,0.0118273211117681,-0.391805373136466,pp,
070103,Porongo,núcleo,pct_pueblo_trinitario,0.0100908173562058,0.0,-0.0100908173562058,pp,
070103,Porongo,núcleo,pct_pueblo_yuracare,0.0302724520686175,0.0177409816676522,-0.012531470400965299,pp,
070103,Porongo,núcleo,pct_pueblo_movima,0.0504540867810292,0.0295683027794204,-0.0208857840016088,pp,
070103,Porongo,núcleo,pct_disc_ver,,1.910132004545852,,pp,
070103,Porongo,núcleo,pct_disc_oir,,0.7867820613690008,,pp,
070103,Porongo,núcleo,pct_disc_caminar,,1.2588512981904012,,pp,
070103,Porongo,núcleo,pct_disc_comunicar,,0.7955240842731008,,pp,
070103,Porongo,núcleo,pct_discapacidad,,3.4749541043797536,,pp,
070103,Porongo,núcleo,pct_sus,,52.56789578273349,,pp,
070103,Porongo,núcleo,pct_afiliado_caja,,14.78913667476264,,pp,
070103,Porongo,núcleo,pct_seguro_privado,,14.625745197615368,,pp,
070103,Porongo,núcleo,pct_sin_seguro,,18.01722234488849,,pp,
070103,Porongo,núcleo,pct_seguro_salud,,81.9827776551115,,pp,
070103,Porongo,núcleo,pct_madres_adolescentes,15.260545905707197,7.424071991001125,-7.836473914706072,pp,
070103,Porongo,núcleo,edad_1er_hijo,,22.10205680705191,,años,
070103,Porongo,núcleo,pct_idioma_materno_castellano,87.11629917855599,94.54830817522964,7.432008996673645,pp,
070103,Porongo,núcleo,pct_idioma_materno_originario,7.594754287361291,3.0328209389281264,-4.561933348433165,pp,
070103,Porongo,núcleo,pct_bilingue,19.07889881172042,22.158077536844083,3.0791787251236613,pp,
070103,Porongo,núcleo,pct_registro_menores5,85.43465745538285,96.18320610687024,10.748548651487397,pp,
070103,Porongo,núcleo,pct_residia_otro_mun,1.530812508177417,4.388495497858204,2.857682989680787,pp,
070103,Porongo,núcleo,pct_rezago_escolar,10.592613799026624,5.657315093902156,-4.9352987051244686,pp,
070103,Porongo,núcleo,pct_hogar_con_menores,63.3415773564166,47.8221688194653,-15.519408536951303,pp,
070103,Porongo,núcleo,pct_hogar_con_am,18.71393239901072,20.27635926704716,1.5624268680364395,pp,
070103,Porongo,núcleo,pct_hogar_unipersonal,15.636163781258588,18.87954340642836,3.243379625169773,pp,
070103,Porongo,núcleo,pct_am_solo,2.967848309975268,4.535896665665365,1.5680483556900966,pp,
070103,Porongo,núcleo,hogares,3639.0,6658.0,82.96235229458642,%,5.163123771963085
070103,Porongo,núcleo,tam_hogar_pers,4.2006045616927725,3.436167017122259,-0.7644375445705136,pers/hogar,
070103,Porongo,núcleo,autocontencion_laboral,,67.26220688254999,,pp,
070103,Porongo,núcleo,pct_trabaja_fuera,,32.73779311745001,,pp,
070103,Porongo,núcleo,dependencia_capital,,25.18526037965689,,pp,
070103,Porongo,núcleo,poblacion_nbi,15135.0,22361.0,47.74364056821936,%,3.3060444826396695
070103,Porongo,núcleo,pct_nbi_no_pobre,47.37363726461843,82.67519341711015,35.30155615249172,pp,
070103,Porongo,núcleo,pct_nbi_satisfechas,23.11199207135778,48.99154778408837,25.87955571273059,pp,
070103,Porongo,núcleo,pct_nbi_umbral,24.26164519326065,33.683645633021776,9.422000439761124,pp,
070103,Porongo,núcleo,pct_nbi_pobre,52.62636273538157,17.324806582889853,-35.30155615249171,pp,
070103,Porongo,núcleo,pct_nbi_moderada,44.05682193591014,15.741693126425472,-28.31512880948467,pp,
070103,Porongo,núcleo,pct_nbi_indigente,8.29203832177073,1.5383927373552166,-6.753645584415514,pp,
070103,Porongo,núcleo,pct_nbi_marginal,0.2775024777006937,0.0447207191091632,-0.2327817585915305,pp,
070103,Porongo,núcleo,pct_nbi_materiales,35.394780310538486,11.359062653727472,-24.035717656811016,pp,
070103,Porongo,núcleo,pct_nbi_espacios,75.61942517343905,61.66539957962524,-13.954025593813817,pp,
070103,Porongo,núcleo,pct_nbi_agua_sanea,42.09448298645523,15.213988640937346,-26.88049434551789,pp,
070103,Porongo,núcleo,pct_nbi_energia,45.10075982821275,13.429631948481733,-31.671127879731017,pp,
070103,Porongo,núcleo,pct_nbi_educacion,43.68681863230922,23.031170341219088,-20.65564829109013,pp,
070103,Porongo,núcleo,pct_nbi_salud,25.50379914106376,5.970216001073298,-19.533583139990462,pp,
070103,Porongo,núcleo,emigrantes,475.0,734.0,54.52631578947369,%,3.693182585227439
070103,Porongo,núcleo,edad_prom_emigracion,25.99147121535181,25.00713266761769,-0.9843385477341222,años,
070103,Porongo,núcleo,pct_emi_argentina,20.210526315789476,11.852861035422343,-8.357665280367133,pp,
070103,Porongo,núcleo,pct_emi_brasil,9.052631578947368,10.8991825613079,1.8465509823605313,pp,
070103,Porongo,núcleo,pct_emi_chile,3.3684210526315788,20.980926430517712,17.612505377886134,pp,
070103,Porongo,núcleo,pct_emi_espana,39.78947368421053,14.032697547683924,-25.756776136526604,pp,
070103,Porongo,núcleo,pct_emi_eeuu,9.263157894736842,20.572207084468666,11.309049189731823,pp,
070103,Porongo,núcleo,fallecidos,165.0,423.0,156.36363636363635,%,8.16116803936897
070103,Porongo,núcleo,edad_prom_fallecimiento,58.01273885350319,62.27654320987654,4.263804356373356,años,
070103,Porongo,núcleo,emigrantes_x1000,31.011294639942548,31.73916803597682,0.7278733960342727,‰,
070103,Porongo,núcleo,tasa_mortalidad,,4.756551068061921,,‰,
070103,Porongo,núcleo,idx_carencia,53.13638873550525,30.111412225233362,-23.024976510271888,índice,
070103,Porongo,núcleo,idx_calidad_vivienda,69.02263942573163,87.86811201445349,18.84547258872186,índice,
070103,Porongo,núcleo,crec_intercensal,,3.4929025792019397,,%,3.4929025792019397
070104,La Guardia,núcleo,viviendas,21314.0,40267.0,88.92277376372337,%,5.4444419640209185
070104,La Guardia,núcleo,pct_agua_caneria,83.65393637984424,90.29726575111133,6.643329371267086,pp,
070104,La Guardia,núcleo,pct_agua_pileta,8.276250351881393,6.327762187399111,-1.9484881644822813,pp,
070104,La Guardia,núcleo,pct_agua_pozo,6.432391855118701,2.471006034718256,-3.9613858204004453,pp,
070104,La Guardia,núcleo,pct_agua_pozo_bomba,5.705170310593976,2.3319343382919016,-3.3732359723020746,pp,
070104,La Guardia,núcleo,pct_agua_carro,1.1400957117387631,0.1167208880721186,-1.0233748236666445,pp,
070104,La Guardia,núcleo,pct_agua_interior,56.76550624003003,73.14177862766037,16.376272387630344,pp,
070104,La Guardia,núcleo,pct_agua_lote,39.368490194238525,19.683611890630043,-19.684878303608482,pp,
070104,La Guardia,núcleo,pct_agua_sin_caneria,3.866003565731444,7.174609481709589,3.308605915978145,pp,
070104,La Guardia,núcleo,pct_servicio_sanitario,91.71436614431828,97.0099585268334,5.2955923825151245,pp,
070104,La Guardia,núcleo,pct_sanitario_exclusivo,47.63066529041944,76.31062656766086,28.679961277241425,pp,
070104,La Guardia,núcleo,pct_sanitario_compartido,44.08370085389885,20.69933195917252,-23.38436889472633,pp,
070104,La Guardia,núcleo,pct_sin_sanitario,8.285633855681711,2.9900414731666127,-5.295592382515098,pp,
070104,La Guardia,núcleo,pct_alcantarillado,1.7687904663601388,13.003203615864107,11.234413149503968,pp,
070104,La Guardia,núcleo,pct_camara_septica,38.026649150792906,27.598281471179877,-10.428367679613029,pp,
070104,La Guardia,núcleo,pct_pozo_ciego,51.5764286384536,54.90848585690516,3.3320572184515598,pp,
070104,La Guardia,núcleo,pct_desague_superficie,0.3424978887116449,0.1465219658777659,-0.195975922833879,pp,
070104,La Guardia,núcleo,pct_electricidad,95.87125832785962,99.09851739637917,3.227259068519544,pp,
070104,La Guardia,núcleo,pct_elec_red,92.89668762315848,98.11756525194328,5.220877628784791,pp,
070104,La Guardia,núcleo,pct_panel_solar,0.0938350380031903,0.1589390816301189,0.0651040436269286,pp,
070104,La Guardia,núcleo,pct_motor_propio,2.209815144975133,0.424665358730474,-1.785149786244659,pp,
070104,La Guardia,núcleo,pct_sin_energia,4.128741672140377,0.901482603620831,-3.2272590685195457,pp,
070104,La Guardia,núcleo,pct_gas_red,2.8009758843952333,25.62892691285668,22.82795102846145,pp,
070104,La Guardia,núcleo,pct_gas_garrafa,89.49516749554283,70.50438324186058,-18.99078425368225,pp,
070104,La Guardia,núcleo,pct_lena_guano,5.555034249788871,1.949487173119428,-3.6055470766694433,pp,
070104,La Guardia,núcleo,pct_combustible_limpio,92.58703199774796,96.35681823825962,3.7697862405116638,pp,
070104,La Guardia,núcleo,pct_no_cocina,1.7828657220606174,1.6415427024610725,-0.14132301959954496,pp,
070104,La Guardia,núcleo,pct_cocina_exclusiva,71.22548559632166,79.38758785109395,8.162102254772293,pp,
070104,La Guardia,núcleo,pct_basura_formal,70.24021769728817,83.7683462885241,13.528128591235927,pp,
070104,La Guardia,núcleo,pct_basura_carro,49.37599699727878,70.65835547718976,21.282358479910975,pp,
070104,La Guardia,núcleo,pct_basura_contenedor,20.864220700009383,13.109990811334344,-7.75422988867504,pp,
070104,La Guardia,núcleo,pct_basura_quema,21.77911232054049,13.576874363622816,-8.202237956917676,pp,
070104,La Guardia,núcleo,pct_basura_entierra,4.874730224265741,1.3112474234484814,-3.563482800817259,pp,
070104,La Guardia,núcleo,pct_basura_informal,2.374026461480717,0.7897285618496536,-1.5842978996310633,pp,
070104,La Guardia,núcleo,pct_viv_propia,62.59735385192831,65.6865423299476,3.089188478019288,pp,
070104,La Guardia,núcleo,pct_viv_alquilada,19.372243595758658,18.623190205379096,-0.7490533903795615,pp,
070104,La Guardia,núcleo,pct_viv_anticretico,2.998029464201933,3.355104676285792,0.35707521208385895,pp,
070104,La Guardia,núcleo,pct_viv_prestada,6.84057427043258,8.386519979139246,1.5459457087066664,pp,
070104,La Guardia,núcleo,pct_viv_cedida,5.85530637139908,2.0587577917401347,-3.7965485796589453,pp,
070104,La Guardia,núcleo,pct_pared_ladrillo,92.52603922304588,96.70201405617505,4.17597483312916,pp,
070104,La Guardia,núcleo,pct_pared_adobe,2.1159801069719437,0.9412173740283608,-1.174762732943583,pp,
070104,La Guardia,núcleo,pct_pared_madera,2.7915923805949143,0.8642312563637718,-1.9273611242311426,pp,
070104,La Guardia,núcleo,pct_pared_precaria,0.1876700760063807,0.08195296396553,-0.10571711204085069,pp,
070104,La Guardia,núcleo,pct_techo_calamina,16.632260486065498,18.896366751930863,2.2641062658653652,pp,
070104,La Guardia,núcleo,pct_techo_teja,73.46345125269775,65.04085231082524,-8.422598941872508,pp,
070104,La Guardia,núcleo,pct_techo_losa,4.926339495167496,12.506518985769985,7.580179490602489,pp,
070104,La Guardia,núcleo,pct_techo_paja,0.7929060711269588,0.330295279012591,-0.4626107921143678,pp,
070104,La Guardia,núcleo,pct_piso_tierra,6.727972224828752,3.717684456254501,-3.0102877685742513,pp,
070104,La Guardia,núcleo,pct_piso_cemento,40.05348597166182,31.755531825067678,-8.297954146594144,pp,
070104,La Guardia,núcleo,pct_piso_ceramica,35.296049544900065,56.3836392082847,21.087589663384634,pp,
070104,La Guardia,núcleo,pct_piso_mosaico,2.571080041287417,1.7557801673827202,-0.8152998739046966,pp,
070104,La Guardia,núcleo,pct_monoambiente,31.866378905883455,27.01716045396975,-4.849218451913703,pp,
070104,La Guardia,núcleo,pct_urbano,88.94154077132401,94.17388928899597,5.2323485176719515,pp,
070104,La Guardia,núcleo,pct_revoque,79.53926996340434,87.47361362902625,7.93434366562191,pp,
070104,La Guardia,núcleo,pct_hogar_nuclear,,43.22894678024189,,pp,
070104,La Guardia,núcleo,pct_hogar_monoparental,,14.197730151240467,,pp,
070104,La Guardia,núcleo,pct_hogar_extendido,,25.271313979188918,,pp,
070104,La Guardia,núcleo,pct_hogar_compuesto,,2.9229890481039065,,pp,
070104,La Guardia,núcleo,pct_departamento,2.040912076569391,1.3857501179625995,-0.6551619586067914,pp,
070104,La Guardia,núcleo,pct_con_emigrante,10.781645866566576,8.297116745722304,-2.4845291208442717,pp,
070104,La Guardia,núcleo,pct_hogar_fallecido,3.668949985924744,6.369980380957111,2.701030395032367,pp,
070104,La Guardia,núcleo,pct_hacinamiento,24.24228206812424,15.409640648670129,-8.832641419454111,pp,
070104,La Guardia,núcleo,pct_choza,,0.6581071348747113,,pp,
070104,La Guardia,núcleo,pct_agua_rio,,0.0198673852037648,,pp,
070104,La Guardia,núcleo,pct_agua_lluvia,,0.2235080835423547,,pp,
070104,La Guardia,núcleo,pct_agua_no_mejorada,,0.2756599697022375,,pp,
070104,La Guardia,núcleo,pct_agua_mejorada,,99.72434003029775,,pp,
070104,La Guardia,núcleo,pct_saneamiento_mejorado,22.85821525757718,31.98400675491097,9.12579149733379,pp,
070104,La Guardia,núcleo,pct_radio,66.73078727596885,55.21394690441304,-11.516840371555809,pp,
070104,La Guardia,núcleo,pct_televisor,83.67739513934504,83.96702014056174,0.28962500121670587,pp,
070104,La Guardia,núcleo,pct_computadora,23.33208219949329,34.012963468845456,10.680881269352167,pp,
070104,La Guardia,núcleo,pct_auto,29.750398798911515,35.065934884645,5.315536085733488,pp,
070104,La Guardia,núcleo,pct_bicicleta,32.59829220230834,43.83986887525766,11.241576672949314,pp,
070104,La Guardia,núcleo,pct_moto,11.199211785680774,21.70263491196265,10.503423126281877,pp,
070104,La Guardia,núcleo,pct_carreta,4.325795251947077,0.9312836814264782,-3.3945115705205984,pp,
070104,La Guardia,núcleo,pct_bote,0.5160927090175471,1.1398912260660097,0.6237985170484626,pp,
070104,La Guardia,núcleo,pct_internet,11.020925213474712,85.68058211438647,74.65965690091176,pp,
070104,La Guardia,núcleo,pct_telefonia,79.97091113821901,91.9984106091837,12.027499470964685,pp,
070104,La Guardia,núcleo,pct_celular,,91.9139742220677,,pp,
070104,La Guardia,núcleo,pct_internet_fijo,,50.20984925621477,,pp,
070104,La Guardia,núcleo,pct_internet_movil,,74.88514167929074,,pp,
070104,La Guardia,núcleo,pct_tv_cable,,20.60247845630417,,pp,
070104,La Guardia,núcleo,pct_telefono_fijo,,2.927955894404848,,pp,
070104,La Guardia,núcleo,pct_refrigerador,,78.3867683214543,,pp,
070104,La Guardia,núcleo,pct_microondas,,20.81605284724464,,pp,
070104,La Guardia,núcleo,pct_calefon,,4.196985124295328,,pp,
070104,La Guardia,núcleo,pct_aire_acond,,14.416271388481883,,pp,
070104,La Guardia,núcleo,pct_lavadora,,35.162788387513345,,pp,
070104,La Guardia,núcleo,pct_vivienda_desocupada,4.386305746233217,5.536686261702591,1.150380515469374,pp,
070104,La Guardia,núcleo,tam_hogar,4.1444592,3.6437032,-12.082541432667504,%,-1.0673610290653501
070104,La Guardia,núcleo,pers_x_vivienda,4.1444592,3.6437032,-12.082541432667504,%,-1.0673610290653501
070104,La Guardia,núcleo,pers_x_dormitorio,2.2014954,1.7997277,-18.249763319968793,%,-1.6651593792447072
070104,La Guardia,núcleo,pers_x_habitacion,1.7143106,1.488707,-13.160018960391417,%,-1.168972624814757
070104,La Guardia,núcleo,pob_total,89284.0,147726.0,65.45629676089781,%,4.285423301677027
070104,La Guardia,núcleo,pob_mujeres,44360.0,73903.0,66.59828674481514,%,4.3452164415169525
070104,La Guardia,núcleo,pct_0_14,33.663366336633665,29.968319727062266,-3.695046609571399,pp,
070104,La Guardia,núcleo,pct_15_64,63.01688992428655,66.0655537955404,3.0486638712538436,pp,
070104,La Guardia,núcleo,pct_65_mas,3.31974373907979,3.966126477397344,0.6463827383175538,pp,
070104,La Guardia,núcleo,pct_menor20,45.50535370279109,38.93288926796908,-6.57246443482201,pp,
070104,La Guardia,núcleo,pct_60_mas,5.11737825366247,6.212853526122687,1.0954752724602166,pp,
070104,La Guardia,núcleo,edad_mediana,22.0,26.0,4.0,años,
070104,La Guardia,núcleo,edad_promedio,24.87892567537297,27.599041,2.720115324627031,años,
070104,La Guardia,núcleo,indice_masculinidad,101.27141568981064,99.8917499966172,-1.379665693193445,h/100m,
070104,La Guardia,núcleo,pob_hombres,44924.0,73823.0,64.328643931974,%,4.2260084662038455
070104,La Guardia,núcleo,pct_0_4,11.584382420142466,8.262594262350568,-3.3217881577918984,pp,
070104,La Guardia,núcleo,pct_15_29,31.046996102325163,27.66405372107821,-3.382942381246952,pp,
070104,La Guardia,núcleo,pct_80_mas,0.6843331391962726,0.6464671080243153,-0.037866031171957304,pp,
070104,La Guardia,núcleo,razon_dependencia,58.68761552680222,51.36481003319808,-7.322805493604136,pp,
070104,La Guardia,núcleo,dep_juvenil,53.41959334565619,45.36149022500922,-8.058103120646969,pp,
070104,La Guardia,núcleo,dep_senil,5.2680221811460255,6.00331980818886,0.7352976270428346,pp,
070104,La Guardia,núcleo,indice_envejecimiento,9.86159169550173,13.234397235210407,3.3728055397086774,índice,
070104,La Guardia,núcleo,indice_juventud,1014.0350877192982,755.6067588325653,-258.42832888673286,índice,
070104,La Guardia,núcleo,pct_analfabetismo,2.894822589219873,2.7556043697413064,-0.1392182194785665,pp,
070104,La Guardia,núcleo,pct_analfabetismo_mujeres,4.121906853828466,3.918869131876442,-0.20303772195202363,pp,
070104,La Guardia,núcleo,pct_asistencia_escolar,86.89056631294899,94.35609825358512,7.465531940636126,pp,
070104,La Guardia,núcleo,pct_educacion_publica,78.50428067819372,85.61683344619166,7.11255276799794,pp,
070104,La Guardia,núcleo,tasa_asistencia_4_5,52.02104097452935,79.9964875307341,27.97544655620475,pp,
070104,La Guardia,núcleo,tasa_asistencia_18_24,24.541629095281035,52.02509355051728,27.48346445523625,pp,
070104,La Guardia,núcleo,pct_sin_educacion,4.4540575182247855,3.121301126649424,-1.3327563915753613,pp,
070104,La Guardia,núcleo,pct_edu_primaria,31.120323640150605,19.905966419709788,-11.214357220440817,pp,
070104,La Guardia,núcleo,pct_edu_secundaria,46.339021068653366,48.13905571873219,1.8000346500788211,pp,
070104,La Guardia,núcleo,pct_edu_superior,17.599935912841463,28.8336767349086,11.233740822067137,pp,
070104,La Guardia,núcleo,pct_secundaria_mas,63.93895698149483,76.97273245364079,13.033775472145955,pp,
070104,La Guardia,núcleo,pct_primaria_completa,69.5425779059521,80.5357064574109,10.993128551458796,pp,
070104,La Guardia,núcleo,brecha_alfabetismo,2.45261227646506,2.3534861189605443,-0.0991261575045157,pp,
070104,La Guardia,núcleo,brecha_alfabetismo_muj,4.121906853828466,3.918869131876442,-0.20303772195202363,pp,
070104,La Guardia,núcleo,brecha_alfabetismo_hom,1.6692945773634058,1.565383012915898,-0.10391156444750771,pp,
070104,La Guardia,núcleo,brecha_edu_superior,-0.3567091141579439,2.969163850690645,3.325872964848589,pp,
070104,La Guardia,núcleo,brecha_edu_superior_muj,17.421602787456447,30.298245993468434,12.876643206011988,pp,
070104,La Guardia,núcleo,brecha_edu_superior_hom,17.77831190161439,27.32908214277779,9.550770241163399,pp,
070104,La Guardia,núcleo,brecha_anios_estudio,-0.3311428693326128,-0.2855850441230103,0.0455578252096025,años,
070104,La Guardia,núcleo,brecha_anios_estudio_muj,9.013739085772984,10.332785431580769,1.3190463458077843,años,
070104,La Guardia,núcleo,brecha_anios_estudio_hom,9.344881955105595,10.61837047570378,1.2734885205981836,años,
070104,La Guardia,núcleo,pct_asalariados,45.66302101708583,43.598929437675984,-2.0640915794098476,pp,
070104,La Guardia,núcleo,pct_cuenta_propia,36.29353359205685,40.46391034040536,4.1703767483485095,pp,
070104,La Guardia,núcleo,pct_empleadores,2.547754649463233,1.872090105662271,-0.6756645438009619,pp,
070104,La Guardia,núcleo,pct_trab_familiar,2.2554306738571643,4.643285288131813,2.387854614274649,pp,
070104,La Guardia,núcleo,pct_catocu_hogar,2.552794718008165,2.500766678747665,-0.05202803926050015,pp,
070104,La Guardia,núcleo,pct_catocu_cooperativista,0.5266871629454161,0.0334550726253868,-0.49323209032002924,pp,
070104,La Guardia,núcleo,pct_catocu_asalariado_amplio,48.215815735094,46.09969611642365,-2.1161196186703464,pp,
070104,La Guardia,núcleo,tasa_participacion,67.09785420788312,71.33320989699563,4.2353556891125095,pp,
070104,La Guardia,núcleo,tasa_ocupacion,66.40119041580006,69.4192969975735,3.018106581773438,pp,
070104,La Guardia,núcleo,tasa_desocupacion,1.0382802852750688,2.6830601092896176,1.6447798240145488,pp,
070104,La Guardia,núcleo,tasa_participacion_fem,52.22699448746999,61.46559359236012,9.238599104890135,pp,
070104,La Guardia,núcleo,tasa_ocupacion_fem,51.63177652270959,59.61916130771304,7.987384785003449,pp,
070104,La Guardia,núcleo,pct_sector_primario,12.950456126203315,8.634196660068582,-4.316259466134733,pp,
070104,La Guardia,núcleo,pct_sector_secundario,21.32200997933572,19.26593994814464,-2.05607003119108,pp,
070104,La Guardia,núcleo,pct_sector_servicios,55.087949196109065,65.56357857760183,10.475629381492766,pp,
070104,La Guardia,núcleo,brecha_participacion,29.74121653721719,19.980370219080516,-9.760846318136675,pp,
070104,La Guardia,núcleo,brecha_participacion_hom,81.96821102468718,81.44596381144063,-0.5222472132465441,pp,
070104,La Guardia,núcleo,brecha_participacion_muj,52.22699448746999,61.46559359236012,9.238599104890135,pp,
070104,La Guardia,núcleo,pct_ocu_profesionales,11.75091981250945,15.252725194457607,3.5018053819481576,pp,
070104,La Guardia,núcleo,pct_ocu_no_calificado,11.443475631268583,9.21826646965346,-2.2252091616151226,pp,
070104,La Guardia,núcleo,pct_agricultura,11.130991381482788,7.926064289497895,-3.204927091984893,pp,
070104,La Guardia,núcleo,pct_manufactura,8.973842044251802,8.650924196381276,-0.32291784787052613,pp,
070104,La Guardia,núcleo,pct_construccion,12.045763822387984,10.379436282026262,-1.6663275403617224,pp,
070104,La Guardia,núcleo,pct_comercio,20.03931253465047,23.95522596113636,3.91591342648589,pp,
070104,La Guardia,núcleo,pct_transporte,9.775212942896024,10.80041261256238,1.025199669666355,pp,
070104,La Guardia,núcleo,pct_alojamiento,5.657476941686407,7.668181438010539,2.0107044963241316,pp,
070104,La Guardia,núcleo,pct_rama_mineria,1.819464744720528,0.7081323705706878,-1.1113323741498404,pp,
070104,La Guardia,núcleo,pct_admin_publica,1.3280580615896376,1.3340210209372996,0.005962959347662,pp,
070104,La Guardia,núcleo,pct_rama_ensenanza,2.9282798246056148,3.4096294850706736,0.4813496604650589,pp,
070104,La Guardia,núcleo,pct_rama_salud,2.2151101254977066,3.97836571970225,1.7632555942045434,pp,
070104,La Guardia,núcleo,pct_salud_publica,71.8706599166704,77.66676143671391,5.796101520043507,pp,
070104,La Guardia,núcleo,pct_caja_salud,16.43519555575467,16.768206003005563,0.3330104472508921,pp,
070104,La Guardia,núcleo,pct_salud_privada,19.27669011245016,26.464535694461368,7.187845582011207,pp,
070104,La Guardia,núcleo,pct_salud_tradicional,12.092872183145916,15.920691009030232,3.827818825884316,pp,
070104,La Guardia,núcleo,pct_automedicacion,54.92137449039021,52.15940321947389,-2.7619712709163196,pp,
070104,La Guardia,núcleo,pct_remedios_caseros,43.0021056404283,59.15072499086146,16.148619350433165,pp,
070104,La Guardia,núcleo,pct_registro_civil,97.6091417805838,99.19665568717308,1.5875139065892796,pp,
070104,La Guardia,núcleo,pct_cedula_identidad,76.10038913123928,98.86658892366866,22.766199792429376,pp,
070104,La Guardia,núcleo,pct_autoident_indigena,24.198921185681197,16.13475350088192,-8.064167684799276,pp,
070104,La Guardia,núcleo,pct_nacido_otro_municipio,27.861572449059693,68.32654786991004,40.46497542085035,pp,
070104,La Guardia,núcleo,pct_nacido_extranjero,1.4791472755206172,1.4109672183691702,-0.06818005715144704,pp,
070104,La Guardia,núcleo,pct_migrante_reciente,8.430892555903654,18.997926282694493,10.56703372679084,pp,
070104,La Guardia,núcleo,paridez_media,2.255791552280499,1.8317964,-0.423995152280499,hijos,
070104,La Guardia,núcleo,paridez_media_12mas,2.867121364092277,2.2387478,-0.6283735640922767,hijos,
070104,La Guardia,núcleo,pct_hijos_fallecidos,13.73277225485766,8.362383,-5.37038925485766,pp,
070104,La Guardia,núcleo,pct_parto_calificado,,98.56549641374104,,pp,
070104,La Guardia,núcleo,pct_jefatura_femenina,30.289006422364945,34.75556443756089,4.466558015195947,pp,
070104,La Guardia,núcleo,edad_media_jefe,40.45584624102758,42.73011,2.274263758972424,años,
070104,La Guardia,núcleo,prom_anios_estudio,8.736460786089477,10.473653062119151,1.737192276029674,años,
070104,La Guardia,núcleo,pct_ecivil_casado,27.941326443892983,25.15355162924261,-2.7877748146503727,pp,
070104,La Guardia,núcleo,pct_ecivil_conviviente,25.9101879865384,29.21170183065449,3.3015138441160907,pp,
070104,La Guardia,núcleo,pct_ecivil_separado_divorciado,2.4900567698949585,4.477924460575121,1.9878676906801624,pp,
070104,La Guardia,núcleo,pct_ecivil_viudo,2.7348132032498214,2.869620707534001,0.13480750428417965,pp,
070104,La Guardia,núcleo,pct_ecivil_soltero,40.92361559642384,38.28720137199378,-2.6364142244300623,pp,
070104,La Guardia,núcleo,pct_quechua,8.980537378041562,8.254967500511611,-0.7255698775299511,pp,
070104,La Guardia,núcleo,pct_aymara,1.785623700096383,1.3730668407768694,-0.4125568593195137,pp,
070104,La Guardia,núcleo,pct_guarani,1.5658026006526995,1.2493056706003878,-0.3164969300523117,pp,
070104,La Guardia,núcleo,pct_chiquitano,0.7981196841339894,0.4141613962598789,-0.38395828787411046,pp,
070104,La Guardia,núcleo,pct_pueblo_afroboliviano,0.3669321429175333,0.2007464650106707,-0.1661856779068626,pp,
070104,La Guardia,núcleo,pct_pueblo_guarayo,0.1420382488713032,0.1539705896683785,0.011932340797075308,pp,
070104,La Guardia,núcleo,pct_pueblo_mojeno,0.1927661948967686,0.0419033883274701,-0.1508628065692985,pp,
070104,La Guardia,núcleo,pct_pueblo_trinitario,0.0118365207392752,0.0038979896118576,-0.0079385311274176,pp,
070104,La Guardia,núcleo,pct_pueblo_yuracare,0.0186002468760039,0.0019489948059288,-0.0166512520700751,pp,
070104,La Guardia,núcleo,pct_pueblo_movima,0.0372004937520079,0.0107194714326086,-0.026481022319399302,pp,
070104,La Guardia,núcleo,pct_disc_ver,,2.2497732495891216,,pp,
070104,La Guardia,núcleo,pct_disc_oir,,0.7835675852615642,,pp,
070104,La Guardia,núcleo,pct_disc_caminar,,1.449838717376924,,pp,
070104,La Guardia,núcleo,pct_disc_comunicar,,0.8538090659246984,,pp,
070104,La Guardia,núcleo,pct_discapacidad,,3.9069266283407327,,pp,
070104,La Guardia,núcleo,pct_sus,,59.20574631032557,,pp,
070104,La Guardia,núcleo,pct_afiliado_caja,,12.432875843575728,,pp,
070104,La Guardia,núcleo,pct_seguro_privado,,1.3159436674088525,,pp,
070104,La Guardia,núcleo,pct_sin_seguro,,27.045434178689845,,pp,
070104,La Guardia,núcleo,pct_seguro_salud,,72.95456582131015,,pp,
070104,La Guardia,núcleo,pct_madres_adolescentes,14.776176024279213,6.672732787382469,-8.103443236896744,pp,
070104,La Guardia,núcleo,edad_1er_hijo,,20.97277510141988,,años,
070104,La Guardia,núcleo,pct_idioma_materno_castellano,81.00497918133857,87.69153497310322,6.686555791764647,pp,
070104,La Guardia,núcleo,pct_idioma_materno_originario,13.510508173023462,11.31848853883838,-2.1920196341850815,pp,
070104,La Guardia,núcleo,pct_bilingue,21.49262439593613,19.321247798068992,-2.1713765978671375,pp,
070104,La Guardia,núcleo,pct_registro_menores5,84.42702284165699,96.60218253968254,12.175159698025553,pp,
070104,La Guardia,núcleo,pct_residia_otro_mun,1.1472082356767184,2.6896349488873885,1.5424267132106702,pp,
070104,La Guardia,núcleo,pct_rezago_escolar,9.08365739355868,5.936479667557139,-3.1471777260015408,pp,
070104,La Guardia,núcleo,pct_hogar_con_menores,67.58975786251044,59.20759205114228,-8.38216581136816,pp,
070104,La Guardia,núcleo,pct_hogar_con_am,11.494572780406346,12.08682293473413,0.5922501543277843,pp,
070104,La Guardia,núcleo,pct_hogar_unipersonal,10.789498098153818,14.245007185688092,3.455509087534274,pp,
070104,La Guardia,núcleo,pct_am_solo,1.3312923276741813,1.9624361960453935,0.6311438683712123,pp,
070104,La Guardia,núcleo,hogares,21558.0,40358.0,87.2066054364969,%,5.364286531670359
070104,La Guardia,núcleo,tam_hogar_pers,4.136422673717414,3.633406016155409,-0.503016657562005,pers/hogar,
070104,La Guardia,núcleo,autocontencion_laboral,,65.99231669716904,,pp,
070104,La Guardia,núcleo,pct_trabaja_fuera,,34.007683302830955,,pp,
070104,La Guardia,núcleo,dependencia_capital,,23.65830736508879,,pp,
070104,La Guardia,núcleo,poblacion_nbi,87397.0,144601.0,65.4530475874458,%,4.28525264005557
070104,La Guardia,núcleo,pct_nbi_no_pobre,64.78597663535362,83.13566296222018,18.34968632686656,pp,
070104,La Guardia,núcleo,pct_nbi_satisfechas,19.69403984118448,26.16164480190317,6.467604960718688,pp,
070104,La Guardia,núcleo,pct_nbi_umbral,45.091936794169136,56.97401816031701,11.882081366147872,pp,
070104,La Guardia,núcleo,pct_nbi_pobre,35.21402336464639,16.864337037779823,-18.349686326866564,pp,
070104,La Guardia,núcleo,pct_nbi_moderada,33.685366774603246,16.418282031244598,-17.267084743358648,pp,
070104,La Guardia,núcleo,pct_nbi_indigente,1.4931862649747702,0.4363731924398863,-1.0568130725348839,pp,
070104,La Guardia,núcleo,pct_nbi_marginal,0.0354703250683661,0.0096818140953382,-0.025788510973027902,pp,
070104,La Guardia,núcleo,pct_nbi_materiales,10.709749762577664,5.966763715327003,-4.74298604725066,pp,
070104,La Guardia,núcleo,pct_nbi_espacios,77.2749636715219,76.08522762636497,-1.189736045156934,pp,
070104,La Guardia,núcleo,pct_nbi_agua_sanea,44.313878050734,24.8297038056445,-19.4841742450895,pp,
070104,La Guardia,núcleo,pct_nbi_energia,7.389269654564802,2.0815900304977144,-5.307679624067088,pp,
070104,La Guardia,núcleo,pct_nbi_educacion,45.58623293705734,31.425093879018817,-14.161139058038522,pp,
070104,La Guardia,núcleo,pct_nbi_salud,18.859915100060643,12.764088768404092,-6.095826331656552,pp,
070104,La Guardia,núcleo,emigrantes,3136.0,4074.0,29.910714285714278,%,2.2045932602574814
070104,La Guardia,núcleo,edad_prom_emigracion,27.30234091658424,27.373381667529777,0.07104075094553863,años,
070104,La Guardia,núcleo,pct_emi_argentina,23.022959183673468,11.119293078055964,-11.903666105617503,pp,
070104,La Guardia,núcleo,pct_emi_brasil,4.6875,9.474717722140404,4.787217722140404,pp,
070104,La Guardia,núcleo,pct_emi_chile,7.940051020408164,56.529209621993125,48.58915860158496,pp,
070104,La Guardia,núcleo,pct_emi_espana,52.67857142857143,11.929307805596466,-40.749263622974965,pp,
070104,La Guardia,núcleo,pct_emi_eeuu,1.753826530612245,4.786450662739322,3.0326241321270775,pp,
070104,La Guardia,núcleo,fallecidos,831.0,2545.0,206.2575210589651,%,9.775956589124624
070104,La Guardia,núcleo,edad_prom_fallecimiento,51.98209718670077,57.775967413441954,5.793870226741184,años,
070104,La Guardia,núcleo,emigrantes_x1000,35.12387437838807,27.578083749644613,-7.545790628743454,‰,
070104,La Guardia,núcleo,tasa_mortalidad,,4.230805680787404,,‰,
070104,La Guardia,núcleo,idx_carencia,30.804166275687333,23.156430824248144,-7.647735451439189,índice,
070104,La Guardia,núcleo,idx_calidad_vivienda,88.06042976447407,92.94360146025281,4.883171695778742,índice,
070104,La Guardia,núcleo,crec_intercensal,,4.285423301677027,,%,4.285423301677027
070105,El Torno,núcleo,viviendas,12235.0,16612.0,35.77441765427054,%,2.5812914663729147
070105,El Torno,núcleo,pct_agua_caneria,79.72210870453617,86.34721887791957,6.625110173383405,pp,
070105,El Torno,núcleo,pct_agua_pileta,5.737637923988557,6.561521791476041,0.823883867487484,pp,
070105,El Torno,núcleo,pct_agua_pozo,2.803432774826318,1.9684565374428125,-0.8349762373835057,pp,
070105,El Torno,núcleo,pct_agua_pozo_bomba,1.1606048222313037,1.498916445942692,0.33831162371138834,pp,
070105,El Torno,núcleo,pct_agua_carro,1.0298324478953822,0.114375150493619,-0.9154572974017632,pp,
070105,El Torno,núcleo,pct_agua_interior,38.054760931753165,59.56537442812425,21.510613496371086,pp,
070105,El Torno,núcleo,pct_agua_lote,48.08336738863915,29.33421622923188,-18.749151159407266,pp,
070105,El Torno,núcleo,pct_agua_sin_caneria,13.861871679607685,11.100409342643871,-2.761462336963813,pp,
070105,El Torno,núcleo,pct_servicio_sanitario,79.04372701266857,89.6279797736576,10.584252760989031,pp,
070105,El Torno,núcleo,pct_sanitario_exclusivo,38.30813240702901,72.22489766433903,33.91676525731002,pp,
070105,El Torno,núcleo,pct_sanitario_compartido,40.73559460563956,17.403082109318564,-23.332512496320998,pp,
070105,El Torno,núcleo,pct_sin_sanitario,20.956272987331428,10.372020226342404,-10.584252760989024,pp,
070105,El Torno,núcleo,pct_alcantarillado,20.84184715978749,23.934505176980498,3.0926580171930063,pp,
070105,El Torno,núcleo,pct_camara_septica,10.077646097261953,9.360703106188298,-0.7169429910736547,pp,
070105,El Torno,núcleo,pct_pozo_ciego,47.76460972619534,54.087406693956176,6.322796967760837,pp,
070105,El Torno,núcleo,pct_desague_superficie,0.3596240294237842,0.1625331085961955,-0.1970909208275887,pp,
070105,El Torno,núcleo,pct_electricidad,87.38046587658357,95.85841560317844,8.477949726594872,pp,
070105,El Torno,núcleo,pct_elec_red,84.26644871270943,93.10137250180593,8.834923789096493,pp,
070105,El Torno,núcleo,pct_panel_solar,1.8144666939109115,2.028653985071033,0.21418729116012147,pp,
070105,El Torno,núcleo,pct_motor_propio,0.3923171230077646,0.2708885143269925,-0.1214286086807721,pp,
070105,El Torno,núcleo,pct_sin_energia,12.619534123416429,4.141584396821575,-8.477949726594854,pp,
070105,El Torno,núcleo,pct_gas_red,0.0,15.615217914760414,15.615217914760414,pp,
070105,El Torno,núcleo,pct_gas_garrafa,71.90028606456886,68.37828076089573,-3.522005303673126,pp,
070105,El Torno,núcleo,pct_lena_guano,26.11360850020433,14.5196243679268,-11.593984132277528,pp,
070105,El Torno,núcleo,pct_combustible_limpio,72.30077646097261,84.13797254996388,11.837196088991263,pp,
070105,El Torno,núcleo,pct_no_cocina,1.536575398447078,1.3062846135323862,-0.2302907849146918,pp,
070105,El Torno,núcleo,pct_cocina_exclusiva,68.1487535758071,76.61329159643631,8.464538020629206,pp,
070105,El Torno,núcleo,pct_basura_formal,53.24070290151206,63.90561040211895,10.664907500606894,pp,
070105,El Torno,núcleo,pct_basura_carro,43.57989374744585,52.02865398507103,8.44876023762518,pp,
070105,El Torno,núcleo,pct_basura_contenedor,9.660809154066204,11.876956417047918,2.216147262981714,pp,
070105,El Torno,núcleo,pct_basura_quema,36.59174499387005,30.58632313989887,-6.005421853971182,pp,
070105,El Torno,núcleo,pct_basura_entierra,4.184715978749489,3.094148808090537,-1.0905671706589524,pp,
070105,El Torno,núcleo,pct_basura_informal,4.953003677973028,1.426679508788827,-3.5263241691842007,pp,
070105,El Torno,núcleo,pct_viv_propia,67.39681242337556,70.62966530219119,3.2328528788156206,pp,
070105,El Torno,núcleo,pct_viv_alquilada,18.438904781364936,14.501565133638334,-3.9373396477266027,pp,
070105,El Torno,núcleo,pct_viv_anticretico,2.125051082958725,2.1731278593787624,0.048076776420037604,pp,
070105,El Torno,núcleo,pct_viv_prestada,7.454025337147527,9.432940043342162,1.9789147061946348,pp,
070105,El Torno,núcleo,pct_viv_cedida,3.163056804250102,1.7457259812183965,-1.4173308230317057,pp,
070105,El Torno,núcleo,pct_pared_ladrillo,78.77400899060073,90.30219118709368,11.52818219649295,pp,
070105,El Torno,núcleo,pct_pared_adobe,8.287699223539027,3.172405490007224,-5.115293733531804,pp,
070105,El Torno,núcleo,pct_pared_madera,7.135267674703719,3.954972309174091,-3.1802953655296284,pp,
070105,El Torno,núcleo,pct_pared_precaria,1.0952186350633428,0.3551649410065013,-0.7400536940568415,pp,
070105,El Torno,núcleo,pct_techo_calamina,8.94973436861463,17.758247050325068,8.808512681710438,pp,
070105,El Torno,núcleo,pct_techo_teja,79.95913363302003,73.04960269684565,-6.909530936174377,pp,
070105,El Torno,núcleo,pct_techo_losa,2.885165508786269,4.797736575969179,1.9125710671829097,pp,
070105,El Torno,núcleo,pct_techo_paja,4.9693502247650185,1.7517457259812184,-3.2176044987838,pp,
070105,El Torno,núcleo,pct_piso_tierra,20.988966080915407,11.01011317120154,-9.978852909713867,pp,
070105,El Torno,núcleo,pct_piso_cemento,49.856967715570086,39.95906573561281,-9.897901979957275,pp,
070105,El Torno,núcleo,pct_piso_ceramica,19.75480179812015,42.72212858174814,22.96732678362799,pp,
070105,El Torno,núcleo,pct_piso_mosaico,1.9125459746628524,1.69756802311582,-0.21497795154703248,pp,
070105,El Torno,núcleo,pct_monoambiente,38.84756845116469,32.37418733445702,-6.473381116707671,pp,
070105,El Torno,núcleo,pct_urbano,62.95055169595423,69.41969660486396,6.469144908909726,pp,
070105,El Torno,núcleo,pct_revoque,74.20514916223948,82.72935227546353,8.524203113224047,pp,
070105,El Torno,núcleo,pct_hogar_nuclear,,40.097519865157714,,pp,
070105,El Torno,núcleo,pct_hogar_monoparental,,14.89886828798459,,pp,
070105,El Torno,núcleo,pct_hogar_extendido,,23.284372742595718,,pp,
070105,El Torno,núcleo,pct_hogar_compuesto,,2.317601733686492,,pp,
070105,El Torno,núcleo,pct_departamento,1.7490805067429505,0.6260534553334939,-1.1230270514094567,pp,
070105,El Torno,núcleo,pct_con_emigrante,13.29791581528402,13.237418733445702,-0.06049708183831726,pp,
070105,El Torno,núcleo,pct_hogar_fallecido,4.503473641193298,8.28316879364315,3.779695152449851,pp,
070105,El Torno,núcleo,pct_hacinamiento,25.623212096444625,15.386467613773176,-10.23674448267145,pp,
070105,El Torno,núcleo,pct_choza,,3.003852636648206,,pp,
070105,El Torno,núcleo,pct_agua_rio,,1.8059234288466168,,pp,
070105,El Torno,núcleo,pct_agua_lluvia,,1.9022393450517696,,pp,
070105,El Torno,núcleo,pct_agua_no_mejorada,,2.3898386708403563,,pp,
070105,El Torno,núcleo,pct_agua_mejorada,,97.61016132915964,,pp,
070105,El Torno,núcleo,pct_saneamiento_mejorado,13.690232938291786,24.90970382855767,11.219470890265885,pp,
070105,El Torno,núcleo,pct_radio,67.0044953003678,52.317601733686494,-14.686893566681299,pp,
070105,El Torno,núcleo,pct_televisor,72.18635063342869,72.78473392728148,0.5983832938527911,pp,
070105,El Torno,núcleo,pct_computadora,15.063342868818962,23.627498194076573,8.56415532525761,pp,
070105,El Torno,núcleo,pct_auto,23.51450756027789,28.50951119672526,4.995003636447368,pp,
070105,El Torno,núcleo,pct_bicicleta,34.254188802615445,36.94317360943896,2.6889848068235125,pp,
070105,El Torno,núcleo,pct_moto,20.580302411115653,33.39754394413677,12.817241533021118,pp,
070105,El Torno,núcleo,pct_carreta,1.5284021250510829,1.1076330363592584,-0.4207690886918245,pp,
070105,El Torno,núcleo,pct_bote,0.1879852881078872,0.9872381411028172,0.79925285299493,pp,
070105,El Torno,núcleo,pct_internet,5.680425010216592,76.5290151697568,70.84859015954021,pp,
070105,El Torno,núcleo,pct_telefonia,67.06170821413976,88.21333975439441,21.151631540254655,pp,
070105,El Torno,núcleo,pct_celular,,88.0989646039008,,pp,
070105,El Torno,núcleo,pct_internet_fijo,,27.913556465205875,,pp,
070105,El Torno,núcleo,pct_internet_movil,,69.60630869251143,,pp,
070105,El Torno,núcleo,pct_tv_cable,,20.936672285095117,,pp,
070105,El Torno,núcleo,pct_telefono_fijo,,2.239345051769805,,pp,
070105,El Torno,núcleo,pct_refrigerador,,66.86130508066458,,pp,
070105,El Torno,núcleo,pct_microondas,,12.370575487599323,,pp,
070105,El Torno,núcleo,pct_calefon,,2.1972068384300507,,pp,
070105,El Torno,núcleo,pct_aire_acond,,5.899349867565615,,pp,
070105,El Torno,núcleo,pct_lavadora,,20.63568504695401,,pp,
070105,El Torno,núcleo,pct_vivienda_desocupada,3.621581670362158,5.21164292302962,1.590061252667462,pp,
070105,El Torno,núcleo,tam_hogar,4.010707,3.3041778,-17.61607616811699,%,-1.6018637117735213
070105,El Torno,núcleo,pers_x_vivienda,4.010707,3.3041778,-17.61607616811699,%,-1.6018637117735213
070105,El Torno,núcleo,pers_x_dormitorio,2.2825844,1.7633888,-22.745954103602926,%,-2.1276304971358795
070105,El Torno,núcleo,pers_x_habitacion,1.7772264,1.4215529,-20.012841357747103,%,-1.8436601066673552
070105,El Torno,núcleo,pob_total,49652.0,55697.0,12.17473616369935,%,0.9619944862437668
070105,El Torno,núcleo,pob_mujeres,24366.0,27433.0,12.587211688418298,%,0.9928795835335347
070105,El Torno,núcleo,pct_0_14,33.521308305808425,28.644271684291795,-4.8770366215166305,pp,
070105,El Torno,núcleo,pct_15_64,61.64102150970756,64.92450221735461,3.283480707647051,pp,
070105,El Torno,núcleo,pct_65_mas,4.837670184484009,6.431226098353592,1.593555913869583,pp,
070105,El Torno,núcleo,pct_menor20,45.93571255941352,38.21929367829506,-7.716418881118457,pp,
070105,El Torno,núcleo,pct_60_mas,7.196084749859018,9.603748855414116,2.4076641055550976,pp,
070105,El Torno,núcleo,edad_mediana,21.0,26.0,5.0,años,
070105,El Torno,núcleo,edad_promedio,25.95428180133731,29.430096,3.4758141986626896,años,
070105,El Torno,núcleo,indice_masculinidad,103.77575309857998,103.02919841067327,-0.7465546879067091,h/100m,
070105,El Torno,núcleo,pob_hombres,25286.0,28264.0,11.777268053468326,%,0.9321344566922907
070105,El Torno,núcleo,pct_0_4,11.274470313381132,7.858592024705101,-3.415878288676031,pp,
070105,El Torno,núcleo,pct_15_29,30.15387094175461,26.963750291757187,-3.190120649997425,pp,
070105,El Torno,núcleo,pct_80_mas,1.059373237734633,1.1795967466829451,0.12022350894831213,pp,
070105,El Torno,núcleo,razon_dependencia,62.22962817748154,54.02505461685241,-8.204573560629129,pp,
070105,El Torno,núcleo,dep_juvenil,54.38149382474025,44.119355106330026,-10.26213871841022,pp,
070105,El Torno,núcleo,dep_senil,7.848134352741292,9.905699510522386,2.0575651577810934,pp,
070105,El Torno,núcleo,indice_envejecimiento,14.431627012737325,22.452049642722827,8.020422629985502,índice,
070105,El Torno,núcleo,indice_juventud,692.9225645295587,445.393634840871,-247.5289296886877,índice,
070105,El Torno,núcleo,pct_analfabetismo,6.52595902018179,6.069430607709403,-0.4565284124723865,pp,
070105,El Torno,núcleo,pct_analfabetismo_mujeres,9.334088620342396,8.50401866735805,-0.8300699529843456,pp,
070105,El Torno,núcleo,pct_asistencia_escolar,85.84881320949432,94.23970466552096,8.390891456026637,pp,
070105,El Torno,núcleo,pct_educacion_publica,86.34861006761834,88.92340942861003,2.5747993609916904,pp,
070105,El Torno,núcleo,tasa_asistencia_4_5,50.24850894632207,83.45,33.201491053677934,pp,
070105,El Torno,núcleo,tasa_asistencia_18_24,25.892613791223766,47.18320728507486,21.29059349385109,pp,
070105,El Torno,núcleo,pct_sin_educacion,9.804420532208812,6.340887493880842,-3.46353303832797,pp,
070105,El Torno,núcleo,pct_edu_primaria,38.73055111240367,28.940017853543356,-9.790533258860311,pp,
070105,El Torno,núcleo,pct_edu_secundaria,36.62207357859532,41.9356696518559,5.313596073260584,pp,
070105,El Torno,núcleo,pct_edu_superior,14.4394358004944,22.7834250007199,8.343989200225503,pp,
070105,El Torno,núcleo,pct_secundaria_mas,51.06150937908972,64.7190946525758,13.657585273486085,pp,
070105,El Torno,núcleo,pct_primaria_completa,56.572633415733605,68.94347337806317,12.370839962329569,pp,
070105,El Torno,núcleo,brecha_alfabetismo,5.501167753559033,4.798450245245473,-0.70271750831356,pp,
070105,El Torno,núcleo,brecha_alfabetismo_muj,9.334088620342396,8.50401866735805,-0.8300699529843456,pp,
070105,El Torno,núcleo,brecha_alfabetismo_hom,3.832920866783364,3.705568422112577,-0.127352444670787,pp,
070105,El Torno,núcleo,brecha_edu_superior,2.142134473452371,5.602615407463304,3.460480934010933,pp,
070105,El Torno,núcleo,brecha_edu_superior_muj,15.536512667660208,25.614014666511466,10.077501998851258,pp,
070105,El Torno,núcleo,brecha_edu_superior_hom,13.394378194207835,20.01139925904816,6.617021064840326,pp,
070105,El Torno,núcleo,brecha_anios_estudio,0.1093017518050434,-0.130781210488923,-0.2400829622939664,años,
070105,El Torno,núcleo,brecha_anios_estudio_muj,8.260233665080053,9.059073448958213,0.7988397838781598,años,
070105,El Torno,núcleo,brecha_anios_estudio_hom,8.15093191327501,9.189854659447136,1.0389227461721262,años,
070105,El Torno,núcleo,pct_asalariados,34.37609227542817,35.417114984577864,1.0410227091496935,pp,
070105,El Torno,núcleo,pct_cuenta_propia,44.04928346731912,46.90122659780504,2.851943130485921,pp,
070105,El Torno,núcleo,pct_empleadores,2.385529535127578,1.4848289218850872,-0.9007006132424906,pp,
070105,El Torno,núcleo,pct_trab_familiar,3.045263893743446,6.49881644071444,3.4535525469709936,pp,
070105,El Torno,núcleo,pct_catocu_hogar,2.3986368402656413,2.212897209669321,-0.18573963059632037,pp,
070105,El Torno,núcleo,pct_catocu_cooperativista,0.3320517301642782,0.050211606054085,-0.2818401241101932,pp,
070105,El Torno,núcleo,pct_catocu_asalariado_amplio,36.774729115693816,37.63001219424719,0.8552830785533772,pp,
070105,El Torno,núcleo,tasa_participacion,68.80614226754066,71.61980579570519,2.8136635281645255,pp,
070105,El Torno,núcleo,tasa_ocupacion,68.25989317795582,70.0605937682225,1.8007005902666862,pp,
070105,El Torno,núcleo,tasa_desocupacion,0.7938958232258634,2.177068214804064,1.3831723915782006,pp,
070105,El Torno,núcleo,tasa_participacion_fem,52.8018844532606,61.31570826046704,8.513823807206442,pp,
070105,El Torno,núcleo,tasa_ocupacion_fem,52.41135631043888,59.88581421664438,7.474457906205494,pp,
070105,El Torno,núcleo,pct_sector_primario,29.22055225445648,25.396313033498316,-3.8242392209581624,pp,
070105,El Torno,núcleo,pct_sector_secundario,15.84673191191891,14.79449106950721,-1.0522408424117007,pp,
070105,El Torno,núcleo,pct_sector_servicios,44.5255155540021,53.93443798866653,9.408922434664433,pp,
070105,El Torno,núcleo,brecha_participacion,31.35388249085355,20.32020994362276,-11.03367254723079,pp,
070105,El Torno,núcleo,brecha_participacion_hom,84.15576694411415,81.63591820408979,-2.519848740024358,pp,
070105,El Torno,núcleo,brecha_participacion_muj,52.8018844532606,61.31570826046704,8.513823807206442,pp,
070105,El Torno,núcleo,pct_ocu_profesionales,9.44162880111849,12.990459794849723,3.548830993731233,pp,
070105,El Torno,núcleo,pct_ocu_no_calificado,8.074099965047186,6.473710637687397,-1.600389327359789,pp,
070105,El Torno,núcleo,pct_agricultura,28.04089479203076,24.94082203572197,-3.1000727563087906,pp,
070105,El Torno,núcleo,pct_manufactura,7.318245368752184,6.509576070583172,-0.8086692981690113,pp,
070105,El Torno,núcleo,pct_construccion,8.384306186648026,8.134280180761781,-0.25002600588624446,pp,
070105,El Torno,núcleo,pct_comercio,16.454037049982524,19.614805250699376,3.160768200716852,pp,
070105,El Torno,núcleo,pct_transporte,8.812478154491437,9.42902230829926,0.6165441538078227,pp,
070105,El Torno,núcleo,pct_alojamiento,4.290457881859489,6.0469119862276735,1.756454104368184,pp,
070105,El Torno,núcleo,pct_rama_mineria,1.1796574624257252,0.4554909977763431,-0.7241664646493822,pp,
070105,El Torno,núcleo,pct_admin_publica,0.8956658511010136,0.9504339717380388,0.054768120637025186,pp,
070105,El Torno,núcleo,pct_rama_ensenanza,3.5739252009786786,4.063553547091313,0.4896283461126347,pp,
070105,El Torno,núcleo,pct_rama_salud,2.241349178608878,3.959543791693566,1.718194613084688,pp,
070105,El Torno,núcleo,pct_salud_publica,76.56287762829292,85.33134639208575,8.768468763792825,pp,
070105,El Torno,núcleo,pct_caja_salud,11.089180697655683,12.187370953552255,1.0981902558965722,pp,
070105,El Torno,núcleo,pct_salud_privada,25.10674293079836,32.43980824820008,7.333065317401719,pp,
070105,El Torno,núcleo,pct_salud_tradicional,13.890679126721984,20.8341562382175,6.943477111495515,pp,
070105,El Torno,núcleo,pct_automedicacion,45.88737613791992,50.74959153993932,4.862215402019395,pp,
070105,El Torno,núcleo,pct_remedios_caseros,41.70023362603722,64.68750561071512,22.987271984677903,pp,
070105,El Torno,núcleo,pct_registro_civil,97.5092771861891,99.24795719140936,1.7386800052202602,pp,
070105,El Torno,núcleo,pct_cedula_identidad,79.01540819619233,98.85385783498444,19.838449638792113,pp,
070105,El Torno,núcleo,pct_autoident_indigena,23.643481427530958,16.986537535177344,-6.656943892353613,pp,
070105,El Torno,núcleo,pct_nacido_otro_municipio,36.5984995159729,49.39077301323306,12.792273497260162,pp,
070105,El Torno,núcleo,pct_nacido_extranjero,0.8329299774120684,1.2672644442837515,0.4343344668716831,pp,
070105,El Torno,núcleo,pct_migrante_reciente,8.747442600591043,9.971554683668463,1.2241120830774204,pp,
070105,El Torno,núcleo,paridez_media,2.4113680154142583,1.8917851,-0.5195829154142582,hijos,
070105,El Torno,núcleo,paridez_media_12mas,3.367384982477071,2.6103897,-0.7569952824770714,hijos,
070105,El Torno,núcleo,pct_hijos_fallecidos,17.84734152926214,11.241114,-6.606227529262139,pp,
070105,El Torno,núcleo,pct_parto_calificado,,97.96026490066224,,pp,
070105,El Torno,núcleo,pct_jefatura_femenina,30.73952341824158,35.90862267466521,5.169099256423632,pp,
070105,El Torno,núcleo,edad_media_jefe,43.004272801972064,45.53881,2.534537198027934,años,
070105,El Torno,núcleo,prom_anios_estudio,7.374566558382305,9.125147579693037,1.7505810213107322,años,
070105,El Torno,núcleo,pct_ecivil_casado,26.21335529727586,24.839394881359446,-1.3739604159164145,pp,
070105,El Torno,núcleo,pct_ecivil_conviviente,26.42689362740612,28.19396953683556,1.7670759094294404,pp,
070105,El Torno,núcleo,pct_ecivil_separado_divorciado,2.217748085781398,4.204227541187442,1.986479455406044,pp,
070105,El Torno,núcleo,pct_ecivil_viudo,3.877245965650834,4.165371464096984,0.28812549844615054,pp,
070105,El Torno,núcleo,pct_ecivil_soltero,41.264757023885785,38.597036576520566,-2.6677204473652196,pp,
070105,El Torno,núcleo,pct_quechua,16.72736100995387,9.469360849833938,-7.258000160119932,pp,
070105,El Torno,núcleo,pct_aymara,0.743505705268269,0.4867783890677686,-0.2567273162005004,pp,
070105,El Torno,núcleo,pct_guarani,0.5401796552561301,0.5070608219455923,-0.033118833310537776,pp,
070105,El Torno,núcleo,pct_chiquitano,0.5128672007768876,0.1622594630225895,-0.3506077377542981,pp,
070105,El Torno,núcleo,pct_pueblo_afroboliviano,0.3368536052439912,0.2459244986436123,-0.09092910660037892,pp,
070105,El Torno,núcleo,pct_pueblo_guarayo,0.1183539694100509,0.065917906852927,-0.052436062557123894,pp,
070105,El Torno,núcleo,pct_pueblo_mojeno,0.1092498179169701,0.0228177369875516,-0.0864320809294185,pp,
070105,El Torno,núcleo,pct_pueblo_trinitario,0.0060694343287205,0.0076059123291838,0.0015364780004633004,pp,
070105,El Torno,núcleo,pct_pueblo_yuracare,0.0030347171643602,0.0025353041097279,-0.0004994130546323002,pp,
070105,El Torno,núcleo,pct_pueblo_movima,0.0091041514930808,0.0050706082194559,-0.004033543273624899,pp,
070105,El Torno,núcleo,pct_disc_ver,,2.6285342396413336,,pp,
070105,El Torno,núcleo,pct_disc_oir,,1.1949526357654203,,pp,
070105,El Torno,núcleo,pct_disc_caminar,,1.872875840624774,,pp,
070105,El Torno,núcleo,pct_disc_comunicar,,1.2256851543857112,,pp,
070105,El Torno,núcleo,pct_discapacidad,,4.759924795719141,,pp,
070105,El Torno,núcleo,pct_sus,,63.54233409610984,,pp,
070105,El Torno,núcleo,pct_afiliado_caja,,8.646224256292907,,pp,
070105,El Torno,núcleo,pct_seguro_privado,,0.7066361556064074,,pp,
070105,El Torno,núcleo,pct_sin_seguro,,27.104805491990845,,pp,
070105,El Torno,núcleo,pct_seguro_salud,,72.89519450800915,,pp,
070105,El Torno,núcleo,pct_madres_adolescentes,16.75886755613407,8.742088607594937,-8.016778948539134,pp,
070105,El Torno,núcleo,edad_1er_hijo,,20.502287955548294,,años,
070105,El Torno,núcleo,pct_idioma_materno_castellano,77.22991199752354,86.6380719739955,9.40815997647195,pp,
070105,El Torno,núcleo,pct_idioma_materno_originario,19.15933312696237,12.380989017329922,-6.778344109632448,pp,
070105,El Torno,núcleo,pct_bilingue,25.096612866560584,21.03580186365865,-4.060811002901932,pp,
070105,El Torno,núcleo,pct_registro_menores5,86.64640686449768,97.30476848652384,10.658361622026163,pp,
070105,El Torno,núcleo,pct_residia_otro_mun,1.5085511455308165,2.274206377901512,0.7656552323706953,pp,
070105,El Torno,núcleo,pct_rezago_escolar,10.089567966280296,7.58458728363921,-2.5049806826410856,pp,
070105,El Torno,núcleo,pct_hogar_con_menores,65.3318262554497,52.72137450438544,-12.61045175106426,pp,
070105,El Torno,núcleo,pct_hogar_con_am,15.759728725980946,17.451640033641716,1.6919113076607708,pp,
070105,El Torno,núcleo,pct_hogar_unipersonal,12.869368642015178,19.19380031238736,6.3244316703721815,pp,
070105,El Torno,núcleo,pct_am_solo,2.8176974002906507,4.613721014057432,1.7960236137667809,pp,
070105,El Torno,núcleo,hogares,12386.0,16646.0,34.393670272888755,%,2.4939509165572638
070105,El Torno,núcleo,tam_hogar_pers,4.003229452607783,3.3230806199687613,-0.6801488326390221,pers/hogar,
070105,El Torno,núcleo,autocontencion_laboral,,82.46767103410012,,pp,
070105,El Torno,núcleo,pct_trabaja_fuera,,17.53232896589988,,pp,
070105,El Torno,núcleo,dependencia_capital,,10.533054500448124,,pp,
070105,El Torno,núcleo,poblacion_nbi,48586.0,54030.0,11.204873831968065,%,0.8889615370558657
070105,El Torno,núcleo,pct_nbi_no_pobre,48.70744658955255,74.72515269294836,26.017706103395803,pp,
070105,El Torno,núcleo,pct_nbi_satisfechas,11.59799119087803,18.85804182861373,7.260050637735699,pp,
070105,El Torno,núcleo,pct_nbi_umbral,37.10945539867451,55.86711086433463,18.757655465660115,pp,
070105,El Torno,núcleo,pct_nbi_pobre,51.292553410447454,25.27484730705164,-26.017706103395813,pp,
070105,El Torno,núcleo,pct_nbi_moderada,44.30494381097436,23.79603923746067,-20.50890457351369,pp,
070105,El Torno,núcleo,pct_nbi_indigente,6.868233647552793,1.4325374791782344,-5.435696168374559,pp,
070105,El Torno,núcleo,pct_nbi_marginal,0.1193759519203062,0.0462705904127336,-0.0731053615075726,pp,
070105,El Torno,núcleo,pct_nbi_materiales,22.51265796731569,11.489913011290025,-11.022744956025665,pp,
070105,El Torno,núcleo,pct_nbi_espacios,78.74902235211789,73.66092911345548,-5.08809323866241,pp,
070105,El Torno,núcleo,pct_nbi_agua_sanea,51.05791791874202,28.79696464926893,-22.26095326947309,pp,
070105,El Torno,núcleo,pct_nbi_energia,27.47293459021117,12.72071071626874,-14.75222387394243,pp,
070105,El Torno,núcleo,pct_nbi_educacion,59.61799695385502,44.12363501758283,-15.494361936272192,pp,
070105,El Torno,núcleo,pct_nbi_salud,21.84991561355123,11.16416805478438,-10.685747558766849,pp,
070105,El Torno,núcleo,emigrantes,2304.0,2856.0,23.958333333333325,%,1.8059069815173023
070105,El Torno,núcleo,edad_prom_emigracion,25.40907069808804,26.73568281938326,1.32661212129522,años,
070105,El Torno,núcleo,pct_emi_argentina,36.63194444444444,8.57843137254902,-28.053513071895424,pp,
070105,El Torno,núcleo,pct_emi_brasil,3.4288194444444446,4.936974789915967,1.508155345471522,pp,
070105,El Torno,núcleo,pct_emi_chile,11.197916666666666,68.69747899159664,57.499562324929975,pp,
070105,El Torno,núcleo,pct_emi_espana,40.71180555555556,10.084033613445378,-30.62777194211018,pp,
070105,El Torno,núcleo,pct_emi_eeuu,0.78125,4.201680672268908,3.4204306722689077,pp,
070105,El Torno,núcleo,fallecidos,584.0,1346.0,130.47945205479454,%,7.206063900131432
070105,El Torno,núcleo,edad_prom_fallecimiento,54.13392857142857,60.14,6.006071428571431,años,
070105,El Torno,núcleo,emigrantes_x1000,46.40296463385161,51.277447618363645,4.874482984512035,‰,
070105,El Torno,núcleo,tasa_mortalidad,,5.583783686733576,,‰,
070105,El Torno,núcleo,idx_carencia,36.98569677155701,28.89477486154587,-8.09092191001114,índice,
070105,El Torno,núcleo,idx_calidad_vivienda,80.27952595014303,88.97664339032026,8.697117440177237,índice,
070105,El Torno,núcleo,crec_intercensal,,0.9619944862437668,,%,0.9619944862437668
070201,Warnes,núcleo,viviendas,23218.0,40597.0,74.85140839004221,%,4.766498189502211
070201,Warnes,núcleo,pct_agua_caneria,86.33387888707037,87.51878217602285,1.1849032889524835,pp,
070201,Warnes,núcleo,pct_agua_pileta,7.520027564820398,7.700076360322191,0.18004879550179265,pp,
070201,Warnes,núcleo,pct_agua_pozo,5.728314238952537,3.313052688622312,-2.415261550330225,pp,
070201,Warnes,núcleo,pct_agua_pozo_bomba,4.427599276423464,2.729265709288864,-1.6983335671346005,pp,
070201,Warnes,núcleo,pct_agua_carro,0.1162890860539236,0.167500061580905,0.051210975526981395,pp,
070201,Warnes,núcleo,pct_agua_interior,48.67344301834783,67.58627484789517,18.912831829547336,pp,
070201,Warnes,núcleo,pct_agua_lote,47.57085020242915,22.706111289011503,-24.864738913417646,pp,
070201,Warnes,núcleo,pct_agua_sin_caneria,3.7557067792230168,9.707613863093332,5.951907083870315,pp,
070201,Warnes,núcleo,pct_servicio_sanitario,82.59970712378328,94.66216715520852,12.062460031425246,pp,
070201,Warnes,núcleo,pct_sanitario_exclusivo,42.372297355500045,77.11160923220928,34.73931187670923,pp,
070201,Warnes,núcleo,pct_sanitario_compartido,40.22740976828323,17.550557922999236,-22.676851845283995,pp,
070201,Warnes,núcleo,pct_sin_sanitario,17.400292876216728,5.337832844791487,-12.06246003142524,pp,
070201,Warnes,núcleo,pct_alcantarillado,20.919114480144717,22.77754513880336,1.8584306586586443,pp,
070201,Warnes,núcleo,pct_camara_septica,21.591006977345163,25.314678424514128,3.7236714471689645,pp,
070201,Warnes,núcleo,pct_pozo_ciego,39.69334137307261,44.39490602753898,4.701564654466367,pp,
070201,Warnes,núcleo,pct_desague_superficie,0.396244293220777,0.167500061580905,-0.22874423163987198,pp,
070201,Warnes,núcleo,pct_electricidad,94.09940563356017,98.24124935340048,4.14184371984031,pp,
070201,Warnes,núcleo,pct_elec_red,93.14755792919289,97.1130871739291,3.965529244736217,pp,
070201,Warnes,núcleo,pct_panel_solar,0.1464381083642001,0.3547060127595635,0.20826790439536338,pp,
070201,Warnes,núcleo,pct_motor_propio,0.3230252390386769,0.2635662733699534,-0.059458965668723496,pp,
070201,Warnes,núcleo,pct_sin_energia,5.900594366439831,1.7587506465995024,-4.141843719840329,pp,
070201,Warnes,núcleo,pct_gas_red,4.2725471616849,15.878020543389905,11.605473381705005,pp,
070201,Warnes,núcleo,pct_gas_garrafa,85.9634766129727,79.56991895952903,-6.393557653443665,pp,
070201,Warnes,núcleo,pct_lena_guano,7.532948574381945,2.810552503879597,-4.722396070502348,pp,
070201,Warnes,núcleo,pct_combustible_limpio,90.47290894995264,95.64499839889648,5.1720894489438365,pp,
070201,Warnes,núcleo,pct_no_cocina,1.9510724437936084,1.482868192230953,-0.46820425156265544,pp,
070201,Warnes,núcleo,pct_cocina_exclusiva,64.54044275992764,76.41943986008819,11.878997100160547,pp,
070201,Warnes,núcleo,pct_basura_formal,54.67309845809286,60.73108850407666,6.0579900459838,pp,
070201,Warnes,núcleo,pct_basura_carro,43.9701955379447,46.12163460354213,2.1514390655974296,pp,
070201,Warnes,núcleo,pct_basura_contenedor,10.70290292014816,14.609453900534522,3.9065509803863616,pp,
070201,Warnes,núcleo,pct_basura_quema,36.75596519941425,34.95578491021504,-1.8001802891992114,pp,
070201,Warnes,núcleo,pct_basura_entierra,4.767852528210871,1.906544818582654,-2.861307709628217,pp,
070201,Warnes,núcleo,pct_basura_informal,3.2604014126970453,1.687316796807646,-1.5730846158893994,pp,
070201,Warnes,núcleo,pct_viv_propia,67.20217072960634,67.8079661058699,0.6057953762635577,pp,
070201,Warnes,núcleo,pct_viv_alquilada,13.558446033250064,15.951917629381482,2.393471596131418,pp,
070201,Warnes,núcleo,pct_viv_anticretico,2.2654836764579205,2.325294972534917,0.059811296076996534,pp,
070201,Warnes,núcleo,pct_viv_prestada,8.635541390300629,9.35044461413405,0.7149032238334208,pp,
070201,Warnes,núcleo,pct_viv_cedida,6.202084589542596,1.8425006773899548,-4.359583912152641,pp,
070201,Warnes,núcleo,pct_pared_ladrillo,87.13498147988629,94.92327019237877,7.788288712492474,pp,
070201,Warnes,núcleo,pct_pared_adobe,3.3853045051253337,1.1946695568638075,-2.1906349482615264,pp,
070201,Warnes,núcleo,pct_pared_madera,4.496511327418382,1.6158829470157894,-2.8806283804025927,pp,
070201,Warnes,núcleo,pct_pared_precaria,0.8915496597467482,0.2143015493755696,-0.6772481103711785,pp,
070201,Warnes,núcleo,pct_techo_calamina,18.42535963476613,22.98692021577949,4.56156058101336,pp,
070201,Warnes,núcleo,pct_techo_teja,69.29968128176415,64.09833238909279,-5.201348892671362,pp,
070201,Warnes,núcleo,pct_techo_losa,2.187957619088638,6.850259871419071,4.6623022523304325,pp,
070201,Warnes,núcleo,pct_techo_paja,4.397450254113188,0.8867650318989088,-3.5106852222142795,pp,
070201,Warnes,núcleo,pct_piso_tierra,14.075286415711949,6.8527231076187896,-7.222563308093159,pp,
070201,Warnes,núcleo,pct_piso_cemento,34.356964424153674,32.77582087346356,-1.5811435506901148,pp,
070201,Warnes,núcleo,pct_piso_ceramica,24.36041002670342,45.43931817621992,21.0789081495165,pp,
070201,Warnes,núcleo,pct_piso_mosaico,1.6969592557498492,1.7907727171958518,0.09381346144600267,pp,
070201,Warnes,núcleo,pct_monoambiente,42.29477129813076,31.82747493657167,-10.467296361559093,pp,
070201,Warnes,núcleo,pct_urbano,84.02532517874063,89.12481217823976,5.099486999499135,pp,
070201,Warnes,núcleo,pct_revoque,66.35369110173141,80.28672069364731,13.933029591915897,pp,
070201,Warnes,núcleo,pct_hogar_nuclear,,40.781338522550925,,pp,
070201,Warnes,núcleo,pct_hogar_monoparental,,14.562652412739858,,pp,
070201,Warnes,núcleo,pct_hogar_extendido,,25.233391629923396,,pp,
070201,Warnes,núcleo,pct_hogar_compuesto,,3.029780525654605,,pp,
070201,Warnes,núcleo,pct_departamento,1.4385390645189078,0.6527575929255857,-0.7857814715933221,pp,
070201,Warnes,núcleo,pct_con_emigrante,9.936256352829702,8.446436928837107,-1.4898194239925946,pp,
070201,Warnes,núcleo,pct_hogar_fallecido,4.853992591954518,7.197576175579476,2.343583583624958,pp,
070201,Warnes,núcleo,pct_hacinamiento,29.59772590231717,19.14673498041727,-10.450990921899898,pp,
070201,Warnes,núcleo,pct_choza,,1.4360667044362885,,pp,
070201,Warnes,núcleo,pct_agua_rio,,0.0246323619971919,,pp,
070201,Warnes,núcleo,pct_agua_lluvia,,0.1724265339803433,,pp,
070201,Warnes,núcleo,pct_agua_no_mejorada,,0.7759194029115452,,pp,
070201,Warnes,núcleo,pct_agua_mejorada,,99.22408059708846,,pp,
070201,Warnes,núcleo,pct_saneamiento_mejorado,22.33181152554053,38.658028918392986,16.326217392852456,pp,
070201,Warnes,núcleo,pct_radio,61.34895339822552,53.59755646968988,-7.751396928535641,pp,
070201,Warnes,núcleo,pct_televisor,80.23085537083297,78.85804369781019,-1.372811673022781,pp,
070201,Warnes,núcleo,pct_computadora,17.813765182186234,26.716259822154345,8.902494639968111,pp,
070201,Warnes,núcleo,pct_auto,20.16108191920062,21.967140429095743,1.8060585098951236,pp,
070201,Warnes,núcleo,pct_bicicleta,28.482212076836937,38.86740399536912,10.385191918532186,pp,
070201,Warnes,núcleo,pct_moto,22.796967869756223,39.01519816735227,16.218230297596044,pp,
070201,Warnes,núcleo,pct_carreta,1.3480919975880783,1.069044510678129,-0.2790474869099493,pp,
070201,Warnes,núcleo,pct_bote,0.2713412007924886,1.051801857280095,0.7804606564876063,pp,
070201,Warnes,núcleo,pct_internet,7.955034886725816,79.17580116757397,71.22076628084815,pp,
070201,Warnes,núcleo,pct_telefonia,73.39564131277457,88.2676059807375,14.871964667962928,pp,
070201,Warnes,núcleo,pct_celular,,88.17153976894845,,pp,
070201,Warnes,núcleo,pct_internet_fijo,,38.79104367317782,,pp,
070201,Warnes,núcleo,pct_internet_movil,,68.81050323915561,,pp,
070201,Warnes,núcleo,pct_tv_cable,,18.730448062664728,,pp,
070201,Warnes,núcleo,pct_telefono_fijo,,3.049486415252358,,pp,
070201,Warnes,núcleo,pct_refrigerador,,71.37226888686357,,pp,
070201,Warnes,núcleo,pct_microondas,,16.641623765302853,,pp,
070201,Warnes,núcleo,pct_calefon,,2.4041185309259303,,pp,
070201,Warnes,núcleo,pct_aire_acond,,12.005813237431337,,pp,
070201,Warnes,núcleo,pct_lavadora,,26.901002537133287,,pp,
070201,Warnes,núcleo,pct_vivienda_desocupada,5.303979943591351,7.106705588340299,1.8027256447489481,pp,
070201,Warnes,núcleo,tam_hogar,4.092471,3.6733994,-10.240062788471793,%,-0.8962218057473104
070201,Warnes,núcleo,pers_x_vivienda,4.092471,3.6733994,-10.240062788471793,%,-0.8962218057473104
070201,Warnes,núcleo,pers_x_dormitorio,2.411038,1.9303225,-19.938113791653223,%,-1.8360215415442083
070201,Warnes,núcleo,pers_x_habitacion,1.9403117,1.6206856,-16.472925458316823,%,-1.4888007913412493
070201,Warnes,núcleo,pob_total,96406.0,151248.0,56.88650084019666,%,3.8242489239694866
070201,Warnes,núcleo,pob_mujeres,47407.0,74429.0,57.000021093931274,%,3.8305072954903485
070201,Warnes,núcleo,pct_0_14,35.882621413604966,31.648682957791177,-4.233938455813789,pp,
070201,Warnes,núcleo,pct_15_64,60.74310727548078,64.34729715434254,3.60418987886176,pp,
070201,Warnes,núcleo,pct_65_mas,3.3742713109142586,4.004019887866286,0.6297485769520272,pp,
070201,Warnes,núcleo,pct_menor20,46.99085119183453,41.395588701999365,-5.595262489835164,pp,
070201,Warnes,núcleo,pct_60_mas,5.205070223844989,6.426531259917486,1.2214610360724976,pp,
070201,Warnes,núcleo,edad_mediana,21.0,24.0,3.0,años,
070201,Warnes,núcleo,edad_promedio,24.541501566292556,27.077707,2.536205433707444,años,
070201,Warnes,núcleo,indice_masculinidad,103.35815385913472,103.21111394752046,-0.14703991161425733,h/100m,
070201,Warnes,núcleo,pob_hombres,48999.0,76819.0,56.77666891161044,%,3.8181899375998807
070201,Warnes,núcleo,pct_0_4,12.535526834429392,8.583915159208717,-3.9516116752206756,pp,
070201,Warnes,núcleo,pct_15_29,29.31664004315084,27.64929123029726,-1.6673488128535823,pp,
070201,Warnes,núcleo,pct_80_mas,0.5995477459909134,0.63802496561938,0.03847721962846662,pp,
070201,Warnes,núcleo,razon_dependencia,64.62773224043715,55.40668283260039,-9.221049407836766,pp,
070201,Warnes,núcleo,dep_juvenil,59.072745901639344,49.184168344909786,-9.888577556729558,pp,
070201,Warnes,núcleo,dep_senil,5.554986338797814,6.2225144876906,0.667528148892786,pp,
070201,Warnes,núcleo,indice_envejecimiento,9.403636573873326,12.65145817665246,3.2478216027791333,índice,
070201,Warnes,núcleo,indice_juventud,1063.4183830310485,790.4227212681639,-272.99566176288465,índice,
070201,Warnes,núcleo,pct_analfabetismo,3.0591030591030592,2.8043863733172194,-0.25471668578583984,pp,
070201,Warnes,núcleo,pct_analfabetismo_mujeres,4.477012648062638,3.9930520893645056,-0.4839605586981328,pp,
070201,Warnes,núcleo,pct_asistencia_escolar,84.58145461674181,92.97391683946306,8.39246222272125,pp,
070201,Warnes,núcleo,pct_educacion_publica,77.20477459728822,87.47065452155132,10.265879924263103,pp,
070201,Warnes,núcleo,tasa_asistencia_4_5,46.17213504517356,75.55856465809073,29.38642961291717,pp,
070201,Warnes,núcleo,tasa_asistencia_18_24,22.629488044374483,44.974602831514105,22.34511478713962,pp,
070201,Warnes,núcleo,pct_sin_educacion,4.959296521004531,3.423425449148922,-1.5358710718556092,pp,
070201,Warnes,núcleo,pct_edu_primaria,31.72759388679825,21.039731972207857,-10.687861914590393,pp,
070201,Warnes,núcleo,pct_edu_secundaria,48.69441671146609,52.93548894835069,4.241072236884598,pp,
070201,Warnes,núcleo,pct_edu_superior,13.891022194915903,22.601353630292536,8.710331435376633,pp,
070201,Warnes,núcleo,pct_secundaria_mas,62.585438906382,75.53684257864322,12.951403672261215,pp,
070201,Warnes,núcleo,pct_primaria_completa,69.03655633207894,79.22897038652665,10.19241405444771,pp,
070201,Warnes,núcleo,brecha_alfabetismo,2.7973251480626384,2.359219365523524,-0.4381057825391146,pp,
070201,Warnes,núcleo,brecha_alfabetismo_muj,4.477012648062638,3.9930520893645056,-0.4839605586981328,pp,
070201,Warnes,núcleo,brecha_alfabetismo_hom,1.6796875,1.6338327238409815,-0.04585477615901845,pp,
070201,Warnes,núcleo,brecha_edu_superior,-0.3539429572220864,2.133317670132346,2.4872606273544324,pp,
070201,Warnes,núcleo,brecha_edu_superior_muj,13.711094622564143,23.67415247529231,9.963057852728166,pp,
070201,Warnes,núcleo,brecha_edu_superior_hom,14.06503757978623,21.540834805159964,7.475797225373734,pp,
070201,Warnes,núcleo,brecha_anios_estudio,-0.3813009376546183,-0.3983958621878454,-0.017094924533227085,años,
070201,Warnes,núcleo,brecha_anios_estudio_muj,8.693061362388615,9.762014609765474,1.068953247376859,años,
070201,Warnes,núcleo,brecha_anios_estudio_hom,9.074362300043234,10.16041047195332,1.086048171910086,años,
070201,Warnes,núcleo,pct_asalariados,48.8392923788908,45.34489091309777,-3.4944014657930325,pp,
070201,Warnes,núcleo,pct_cuenta_propia,30.99450125650021,37.03224858591053,6.037747329410319,pp,
070201,Warnes,núcleo,pct_empleadores,2.5329053768256573,1.757143906559906,-0.7757614702657514,pp,
070201,Warnes,núcleo,pct_trab_familiar,1.6048369037844294,5.308161316388746,3.703324412604317,pp,
070201,Warnes,núcleo,pct_catocu_hogar,2.266676619143589,2.4652905311099684,0.19861391196637923,pp,
070201,Warnes,núcleo,pct_catocu_cooperativista,0.6742803115125277,0.0426063321824726,-0.6316739793300551,pp,
070201,Warnes,núcleo,pct_catocu_asalariado_amplio,51.10596899803439,47.81018144420774,-3.2957875538266492,pp,
070201,Warnes,núcleo,tasa_participacion,65.03321989953005,68.34854739236584,3.3153274928357916,pp,
070201,Warnes,núcleo,tasa_ocupacion,64.44984605412412,66.18654952985126,1.7367034757271398,pp,
070201,Warnes,núcleo,tasa_desocupacion,0.8970397687630818,3.163195042175934,2.266155273412852,pp,
070201,Warnes,núcleo,tasa_participacion_fem,47.26137670445211,56.86379078770641,9.602414083254295,pp,
070201,Warnes,núcleo,tasa_ocupacion_fem,46.74880893707902,54.9814331990203,8.232624261941282,pp,
070201,Warnes,núcleo,pct_sector_primario,12.530168445671915,10.61485344890913,-1.9153149967627847,pp,
070201,Warnes,núcleo,pct_sector_secundario,25.112587395187976,23.03680305590245,-2.0757843392855264,pp,
070201,Warnes,núcleo,pct_sector_servicios,49.49615585578861,58.45882612208918,8.96267026630057,pp,
070201,Warnes,núcleo,brecha_participacion,35.06636110530008,22.805608172594205,-12.260752932705877,pp,
070201,Warnes,núcleo,brecha_participacion_hom,82.3277378097522,79.66939896030061,-2.6583388494515816,pp,
070201,Warnes,núcleo,brecha_participacion_muj,47.26137670445211,56.86379078770641,9.602414083254295,pp,
070201,Warnes,núcleo,pct_ocu_profesionales,10.415267099599411,12.54389186806729,2.128624768467878,pp,
070201,Warnes,núcleo,pct_ocu_no_calificado,11.880769326466124,10.011018879012708,-1.8697504474534163,pp,
070201,Warnes,núcleo,pct_agricultura,12.09723569953472,10.40622933960185,-1.691006359932869,pp,
070201,Warnes,núcleo,pct_manufactura,12.059913911074618,11.581576434290753,-0.4783374767838655,pp,
070201,Warnes,núcleo,pct_construccion,12.816302157199374,11.143759641519136,-1.672542515680238,pp,
070201,Warnes,núcleo,pct_comercio,17.772635664701053,20.27179901564681,2.499163350945757,pp,
070201,Warnes,núcleo,pct_transporte,9.094075788111766,9.468890031587453,0.3748142434756865,pp,
070201,Warnes,núcleo,pct_alojamiento,5.222562265183748,7.409094248145156,2.186531982961408,pp,
070201,Warnes,núcleo,pct_rama_mineria,0.4329327461371949,0.2086241093072798,-0.22430863682991511,pp,
070201,Warnes,núcleo,pct_admin_publica,1.5177527307108556,1.3031660912363183,-0.21458663947453727,pp,
070201,Warnes,núcleo,pct_rama_ensenanza,2.47816675375084,2.8649085433041943,0.3867417895533545,pp,
070201,Warnes,núcleo,pct_rama_salud,1.7765171307009031,3.199882465290531,1.423365334589628,pp,
070201,Warnes,núcleo,pct_salud_publica,67.57152044478559,76.73291547656828,9.161395031782689,pp,
070201,Warnes,núcleo,pct_caja_salud,19.14196211854034,17.715936739659366,-1.4260253788809756,pp,
070201,Warnes,núcleo,pct_salud_privada,13.316598551957346,22.990717232624565,9.674118680667219,pp,
070201,Warnes,núcleo,pct_salud_tradicional,7.869842126008755,13.23984449381149,5.370002367802734,pp,
070201,Warnes,núcleo,pct_automedicacion,37.57546210816754,42.22402940865334,4.648567300485794,pp,
070201,Warnes,núcleo,pct_remedios_caseros,28.412132024977694,52.8099545117952,24.397822486817503,pp,
070201,Warnes,núcleo,pct_registro_civil,96.4476759283303,98.90270910416903,2.455033175838736,pp,
070201,Warnes,núcleo,pct_cedula_identidad,74.25188262788886,98.45241838898964,24.20053576110078,pp,
070201,Warnes,núcleo,pct_autoident_indigena,30.26575919624048,18.857916049770072,-11.407843146470409,pp,
070201,Warnes,núcleo,pct_nacido_otro_municipio,30.95819267722669,66.15861206083274,35.20041938360605,pp,
070201,Warnes,núcleo,pct_nacido_extranjero,0.9722150090885484,1.3729517794177668,0.4007367703292184,pp,
070201,Warnes,núcleo,pct_migrante_reciente,12.50831274938248,18.69396239396313,6.18564964458065,pp,
070201,Warnes,núcleo,paridez_media,2.631322483188773,2.1114275,-0.5198949831887729,hijos,
070201,Warnes,núcleo,paridez_media_12mas,3.2654959090002,2.5484662,-0.7170297090002,hijos,
070201,Warnes,núcleo,pct_hijos_fallecidos,14.67875160747848,9.235639,-5.443112607478479,pp,
070201,Warnes,núcleo,pct_parto_calificado,,97.83141275746304,,pp,
070201,Warnes,núcleo,pct_jefatura_femenina,30.386500672363685,37.00301242313342,6.616511750769735,pp,
070201,Warnes,núcleo,edad_media_jefe,40.60031232377565,43.171234,2.5709216762243514,años,
070201,Warnes,núcleo,prom_anios_estudio,8.419804661057924,9.962359184224136,1.5425545231662117,años,
070201,Warnes,núcleo,pct_ecivil_casado,24.40811265031736,22.80786931674505,-1.6002433335723083,pp,
070201,Warnes,núcleo,pct_ecivil_conviviente,30.933150586584432,30.5649117483437,-0.3682388382407318,pp,
070201,Warnes,núcleo,pct_ecivil_separado_divorciado,3.207858110202816,4.916805745208112,1.7089476350052961,pp,
070201,Warnes,núcleo,pct_ecivil_viudo,2.899472971429504,3.013199817933546,0.11372684650404175,pp,
070201,Warnes,núcleo,pct_ecivil_soltero,38.55140568146589,38.69721337176959,0.14580769030370533,pp,
070201,Warnes,núcleo,pct_quechua,8.911035488575596,7.962623420172764,-0.9484120684028321,pp,
070201,Warnes,núcleo,pct_aymara,2.6981040350024306,2.5708654854935338,-0.1272385495088968,pp,
070201,Warnes,núcleo,pct_guarani,3.179387457462324,2.4551667336673564,-0.7242207237949678,pp,
070201,Warnes,núcleo,pct_chiquitano,1.5653864851725814,0.7353734226240085,-0.8300130625485729,pp,
070201,Warnes,núcleo,pct_pueblo_afroboliviano,0.4472532814778804,0.3186618164704036,-0.1285914650074768,pp,
070201,Warnes,núcleo,pct_pueblo_guarayo,0.2203856749311294,0.2059045583347223,-0.014481116596407106,pp,
070201,Warnes,núcleo,pct_pueblo_mojeno,0.4164641063036784,0.094127798095873,-0.3223363082078054,pp,
070201,Warnes,núcleo,pct_pueblo_trinitario,0.053475935828877,0.0176489621429762,-0.03582697368590079,pp,
070201,Warnes,núcleo,pct_pueblo_yuracare,0.0081024145195268,0.007843983174656,-0.00025843134487080026,pp,
070201,Warnes,núcleo,pct_pueblo_movima,0.1361205639280505,0.0411809116669444,-0.0949396522611061,pp,
070201,Warnes,núcleo,pct_disc_ver,,2.3203687967937694,,pp,
070201,Warnes,núcleo,pct_disc_oir,,0.7420095143149626,,pp,
070201,Warnes,núcleo,pct_disc_caminar,,1.4746519112264902,,pp,
070201,Warnes,núcleo,pct_disc_comunicar,,0.8216300122441607,,pp,
070201,Warnes,núcleo,pct_discapacidad,,3.980355816645368,,pp,
070201,Warnes,núcleo,pct_sus,,65.35846137140996,,pp,
070201,Warnes,núcleo,pct_afiliado_caja,,12.254329768174168,,pp,
070201,Warnes,núcleo,pct_seguro_privado,,1.1733807481405072,,pp,
070201,Warnes,núcleo,pct_sin_seguro,,21.21382811227537,,pp,
070201,Warnes,núcleo,pct_seguro_salud,,78.78617188772463,,pp,
070201,Warnes,núcleo,pct_madres_adolescentes,20.694779862530183,9.681045384291131,-11.013734478239051,pp,
070201,Warnes,núcleo,edad_1er_hijo,,20.24202324608004,,años,
070201,Warnes,núcleo,pct_idioma_materno_castellano,84.06241710588534,89.20301484495901,5.1405977390736695,pp,
070201,Warnes,núcleo,pct_idioma_materno_originario,13.486800373672253,9.635610706711756,-3.8511896669604972,pp,
070201,Warnes,núcleo,pct_bilingue,18.970881626448797,16.984197852547446,-1.9866837739013512,pp,
070201,Warnes,núcleo,pct_registro_menores5,81.14692964282754,95.1995012468828,14.05257160405526,pp,
070201,Warnes,núcleo,pct_residia_otro_mun,1.537263048558816,3.5173525849898635,1.9800895364310476,pp,
070201,Warnes,núcleo,pct_rezago_escolar,10.2946526009458,8.26322565192659,-2.0314269490192114,pp,
070201,Warnes,núcleo,pct_hogar_con_menores,67.50319013185879,58.81166195103949,-8.691528180819297,pp,
070201,Warnes,núcleo,pct_hogar_con_am,11.799234368353892,12.46647804157953,0.6672436732256379,pp,
070201,Warnes,núcleo,pct_hogar_unipersonal,12.90940025521055,16.28736621970722,3.3779659644966706,pp,
070201,Warnes,núcleo,pct_am_solo,1.8417694598043384,2.590724566367327,0.7489551065629887,pp,
070201,Warnes,núcleo,hogares,23510.0,40645.0,72.88387920034027,%,4.667746741719547
070201,Warnes,núcleo,tam_hogar_pers,4.095065929391748,3.677180465001845,-0.4178854643899035,pers/hogar,
070201,Warnes,núcleo,autocontencion_laboral,,75.81808677469942,,pp,
070201,Warnes,núcleo,pct_trabaja_fuera,,24.181913225300576,,pp,
070201,Warnes,núcleo,dependencia_capital,,13.67137131904513,,pp,
070201,Warnes,núcleo,poblacion_nbi,94025.0,145699.0,54.957724009571926,%,3.7172760824815576
070201,Warnes,núcleo,pct_nbi_no_pobre,56.687051316139325,78.85709579338224,22.170044477242918,pp,
070201,Warnes,núcleo,pct_nbi_satisfechas,18.10156873172029,23.330976876986117,5.229408145265829,pp,
070201,Warnes,núcleo,pct_nbi_umbral,38.58548258441904,55.52611891639613,16.94063633197709,pp,
070201,Warnes,núcleo,pct_nbi_pobre,43.31294868386068,21.142904206617757,-22.170044477242925,pp,
070201,Warnes,núcleo,pct_nbi_moderada,39.90640787024727,20.43665364896121,-19.46975422128606,pp,
070201,Warnes,núcleo,pct_nbi_indigente,3.3544270140919967,0.6993870925675536,-2.655039921524443,pp,
070201,Warnes,núcleo,pct_nbi_marginal,0.0521137995214038,0.0068634650889848,-0.045250334432419,pp,
070201,Warnes,núcleo,pct_nbi_materiales,20.22866258973677,10.604739908990451,-9.62392268074632,pp,
070201,Warnes,núcleo,pct_nbi_espacios,82.65567668173358,80.43020199177757,-2.225474689956016,pp,
070201,Warnes,núcleo,pct_nbi_agua_sanea,45.231587343791546,24.308334305657556,-20.92325303813399,pp,
070201,Warnes,núcleo,pct_nbi_energia,10.83116192501994,3.347311923897899,-7.483850001122041,pp,
070201,Warnes,núcleo,pct_nbi_educacion,46.24089337942036,33.048957096479725,-13.191936282940638,pp,
070201,Warnes,núcleo,pct_nbi_salud,21.860143578835416,13.474354662695008,-8.385788916140408,pp,
070201,Warnes,núcleo,emigrantes,2919.0,4254.0,45.73484069886948,%,3.188258401666988
070201,Warnes,núcleo,edad_prom_emigracion,26.93006744763933,27.293120638085743,0.3630531904464114,años,
070201,Warnes,núcleo,pct_emi_argentina,29.73621103117506,12.787964268923366,-16.948246762251692,pp,
070201,Warnes,núcleo,pct_emi_brasil,5.584104145255225,9.94358251057828,4.359478365323055,pp,
070201,Warnes,núcleo,pct_emi_chile,6.029462144570058,58.0394922425952,52.01003009802514,pp,
070201,Warnes,núcleo,pct_emi_espana,44.638574854402194,9.755524212505875,-34.88305064189632,pp,
070201,Warnes,núcleo,pct_emi_eeuu,2.672147995889003,3.149976492712741,0.47782849682373785,pp,
070201,Warnes,núcleo,fallecidos,1202.0,2878.0,139.4342762063228,%,7.547138631276873
070201,Warnes,núcleo,edad_prom_fallecimiento,51.05946935041171,56.02921024161558,4.96974089120387,años,
070201,Warnes,núcleo,emigrantes_x1000,30.278198452378483,28.12599174865122,-2.1522067037272627,‰,
070201,Warnes,núcleo,tasa_mortalidad,,4.290965830953136,,‰,
070201,Warnes,núcleo,idx_carencia,30.301490223102768,26.70837746631525,-3.5931127567875194,índice,
070201,Warnes,núcleo,idx_calidad_vivienda,81.08364200189507,89.66475355321822,8.581111551323147,índice,
070201,Warnes,núcleo,crec_intercensal,,3.8242489239694866,,%,3.8242489239694866
071001,Montero,influencia,viviendas,26343.0,33384.0,26.728163079375932,%,1.9935625640062238
071001,Montero,influencia,pct_agua_caneria,84.79292411646358,85.92439491972202,1.1314708032584377,pp,
071001,Montero,influencia,pct_agua_pileta,9.315567702995104,8.644859813084112,-0.6707078899109913,pp,
071001,Montero,influencia,pct_agua_pozo,5.656151539308355,4.394320632638389,-1.2618309066699656,pp,
071001,Montero,influencia,pct_agua_pozo_bomba,2.691417074744714,3.357895998082914,0.6664789233382002,pp,
071001,Montero,influencia,pct_agua_carro,0.1176783206164825,0.185717709082195,0.0680393884657125,pp,
071001,Montero,influencia,pct_agua_interior,62.5251489959382,69.89575844716032,7.370609451222116,pp,
071001,Montero,influencia,pct_agua_lote,31.37076263143909,18.523843757488617,-12.846918873950472,pp,
071001,Montero,influencia,pct_agua_sin_caneria,6.104088372622708,11.580397795351066,5.476309422728359,pp,
071001,Montero,influencia,pct_servicio_sanitario,89.75059788179023,96.25569134914927,6.505093467359046,pp,
071001,Montero,influencia,pct_sanitario_exclusivo,38.38970504498349,73.91564821471364,35.525943169730155,pp,
071001,Montero,influencia,pct_sanitario_compartido,51.36089283680674,22.340043134435657,-29.020849702371084,pp,
071001,Montero,influencia,pct_sin_sanitario,10.24940211820977,3.744308650850707,-6.505093467359064,pp,
071001,Montero,influencia,pct_alcantarillado,44.364726872413925,41.80146177809729,-2.563265094316634,pp,
071001,Montero,influencia,pct_camara_septica,16.37247086512546,24.119338605319918,7.746867740194457,pp,
071001,Montero,influencia,pct_pozo_ciego,28.724898454997533,28.268032590462497,-0.4568658645350361,pp,
071001,Montero,influencia,pct_desague_superficie,0.2885016892533121,0.1467768991133477,-0.1417247901399644,pp,
071001,Montero,influencia,pct_electricidad,94.13126826861026,99.21219745986102,5.08092919125076,pp,
071001,Montero,influencia,pct_elec_red,93.0949398322135,98.18475916606758,5.089819333854081,pp,
071001,Montero,influencia,pct_panel_solar,0.0379607485859621,0.5301941049604602,0.49223335637449805,pp,
071001,Montero,influencia,pct_motor_propio,0.2733173898189272,0.2695902228612509,-0.003727166957676331,pp,
071001,Montero,influencia,pct_sin_energia,5.868731731389743,0.7878025401389888,-5.080929191250754,pp,
071001,Montero,influencia,pct_gas_red,3.7960748585962114,20.824346992571293,17.028272133975083,pp,
071001,Montero,influencia,pct_gas_garrafa,89.78855863037619,75.80577522166307,-13.982783408713118,pp,
071001,Montero,influencia,pct_lena_guano,4.118741221576889,1.261083153606518,-2.8576580679703714,pp,
071001,Montero,influencia,pct_combustible_limpio,93.6909235850131,96.80086268871317,3.1099391037000714,pp,
071001,Montero,influencia,pct_no_cocina,2.148578369965456,1.8691588785046729,-0.27941949146078326,pp,
071001,Montero,influencia,pct_cocina_exclusiva,67.59290893216414,77.67792954708843,10.08502061492429,pp,
071001,Montero,influencia,pct_basura_formal,77.68287590631287,90.5643421998562,12.881466293543326,pp,
071001,Montero,influencia,pct_basura_carro,65.2355464449759,74.16427030913012,8.928723864154222,pp,
071001,Montero,influencia,pct_basura_contenedor,12.447329461336976,16.400071890726096,3.9527424293891205,pp,
071001,Montero,influencia,pct_basura_quema,17.89469688342254,8.222501797268153,-9.672195086154387,pp,
071001,Montero,influencia,pct_basura_entierra,2.156170519682648,0.4852624011502516,-1.6709081185323964,pp,
071001,Montero,influencia,pct_basura_informal,1.8221159321261813,0.434339803498682,-1.3877761286274992,pp,
071001,Montero,influencia,pct_viv_propia,62.56690581938276,63.41660675772825,0.8497009383454923,pp,
071001,Montero,influencia,pct_viv_alquilada,21.580685571119464,20.18931224538701,-1.3913733257324523,pp,
071001,Montero,influencia,pct_viv_anticretico,3.3595262498576477,3.2171099928109275,-0.14241625704672023,pp,
071001,Montero,influencia,pct_viv_prestada,7.110048210150704,9.57943925233645,2.4693910421857455,pp,
071001,Montero,influencia,pct_viv_cedida,3.219071480089587,1.557632398753894,-1.6614390813356932,pp,
071001,Montero,influencia,pct_pared_ladrillo,88.74843411912083,95.6086748142823,6.860240695161465,pp,
071001,Montero,influencia,pct_pared_adobe,1.9094256538738943,1.1023244668104482,-0.8071011870634461,pp,
071001,Montero,influencia,pct_pared_madera,6.726644649432487,1.9500359453630485,-4.776608704069439,pp,
071001,Montero,influencia,pct_pared_precaria,0.4175682344455833,0.0419362568895279,-0.3756319775560554,pp,
071001,Montero,influencia,pct_techo_calamina,15.806855711194626,17.409537502995448,1.6026817918008227,pp,
071001,Montero,influencia,pct_techo_teja,76.03537941768212,73.9515935777618,-2.083785839920324,pp,
071001,Montero,influencia,pct_techo_losa,1.9967353756216075,4.256530074287084,2.259794698665476,pp,
071001,Montero,influencia,pct_techo_paja,1.3248301256500778,0.2815720105439732,-1.0432581151061047,pp,
071001,Montero,influencia,pct_piso_tierra,11.300914854040922,5.104241552839683,-6.196673301201239,pp,
071001,Montero,influencia,pct_piso_cemento,33.33712940819193,29.40630242032111,-3.930826987870816,pp,
071001,Montero,influencia,pct_piso_ceramica,30.759594579205103,50.04493170381021,19.285337124605103,pp,
071001,Montero,influencia,pct_piso_mosaico,6.278707816118134,4.81967409537503,-1.4590337207431041,pp,
071001,Montero,influencia,pct_monoambiente,35.51607637702615,29.50215672178289,-6.013919655243264,pp,
071001,Montero,influencia,pct_urbano,97.87419807918612,99.37395159357776,1.4997535143916423,pp,
071001,Montero,influencia,pct_revoque,78.48764377633528,87.62580877066858,9.138164994333309,pp,
071001,Montero,influencia,pct_hogar_nuclear,,37.96429427270549,,pp,
071001,Montero,influencia,pct_hogar_monoparental,,15.390606278456746,,pp,
071001,Montero,influencia,pct_hogar_extendido,,28.432782171099927,,pp,
071001,Montero,influencia,pct_hogar_compuesto,,3.0643421998562186,,pp,
071001,Montero,influencia,pct_departamento,1.2261321793265765,0.9016295231248502,-0.32450265620172625,pp,
071001,Montero,influencia,pct_con_emigrante,13.669665565804957,11.193985142583273,-2.475680423221684,pp,
071001,Montero,influencia,pct_hogar_fallecido,4.786850396689823,9.073208722741432,4.28635832605161,pp,
071001,Montero,influencia,pct_hacinamiento,22.981437193941463,16.58279415288761,-6.398643041053852,pp,
071001,Montero,influencia,pct_choza,,0.6829618979151689,,pp,
071001,Montero,influencia,pct_agua_rio,,0.0149772346034028,,pp,
071001,Montero,influencia,pct_agua_lluvia,,0.1198178768272226,,pp,
071001,Montero,influencia,pct_agua_no_mejorada,,1.2371195782410735,,pp,
071001,Montero,influencia,pct_agua_mejorada,,98.76288042175892,,pp,
071001,Montero,influencia,pct_saneamiento_mejorado,25.949967733363703,49.862209441648695,23.91224170828499,pp,
071001,Montero,influencia,pct_radio,63.3299168659606,54.69686077162713,-8.633056094333469,pp,
071001,Montero,influencia,pct_televisor,81.94966404737501,80.59549484783129,-1.354169199543719,pp,
071001,Montero,influencia,pct_computadora,24.830125650077814,32.61143062544932,7.7813049753715084,pp,
071001,Montero,influencia,pct_auto,25.335003606271115,27.261562425113823,1.9265588188427074,pp,
071001,Montero,influencia,pct_bicicleta,23.12948411342672,35.364246345554754,12.234762232128034,pp,
071001,Montero,influencia,pct_moto,34.42660289260904,50.37143541816439,15.944832525555348,pp,
071001,Montero,influencia,pct_carreta,0.9110579660630908,1.024442846872753,0.11338488080966236,pp,
071001,Montero,influencia,pct_bote,0.3530349618494476,1.1981787682722262,0.8451438064227786,pp,
071001,Montero,influencia,pct_internet,11.31230307861671,82.01833213515457,70.70602905653786,pp,
071001,Montero,influencia,pct_telefonia,75.51911323691303,89.52192667145938,14.002813434546354,pp,
071001,Montero,influencia,pct_celular,,89.3631679846633,,pp,
071001,Montero,influencia,pct_internet_fijo,,47.43589743589744,,pp,
071001,Montero,influencia,pct_internet_movil,,68.93721543254253,,pp,
071001,Montero,influencia,pct_tv_cable,,23.607117181883535,,pp,
071001,Montero,influencia,pct_telefono_fijo,,5.0233644859813085,,pp,
071001,Montero,influencia,pct_refrigerador,,74.94009106158639,,pp,
071001,Montero,influencia,pct_microondas,,18.565780014378145,,pp,
071001,Montero,influencia,pct_calefon,,3.103283009825066,,pp,
071001,Montero,influencia,pct_aire_acond,,18.48490294751977,,pp,
071001,Montero,influencia,pct_lavadora,,31.221543254253536,,pp,
071001,Montero,influencia,pct_vivienda_desocupada,3.133260494131745,5.494389438943895,2.3611289448121506,pp,
071001,Montero,influencia,tam_hogar,4.060054,3.6731668,-9.529114637391523,%,-0.831045033585065
071001,Montero,influencia,pers_x_vivienda,4.060054,3.6731668,-9.529114637391523,%,-0.831045033585065
071001,Montero,influencia,pers_x_dormitorio,2.0677428,1.7835845,-13.74243934013457,%,-1.2243800022477047
071001,Montero,influencia,pers_x_habitacion,1.6278404,1.487644,-8.612416794668565,%,-0.7476954780028855
071001,Montero,influencia,pob_total,109518.0,126886.0,15.858580324695492,%,1.2342221447316115
071001,Montero,influencia,pob_mujeres,55030.0,63132.0,14.722878429947306,%,1.151152694747548
071001,Montero,influencia,pct_0_14,32.575467046512905,29.305833582901187,-3.2696334636117186,pp,
071001,Montero,influencia,pct_15_64,63.01064665169196,65.30034834418296,2.2897016924910076,pp,
071001,Montero,influencia,pct_65_mas,4.413886301795139,5.393818072915845,0.9799317711207065,pp,
071001,Montero,influencia,pct_menor20,44.6438028451944,38.52040414230096,-6.123398702893439,pp,
071001,Montero,influencia,pct_60_mas,6.650961485783159,8.28144949009347,1.630488004310311,pp,
071001,Montero,influencia,edad_mediana,22.0,26.0,4.0,años,
071001,Montero,influencia,edad_promedio,25.86396756697529,28.45831,2.5943424330247105,años,
071001,Montero,influencia,indice_masculinidad,99.01508268217336,100.9852372806184,1.970154598445049,h/100m,
071001,Montero,influencia,pob_hombres,54488.0,63754.0,17.005579210101306,%,1.3173637173191866
071001,Montero,influencia,pct_0_4,10.975364780218776,8.383115552543227,-2.5922492276755484,pp,
071001,Montero,influencia,pct_15_29,31.502584050110485,27.865958419368567,-3.636625630741918,pp,
071001,Montero,influencia,pct_80_mas,0.8756551434467393,0.9473070315085984,0.07165188806185907,pp,
071001,Montero,influencia,razon_dependencia,58.70333874333411,53.1385398940343,-5.564798849299805,pp,
071001,Montero,influencia,dep_juvenil,51.69835381405054,44.87852565263044,-6.819828161420105,pp,
071001,Montero,influencia,dep_senil,7.0049849292835615,8.260014241403864,1.2550293121203024,pp,
071001,Montero,influencia,indice_envejecimiento,13.549725305527526,18.405270942584377,4.855545637056851,índice,
071001,Montero,influencia,indice_juventud,738.0223417459661,543.322618351841,-194.69972339412504,índice,
071001,Montero,influencia,pct_analfabetismo,2.9034825324514943,2.791183584479293,-0.11229894797220119,pp,
071001,Montero,influencia,pct_analfabetismo_mujeres,4.265364265364266,4.093979575590784,-0.17138468977348165,pp,
071001,Montero,influencia,pct_asistencia_escolar,88.80552400310874,95.08061769047347,6.2750936873647305,pp,
071001,Montero,influencia,pct_educacion_publica,70.82702211451075,83.46917450365726,12.642152389146503,pp,
071001,Montero,influencia,tasa_asistencia_4_5,63.37800369685767,87.36702127659575,23.989017579738082,pp,
071001,Montero,influencia,tasa_asistencia_18_24,25.335000893335717,54.10334346504559,28.768342571709873,pp,
071001,Montero,influencia,pct_sin_educacion,4.711453567702063,3.481016685970294,-1.230436881731769,pp,
071001,Montero,influencia,pct_edu_primaria,27.29111485673008,18.532754648780053,-8.758360207950027,pp,
071001,Montero,influencia,pct_edu_secundaria,46.063086925114376,47.078364240349245,1.0152773152348686,pp,
071001,Montero,influencia,pct_edu_superior,21.23284372742596,30.907864424900406,9.675020697474448,pp,
071001,Montero,influencia,pct_secundaria_mas,67.29593065254033,77.98622866524966,10.69029801270932,pp,
071001,Montero,influencia,pct_primaria_completa,72.91756962838109,81.17196349705354,8.254393868672452,pp,
071001,Montero,influencia,brecha_alfabetismo,2.7552179699418966,2.601780736693832,-0.15343723324806469,pp,
071001,Montero,influencia,brecha_alfabetismo_muj,4.265364265364266,4.093979575590784,-0.17138468977348165,pp,
071001,Montero,influencia,brecha_alfabetismo_hom,1.510146295422369,1.492198838896952,-0.01794745652541696,pp,
071001,Montero,influencia,brecha_edu_superior,1.0998229834985445,5.173310285159467,4.073487301660922,pp,
071001,Montero,influencia,brecha_edu_superior_muj,21.77683194104755,33.49455248956318,11.717720548515633,pp,
071001,Montero,influencia,brecha_edu_superior_hom,20.67700895754901,28.32124220440372,7.644233246854711,pp,
071001,Montero,influencia,brecha_anios_estudio,-0.2373332495516802,-0.0782342818984975,0.1590989676531827,años,
071001,Montero,influencia,brecha_anios_estudio_muj,9.557500599499846,10.56623561755422,1.0087350180543737,años,
071001,Montero,influencia,brecha_anios_estudio_hom,9.794833849051528,10.644469899452718,0.8496360504011893,años,
071001,Montero,influencia,pct_asalariados,42.59620120345189,40.96052039721809,-1.6356808062338004,pp,
071001,Montero,influencia,pct_cuenta_propia,38.01580333625988,41.36708072385039,3.351277387590514,pp,
071001,Montero,influencia,pct_empleadores,2.6724340992312468,1.8113560084426144,-0.8610780907886324,pp,
071001,Montero,influencia,pct_trab_familiar,2.0343048031007087,5.724715407771358,3.690410604670649,pp,
071001,Montero,influencia,pct_catocu_hogar,2.498982847598449,2.0362617210477145,-0.4627211265507345,pp,
071001,Montero,influencia,pct_catocu_cooperativista,0.7130773678237221,0.0484412304072523,-0.6646361374164698,pp,
071001,Montero,influencia,pct_catocu_asalariado_amplio,45.095184051050346,42.996782118265806,-2.0984019327845402,pp,
071001,Montero,influencia,tasa_participacion,63.36087033193613,66.6926008614663,3.3317305295301765,pp,
071001,Montero,influencia,tasa_ocupacion,62.74637474735143,64.71483661457276,1.968461867221329,pp,
071001,Montero,influencia,tasa_desocupacion,0.9698345072684064,2.9654927553383943,1.9956582480699878,pp,
071001,Montero,influencia,tasa_participacion_fem,49.16590677466073,57.68866221339592,8.522755438735189,pp,
071001,Montero,influencia,tasa_ocupacion_fem,48.68315185324251,55.92164650658964,7.238494653347132,pp,
071001,Montero,influencia,pct_sector_primario,8.05156427332491,9.977163419950866,1.9255991466259559,pp,
071001,Montero,influencia,pct_sector_secundario,19.946893937771687,16.573820975052765,-3.373072962718922,pp,
071001,Montero,influencia,pct_sector_servicios,61.21116083856185,66.49596899761254,5.284808159050684,pp,
071001,Montero,influencia,brecha_participacion,28.722271525232223,17.99529686173816,-10.726974663494062,pp,
071001,Montero,influencia,brecha_participacion_hom,77.88817829989296,75.68395907513408,-2.204219224758873,pp,
071001,Montero,influencia,brecha_participacion_muj,49.16590677466073,57.68866221339592,8.522755438735189,pp,
071001,Montero,influencia,pct_ocu_profesionales,14.531360414569903,16.63437251306183,2.103012098491927,pp,
071001,Montero,influencia,pct_ocu_no_calificado,9.01732371142851,7.435728867513235,-1.5815948439152754,pp,
071001,Montero,influencia,pct_agricultura,7.796740829568085,9.852600256046504,2.0558594264784187,pp,
071001,Montero,influencia,pct_manufactura,10.047324353840551,8.563717518424967,-1.4836068354155838,pp,
071001,Montero,influencia,pct_construccion,9.582646309342811,7.771357392477769,-1.8112889168650428,pp,
071001,Montero,influencia,pct_comercio,23.65575279984582,24.457631223833086,0.8018784239872652,pp,
071001,Montero,influencia,pct_transporte,11.762564508875991,11.477111518632574,-0.2854529902434173,pp,
071001,Montero,influencia,pct_alojamiento,5.079337887320928,7.565482163246947,2.4861442759260193,pp,
071001,Montero,influencia,pct_rama_mineria,0.2548234437568256,0.1245631639043631,-0.13026027985246247,pp,
071001,Montero,influencia,pct_admin_publica,1.5803336259877083,1.695443064253832,0.11510943826612374,pp,
071001,Montero,influencia,pct_rama_ensenanza,4.160688665710187,4.439292758036054,0.27860409232586747,pp,
071001,Montero,influencia,pct_rama_salud,2.845885350864044,4.402961835230615,1.5570764843665708,pp,
071001,Montero,influencia,pct_salud_publica,66.56987892401249,77.54440994278329,10.974531018770804,pp,
071001,Montero,influencia,pct_caja_salud,21.624755747913586,17.96809734722507,-3.656658400688517,pp,
071001,Montero,influencia,pct_salud_privada,15.467776986431454,23.98373343000804,8.515956443576586,pp,
071001,Montero,influencia,pct_salud_tradicional,7.951204368231706,13.58148259067194,5.630278222440233,pp,
071001,Montero,influencia,pct_automedicacion,40.32761737796527,45.13736740065886,4.809750022693592,pp,
071001,Montero,influencia,pct_remedios_caseros,29.03906207198817,51.36421669845373,22.32515462646556,pp,
071001,Montero,influencia,pct_registro_civil,98.02675493539864,99.22464559211416,1.197890656715515,pp,
071001,Montero,influencia,pct_cedula_identidad,78.31167762405933,98.92263190188936,20.610954277830032,pp,
071001,Montero,influencia,pct_autoident_indigena,27.70656140208088,14.394605687481675,-13.311955714599204,pp,
071001,Montero,influencia,pct_nacido_otro_municipio,26.464160639338715,37.63377453363189,11.169613894293178,pp,
071001,Montero,influencia,pct_nacido_extranjero,1.0268555178625312,1.413647193822665,0.38679167596013375,pp,
071001,Montero,influencia,pct_migrante_reciente,8.022719569437454,8.865337633997271,0.8426180645598169,pp,
071001,Montero,influencia,paridez_media,2.3462728312921133,1.9052508,-0.44102203129211337,hijos,
071001,Montero,influencia,paridez_media_12mas,3.0485061046223074,2.4199946,-0.6285115046223075,hijos,
071001,Montero,influencia,pct_hijos_fallecidos,14.227294654212164,9.039318,-5.187976654212164,pp,
071001,Montero,influencia,pct_parto_calificado,,98.66384589689343,,pp,
071001,Montero,influencia,pct_jefatura_femenina,36.222969358905786,39.7322777542757,3.5093083953699136,pp,
071001,Montero,influencia,edad_media_jefe,42.04745166959578,44.56944,2.52198833040422,años,
071001,Montero,influencia,prom_anios_estudio,9.178424779333312,10.60535325637338,1.426928477040068,años,
071001,Montero,influencia,pct_ecivil_casado,26.780320552940218,23.38603120146503,-3.3942893514751873,pp,
071001,Montero,influencia,pct_ecivil_conviviente,25.177555851859918,26.75653121305547,1.5789753611955533,pp,
071001,Montero,influencia,pct_ecivil_separado_divorciado,3.198726495959073,4.993161640279098,1.7944351443200248,pp,
071001,Montero,influencia,pct_ecivil_viudo,3.430025306811069,3.8445490159716265,0.41452370916055736,pp,
071001,Montero,influencia,pct_ecivil_soltero,41.41337179242973,41.01972692922877,-0.3936448632009615,pp,
071001,Montero,influencia,pct_quechua,10.335191741613423,8.443271767810026,-1.8919199738033967,pp,
071001,Montero,influencia,pct_aymara,1.2737557481788957,0.8919107863698893,-0.3818449618090064,pp,
071001,Montero,influencia,pct_guarani,0.6673991779595491,0.6043794962000767,-0.06301968175947237,pp,
071001,Montero,influencia,pct_chiquitano,0.5412444552964636,0.3078276165347405,-0.2334168387617231,pp,
071001,Montero,influencia,pct_pueblo_afroboliviano,0.4693498284024471,0.2841485691089913,-0.18520125929345582,pp,
071001,Montero,influencia,pct_pueblo_guarayo,0.1044506843554578,0.0732922896511287,-0.0311583947043291,pp,
071001,Montero,influencia,pct_pueblo_mojeno,0.1288677274515389,0.0326996369212728,-0.0961680905302661,pp,
071001,Montero,influencia,pct_pueblo_trinitario,0.0122085215480405,0.0067654421216426,-0.0054430794263979005,pp,
071001,Montero,influencia,pct_pueblo_yuracare,0.0027130047884534,0.0022551473738808,-0.0004578574145726001,pp,
071001,Montero,influencia,pct_pueblo_movima,0.0529035933748423,0.0169136053041066,-0.0359899880707357,pp,
071001,Montero,influencia,pct_disc_ver,,2.687045286116136,,pp,
071001,Montero,influencia,pct_disc_oir,,0.9666031826983608,,pp,
071001,Montero,influencia,pct_disc_caminar,,1.8351913683052967,,pp,
071001,Montero,influencia,pct_disc_comunicar,,0.9259628180506968,,pp,
071001,Montero,influencia,pct_discapacidad,,4.664876365635783,,pp,
071001,Montero,influencia,pct_sus,,67.96398255556183,,pp,
071001,Montero,influencia,pct_afiliado_caja,,11.570241271735012,,pp,
071001,Montero,influencia,pct_seguro_privado,,1.3728224681784105,,pp,
071001,Montero,influencia,pct_sin_seguro,,19.092953704524756,,pp,
071001,Montero,influencia,pct_seguro_salud,,80.90704629547525,,pp,
071001,Montero,influencia,pct_madres_adolescentes,15.271008713631664,8.732394366197184,-6.53861434743448,pp,
071001,Montero,influencia,edad_1er_hijo,,20.71031035511788,,años,
071001,Montero,influencia,pct_idioma_materno_castellano,84.69768000961653,90.963254660291,6.265574650674466,pp,
071001,Montero,influencia,pct_idioma_materno_originario,13.076491565492647,8.07869008958328,-4.997801475909368,pp,
071001,Montero,influencia,pct_bilingue,20.823533036842267,16.760417662861563,-4.063115373980704,pp,
071001,Montero,influencia,pct_registro_menores5,86.21896350608232,97.3352435530086,11.116280046926278,pp,
071001,Montero,influencia,pct_residia_otro_mun,1.1192085074476743,1.8096915316636253,0.690483024215951,pp,
071001,Montero,influencia,pct_rezago_escolar,8.521577200226702,7.33822548365577,-1.1833517165709315,pp,
071001,Montero,influencia,pct_hogar_con_menores,64.78620998432953,57.55912791911479,-7.227082065214738,pp,
071001,Montero,influencia,pct_hogar_con_am,14.659353779568688,16.433535148677265,1.774181369108577,pp,
071001,Montero,influencia,pct_hogar_unipersonal,12.68935154092978,14.930358793879924,2.241007252950144,pp,
071001,Montero,influencia,pct_am_solo,1.7349451533467652,2.770735780965732,1.0357906276189666,pp,
071001,Montero,influencia,hogares,26802.0,33529.0,25.09887321841653,%,1.8836393452646094
071001,Montero,influencia,tam_hogar_pers,4.080404447429296,3.742759998807003,-0.33764444862229315,pers/hogar,
071001,Montero,influencia,autocontencion_laboral,,91.60060585793812,,pp,
071001,Montero,influencia,pct_trabaja_fuera,,8.39939414206188,,pp,
071001,Montero,influencia,dependencia_capital,,2.4155634675531603,,pp,
071001,Montero,influencia,poblacion_nbi,106019.0,120410.0,13.57398202209037,%,1.0663475763520225
071001,Montero,influencia,pct_nbi_no_pobre,69.27343212065762,83.89585582592808,14.622423705270464,pp,
071001,Montero,influencia,pct_nbi_satisfechas,27.471490959167696,30.086371563823604,2.6148806046559088,pp,
071001,Montero,influencia,pct_nbi_umbral,41.80194116148992,53.80948426210448,12.007543100614562,pp,
071001,Montero,influencia,pct_nbi_pobre,30.726567879342383,16.10414417407192,-14.622423705270464,pp,
071001,Montero,influencia,pct_nbi_moderada,28.747677303124917,15.686404783655842,-13.061272519469075,pp,
071001,Montero,influencia,pct_nbi_indigente,1.9496505343381847,0.4110954239681089,-1.5385551103700759,pp,
071001,Montero,influencia,pct_nbi_marginal,0.0292400418792857,0.0066439664479694,-0.022596075431316302,pp,
071001,Montero,influencia,pct_nbi_materiales,14.550222129995566,7.977742712399302,-6.572479417596264,pp,
071001,Montero,influencia,pct_nbi_espacios,76.10711287599392,77.31666805082634,1.209555174832417,pp,
071001,Montero,influencia,pct_nbi_agua_sanea,32.67904809515276,20.81803836890624,-11.861009726246518,pp,
071001,Montero,influencia,pct_nbi_energia,6.801611031984833,1.6925504526202142,-5.109060579364619,pp,
071001,Montero,influencia,pct_nbi_educacion,39.41746290759203,29.414500456772693,-10.00296245081934,pp,
071001,Montero,influencia,pct_nbi_salud,17.410086871221196,10.383689062370236,-7.026397808850961,pp,
071001,Montero,influencia,emigrantes,4875.0,4464.0,-8.430769230769231,%,-0.7312704388514835
071001,Montero,influencia,edad_prom_emigracion,26.856197994452742,27.29392212725546,0.4377241328027175,años,
071001,Montero,influencia,pct_emi_argentina,29.98974358974359,12.544802867383511,-17.44494072236008,pp,
071001,Montero,influencia,pct_emi_brasil,3.241025641025641,6.630824372759856,3.3897987317342153,pp,
071001,Montero,influencia,pct_emi_chile,4.861538461538461,60.685483870967744,55.823945409429285,pp,
071001,Montero,influencia,pct_emi_espana,51.17948717948718,10.909498207885305,-40.269988971601876,pp,
071001,Montero,influencia,pct_emi_eeuu,3.5487179487179485,4.39068100358423,0.8419630548662811,pp,
071001,Montero,influencia,fallecidos,1343.0,3051.0,127.17795979151157,%,7.077243584123094
071001,Montero,influencia,edad_prom_fallecimiento,52.949486977111285,58.90797962648557,5.958492649374286,años,
071001,Montero,influencia,emigrantes_x1000,44.51323070180244,35.18118626168371,-9.332044440118729,‰,
071001,Montero,influencia,tasa_mortalidad,,4.886275869678294,,‰,
071001,Montero,influencia,idx_carencia,20.62938921155525,16.751737359213998,-3.877651852341252,índice,
071001,Montero,influencia,idx_calidad_vivienda,86.32577914436473,92.25317517373591,5.927396029371181,índice,
071001,Montero,influencia,crec_intercensal,,1.2342221447316115,,%,1.2342221447316115
070502,Pailón,influencia,viviendas,7182.0,12970.0,80.59036480089112,%,5.0488287593406955
070502,Pailón,influencia,pct_agua_caneria,53.39738234475077,47.59444872783346,-5.802933616917308,pp,
070502,Pailón,influencia,pct_agua_pileta,3.745474798106377,3.762528912875867,0.017054114769489814,pp,
070502,Pailón,influencia,pct_agua_pozo,39.00027847396269,40.161912104857365,1.161633630894677,pp,
070502,Pailón,influencia,pct_agua_pozo_bomba,36.22946254525202,37.98766383962992,1.7582012943778977,pp,
070502,Pailón,influencia,pct_agua_carro,0.5708716235032024,0.9329221279876638,0.3620505044844614,pp,
070502,Pailón,influencia,pct_agua_interior,53.606237816764136,58.49653045489591,4.8902926381317755,pp,
070502,Pailón,influencia,pct_agua_lote,38.91673628515733,29.52968388589052,-9.387052399266807,pp,
070502,Pailón,influencia,pct_agua_sin_caneria,7.47702589807853,11.97378565921357,4.49675976113504,pp,
070502,Pailón,influencia,pct_servicio_sanitario,90.6571985519354,89.79953739398613,-0.8576611579492663,pp,
070502,Pailón,influencia,pct_sanitario_exclusivo,62.00222779170148,77.81033153430995,15.808103742608473,pp,
070502,Pailón,influencia,pct_sanitario_compartido,28.65497076023392,11.989205859676176,-16.665764900557743,pp,
070502,Pailón,influencia,pct_sin_sanitario,9.342801448064606,10.20046260601388,0.8576611579492752,pp,
070502,Pailón,influencia,pct_alcantarillado,0.7797270955165692,7.764070932922128,6.984343837405559,pp,
070502,Pailón,influencia,pct_camara_septica,15.873015873015872,14.579799537393988,-1.2932163356218833,pp,
070502,Pailón,influencia,pct_pozo_ciego,73.50320245057087,55.983037779491134,-17.520164671079733,pp,
070502,Pailón,influencia,pct_desague_superficie,0.5012531328320802,0.3932151117964533,-0.10803802103562687,pp,
070502,Pailón,influencia,pct_electricidad,82.72069061542746,88.68928296067848,5.968592345251025,pp,
070502,Pailón,influencia,pct_elec_red,52.93790030632136,57.92598303777949,4.988082731458128,pp,
070502,Pailón,influencia,pct_panel_solar,2.506265664160401,10.447185813415574,7.940920149255174,pp,
070502,Pailón,influencia,pct_motor_propio,24.547479810637704,17.910562837316885,-6.636916973320819,pp,
070502,Pailón,influencia,pct_sin_energia,17.279309384572542,11.310717039321512,-5.9685923452510306,pp,
070502,Pailón,influencia,pct_gas_red,0.0,2.451811873554356,2.451811873554356,pp,
070502,Pailón,influencia,pct_gas_garrafa,86.29908103592314,82.17424826522745,-4.12483277069569,pp,
070502,Pailón,influencia,pct_lena_guano,12.350320245057087,13.723978411719353,1.3736581666622651,pp,
070502,Pailón,influencia,pct_combustible_limpio,86.57755499860762,85.11179645335389,-1.4657585452537347,pp,
070502,Pailón,influencia,pct_no_cocina,1.016429963798385,1.117964533538936,0.1015345697405512,pp,
070502,Pailón,influencia,pct_cocina_exclusiva,67.25146198830409,67.54818812644564,0.29672613814155113,pp,
070502,Pailón,influencia,pct_basura_formal,26.76134781397939,30.601387818041637,3.8400400040622458,pp,
070502,Pailón,influencia,pct_basura_carro,23.266499582289057,26.9159599074788,3.649460325189743,pp,
070502,Pailón,influencia,pct_basura_contenedor,3.494848231690337,3.685427910562837,0.19057967887250005,pp,
070502,Pailón,influencia,pct_basura_quema,64.9262043998886,61.68080185042405,-3.2454025494645578,pp,
070502,Pailón,influencia,pct_basura_entierra,4.497354497354498,3.978411719352352,-0.5189427780021458,pp,
070502,Pailón,influencia,pct_basura_informal,2.172096908939014,0.7401696222050886,-1.4319272867339254,pp,
070502,Pailón,influencia,pct_viv_propia,74.81203007518798,77.54047802621434,2.728447951026368,pp,
070502,Pailón,influencia,pct_viv_alquilada,12.39209133945976,10.855821125674634,-1.5362702137851265,pp,
070502,Pailón,influencia,pct_viv_anticretico,1.1695906432748535,0.8866615265998458,-0.28292911667500775,pp,
070502,Pailón,influencia,pct_viv_prestada,4.525201893622946,5.875096376252891,1.3498944826299448,pp,
070502,Pailón,influencia,pct_viv_cedida,5.834029518240045,2.92212798766384,-2.9119015305762046,pp,
070502,Pailón,influencia,pct_pared_ladrillo,71.31718184349764,77.77949113338474,6.462309289887102,pp,
070502,Pailón,influencia,pct_pared_adobe,5.277081592871067,2.891287586738628,-2.3857940061324387,pp,
070502,Pailón,influencia,pct_pared_madera,17.446393762183234,14.371626831148806,-3.0747669310344286,pp,
070502,Pailón,influencia,pct_pared_precaria,0.3480924533556112,0.1773323053199691,-0.17076014803564207,pp,
070502,Pailón,influencia,pct_techo_calamina,63.53383458646616,69.90747879722436,6.373644210758194,pp,
070502,Pailón,influencia,pct_techo_teja,32.27513227513227,25.28141865844256,-6.9937136166897105,pp,
070502,Pailón,influencia,pct_techo_losa,0.5151768309663046,0.979182729375482,0.4640058984091774,pp,
070502,Pailón,influencia,pct_techo_paja,1.086048454469507,0.6553585196607556,-0.4306899348087514,pp,
070502,Pailón,influencia,pct_piso_tierra,14.062935115566695,14.48727833461835,0.4243432190516554,pp,
070502,Pailón,influencia,pct_piso_cemento,30.743525480367584,27.35543562066307,-3.3880898597045146,pp,
070502,Pailón,influencia,pct_piso_ceramica,31.230854915065443,42.89899768696993,11.668142771904485,pp,
070502,Pailón,influencia,pct_piso_mosaico,3.230297967140072,1.2644564379336931,-1.9658415292063787,pp,
070502,Pailón,influencia,pct_monoambiente,28.84990253411306,32.92212798766384,4.072225453550782,pp,
070502,Pailón,influencia,pct_urbano,29.768866610971877,33.12259059367772,3.3537239827058443,pp,
070502,Pailón,influencia,pct_revoque,67.0843776106934,65.72860447185813,-1.3557731388352607,pp,
070502,Pailón,influencia,pct_hogar_nuclear,,50.46260601387818,,pp,
070502,Pailón,influencia,pct_hogar_monoparental,,10.48573631457209,,pp,
070502,Pailón,influencia,pct_hogar_extendido,,18.35003855050116,,pp,
070502,Pailón,influencia,pct_hogar_compuesto,,4.25597532767926,,pp,
070502,Pailón,influencia,pct_departamento,1.3227513227513228,0.2235929067077872,-1.0991584160435357,pp,
070502,Pailón,influencia,pct_con_emigrante,4.915065441381231,3.145720894371627,-1.7693445470096045,pp,
070502,Pailón,influencia,pct_hogar_fallecido,3.1049846839320523,6.029298380878951,2.924313696946899,pp,
070502,Pailón,influencia,pct_hacinamiento,35.19910888331941,25.882806476484195,-9.316302406835216,pp,
070502,Pailón,influencia,pct_choza,,3.2382420971472627,,pp,
070502,Pailón,influencia,pct_agua_rio,,0.084811102544333,,pp,
070502,Pailón,influencia,pct_agua_lluvia,,5.605242868157286,,pp,
070502,Pailón,influencia,pct_agua_no_mejorada,,3.191981495759445,,pp,
070502,Pailón,influencia,pct_agua_mejorada,,96.80801850424056,,pp,
070502,Pailón,influencia,pct_saneamiento_mejorado,10.01113895850738,17.887432536622978,7.8762935781155985,pp,
070502,Pailón,influencia,pct_radio,38.69395711500975,34.086353122590594,-4.607603992419158,pp,
070502,Pailón,influencia,pct_televisor,42.30019493177388,36.73091750192752,-5.569277429846359,pp,
070502,Pailón,influencia,pct_computadora,9.314954051796157,14.00154202004626,4.6865879682501035,pp,
070502,Pailón,influencia,pct_auto,18.100807574491785,21.472629144178875,3.3718215696870892,pp,
070502,Pailón,influencia,pct_bicicleta,27.59676970203286,27.047031611410947,-0.5497380906219114,pp,
070502,Pailón,influencia,pct_moto,25.368978000556947,37.03932151117965,11.670343510622704,pp,
070502,Pailón,influencia,pct_carreta,35.86744639376219,24.425597532767927,-11.44184886099426,pp,
070502,Pailón,influencia,pct_bote,0.4316346421609579,1.063993831919815,0.6323591897588571,pp,
070502,Pailón,influencia,pct_internet,4.288499025341131,51.63454124903624,47.34604222369511,pp,
070502,Pailón,influencia,pct_telefonia,44.374825953773325,62.74479568234387,18.369969728570545,pp,
070502,Pailón,influencia,pct_celular,,62.65227447956824,,pp,
070502,Pailón,influencia,pct_internet_fijo,,18.835774865073247,,pp,
070502,Pailón,influencia,pct_internet_movil,,46.630686198920586,,pp,
070502,Pailón,influencia,pct_tv_cable,,11.241326137239785,,pp,
070502,Pailón,influencia,pct_telefono_fijo,,2.197378565921357,,pp,
070502,Pailón,influencia,pct_refrigerador,,40.37779491133385,,pp,
070502,Pailón,influencia,pct_microondas,,9.876638396299152,,pp,
070502,Pailón,influencia,pct_calefon,,12.189668465690056,,pp,
070502,Pailón,influencia,pct_aire_acond,,11.48804934464148,,pp,
070502,Pailón,influencia,pct_lavadora,,20.161912104857365,,pp,
070502,Pailón,influencia,pct_vivienda_desocupada,1.1659897812131534,3.793700242298373,2.6277104610852198,pp,
070502,Pailón,influencia,tam_hogar,5.0545807,4.0635314,-19.606953747914247,%,-1.8022492077080843
070502,Pailón,influencia,pers_x_vivienda,5.0545807,4.0635314,-19.606953747914247,%,-1.8022492077080843
070502,Pailón,influencia,pers_x_dormitorio,2.6620224,2.2372968,-15.954997223163858,%,-1.4380415015844195
070502,Pailón,influencia,pers_x_habitacion,1.8320464,1.6015558,-12.581045982241502,%,-1.1142298070952683
070502,Pailón,influencia,pob_total,37866.0,54495.0,43.91538583425765,%,3.080282997579764
070502,Pailón,influencia,pob_mujeres,18068.0,25848.0,43.05955280053133,%,3.0290602599560845
070502,Pailón,influencia,pct_0_14,40.891564992341415,38.01266171208368,-2.878903280257738,pp,
070502,Pailón,influencia,pct_15_64,56.43849363545133,58.867786035416096,2.4292923999647655,pp,
070502,Pailón,influencia,pct_65_mas,2.669941372207257,3.1195522525002293,0.44961088029297214,pp,
070502,Pailón,influencia,pct_menor20,52.99741192626631,47.105239012753465,-5.8921729135128444,pp,
070502,Pailón,influencia,pct_60_mas,4.230708287117731,5.171116616203322,0.9404083290855905,pp,
070502,Pailón,influencia,edad_mediana,18.0,21.0,3.0,años,
070502,Pailón,influencia,edad_promedio,22.401996514023136,24.409029,2.0070324859768647,años,
070502,Pailón,influencia,indice_masculinidad,109.57493911888422,110.82869080779945,1.25375168891523,h/100m,
070502,Pailón,influencia,pob_hombres,19798.0,28647.0,44.69643398323062,%,3.12678664868975
070502,Pailón,influencia,pct_0_4,15.708023028574448,13.349848609964218,-2.358174418610231,pp,
070502,Pailón,influencia,pct_15_29,29.208260708815292,27.152949811909348,-2.0553108969059437,pp,
070502,Pailón,influencia,pct_80_mas,0.5281783129984683,0.4679328378750344,-0.06024547512343387,pp,
070502,Pailón,influencia,razon_dependencia,77.1840344391933,69.87219451371571,-7.311839925477585,pp,
070502,Pailón,influencia,dep_juvenil,72.45332459875532,64.57294264339153,-7.880381955363788,pp,
070502,Pailón,influencia,dep_senil,4.730709840437977,5.2992518703241895,0.5685420298862125,pp,
070502,Pailón,influencia,indice_envejecimiento,6.529320588995092,8.206613565049482,1.6772929760543898,índice,
070502,Pailón,influencia,indice_juventud,1531.5529179030664,1218.529411764706,-313.0235061383603,índice,
070502,Pailón,influencia,pct_analfabetismo,2.1853225952402497,1.9527453838678328,-0.23257721137241694,pp,
070502,Pailón,influencia,pct_analfabetismo_mujeres,3.101449275362319,2.663987555094633,-0.4374617202676858,pp,
070502,Pailón,influencia,pct_asistencia_escolar,74.93659211436477,70.61238651477477,-4.324205599590002,pp,
070502,Pailón,influencia,pct_educacion_publica,48.97435897435897,71.68127098517729,22.70691201081832,pp,
070502,Pailón,influencia,tasa_asistencia_4_5,42.80841387151791,43.27137546468401,0.4629615931661064,pp,
070502,Pailón,influencia,tasa_asistencia_18_24,23.807706982067916,23.89598399753808,0.08827701547016531,pp,
070502,Pailón,influencia,pct_sin_educacion,5.334710968513785,5.1041269621262,-0.23058400638758503,pp,
070502,Pailón,influencia,pct_edu_primaria,39.66501712980586,36.95554246508888,-2.7094746647169785,pp,
070502,Pailón,influencia,pct_edu_secundaria,47.909076078090166,45.71190962957829,-2.1971664485118794,pp,
070502,Pailón,influencia,pct_edu_superior,6.835608244058948,12.228420943206626,5.392812699147678,pp,
070502,Pailón,influencia,pct_secundaria_mas,54.74468432214911,57.94033057278492,3.1956462506358108,pp,
070502,Pailón,influencia,pct_primaria_completa,66.47996084615804,66.21504556637444,-0.26491527978359386,pp,
070502,Pailón,influencia,brecha_alfabetismo,1.72296050749302,1.3382732693803474,-0.3846872381126727,pp,
070502,Pailón,influencia,brecha_alfabetismo_muj,3.101449275362319,2.663987555094633,-0.4374617202676858,pp,
070502,Pailón,influencia,brecha_alfabetismo_hom,1.3784887678692987,1.3257142857142856,-0.052774482155013125,pp,
070502,Pailón,influencia,brecha_edu_superior,-0.4458725976422988,1.844558183704617,2.290430781346916,pp,
070502,Pailón,influencia,brecha_edu_superior_muj,6.597384399813172,13.21599045346062,6.618606053647448,pp,
070502,Pailón,influencia,brecha_edu_superior_hom,7.043256997455471,11.371432269756005,4.328175272300534,pp,
070502,Pailón,influencia,brecha_anios_estudio,-0.352580725211582,-0.3080624160001388,0.04451830921144323,años,
070502,Pailón,influencia,brecha_anios_estudio_muj,7.374827629434624,7.892377684964201,0.5175500555295764,años,
070502,Pailón,influencia,brecha_anios_estudio_hom,7.727408354646206,8.20044010096434,0.4730317463181333,años,
070502,Pailón,influencia,pct_asalariados,28.053097345132745,29.400574907000337,1.347477561867592,pp,
070502,Pailón,influencia,pct_cuenta_propia,38.50189633375474,44.47074737910044,5.968851045345694,pp,
070502,Pailón,influencia,pct_empleadores,2.256637168141593,0.8834967872844098,-1.3731403808571834,pp,
070502,Pailón,influencia,pct_trab_familiar,11.50442477876106,10.344098748731822,-1.1603260300292373,pp,
070502,Pailón,influencia,pct_catocu_hogar,0.7332490518331226,1.699357456881975,0.9661084050488523,pp,
070502,Pailón,influencia,pct_catocu_cooperativista,0.3223767383059418,0.1521812647954007,-0.17019547351054112,pp,
070502,Pailón,influencia,pct_catocu_asalariado_amplio,28.786346396965865,31.099932363882317,2.3135859669164525,pp,
070502,Pailón,influencia,tasa_participacion,69.48371510379384,70.79478553406224,1.3110704302684013,pp,
070502,Pailón,influencia,tasa_ocupacion,69.13922691481747,69.66238135287757,0.5231544380601036,pp,
070502,Pailón,influencia,tasa_desocupacion,0.4957826282918035,1.5995587424158852,1.1037761141240818,pp,
070502,Pailón,influencia,tasa_participacion_fem,48.72602347552248,52.09001153994102,3.3639880644185354,pp,
070502,Pailón,influencia,tasa_ocupacion_fem,48.48745109266152,51.26939351198872,2.781942419327194,pp,
070502,Pailón,influencia,pct_sector_primario,52.16814159292036,54.01166723030098,1.8435256373806226,pp,
070502,Pailón,influencia,pct_sector_secundario,10.2275600505689,10.187690226580994,-0.03986982398790673,pp,
070502,Pailón,influencia,pct_sector_servicios,23.520859671302148,28.29303347987825,4.7721738085761025,pp,
070502,Pailón,influencia,brecha_participacion,39.07823829488097,35.19381348549133,-3.8844248093896354,pp,
070502,Pailón,influencia,brecha_participacion_hom,87.80426177040344,87.28382502543235,-0.5204367449710929,pp,
070502,Pailón,influencia,brecha_participacion_muj,48.72602347552248,52.09001153994102,3.3639880644185354,pp,
070502,Pailón,influencia,pct_ocu_profesionales,5.347661188369153,6.146432194792019,0.7987710064228661,pp,
070502,Pailón,influencia,pct_ocu_no_calificado,6.18204804045512,6.8735204599256,0.6914724194704798,pp,
070502,Pailón,influencia,pct_agricultura,52.08596713021492,53.960940142035845,1.8749730118209271,pp,
070502,Pailón,influencia,pct_manufactura,5.701643489254109,5.7786608048698005,0.07701731561569147,pp,
070502,Pailón,influencia,pct_construccion,4.361567635903919,4.354075076090632,-0.007492559813286448,pp,
070502,Pailón,influencia,pct_comercio,9.671302149178256,9.77341900574907,0.10211685657081304,pp,
070502,Pailón,influencia,pct_transporte,3.527180783817952,3.889076766993575,0.3618959831756232,pp,
070502,Pailón,influencia,pct_alojamiento,2.8381795195954487,4.438620223199188,1.6004407036037396,pp,
070502,Pailón,influencia,pct_rama_mineria,0.0821744627054361,0.0507270882651335,-0.0314473744403026,pp,
070502,Pailón,influencia,pct_admin_publica,0.4867256637168141,0.566452485627325,0.07972682191051089,pp,
070502,Pailón,influencia,pct_rama_ensenanza,2.427307206068268,2.4644910382144065,0.03718383214613841,pp,
070502,Pailón,influencia,pct_rama_salud,0.8217446270543616,1.6232668244842745,0.8015221974299129,pp,
070502,Pailón,influencia,pct_salud_publica,52.81254951671684,58.73933388384256,5.92678436712572,pp,
070502,Pailón,influencia,pct_caja_salud,7.043257803834575,7.351133131479952,0.3078753276453776,pp,
070502,Pailón,influencia,pct_salud_privada,40.84138805260656,44.26094137076796,3.419553318161398,pp,
070502,Pailón,influencia,pct_salud_tradicional,29.80246131093857,18.04018717313515,-11.76227413780342,pp,
070502,Pailón,influencia,pct_automedicacion,55.32139650345957,56.59785301403799,1.27645651057842,pp,
070502,Pailón,influencia,pct_remedios_caseros,56.23250409338193,70.05963849894486,13.827134405562937,pp,
070502,Pailón,influencia,pct_registro_civil,94.96880287648054,93.24859229525562,-1.7202105812249187,pp,
070502,Pailón,influencia,pct_cedula_identidad,72.85850253807106,90.19717158201854,17.338669043947476,pp,
070502,Pailón,influencia,pct_autoident_indigena,47.39173228346457,20.89991589571068,-26.49181638775389,pp,
070502,Pailón,influencia,pct_nacido_otro_municipio,36.33936125211506,49.2501533143781,12.910792062263042,pp,
070502,Pailón,influencia,pct_nacido_extranjero,8.925549915397632,6.96511865603687,-1.960431259360762,pp,
070502,Pailón,influencia,pct_migrante_reciente,11.864885208882198,11.595975198987365,-0.2689100098948334,pp,
070502,Pailón,influencia,paridez_media,3.263719741392272,2.59546,-0.668259741392272,hijos,
070502,Pailón,influencia,paridez_media_12mas,3.958594730238394,3.0488386,-0.9097561302383941,hijos,
070502,Pailón,influencia,pct_hijos_fallecidos,11.422787738577211,7.8933296,-3.529458138577211,pp,
070502,Pailón,influencia,pct_parto_calificado,,89.91228070175438,,pp,
070502,Pailón,influencia,pct_jefatura_femenina,20.101066816395285,25.290856562817208,5.189789746421923,pp,
070502,Pailón,influencia,edad_media_jefe,39.86608646827625,41.198875,1.3327885317237502,años,
070502,Pailón,influencia,prom_anios_estudio,7.15140115581725,8.057313143213555,0.9059119873963057,años,
070502,Pailón,influencia,pct_ecivil_casado,41.14421823738259,38.43466971654663,-2.709548520835959,pp,
070502,Pailón,influencia,pct_ecivil_conviviente,19.08228843647477,22.64226762696671,3.5599791904919407,pp,
070502,Pailón,influencia,pct_ecivil_separado_divorciado,1.3797132713136488,2.7696207226979075,1.3899074513842586,pp,
070502,Pailón,influencia,pct_ecivil_viudo,2.076311177025752,2.20085932428673,0.12454814726097796,pp,
070502,Pailón,influencia,pct_ecivil_soltero,36.31746887780324,33.952582609502024,-2.3648862683012197,pp,
070502,Pailón,influencia,pct_quechua,5.073371510379385,4.034002162681725,-1.0393693476976598,pp,
070502,Pailón,influencia,pct_aymara,0.5681818181818182,0.4325363450678842,-0.13564547311393405,pp,
070502,Pailón,influencia,pct_guarani,0.8992483894058697,0.6668268653129881,-0.23242152409288164,pp,
070502,Pailón,influencia,pct_chiquitano,14.44613457408733,6.59017181304818,-7.85596276103915,pp,
070502,Pailón,influencia,pct_pueblo_afroboliviano,0.1565855404438081,0.0931154631743361,-0.063470077269472,pp,
070502,Pailón,influencia,pct_pueblo_guarayo,0.2236936292054402,0.108134086266971,-0.11555954293846919,pp,
070502,Pailón,influencia,pct_pueblo_mojeno,0.4876521116678597,0.1501862309263486,-0.33746588074151107,pp,
070502,Pailón,influencia,pct_pueblo_trinitario,0.044738725841088,0.0210260723296888,-0.023712653511399197,pp,
070502,Pailón,influencia,pct_pueblo_yuracare,0.0044738725841088,0.0030037246185269,-0.0014701479655818998,pp,
070502,Pailón,influencia,pct_pueblo_movima,0.2236936292054402,0.1231527093596059,-0.1005409198458343,pp,
070502,Pailón,influencia,pct_disc_ver,,1.718979390830871,,pp,
070502,Pailón,influencia,pct_disc_oir,,0.412555053799409,,pp,
070502,Pailón,influencia,pct_disc_caminar,,0.9273196929995726,,pp,
070502,Pailón,influencia,pct_disc_comunicar,,0.5630818977532475,,pp,
070502,Pailón,influencia,pct_discapacidad,,2.800542639980673,,pp,
070502,Pailón,influencia,pct_sus,,39.55038730327077,,pp,
070502,Pailón,influencia,pct_afiliado_caja,,5.06240412113407,,pp,
070502,Pailón,influencia,pct_seguro_privado,,0.6174125490047537,,pp,
070502,Pailón,influencia,pct_sin_seguro,,54.769796026590406,,pp,
070502,Pailón,influencia,pct_seguro_salud,,45.2302039734096,,pp,
070502,Pailón,influencia,pct_madres_adolescentes,11.858246251703772,8.9471493965876,-2.911096855116172,pp,
070502,Pailón,influencia,edad_1er_hijo,,20.46404255319149,,años,
070502,Pailón,influencia,pct_idioma_materno_castellano,46.16384522370012,52.55928011804069,6.395434894340568,pp,
070502,Pailón,influencia,pct_idioma_materno_originario,6.792623941958888,5.158045678422245,-1.6345782635366426,pp,
070502,Pailón,influencia,pct_bilingue,30.118554761008657,27.278968483834287,-2.8395862771743694,pp,
070502,Pailón,influencia,pct_registro_menores5,79.88215488215488,84.58333333333333,4.70117845117845,pp,
070502,Pailón,influencia,pct_residia_otro_mun,1.7317047377326564,2.925052498559774,1.1933477608271175,pp,
070502,Pailón,influencia,pct_rezago_escolar,14.766756032171582,27.010864987787414,12.244108955615832,pp,
070502,Pailón,influencia,pct_hogar_con_menores,72.92059219380889,59.42762213999849,-13.492970053810396,pp,
070502,Pailón,influencia,pct_hogar_con_am,10.63257065948856,9.9222230612399,-0.71034759824866,pp,
070502,Pailón,influencia,pct_hogar_unipersonal,6.554508748317631,15.502529638299478,8.948020889981848,pp,
070502,Pailón,influencia,pct_am_solo,1.1440107671601616,1.9557502076568756,0.811739440496714,pp,
070502,Pailón,influencia,hogares,7430.0,13243.0,78.23687752355318,%,4.934056934851094
070502,Pailón,influencia,tam_hogar_pers,5.0907133243607,4.063354224873518,-1.0273590994871817,pers/hogar,
070502,Pailón,influencia,autocontencion_laboral,,96.39005171140111,,pp,
070502,Pailón,influencia,pct_trabaja_fuera,,3.609948288598872,,pp,
070502,Pailón,influencia,dependencia_capital,,1.206599359763605,,pp,
070502,Pailón,influencia,poblacion_nbi,36070.0,50822.0,40.8982533961741,%,2.898442402175605
070502,Pailón,influencia,pct_nbi_no_pobre,51.17271971167175,59.93467396009602,8.761954248424267,pp,
070502,Pailón,influencia,pct_nbi_satisfechas,18.74410867757139,18.747786391720123,0.003677714148732747,pp,
070502,Pailón,influencia,pct_nbi_umbral,32.42861103410036,41.1868875683759,8.758276534275538,pp,
070502,Pailón,influencia,pct_nbi_pobre,48.827280288328254,40.06532603990398,-8.761954248424274,pp,
070502,Pailón,influencia,pct_nbi_moderada,43.96451344607707,36.873794813269846,-7.090718632807224,pp,
070502,Pailón,influencia,pct_nbi_indigente,4.75187136124203,3.0931486364172995,-1.65872272482473,pp,
070502,Pailón,influencia,pct_nbi_marginal,0.1108954810091488,0.0983825902168352,-0.012512890792313602,pp,
070502,Pailón,influencia,pct_nbi_materiales,13.83975602994178,13.34461453701153,-0.4951414929302498,pp,
070502,Pailón,influencia,pct_nbi_espacios,75.91350152481286,73.40325056078076,-2.510250964032096,pp,
070502,Pailón,influencia,pct_nbi_agua_sanea,32.21513723315775,23.039234976978477,-9.17590225617927,pp,
070502,Pailón,influencia,pct_nbi_energia,24.643748267258108,13.82275392546535,-10.820994341792758,pp,
070502,Pailón,influencia,pct_nbi_educacion,55.46714721375104,56.18236196922592,0.7152147554748822,pp,
070502,Pailón,influencia,pct_nbi_salud,31.97671194898808,25.61685884065956,-6.359853108328519,pp,
070502,Pailón,influencia,emigrantes,469.0,445.0,-5.117270788912576,%,-0.4367807119881051
070502,Pailón,influencia,edad_prom_emigracion,25.06013363028953,25.837647058823528,0.7775134285339966,años,
070502,Pailón,influencia,pct_emi_argentina,19.616204690831555,12.808988764044944,-6.807215926786611,pp,
070502,Pailón,influencia,pct_emi_brasil,6.609808102345416,16.629213483146067,10.019405380800652,pp,
070502,Pailón,influencia,pct_emi_chile,5.330490405117271,45.61797752808989,40.28748712297262,pp,
070502,Pailón,influencia,pct_emi_espana,45.62899786780384,4.943820224719101,-40.68517764308474,pp,
070502,Pailón,influencia,pct_emi_eeuu,1.0660980810234542,3.3707865168539324,2.304688435830478,pp,
070502,Pailón,influencia,fallecidos,240.0,766.0,219.16666666666669,%,10.154301434834267
070502,Pailón,influencia,edad_prom_fallecimiento,44.30541871921182,49.89655172413793,5.591133004926107,años,
070502,Pailón,influencia,emigrantes_x1000,12.385781439814082,8.165886778603541,-4.219894661210541,‰,
070502,Pailón,influencia,tasa_mortalidad,,3.68841178089733,,‰,
070502,Pailón,influencia,idx_carencia,49.73823447507658,47.81495759444873,-1.9232768806278528,índice,
070502,Pailón,influencia,idx_calidad_vivienda,77.6106934001671,80.49653045489592,2.8858370547288246,índice,
070502,Pailón,influencia,crec_intercensal,,3.080282997579764,,%,3.080282997579764
070603,Colpa Bélgica,influencia,viviendas,1354.0,1533.0,13.220088626292469,%,1.0400666927358415
070603,Colpa Bélgica,influencia,pct_agua_caneria,75.48005908419498,77.69080234833659,2.2107432641416125,pp,
070603,Colpa Bélgica,influencia,pct_agua_pileta,5.539143279172821,8.153946510110893,2.6148032309380724,pp,
070603,Colpa Bélgica,influencia,pct_agua_pozo,14.84490398818316,11.350293542074365,-3.494610446108796,pp,
070603,Colpa Bélgica,influencia,pct_agua_pozo_bomba,11.447562776957165,10.30658838878017,-1.1409743881769945,pp,
070603,Colpa Bélgica,influencia,pct_agua_carro,0.5908419497784343,1.5655577299412915,0.9747157801628572,pp,
070603,Colpa Bélgica,influencia,pct_agua_interior,49.556868537666176,51.92433137638617,2.3674628387199945,pp,
070603,Colpa Bélgica,influencia,pct_agua_lote,43.20531757754801,36.85583822570124,-6.349479351846767,pp,
070603,Colpa Bélgica,influencia,pct_agua_sin_caneria,7.23781388478582,11.21983039791259,3.98201651312677,pp,
070603,Colpa Bélgica,influencia,pct_servicio_sanitario,85.15509601181684,92.62883235485975,7.473736343042916,pp,
070603,Colpa Bélgica,influencia,pct_sanitario_exclusivo,50.59084194977844,75.14677103718199,24.555929087403555,pp,
070603,Colpa Bélgica,influencia,pct_sanitario_compartido,34.56425406203841,17.482061317677758,-17.08219274436065,pp,
070603,Colpa Bélgica,influencia,pct_sin_sanitario,14.84490398818316,7.371167645140248,-7.473736343042913,pp,
070603,Colpa Bélgica,influencia,pct_alcantarillado,1.7725258493353029,13.894324853228962,12.12179900389366,pp,
070603,Colpa Bélgica,influencia,pct_camara_septica,37.07533234859675,30.4631441617743,-6.612188186822454,pp,
070603,Colpa Bélgica,influencia,pct_pozo_ciego,45.12555391432792,42.85714285714285,-2.2684110571850695,pp,
070603,Colpa Bélgica,influencia,pct_desague_superficie,1.1816838995568686,3.2615786040443573,2.0798947044874887,pp,
070603,Colpa Bélgica,influencia,pct_electricidad,93.0576070901034,96.9993476842792,3.9417405941757977,pp,
070603,Colpa Bélgica,influencia,pct_elec_red,88.92171344165436,93.47684279191128,4.5551293502569195,pp,
070603,Colpa Bélgica,influencia,pct_panel_solar,1.1816838995568686,1.8917155903457272,0.7100316907888586,pp,
070603,Colpa Bélgica,influencia,pct_motor_propio,1.994091580502216,0.8480104370515329,-1.146081143450683,pp,
070603,Colpa Bélgica,influencia,pct_sin_energia,6.942392909896602,3.0006523157208087,-3.9417405941757937,pp,
070603,Colpa Bélgica,influencia,pct_gas_red,0.0,0.1956947162426614,0.1956947162426614,pp,
070603,Colpa Bélgica,influencia,pct_gas_garrafa,85.45051698670606,90.21526418786692,4.7647472011608585,pp,
070603,Colpa Bélgica,influencia,pct_lena_guano,12.555391432791728,7.8277886497064575,-4.7276027830852705,pp,
070603,Colpa Bélgica,influencia,pct_combustible_limpio,85.89364844903989,90.54142204827136,4.647773599231471,pp,
070603,Colpa Bélgica,influencia,pct_no_cocina,1.55096011816839,1.6307893020221786,0.07982918385378857,pp,
070603,Colpa Bélgica,influencia,pct_cocina_exclusiva,75.40620384047267,79.191128506197,3.7849246657243327,pp,
070603,Colpa Bélgica,influencia,pct_basura_formal,33.82570162481536,61.57860404435747,27.75290241954211,pp,
070603,Colpa Bélgica,influencia,pct_basura_carro,29.394387001477103,52.120026092628834,22.72563909115173,pp,
070603,Colpa Bélgica,influencia,pct_basura_contenedor,4.431314623338257,9.458577951728635,5.0272633283903785,pp,
070603,Colpa Bélgica,influencia,pct_basura_quema,45.34711964549483,28.83235485975212,-16.51476478574271,pp,
070603,Colpa Bélgica,influencia,pct_basura_entierra,4.5051698670605616,4.174820613176777,-0.3303492538837842,pp,
070603,Colpa Bélgica,influencia,pct_basura_informal,14.623338257016249,4.631441617742988,-9.99189663927326,pp,
070603,Colpa Bélgica,influencia,pct_viv_propia,41.43279172821271,71.0371819960861,29.60439026787339,pp,
070603,Colpa Bélgica,influencia,pct_viv_alquilada,10.413589364844904,9.58904109589041,-0.8245482689544943,pp,
070603,Colpa Bélgica,influencia,pct_viv_anticretico,0.8124076809453471,0.8480104370515329,0.035602756106185796,pp,
070603,Colpa Bélgica,influencia,pct_viv_prestada,6.056129985228951,6.131767775603392,0.07563779037444096,pp,
070603,Colpa Bélgica,influencia,pct_viv_cedida,39.88183161004432,9.84996738421396,-30.03186422583036,pp,
070603,Colpa Bélgica,influencia,pct_pared_ladrillo,70.7533234859675,83.7573385518591,13.004015065891608,pp,
070603,Colpa Bélgica,influencia,pct_pared_adobe,11.964549483013291,5.675146771037182,-6.289402711976109,pp,
070603,Colpa Bélgica,influencia,pct_pared_madera,0.2215657311669128,0.45662100456621,0.23505527339929722,pp,
070603,Colpa Bélgica,influencia,pct_pared_precaria,0.5908419497784343,0.3261578604044357,-0.2646840893739986,pp,
070603,Colpa Bélgica,influencia,pct_techo_calamina,57.0162481536189,71.62426614481409,14.608017991195183,pp,
070603,Colpa Bélgica,influencia,pct_techo_teja,34.04726735598228,24.78799739073712,-9.259269965245156,pp,
070603,Colpa Bélgica,influencia,pct_techo_losa,0.51698670605613,0.5870841487279843,0.07009744267185436,pp,
070603,Colpa Bélgica,influencia,pct_techo_paja,6.277695716395864,1.5003261578604044,-4.77736955853546,pp,
070603,Colpa Bélgica,influencia,pct_piso_tierra,19.35007385524372,11.872146118721462,-7.477927736522259,pp,
070603,Colpa Bélgica,influencia,pct_piso_cemento,38.77400295420975,34.5075016307893,-4.266501323420449,pp,
070603,Colpa Bélgica,influencia,pct_piso_ceramica,12.703101920236335,31.31115459882583,18.608052678589495,pp,
070603,Colpa Bélgica,influencia,pct_piso_mosaico,2.1418020679468244,2.8049575994781475,0.6631555315313231,pp,
070603,Colpa Bélgica,influencia,pct_monoambiente,32.27474150664697,33.268101761252446,0.9933602546054772,pp,
070603,Colpa Bélgica,influencia,pct_urbano,77.6218611521418,79.84344422700588,2.2215830748640712,pp,
070603,Colpa Bélgica,influencia,pct_revoque,81.16691285081241,77.69080234833659,-3.4761105024758194,pp,
070603,Colpa Bélgica,influencia,pct_hogar_nuclear,,36.33398564905414,,pp,
070603,Colpa Bélgica,influencia,pct_hogar_monoparental,,10.241356816699282,,pp,
070603,Colpa Bélgica,influencia,pct_hogar_extendido,,32.35485975212003,,pp,
070603,Colpa Bélgica,influencia,pct_hogar_compuesto,,3.392041748206132,,pp,
070603,Colpa Bélgica,influencia,pct_departamento,0.8124076809453471,0.91324200913242,0.10083432818707294,pp,
070603,Colpa Bélgica,influencia,pct_con_emigrante,11.816838995568686,8.349641226353555,-3.4671977692151312,pp,
070603,Colpa Bélgica,influencia,pct_hogar_fallecido,6.499261447562777,9.84996738421396,3.350705936651183,pp,
070603,Colpa Bélgica,influencia,pct_hacinamiento,31.31462333825701,24.07045009784736,-7.244173240409651,pp,
070603,Colpa Bélgica,influencia,pct_choza,,3.131115459882583,,pp,
070603,Colpa Bélgica,influencia,pct_agua_rio,,0.0652315720808871,,pp,
070603,Colpa Bélgica,influencia,pct_agua_lluvia,,0.2609262883235486,,pp,
070603,Colpa Bélgica,influencia,pct_agua_no_mejorada,,2.674494455316373,,pp,
070603,Colpa Bélgica,influencia,pct_agua_mejorada,,97.32550554468362,,pp,
070603,Colpa Bélgica,influencia,pct_saneamiento_mejorado,25.480059084194977,36.66014350945858,11.180084425263601,pp,
070603,Colpa Bélgica,influencia,pct_radio,66.17429837518463,59.230267449445535,-6.944030925739099,pp,
070603,Colpa Bélgica,influencia,pct_televisor,80.94534711964549,79.6477495107632,-1.2975976088822847,pp,
070603,Colpa Bélgica,influencia,pct_computadora,16.248153618906944,19.504240052185256,3.2560864332783126,pp,
070603,Colpa Bélgica,influencia,pct_auto,15.805022156573116,16.373124592302673,0.568102435729557,pp,
070603,Colpa Bélgica,influencia,pct_bicicleta,22.821270310192023,30.9849967384214,8.163726428229378,pp,
070603,Colpa Bélgica,influencia,pct_moto,27.91728212703102,49.90215264187867,21.984870514847653,pp,
070603,Colpa Bélgica,influencia,pct_carreta,1.994091580502216,1.36986301369863,-0.6242285668035858,pp,
070603,Colpa Bélgica,influencia,pct_bote,0.2954209748892171,1.2393998695368558,0.9439788946476386,pp,
070603,Colpa Bélgica,influencia,pct_internet,8.567208271787297,72.27658186562296,63.709373593835664,pp,
070603,Colpa Bélgica,influencia,pct_telefonia,74.81536189069423,85.64905414220483,10.833692251510598,pp,
070603,Colpa Bélgica,influencia,pct_celular,,85.58382257012394,,pp,
070603,Colpa Bélgica,influencia,pct_internet_fijo,,17.482061317677758,,pp,
070603,Colpa Bélgica,influencia,pct_internet_movil,,69.08023483365949,,pp,
070603,Colpa Bélgica,influencia,pct_tv_cable,,19.569471624266143,,pp,
070603,Colpa Bélgica,influencia,pct_telefono_fijo,,4.566210045662101,,pp,
070603,Colpa Bélgica,influencia,pct_refrigerador,,69.92824527071103,,pp,
070603,Colpa Bélgica,influencia,pct_microondas,,20.026092628832355,,pp,
070603,Colpa Bélgica,influencia,pct_calefon,,2.73972602739726,,pp,
070603,Colpa Bélgica,influencia,pct_aire_acond,,10.371819960861057,,pp,
070603,Colpa Bélgica,influencia,pct_lavadora,,30.9849967384214,,pp,
070603,Colpa Bélgica,influencia,pct_vivienda_desocupada,0.8486562942008486,8.354955889984431,7.506299595783583,pp,
070603,Colpa Bélgica,influencia,tam_hogar,4.4231906,3.888454,-12.089386335736918,%,-1.0680029270655256
070603,Colpa Bélgica,influencia,pers_x_vivienda,4.4231906,3.888454,-12.089386335736918,%,-1.0680029270655256
070603,Colpa Bélgica,influencia,pers_x_dormitorio,2.5485106,2.127409,-16.523439219754476,%,-1.4937667969525004
070603,Colpa Bélgica,influencia,pers_x_habitacion,1.8231355,1.712931,-6.044778350265245,%,-0.5182514413346273
070603,Colpa Bélgica,influencia,pob_total,6069.0,6007.0,-1.021585104630085,%,-0.08553332426101123
070603,Colpa Bélgica,influencia,pob_mujeres,2902.0,2896.0,-0.2067539627842896,%,-0.01724584555411468
070603,Colpa Bélgica,influencia,pct_0_14,36.200362497940354,29.64874313301149,-6.5516193649288645,pp,
070603,Colpa Bélgica,influencia,pct_15_64,59.20250453122426,64.1917762610288,4.98927172980455,pp,
070603,Colpa Bélgica,influencia,pct_65_mas,4.597132970835393,6.159480605959714,1.562347635124321,pp,
070603,Colpa Bélgica,influencia,pct_menor20,47.71791069368924,38.821375062427165,-8.896535631262076,pp,
070603,Colpa Bélgica,influencia,pct_60_mas,7.563025210084033,9.705343765606791,2.142318555522758,pp,
070603,Colpa Bélgica,influencia,edad_mediana,21.0,26.0,5.0,años,
070603,Colpa Bélgica,influencia,edad_promedio,25.34733893557423,29.579824,4.23248506442577,años,
070603,Colpa Bélgica,influencia,indice_masculinidad,109.131633356306,107.42403314917128,-1.7076002071347176,h/100m,
070603,Colpa Bélgica,influencia,pob_hombres,3167.0,3111.0,-1.768234922639722,%,-0.14856078605792744
070603,Colpa Bélgica,influencia,pct_0_4,13.379469434832757,8.007324787747628,-5.372144647085129,pp,
070603,Colpa Bélgica,influencia,pct_15_29,28.225407810182897,26.01964374895955,-2.2057640612233484,pp,
070603,Colpa Bélgica,influencia,pct_80_mas,0.7909045971329708,1.098718162144165,0.3078135650111943,pp,
070603,Colpa Bélgica,influencia,razon_dependencia,68.91177289173393,55.78319502074689,-13.128577870987044,pp,
070603,Colpa Bélgica,influencia,dep_juvenil,61.14667408850543,46.18775933609958,-14.958914752405846,pp,
070603,Colpa Bélgica,influencia,dep_senil,7.7650988032285,9.595435684647304,1.8303368814188046,pp,
070603,Colpa Bélgica,influencia,indice_envejecimiento,12.699135184342284,20.77484559236384,8.075710408021555,índice,
070603,Colpa Bélgica,influencia,indice_juventud,787.4551971326165,481.35135135135135,-306.10384578126514,índice,
070603,Colpa Bélgica,influencia,pct_analfabetismo,2.412165705296277,2.1896053897978827,-0.22256031549839417,pp,
070603,Colpa Bélgica,influencia,pct_analfabetismo_mujeres,3.1666666666666665,2.8112449799196786,-0.35542168674698793,pp,
070603,Colpa Bélgica,influencia,pct_asistencia_escolar,87.14211348256117,93.73169302870534,6.589579546144165,pp,
070603,Colpa Bélgica,influencia,pct_educacion_publica,78.31541218637993,98.0625,19.74708781362007,pp,
070603,Colpa Bélgica,influencia,tasa_asistencia_4_5,63.095238095238095,81.64251207729468,18.547273982056588,pp,
070603,Colpa Bélgica,influencia,tasa_asistencia_18_24,22.20843672456576,41.43070044709389,19.22226372252813,pp,
070603,Colpa Bélgica,influencia,pct_sin_educacion,3.381942289792119,2.9395900755124056,-0.4423522142797136,pp,
070603,Colpa Bélgica,influencia,pct_edu_primaria,31.678560347502327,20.81984897518878,-10.858711372313547,pp,
070603,Colpa Bélgica,influencia,pct_edu_secundaria,53.18026683214397,61.54261057173679,8.362343739592816,pp,
070603,Colpa Bélgica,influencia,pct_edu_superior,11.262798634812286,14.697950377562028,3.435151742749742,pp,
070603,Colpa Bélgica,influencia,pct_secundaria_mas,64.44306546695626,76.24056094929881,11.797495482342555,pp,
070603,Colpa Bélgica,influencia,pct_primaria_completa,70.80359913124418,80.63646170442287,9.832862573178687,pp,
070603,Colpa Bélgica,influencia,brecha_alfabetismo,1.4288315127441242,1.193869748866074,-0.23496176387805012,pp,
070603,Colpa Bélgica,influencia,brecha_alfabetismo_muj,3.1666666666666665,2.8112449799196786,-0.35542168674698793,pp,
070603,Colpa Bélgica,influencia,brecha_alfabetismo_hom,1.7378351539225425,1.6173752310536045,-0.12045992286893803,pp,
070603,Colpa Bélgica,influencia,brecha_edu_superior,0.8660505849371809,2.2893736837085665,1.4233230987713856,pp,
070603,Colpa Bélgica,influencia,brecha_edu_superior_muj,11.725516322451698,15.900056785917092,4.174540463465394,pp,
070603,Colpa Bélgica,influencia,brecha_edu_superior_hom,10.859465737514515,13.610683102208526,2.7512173646940106,pp,
070603,Colpa Bélgica,influencia,brecha_anios_estudio,-0.1729000016769788,-0.1678229469353542,0.005077054741624593,años,
070603,Colpa Bélgica,influencia,brecha_anios_estudio_muj,8.691608391608392,9.560477001703578,0.8688686100951859,años,
070603,Colpa Bélgica,influencia,brecha_anios_estudio_hom,8.864508393285371,9.728299948638933,0.8637915553535613,años,
070603,Colpa Bélgica,influencia,pct_asalariados,56.622936944562,51.092233009708735,-5.530703934853264,pp,
070603,Colpa Bélgica,influencia,pct_cuenta_propia,19.974608548455357,30.461165048543688,10.48655650008833,pp,
070603,Colpa Bélgica,influencia,pct_empleadores,2.539145154464664,1.779935275080906,-0.7592098793837581,pp,
070603,Colpa Bélgica,influencia,pct_trab_familiar,1.311891663140076,5.58252427184466,4.270632608704584,pp,
070603,Colpa Bélgica,influencia,pct_catocu_hogar,1.4811680067710538,2.5485436893203883,1.0673756825493346,pp,
070603,Colpa Bélgica,influencia,pct_catocu_cooperativista,0.5078290308929327,0.0,-0.5078290308929327,pp,
070603,Colpa Bélgica,influencia,pct_catocu_asalariado_amplio,58.10410495133305,53.640776699029125,-4.463328252303924,pp,
070603,Colpa Bélgica,influencia,tasa_participacion,61.05943152454781,60.846687395359965,-0.2127441291878469,pp,
070603,Colpa Bélgica,influencia,tasa_ocupacion,60.36175710594316,58.59842143027984,-1.7633356756633205,pp,
070603,Colpa Bélgica,influencia,tasa_desocupacion,1.142615319509099,3.69496855345912,2.5523532339500212,pp,
070603,Colpa Bélgica,influencia,tasa_participacion_fem,37.40416210295729,45.586034912718205,8.181872809760918,pp,
070603,Colpa Bélgica,influencia,tasa_ocupacion_fem,36.91128148959474,43.39152119700748,6.480239707412736,pp,
070603,Colpa Bélgica,influencia,pct_sector_primario,22.048243757934827,18.48705501618123,-3.561188741753597,pp,
070603,Colpa Bélgica,influencia,pct_sector_secundario,27.211172238679644,23.26051779935275,-3.950654439326893,pp,
070603,Colpa Bélgica,influencia,pct_sector_servicios,35.04020313161236,47.53236245954693,12.492159327934573,pp,
070603,Colpa Bélgica,influencia,brecha_participacion,44.78761871896052,29.32205332257591,-15.465565396384612,pp,
070603,Colpa Bélgica,influencia,brecha_participacion_hom,82.1917808219178,74.90808823529412,-7.283692586623687,pp,
070603,Colpa Bélgica,influencia,brecha_participacion_muj,37.40416210295729,45.586034912718205,8.181872809760918,pp,
070603,Colpa Bélgica,influencia,pct_ocu_profesionales,9.8180279305967,9.789644012944985,-0.028383917651716217,pp,
070603,Colpa Bélgica,influencia,pct_ocu_no_calificado,13.457469318662715,12.216828478964402,-1.2406408396983135,pp,
070603,Colpa Bélgica,influencia,pct_agricultura,21.455776555226407,18.36569579288026,-3.0900807623461475,pp,
070603,Colpa Bélgica,influencia,pct_manufactura,22.048243757934827,15.655339805825244,-6.392903952109583,pp,
070603,Colpa Bélgica,influencia,pct_construccion,4.612780363944139,7.44336569579288,2.8305853318487415,pp,
070603,Colpa Bélgica,influencia,pct_comercio,11.17223867964452,13.794498381877023,2.622259702232503,pp,
070603,Colpa Bélgica,influencia,pct_transporte,5.035971223021583,6.067961165048544,1.0319899420269607,pp,
070603,Colpa Bélgica,influencia,pct_alojamiento,4.485823106220906,6.310679611650485,1.8248565054295796,pp,
070603,Colpa Bélgica,influencia,pct_rama_mineria,0.5924672027084215,0.1213592233009708,-0.47110797940745064,pp,
070603,Colpa Bélgica,influencia,pct_admin_publica,1.184934405416843,2.710355987055016,1.5254215816381729,pp,
070603,Colpa Bélgica,influencia,pct_rama_ensenanza,3.1739314430808294,2.5080906148867315,-0.665840828194098,pp,
070603,Colpa Bélgica,influencia,pct_rama_salud,1.4388489208633093,2.750809061488673,1.3119601406253638,pp,
070603,Colpa Bélgica,influencia,pct_salud_publica,62.13544241225903,86.96520725819877,24.829764845939742,pp,
070603,Colpa Bélgica,influencia,pct_caja_salud,33.43219640797496,18.61161977692692,-14.820576631048045,pp,
070603,Colpa Bélgica,influencia,pct_salud_privada,14.10446531553798,15.165640086565674,1.0611747710276926,pp,
070603,Colpa Bélgica,influencia,pct_salud_tradicional,10.347668479156368,9.821874479773598,-0.5257939993827705,pp,
070603,Colpa Bélgica,influencia,pct_automedicacion,41.01169879716593,38.77143332778425,-2.2402654693816757,pp,
070603,Colpa Bélgica,influencia,pct_remedios_caseros,36.74410940846927,56.20109871816214,19.456989309692872,pp,
070603,Colpa Bélgica,influencia,pct_registro_civil,96.76940827427065,98.94028595458369,2.1708776803130405,pp,
070603,Colpa Bélgica,influencia,pct_cedula_identidad,77.33641008735783,98.50294365012616,21.166533562768322,pp,
070603,Colpa Bélgica,influencia,pct_autoident_indigena,35.736434108527135,9.567089213106913,-26.169344895420224,pp,
070603,Colpa Bélgica,influencia,pct_nacido_otro_municipio,38.19020932915774,60.63919259882254,22.4489832696648,pp,
070603,Colpa Bélgica,influencia,pct_nacido_extranjero,0.5933739904400858,0.7401177460050462,0.14674375556496044,pp,
070603,Colpa Bélgica,influencia,pct_migrante_reciente,9.457659372026642,13.064133016627078,3.6064736446004364,pp,
070603,Colpa Bélgica,influencia,paridez_media,2.708222811671088,2.2342858,-0.4739370116710879,hijos,
070603,Colpa Bélgica,influencia,paridez_media_12mas,3.5625841184387617,2.9161544,-0.6464297184387617,hijos,
070603,Colpa Bélgica,influencia,pct_hijos_fallecidos,14.532539834901137,10.453569,-4.078970834901137,pp,
070603,Colpa Bélgica,influencia,pct_parto_calificado,,98.35680751173707,,pp,
070603,Colpa Bélgica,influencia,pct_jefatura_femenina,22.30483271375465,30.57577763070814,8.27094491695349,pp,
070603,Colpa Bélgica,influencia,edad_media_jefe,44.77695167286245,48.73461,3.957658327137551,años,
070603,Colpa Bélgica,influencia,prom_anios_estudio,8.454942313688806,9.648597626752968,1.1936553130641627,años,
070603,Colpa Bélgica,influencia,pct_ecivil_casado,22.568902756110244,22.600391772771797,0.03148901666155268,pp,
070603,Colpa Bélgica,influencia,pct_ecivil_conviviente,29.7191887675507,30.460333006856025,0.7411442393053242,pp,
070603,Colpa Bélgica,influencia,pct_ecivil_separado_divorciado,2.4700988039521583,4.407443682664055,1.9373448787118965,pp,
070603,Colpa Bélgica,influencia,pct_ecivil_viudo,3.5361414456578264,3.819784524975514,0.2836430793176876,pp,
070603,Colpa Bélgica,influencia,pct_ecivil_soltero,41.70566822672907,38.71204701273262,-2.993621213996448,pp,
070603,Colpa Bélgica,influencia,pct_quechua,1.524547803617571,0.7892848600813203,-0.7352629435362508,pp,
070603,Colpa Bélgica,influencia,pct_aymara,0.3100775193798449,0.1674240612293709,-0.142653458150474,pp,
070603,Colpa Bélgica,influencia,pct_guarani,5.167958656330749,5.764171250896915,0.5962125945661656,pp,
070603,Colpa Bélgica,influencia,pct_chiquitano,1.317829457364341,0.7414494140157857,-0.5763800433485553,pp,
070603,Colpa Bélgica,influencia,pct_pueblo_afroboliviano,0.2842377260981912,0.1674240612293709,-0.1168136648688203,pp,
070603,Colpa Bélgica,influencia,pct_pueblo_guarayo,0.1550387596899224,0.0239177230327672,-0.1311210366571552,pp,
070603,Colpa Bélgica,influencia,pct_pueblo_mojeno,0.4909560723514212,0.2391772303276728,-0.2517788420237484,pp,
070603,Colpa Bélgica,influencia,pct_pueblo_trinitario,0.2325581395348837,0.0,-0.2325581395348837,pp,
070603,Colpa Bélgica,influencia,pct_pueblo_yuracare,0.0,0.0,0.0,pp,
070603,Colpa Bélgica,influencia,pct_pueblo_movima,0.0516795865633074,0.0239177230327672,-0.0277618635305402,pp,
070603,Colpa Bélgica,influencia,pct_disc_ver,,3.027754415475189,,pp,
070603,Colpa Bélgica,influencia,pct_disc_oir,,1.026072329688814,,pp,
070603,Colpa Bélgica,influencia,pct_disc_caminar,,2.136248948696384,,pp,
070603,Colpa Bélgica,influencia,pct_disc_comunicar,,0.8915054667788057,,pp,
070603,Colpa Bélgica,influencia,pct_discapacidad,,4.995794785534062,,pp,
070603,Colpa Bélgica,influencia,pct_sus,,76.68763815677606,,pp,
070603,Colpa Bélgica,influencia,pct_afiliado_caja,,9.624213569120895,,pp,
070603,Colpa Bélgica,influencia,pct_seguro_privado,,1.2922972283625234,,pp,
070603,Colpa Bélgica,influencia,pct_sin_seguro,,12.39585104574052,,pp,
070603,Colpa Bélgica,influencia,pct_seguro_salud,,87.60414895425949,,pp,
070603,Colpa Bélgica,influencia,pct_madres_adolescentes,21.568627450980397,15.925925925925926,-5.642701525054472,pp,
070603,Colpa Bélgica,influencia,edad_1er_hijo,,19.377387318563787,,años,
070603,Colpa Bélgica,influencia,pct_idioma_materno_castellano,89.63538774754765,95.80344332855093,6.168055581003273,pp,
070603,Colpa Bélgica,influencia,pct_idioma_materno_originario,5.774569683509162,3.4612625538020088,-2.313307129707153,pp,
070603,Colpa Bélgica,influencia,pct_bilingue,9.153187440532824,6.321944089164992,-2.8312433513678315,pp,
070603,Colpa Bélgica,influencia,pct_registro_menores5,90.27093596059112,92.3728813559322,2.101945395341076,pp,
070603,Colpa Bélgica,influencia,pct_residia_otro_mun,1.813087193011373,2.590412111017662,0.7773249180062889,pp,
070603,Colpa Bélgica,influencia,pct_rezago_escolar,11.508220157255185,10.215482841181164,-1.292737316074021,pp,
070603,Colpa Bélgica,influencia,pct_hogar_con_menores,71.14825581395348,54.82398956975228,-16.324266244201205,pp,
070603,Colpa Bélgica,influencia,pct_hogar_con_am,17.51453488372093,20.273794002607563,2.7592591188866322,pp,
070603,Colpa Bélgica,influencia,pct_hogar_unipersonal,8.938953488372093,17.014341590612776,8.075388102240684,pp,
070603,Colpa Bélgica,influencia,pct_am_solo,2.107558139534884,4.041720990873533,1.934162851338649,pp,
070603,Colpa Bélgica,influencia,hogares,1376.0,1534.0,11.482558139534893,%,0.9099312935473947
070603,Colpa Bélgica,influencia,tam_hogar_pers,4.409156976744186,3.8754889178617993,-0.533668058882387,pers/hogar,
070603,Colpa Bélgica,influencia,autocontencion_laboral,,82.89028516191397,,pp,
070603,Colpa Bélgica,influencia,pct_trabaja_fuera,,17.109714838086035,,pp,
070603,Colpa Bélgica,influencia,dependencia_capital,,7.7332044465925565,,pp,
070603,Colpa Bélgica,influencia,poblacion_nbi,5962.0,5845.0,-1.9624287151962405,%,-0.16502535260486395
070603,Colpa Bélgica,influencia,pct_nbi_no_pobre,60.96947333109695,73.2420872540633,12.272613922966357,pp,
070603,Colpa Bélgica,influencia,pct_nbi_satisfechas,20.228111372022813,15.739948674080413,-4.4881626979424,pp,
070603,Colpa Bélgica,influencia,pct_nbi_umbral,40.74136195907413,57.50213857998289,16.760776620908757,pp,
070603,Colpa Bélgica,influencia,pct_nbi_pobre,39.03052666890305,26.757912745936697,-12.272613922966354,pp,
070603,Colpa Bélgica,influencia,pct_nbi_moderada,33.73029184837303,26.21043627031651,-7.519855578056518,pp,
070603,Colpa Bélgica,influencia,pct_nbi_indigente,5.166051660516605,0.5303678357570573,-4.635683824759548,pp,
070603,Colpa Bélgica,influencia,pct_nbi_marginal,0.1341831600134183,0.0171086398631308,-0.11707452015028749,pp,
070603,Colpa Bélgica,influencia,pct_nbi_materiales,27.89332438778933,16.526946107784433,-11.366378280004898,pp,
070603,Colpa Bélgica,influencia,pct_nbi_espacios,74.87420328748742,78.93926432848589,4.065061040998472,pp,
070603,Colpa Bélgica,influencia,pct_nbi_agua_sanea,48.44012076484401,31.377245508982035,-17.062875255861975,pp,
070603,Colpa Bélgica,influencia,pct_nbi_energia,18.0979537068098,8.177929854576561,-9.92002385223324,pp,
070603,Colpa Bélgica,influencia,pct_nbi_educacion,41.96578329419658,32.26689478186484,-9.698888512331735,pp,
070603,Colpa Bélgica,influencia,pct_nbi_salud,21.10030191211003,8.297690333618478,-12.802611578491552,pp,
070603,Colpa Bélgica,influencia,emigrantes,210.0,150.0,-28.57142857142857,%,-2.764989889554925
070603,Colpa Bélgica,influencia,edad_prom_emigracion,27.02010050251256,26.110294117647054,-0.9098063848655045,años,
070603,Colpa Bélgica,influencia,pct_emi_argentina,16.19047619047619,15.333333333333334,-0.8571428571428559,pp,
070603,Colpa Bélgica,influencia,pct_emi_brasil,4.761904761904762,4.666666666666667,-0.0952380952380949,pp,
070603,Colpa Bélgica,influencia,pct_emi_chile,3.809523809523809,60.66666666666666,56.85714285714285,pp,
070603,Colpa Bélgica,influencia,pct_emi_espana,57.142857142857146,7.333333333333333,-49.80952380952381,pp,
070603,Colpa Bélgica,influencia,pct_emi_eeuu,5.238095238095238,5.333333333333333,0.0952380952380949,pp,
070603,Colpa Bélgica,influencia,fallecidos,95.0,145.0,52.63157894736843,%,3.5866289068112733
070603,Colpa Bélgica,influencia,edad_prom_fallecimiento,52.21176470588235,60.82517482517483,8.613410119292475,años,
070603,Colpa Bélgica,influencia,emigrantes_x1000,34.602076124567475,24.9708673214583,-9.631208803109175,‰,
070603,Colpa Bélgica,influencia,tasa_mortalidad,,4.994173464291659,,‰,
070603,Colpa Bélgica,influencia,idx_carencia,41.68389955686853,31.532941943900845,-10.150957612967687,índice,
070603,Colpa Bélgica,influencia,idx_calidad_vivienda,78.99556868537665,84.8010437051533,5.805475019776651,índice,
070603,Colpa Bélgica,influencia,crec_intercensal,,-0.08553332426101123,,%,-0.08553332426101123
