{
"type": "FeatureCollection",
"name": "geo_pailon",
"crs": { "type": "name", "properties": { "name": "urn:ogc:def:crs:OGC:1.3:CRS84" } },
"xy_coordinate_resolution": 1e-05,
"features": [
{ "type": "Feature", "properties": { "i": 0 }, "geometry": { "type": "Polygon", "coordinates": [ [ [ -62.68461, -18.01557 ], [ -62.68667, -18.01575 ], [ -62.68682, -18.01462 ], [ -62.68478, -18.01439 ], [ -62.68461, -18.01557 ] ] ] } },
{ "type": "Feature", "properties": { "i": 1 }, "geometry": { "type": "Polygon", "coordinates": [ [ [ -62.68784, -18.01547 ], [ -62.6887, -18.01556 ], [ -62.68896, -18.01344 ], [ -62.68716, -18.01328 ], [ -62.68693, -18.01522 ], [ -62.68784, -18.01533 ], [ -62.68784, -18.01547 ] ] ] } },
{ "type": "Feature", "properties": { "i": 2 }, "geometry": { "type": "Polygon", "coordinates": [ [ [ -62.6869, -18.01259 ], [ -62.68681, -18.01278 ], [ -62.68681, -18.01285 ], [ -62.68686, -18.01294 ], [ -62.68686, -18.01304 ], [ -62.68682, -18.01313 ], [ -62.68676, -18.01319 ], [ -62.68669, -18.01322 ], [ -62.68668, -18.01349 ], [ -62.68699, -18.01352 ], [ -62.68709, -18.01262 ], [ -62.6869, -18.01259 ] ] ] } },
{ "type": "Feature", "properties": { "i": 3 }, "geometry": { "type": "Polygon", "coordinates": [ [ [ -62.68723, -18.01318 ], [ -62.68817, -18.01328 ], [ -62.68823, -18.01275 ], [ -62.68821, -18.01273 ], [ -62.68722, -18.01264 ], [ -62.68718, -18.01315 ], [ -62.68723, -18.01318 ] ] ] } },
{ "type": "Feature", "properties": { "i": 4 }, "geometry": { "type": "Polygon", "coordinates": [ [ [ -62.68829, -18.01328 ], [ -62.68844, -18.0121 ], [ -62.68905, -18.01218 ], [ -62.68891, -18.01328 ], [ -62.68885, -18.01333 ], [ -62.68829, -18.01328 ] ] ] } },
{ "type": "Feature", "properties": { "i": 5 }, "geometry": { "type": "Polygon", "coordinates": [ [ [ -62.68825, -18.01264 ], [ -62.68832, -18.01209 ], [ -62.68731, -18.01199 ], [ -62.68724, -18.01253 ], [ -62.68821, -18.01266 ], [ -62.68825, -18.01264 ] ] ] } },
{ "type": "Feature", "properties": { "i": 6 }, "geometry": { "type": "Polygon", "coordinates": [ [ [ -62.68671, -18.01263 ], [ -62.68669, -18.01276 ], [ -62.68676, -18.01284 ], [ -62.68679, -18.01293 ], [ -62.68679, -18.01301 ], [ -62.68676, -18.01309 ], [ -62.68667, -18.01318 ], [ -62.6866, -18.01321 ], [ -62.68618, -18.01324 ], [ -62.6863, -18.01182 ], [ -62.68719, -18.01192 ], [ -62.68711, -18.0125 ], [ -62.68695, -18.0125 ], [ -62.68671, -18.01263 ] ] ] } },
{ "type": "Feature", "properties": { "i": 7 }, "geometry": { "type": "Polygon", "coordinates": [ [ [ -62.68845, -18.012 ], [ -62.68908, -18.01208 ], [ -62.68917, -18.01138 ], [ -62.68915, -18.01132 ], [ -62.68912, -18.0113 ], [ -62.68854, -18.01124 ], [ -62.68845, -18.012 ] ] ] } },
{ "type": "Feature", "properties": { "i": 8 }, "geometry": { "type": "Polygon", "coordinates": [ [ [ -62.68699, -18.01184 ], [ -62.68721, -18.01186 ], [ -62.68737, -18.01055 ], [ -62.68715, -18.01052 ], [ -62.68699, -18.01184 ] ] ] } },
{ "type": "Feature", "properties": { "i": 9 }, "geometry": { "type": "Polygon", "coordinates": [ [ [ -62.68751, -18.01046 ], [ -62.68928, -18.01067 ], [ -62.68934, -18.01011 ], [ -62.68759, -18.00993 ], [ -62.68756, -18.00995 ], [ -62.68751, -18.01046 ] ] ] } },
{ "type": "Feature", "properties": { "i": 10 }, "geometry": { "type": "Polygon", "coordinates": [ [ [ -62.68638, -18.01037 ], [ -62.68738, -18.01047 ], [ -62.68753, -18.00931 ], [ -62.68728, -18.00929 ], [ -62.68716, -18.00911 ], [ -62.68656, -18.00905 ], [ -62.68638, -18.01037 ] ] ] } },
{ "type": "Feature", "properties": { "i": 11 }, "geometry": { "type": "Polygon", "coordinates": [ [ [ -62.68759, -18.00984 ], [ -62.68861, -18.00994 ], [ -62.68867, -18.0094 ], [ -62.68821, -18.00934 ], [ -62.68825, -18.009 ], [ -62.68768, -18.00893 ], [ -62.68759, -18.00984 ] ] ] } },
{ "type": "Feature", "properties": { "i": 12 }, "geometry": { "type": "Polygon", "coordinates": [ [ [ -62.68732, -18.00918 ], [ -62.68755, -18.0092 ], [ -62.68765, -18.00826 ], [ -62.68716, -18.0082 ], [ -62.68713, -18.00854 ], [ -62.68724, -18.00856 ], [ -62.68719, -18.00905 ], [ -62.68732, -18.00918 ] ] ] } },
{ "type": "Feature", "properties": { "i": 13 }, "geometry": { "type": "Polygon", "coordinates": [ [ [ -62.6877, -17.93498 ], [ -62.68872, -17.93505 ], [ -62.68853, -17.93754 ], [ -62.68748, -17.93751 ], [ -62.6877, -17.93498 ] ] ] } },
{ "type": "Feature", "properties": { "i": 14 }, "geometry": { "type": "Polygon", "coordinates": [ [ [ -62.6826, -17.93711 ], [ -62.68264, -17.93671 ], [ -62.68344, -17.93679 ], [ -62.68338, -17.93776 ], [ -62.68167, -17.93761 ], [ -62.68172, -17.93662 ], [ -62.68258, -17.93671 ], [ -62.68254, -17.9371 ], [ -62.6826, -17.93711 ] ] ] } },
{ "type": "Feature", "properties": { "i": 15 }, "geometry": { "type": "Polygon", "coordinates": [ [ [ -62.68164, -17.93662 ], [ -62.67979, -17.93647 ], [ -62.67971, -17.9373 ], [ -62.68154, -17.93745 ], [ -62.68164, -17.93662 ] ] ] } },
{ "type": "Feature", "properties": { "i": 16 }, "geometry": { "type": "Polygon", "coordinates": [ [ [ -62.68532, -17.93711 ], [ -62.68524, -17.93792 ], [ -62.68511, -17.9388 ], [ -62.68607, -17.93888 ], [ -62.68615, -17.93794 ], [ -62.68734, -17.93809 ], [ -62.68757, -17.93496 ], [ -62.68522, -17.9348 ], [ -62.68518, -17.9359 ], [ -62.68532, -17.93711 ] ] ] } },
{ "type": "Feature", "properties": { "i": 17 }, "geometry": { "type": "Polygon", "coordinates": [ [ [ -62.68353, -17.93573 ], [ -62.68345, -17.93669 ], [ -62.68269, -17.93662 ], [ -62.68278, -17.93567 ], [ -62.68353, -17.93573 ] ] ] } },
{ "type": "Feature", "properties": { "i": 18 }, "geometry": { "type": "Polygon", "coordinates": [ [ [ -62.68265, -17.93566 ], [ -62.68256, -17.93657 ], [ -62.68254, -17.93659 ], [ -62.68173, -17.93653 ], [ -62.68184, -17.93559 ], [ -62.68265, -17.93566 ] ] ] } },
{ "type": "Feature", "properties": { "i": 19 }, "geometry": { "type": "Polygon", "coordinates": [ [ [ -62.68522, -17.93716 ], [ -62.68517, -17.937 ], [ -62.68517, -17.93664 ], [ -62.68506, -17.93605 ], [ -62.68505, -17.93581 ], [ -62.6851, -17.93482 ], [ -62.68508, -17.93479 ], [ -62.68373, -17.93469 ], [ -62.68357, -17.93676 ], [ -62.68393, -17.93679 ], [ -62.68388, -17.93791 ], [ -62.68515, -17.93791 ], [ -62.68522, -17.93716 ] ] ] } },
{ "type": "Feature", "properties": { "i": 20 }, "geometry": { "type": "Polygon", "coordinates": [ [ [ -62.68172, -17.93558 ], [ -62.68088, -17.93553 ], [ -62.68081, -17.93645 ], [ -62.68161, -17.93651 ], [ -62.68172, -17.93558 ] ] ] } },
{ "type": "Feature", "properties": { "i": 21 }, "geometry": { "type": "Polygon", "coordinates": [ [ [ -62.67986, -17.93637 ], [ -62.67982, -17.93633 ], [ -62.67993, -17.93543 ], [ -62.68074, -17.9355 ], [ -62.68068, -17.93639 ], [ -62.68065, -17.93643 ], [ -62.67986, -17.93637 ] ] ] } },
{ "type": "Feature", "properties": { "i": 22 }, "geometry": { "type": "Polygon", "coordinates": [ [ [ -62.68186, -17.93548 ], [ -62.68353, -17.9356 ], [ -62.68361, -17.93468 ], [ -62.68275, -17.93462 ], [ -62.68273, -17.93465 ], [ -62.68195, -17.93457 ], [ -62.68186, -17.93548 ] ] ] } },
{ "type": "Feature", "properties": { "i": 23 }, "geometry": { "type": "Polygon", "coordinates": [ [ [ -62.67895, -17.93539 ], [ -62.67898, -17.93537 ], [ -62.67982, -17.93543 ], [ -62.67961, -17.93728 ], [ -62.67934, -17.93727 ], [ -62.67938, -17.93677 ], [ -62.67867, -17.93674 ], [ -62.67895, -17.93539 ] ] ] } },
{ "type": "Feature", "properties": { "i": 24 }, "geometry": { "type": "Polygon", "coordinates": [ [ [ -62.67804, -17.93529 ], [ -62.67773, -17.93765 ], [ -62.67832, -17.93773 ], [ -62.6784, -17.93698 ], [ -62.67855, -17.93673 ], [ -62.67886, -17.93537 ], [ -62.67804, -17.93529 ] ] ] } },
{ "type": "Feature", "properties": { "i": 25 }, "geometry": { "type": "Polygon", "coordinates": [ [ [ -62.681, -17.93447 ], [ -62.68088, -17.93538 ], [ -62.68091, -17.93541 ], [ -62.68174, -17.93546 ], [ -62.68182, -17.93455 ], [ -62.681, -17.93447 ] ] ] } },
{ "type": "Feature", "properties": { "i": 26 }, "geometry": { "type": "Polygon", "coordinates": [ [ [ -62.68088, -17.93445 ], [ -62.68007, -17.93439 ], [ -62.67996, -17.93532 ], [ -62.68077, -17.93537 ], [ -62.68088, -17.93445 ] ] ] } },
{ "type": "Feature", "properties": { "i": 27 }, "geometry": { "type": "Polygon", "coordinates": [ [ [ -62.68302, -17.93351 ], [ -62.68381, -17.93357 ], [ -62.68383, -17.93359 ], [ -62.68375, -17.93451 ], [ -62.68291, -17.93443 ], [ -62.68302, -17.93351 ] ] ] } },
{ "type": "Feature", "properties": { "i": 28 }, "geometry": { "type": "Polygon", "coordinates": [ [ [ -62.67994, -17.93437 ], [ -62.6791, -17.93431 ], [ -62.67899, -17.93525 ], [ -62.67984, -17.93531 ], [ -62.67994, -17.93437 ] ] ] } },
{ "type": "Feature", "properties": { "i": 29 }, "geometry": { "type": "Polygon", "coordinates": [ [ [ -62.68291, -17.93348 ], [ -62.68209, -17.93342 ], [ -62.68199, -17.93436 ], [ -62.68278, -17.93442 ], [ -62.68291, -17.93348 ] ] ] } },
{ "type": "Feature", "properties": { "i": 30 }, "geometry": { "type": "Polygon", "coordinates": [ [ [ -62.67896, -17.93431 ], [ -62.67817, -17.93423 ], [ -62.67805, -17.93518 ], [ -62.67886, -17.93524 ], [ -62.67896, -17.93431 ] ] ] } },
{ "type": "Feature", "properties": { "i": 31 }, "geometry": { "type": "Polygon", "coordinates": [ [ [ -62.68194, -17.93345 ], [ -62.68192, -17.93341 ], [ -62.68115, -17.93334 ], [ -62.68104, -17.93429 ], [ -62.68183, -17.93435 ], [ -62.68194, -17.93345 ] ] ] } },
{ "type": "Feature", "properties": { "i": 32 }, "geometry": { "type": "Polygon", "coordinates": [ [ [ -62.67792, -17.93517 ], [ -62.67802, -17.93422 ], [ -62.67724, -17.93416 ], [ -62.67715, -17.93511 ], [ -62.67792, -17.93517 ] ] ] } },
{ "type": "Feature", "properties": { "i": 33 }, "geometry": { "type": "Polygon", "coordinates": [ [ [ -62.67515, -17.93597 ], [ -62.67506, -17.93585 ], [ -62.67505, -17.93577 ], [ -62.67532, -17.93391 ], [ -62.6761, -17.934 ], [ -62.67601, -17.93501 ], [ -62.67605, -17.93511 ], [ -62.67609, -17.93513 ], [ -62.67791, -17.9353 ], [ -62.67781, -17.93622 ], [ -62.67515, -17.93597 ] ] ] } },
{ "type": "Feature", "properties": { "i": 34 }, "geometry": { "type": "Polygon", "coordinates": [ [ [ -62.68024, -17.93327 ], [ -62.68019, -17.93329 ], [ -62.68018, -17.93332 ], [ -62.68009, -17.9342 ], [ -62.68092, -17.93426 ], [ -62.68102, -17.93335 ], [ -62.68099, -17.93333 ], [ -62.68024, -17.93327 ] ] ] } },
{ "type": "Feature", "properties": { "i": 35 }, "geometry": { "type": "Polygon", "coordinates": [ [ [ -62.68541, -17.93233 ], [ -62.6841, -17.93228 ], [ -62.68402, -17.93332 ], [ -62.68501, -17.93333 ], [ -62.68511, -17.93329 ], [ -62.68522, -17.9332 ], [ -62.68528, -17.93312 ], [ -62.68541, -17.93233 ] ] ] } },
{ "type": "Feature", "properties": { "i": 36 }, "geometry": { "type": "Polygon", "coordinates": [ [ [ -62.67624, -17.93504 ], [ -62.67617, -17.93501 ], [ -62.67614, -17.93495 ], [ -62.67622, -17.93404 ], [ -62.67712, -17.93415 ], [ -62.67705, -17.9351 ], [ -62.67624, -17.93504 ] ] ] } },
{ "type": "Feature", "properties": { "i": 37 }, "geometry": { "type": "Polygon", "coordinates": [ [ [ -62.68387, -17.93345 ], [ -62.68303, -17.93338 ], [ -62.68319, -17.93219 ], [ -62.68317, -17.93136 ], [ -62.68379, -17.93141 ], [ -62.68372, -17.93202 ], [ -62.68401, -17.93202 ], [ -62.68387, -17.93345 ] ] ] } },
{ "type": "Feature", "properties": { "i": 38 }, "geometry": { "type": "Polygon", "coordinates": [ [ [ -62.68296, -17.93227 ], [ -62.68223, -17.93223 ], [ -62.6821, -17.93331 ], [ -62.68292, -17.93337 ], [ -62.68305, -17.93234 ], [ -62.68302, -17.93229 ], [ -62.68296, -17.93227 ] ] ] } },
{ "type": "Feature", "properties": { "i": 39 }, "geometry": { "type": "Polygon", "coordinates": [ [ [ -62.67827, -17.93405 ], [ -62.67905, -17.9341 ], [ -62.67907, -17.93407 ], [ -62.67918, -17.93322 ], [ -62.67916, -17.93319 ], [ -62.67832, -17.93313 ], [ -62.67823, -17.93401 ], [ -62.67827, -17.93405 ] ] ] } },
{ "type": "Feature", "properties": { "i": 40 }, "geometry": { "type": "Polygon", "coordinates": [ [ [ -62.6749, -17.93611 ], [ -62.67323, -17.93578 ], [ -62.67312, -17.93672 ], [ -62.67304, -17.93665 ], [ -62.67273, -17.93646 ], [ -62.67234, -17.93614 ], [ -62.67198, -17.93577 ], [ -62.67228, -17.93365 ], [ -62.67233, -17.93358 ], [ -62.67522, -17.9339 ], [ -62.6749, -17.93611 ] ] ] } },
{ "type": "Feature", "properties": { "i": 41 }, "geometry": { "type": "Polygon", "coordinates": [ [ [ -62.6821, -17.93221 ], [ -62.68129, -17.93214 ], [ -62.68116, -17.93323 ], [ -62.68198, -17.93331 ], [ -62.6821, -17.93221 ] ] ] } },
{ "type": "Feature", "properties": { "i": 42 }, "geometry": { "type": "Polygon", "coordinates": [ [ [ -62.67649, -17.93298 ], [ -62.67818, -17.93311 ], [ -62.67808, -17.93402 ], [ -62.67802, -17.93405 ], [ -62.67631, -17.93385 ], [ -62.67629, -17.93378 ], [ -62.67638, -17.93306 ], [ -62.67641, -17.93301 ], [ -62.67649, -17.93298 ] ] ] } },
{ "type": "Feature", "properties": { "i": 43 }, "geometry": { "type": "Polygon", "coordinates": [ [ [ -62.68034, -17.9321 ], [ -62.68115, -17.93215 ], [ -62.68101, -17.93322 ], [ -62.68022, -17.93317 ], [ -62.68034, -17.9321 ] ] ] } },
{ "type": "Feature", "properties": { "i": 44 }, "geometry": { "type": "Polygon", "coordinates": [ [ [ -62.68021, -17.93207 ], [ -62.67942, -17.93201 ], [ -62.67932, -17.9331 ], [ -62.68008, -17.93316 ], [ -62.68021, -17.93207 ] ] ] } },
{ "type": "Feature", "properties": { "i": 45 }, "geometry": { "type": "Polygon", "coordinates": [ [ [ -62.67185, -17.93576 ], [ -62.6708, -17.93574 ], [ -62.67047, -17.93586 ], [ -62.66982, -17.93601 ], [ -62.66924, -17.93607 ], [ -62.66859, -17.93605 ], [ -62.66894, -17.93325 ], [ -62.67219, -17.93357 ], [ -62.67185, -17.93576 ] ] ] } },
{ "type": "Feature", "properties": { "i": 46 }, "geometry": { "type": "Polygon", "coordinates": [ [ [ -62.67928, -17.93199 ], [ -62.67843, -17.93194 ], [ -62.67834, -17.93302 ], [ -62.67918, -17.93308 ], [ -62.67928, -17.93199 ] ] ] } },
{ "type": "Feature", "properties": { "i": 47 }, "geometry": { "type": "Polygon", "coordinates": [ [ [ -62.68222, -17.93129 ], [ -62.68215, -17.93212 ], [ -62.6813, -17.93205 ], [ -62.6814, -17.93118 ], [ -62.68222, -17.93129 ] ] ] } },
{ "type": "Feature", "properties": { "i": 48 }, "geometry": { "type": "Polygon", "coordinates": [ [ [ -62.67447, -17.93296 ], [ -62.67435, -17.93361 ], [ -62.67523, -17.9337 ], [ -62.67534, -17.93238 ], [ -62.67469, -17.93235 ], [ -62.67447, -17.93296 ] ] ] } },
{ "type": "Feature", "properties": { "i": 49 }, "geometry": { "type": "Polygon", "coordinates": [ [ [ -62.67645, -17.93184 ], [ -62.67644, -17.93179 ], [ -62.67641, -17.93177 ], [ -62.67594, -17.93174 ], [ -62.6759, -17.93189 ], [ -62.6758, -17.93195 ], [ -62.67552, -17.93192 ], [ -62.67535, -17.93373 ], [ -62.67619, -17.93381 ], [ -62.67645, -17.93184 ] ] ] } },
{ "type": "Feature", "properties": { "i": 50 }, "geometry": { "type": "Polygon", "coordinates": [ [ [ -62.67738, -17.93294 ], [ -62.67739, -17.93252 ], [ -62.67749, -17.93194 ], [ -62.67753, -17.93186 ], [ -62.67828, -17.93192 ], [ -62.6782, -17.93299 ], [ -62.67738, -17.93294 ] ] ] } },
{ "type": "Feature", "properties": { "i": 51 }, "geometry": { "type": "Polygon", "coordinates": [ [ [ -62.6773, -17.93251 ], [ -62.67727, -17.93293 ], [ -62.67643, -17.93288 ], [ -62.67641, -17.93285 ], [ -62.67653, -17.93184 ], [ -62.67658, -17.9318 ], [ -62.67662, -17.9318 ], [ -62.67745, -17.93186 ], [ -62.67742, -17.93192 ], [ -62.6773, -17.93251 ] ] ] } },
{ "type": "Feature", "properties": { "i": 52 }, "geometry": { "type": "Polygon", "coordinates": [ [ [ -62.67841, -17.93182 ], [ -62.67838, -17.93119 ], [ -62.68095, -17.93114 ], [ -62.6813, -17.93118 ], [ -62.68121, -17.93199 ], [ -62.68116, -17.93203 ], [ -62.67845, -17.93184 ], [ -62.67841, -17.93182 ] ] ] } },
{ "type": "Feature", "properties": { "i": 53 }, "geometry": { "type": "Polygon", "coordinates": [ [ [ -62.67828, -17.93182 ], [ -62.67827, -17.9312 ], [ -62.67601, -17.93107 ], [ -62.67598, -17.93165 ], [ -62.67828, -17.93182 ] ] ] } },
{ "type": "Feature", "properties": { "i": 54 }, "geometry": { "type": "Polygon", "coordinates": [ [ [ -62.63695, -17.92341 ], [ -62.63702, -17.92184 ], [ -62.63329, -17.92168 ], [ -62.63311, -17.92318 ], [ -62.63695, -17.92341 ] ] ] } },
{ "type": "Feature", "properties": { "i": 55 }, "geometry": { "type": "Polygon", "coordinates": [ [ [ -62.63707, -17.92103 ], [ -62.63549, -17.92096 ], [ -62.63546, -17.92162 ], [ -62.63703, -17.92167 ], [ -62.63707, -17.92103 ] ] ] } },
{ "type": "Feature", "properties": { "i": 56 }, "geometry": { "type": "Polygon", "coordinates": [ [ [ -62.63533, -17.92095 ], [ -62.63349, -17.92086 ], [ -62.63338, -17.92154 ], [ -62.63529, -17.92161 ], [ -62.63533, -17.92095 ] ] ] } },
{ "type": "Feature", "properties": { "i": 57 }, "geometry": { "type": "Polygon", "coordinates": [ [ [ -62.63707, -17.91982 ], [ -62.63555, -17.91975 ], [ -62.63549, -17.92082 ], [ -62.63701, -17.92088 ], [ -62.63707, -17.91982 ] ] ] } },
{ "type": "Feature", "properties": { "i": 58 }, "geometry": { "type": "Polygon", "coordinates": [ [ [ -62.63539, -17.91974 ], [ -62.63423, -17.91969 ], [ -62.63414, -17.91982 ], [ -62.63404, -17.91988 ], [ -62.63391, -17.91991 ], [ -62.63377, -17.91989 ], [ -62.63363, -17.9198 ], [ -62.6335, -17.92074 ], [ -62.63533, -17.92082 ], [ -62.63539, -17.91974 ] ] ] } },
{ "type": "Feature", "properties": { "i": 59 }, "geometry": { "type": "Polygon", "coordinates": [ [ [ -62.63708, -17.91968 ], [ -62.63713, -17.9186 ], [ -62.6356, -17.91852 ], [ -62.63556, -17.91961 ], [ -62.63708, -17.91968 ] ] ] } },
{ "type": "Feature", "properties": { "i": 60 }, "geometry": { "type": "Polygon", "coordinates": [ [ [ -62.63543, -17.91857 ], [ -62.63537, -17.91851 ], [ -62.63381, -17.91844 ], [ -62.63369, -17.91952 ], [ -62.63539, -17.9196 ], [ -62.63543, -17.91857 ] ] ] } },
{ "type": "Feature", "properties": { "i": 61 }, "geometry": { "type": "Polygon", "coordinates": [ [ [ -62.63718, -17.91847 ], [ -62.63724, -17.91739 ], [ -62.63566, -17.91732 ], [ -62.63561, -17.91838 ], [ -62.63718, -17.91847 ] ] ] } },
{ "type": "Feature", "properties": { "i": 62 }, "geometry": { "type": "Polygon", "coordinates": [ [ [ -62.63543, -17.91833 ], [ -62.63434, -17.91829 ], [ -62.63439, -17.91724 ], [ -62.63548, -17.91729 ], [ -62.63543, -17.91833 ] ] ] } },
{ "type": "Feature", "properties": { "i": 63 }, "geometry": { "type": "Polygon", "coordinates": [ [ [ -62.63424, -17.91828 ], [ -62.63382, -17.91827 ], [ -62.63394, -17.9173 ], [ -62.63398, -17.91649 ], [ -62.63414, -17.91614 ], [ -62.63431, -17.91594 ], [ -62.63454, -17.91583 ], [ -62.63554, -17.91585 ], [ -62.6355, -17.91714 ], [ -62.6343, -17.9171 ], [ -62.63424, -17.91828 ] ] ] } },
{ "type": "Feature", "properties": { "i": 64 }, "geometry": { "type": "Polygon", "coordinates": [ [ [ -62.63429, -17.91581 ], [ -62.63403, -17.91606 ], [ -62.634, -17.91579 ], [ -62.63526, -17.91457 ], [ -62.63561, -17.91455 ], [ -62.63554, -17.91572 ], [ -62.63451, -17.9157 ], [ -62.63439, -17.91574 ], [ -62.63429, -17.91581 ] ] ] } },
{ "type": "Feature", "properties": { "i": 65 }, "geometry": { "type": "Polygon", "coordinates": [ [ [ -62.66843, -17.90697 ], [ -62.6684, -17.90692 ], [ -62.66816, -17.90691 ], [ -62.66812, -17.90713 ], [ -62.66841, -17.90716 ], [ -62.66843, -17.90697 ] ] ] } },
{ "type": "Feature", "properties": { "i": 66 }, "geometry": { "type": "Polygon", "coordinates": [ [ [ -62.66803, -17.90708 ], [ -62.6681, -17.90638 ], [ -62.6676, -17.90634 ], [ -62.66751, -17.90711 ], [ -62.66796, -17.90714 ], [ -62.66803, -17.90708 ] ] ] } },
{ "type": "Feature", "properties": { "i": 67 }, "geometry": { "type": "Polygon", "coordinates": [ [ [ -62.66887, -17.90557 ], [ -62.66885, -17.90554 ], [ -62.66834, -17.90551 ], [ -62.66826, -17.90623 ], [ -62.66879, -17.90627 ], [ -62.66887, -17.90557 ] ] ] } },
{ "type": "Feature", "properties": { "i": 68 }, "geometry": { "type": "Polygon", "coordinates": [ [ [ -62.63745, -17.91349 ], [ -62.63591, -17.91342 ], [ -62.63593, -17.91289 ], [ -62.63749, -17.91294 ], [ -62.63745, -17.91349 ] ] ] } },
{ "type": "Feature", "properties": { "i": 69 }, "geometry": { "type": "Polygon", "coordinates": [ [ [ -62.66812, -17.90622 ], [ -62.66763, -17.90619 ], [ -62.66772, -17.90547 ], [ -62.66821, -17.9055 ], [ -62.66812, -17.90622 ] ] ] } },
{ "type": "Feature", "properties": { "i": 70 }, "geometry": { "type": "Polygon", "coordinates": [ [ [ -62.63375, -17.91384 ], [ -62.63565, -17.91394 ], [ -62.63571, -17.91292 ], [ -62.63369, -17.91283 ], [ -62.63375, -17.91384 ] ] ] } },
{ "type": "Feature", "properties": { "i": 71 }, "geometry": { "type": "Polygon", "coordinates": [ [ [ -62.63754, -17.91174 ], [ -62.63598, -17.91169 ], [ -62.63592, -17.91271 ], [ -62.63748, -17.91276 ], [ -62.63754, -17.91174 ] ] ] } },
{ "type": "Feature", "properties": { "i": 72 }, "geometry": { "type": "Polygon", "coordinates": [ [ [ -62.63538, -17.90999 ], [ -62.63443, -17.90998 ], [ -62.63449, -17.91069 ], [ -62.63534, -17.91073 ], [ -62.63538, -17.90999 ] ] ] } },
{ "type": "Feature", "properties": { "i": 73 }, "geometry": { "type": "Polygon", "coordinates": [ [ [ -62.70663, -17.721 ], [ -62.70607, -17.7209 ], [ -62.70545, -17.72087 ], [ -62.70537, -17.72146 ], [ -62.7069, -17.72152 ], [ -62.70663, -17.721 ] ] ] } },
{ "type": "Feature", "properties": { "i": 74 }, "geometry": { "type": "Polygon", "coordinates": [ [ [ -62.70647, -17.72088 ], [ -62.70695, -17.7209 ], [ -62.70722, -17.72096 ], [ -62.70749, -17.72099 ], [ -62.70747, -17.72078 ], [ -62.7075, -17.72049 ], [ -62.70753, -17.71966 ], [ -62.70728, -17.71981 ], [ -62.70688, -17.71994 ], [ -62.70626, -17.72003 ], [ -62.70627, -17.72031 ], [ -62.70647, -17.72088 ] ] ] } },
{ "type": "Feature", "properties": { "i": 75 }, "geometry": { "type": "Polygon", "coordinates": [ [ [ -62.70633, -17.72086 ], [ -62.7057, -17.7208 ], [ -62.70567, -17.72078 ], [ -62.70554, -17.72011 ], [ -62.70616, -17.72005 ], [ -62.70635, -17.72083 ], [ -62.70633, -17.72086 ] ] ] } },
{ "type": "Feature", "properties": { "i": 76 }, "geometry": { "type": "Polygon", "coordinates": [ [ [ -62.70552, -17.72068 ], [ -62.70543, -17.72012 ], [ -62.70353, -17.72028 ], [ -62.70353, -17.72034 ], [ -62.70544, -17.72077 ], [ -62.70552, -17.72068 ] ] ] } },
{ "type": "Feature", "properties": { "i": 77 }, "geometry": { "type": "Polygon", "coordinates": [ [ [ -62.70781, -17.71938 ], [ -62.70769, -17.71878 ], [ -62.7068, -17.71862 ], [ -62.70662, -17.71904 ], [ -62.70649, -17.7197 ], [ -62.70634, -17.71977 ], [ -62.70636, -17.71993 ], [ -62.70686, -17.71986 ], [ -62.70727, -17.71974 ], [ -62.70781, -17.71938 ] ] ] } },
{ "type": "Feature", "properties": { "i": 78 }, "geometry": { "type": "GeometryCollection", "geometries": [ { "type": "Polygon", "coordinates": [ [ [ -62.70631, -17.71994 ], [ -62.70628, -17.71974 ], [ -62.70644, -17.71965 ], [ -62.70663, -17.7188 ], [ -62.70623, -17.71862 ], [ -62.70616, -17.7185 ], [ -62.70569, -17.71841 ], [ -62.7053, -17.71842 ], [ -62.70538, -17.7191 ], [ -62.70555, -17.71912 ], [ -62.70539, -17.71911 ], [ -62.70549, -17.71997 ], [ -62.70552, -17.72001 ], [ -62.70631, -17.71994 ] ] ] }, { "type": "LineString", "coordinates": [ [ -62.70555, -17.71912 ], [ -62.70565, -17.71917 ] ] } ] } },
{ "type": "Feature", "properties": { "i": 79 }, "geometry": { "type": "Polygon", "coordinates": [ [ [ -62.70541, -17.72 ], [ -62.70382, -17.72013 ], [ -62.70396, -17.71816 ], [ -62.70401, -17.71807 ], [ -62.70407, -17.71805 ], [ -62.70521, -17.71831 ], [ -62.70536, -17.71945 ], [ -62.70541, -17.72 ] ] ] } },
{ "type": "Feature", "properties": { "i": 80 }, "geometry": { "type": "Polygon", "coordinates": [ [ [ -62.71636, -17.68139 ], [ -62.71634, -17.68135 ], [ -62.71553, -17.68132 ], [ -62.71529, -17.68445 ], [ -62.71502, -17.68997 ], [ -62.71556, -17.68948 ], [ -62.71626, -17.6826 ], [ -62.71636, -17.68139 ] ] ] } },
{ "type": "Feature", "properties": { "i": 81 }, "geometry": { "type": "Polygon", "coordinates": [ [ [ -62.71609, -17.6854 ], [ -62.71589, -17.68731 ], [ -62.71648, -17.6873 ], [ -62.71668, -17.68539 ], [ -62.71609, -17.6854 ] ] ] } },
{ "type": "Feature", "properties": { "i": 82 }, "geometry": { "type": "Polygon", "coordinates": [ [ [ -62.7161, -17.68524 ], [ -62.71612, -17.68527 ], [ -62.71669, -17.68526 ], [ -62.71687, -17.68334 ], [ -62.7163, -17.68334 ], [ -62.7161, -17.68524 ] ] ] } },
{ "type": "Feature", "properties": { "i": 83 }, "geometry": { "type": "Polygon", "coordinates": [ [ [ -62.71652, -17.68135 ], [ -62.71648, -17.68138 ], [ -62.71631, -17.6832 ], [ -62.71689, -17.68322 ], [ -62.71706, -17.68139 ], [ -62.71701, -17.68135 ], [ -62.71652, -17.68135 ] ] ] } },
{ "type": "Feature", "properties": { "i": 84 }, "geometry": { "type": "Polygon", "coordinates": [ [ [ -62.71461, -17.68 ], [ -62.71369, -17.67995 ], [ -62.71322, -17.6844 ], [ -62.71419, -17.68436 ], [ -62.71461, -17.68 ] ] ] } },
{ "type": "Feature", "properties": { "i": 85 }, "geometry": { "type": "Polygon", "coordinates": [ [ [ -62.71656, -17.68125 ], [ -62.7165, -17.68121 ], [ -62.7165, -17.68119 ], [ -62.7167, -17.67932 ], [ -62.71726, -17.67933 ], [ -62.71708, -17.68122 ], [ -62.71704, -17.68126 ], [ -62.71656, -17.68125 ] ] ] } },
{ "type": "Feature", "properties": { "i": 86 }, "geometry": { "type": "Polygon", "coordinates": [ [ [ -62.716, -17.67641 ], [ -62.71614, -17.67569 ], [ -62.71619, -17.67563 ], [ -62.71692, -17.6757 ], [ -62.71695, -17.67573 ], [ -62.71674, -17.67799 ], [ -62.7167, -17.67801 ], [ -62.71613, -17.67804 ], [ -62.7167, -17.67802 ], [ -62.71673, -17.67805 ], [ -62.71638, -17.68127 ], [ -62.71541, -17.68122 ], [ -62.71538, -17.68127 ], [ -62.71528, -17.68135 ], [ -62.71512, -17.68141 ], [ -62.71457, -17.68136 ], [ -62.71501, -17.67712 ], [ -62.71579, -17.67714 ], [ -62.71588, -17.67711 ], [ -62.71594, -17.67705 ], [ -62.71596, -17.67699 ], [ -62.716, -17.67641 ] ] ] } },
{ "type": "Feature", "properties": { "i": 87 }, "geometry": { "type": "Polygon", "coordinates": [ [ [ -62.71787, -17.67868 ], [ -62.71745, -17.67866 ], [ -62.71738, -17.6792 ], [ -62.71782, -17.67922 ], [ -62.71787, -17.67868 ] ] ] } },
{ "type": "Feature", "properties": { "i": 88 }, "geometry": { "type": "Polygon", "coordinates": [ [ [ -62.72091, -17.67793 ], [ -62.72091, -17.67816 ], [ -62.7205, -17.67846 ], [ -62.71877, -17.67847 ], [ -62.71881, -17.67794 ], [ -62.72091, -17.67793 ] ] ] } },
{ "type": "Feature", "properties": { "i": 89 }, "geometry": { "type": "Polygon", "coordinates": [ [ [ -62.71354, -17.67987 ], [ -62.71461, -17.67994 ], [ -62.71487, -17.67719 ], [ -62.71142, -17.6768 ], [ -62.71134, -17.67737 ], [ -62.71295, -17.67753 ], [ -62.71294, -17.67758 ], [ -62.71133, -17.67743 ], [ -62.71126, -17.67801 ], [ -62.71196, -17.6781 ], [ -62.7127, -17.67816 ], [ -62.71269, -17.67822 ], [ -62.71126, -17.67808 ], [ -62.7112, -17.67867 ], [ -62.71269, -17.67883 ], [ -62.71268, -17.67887 ], [ -62.71121, -17.67873 ], [ -62.71114, -17.67933 ], [ -62.71285, -17.6795 ], [ -62.71285, -17.67955 ], [ -62.71114, -17.67938 ], [ -62.71107, -17.67999 ], [ -62.71289, -17.68018 ], [ -62.71288, -17.68022 ], [ -62.71106, -17.68004 ], [ -62.711, -17.68066 ], [ -62.7126, -17.68081 ], [ -62.7126, -17.68087 ], [ -62.71098, -17.68071 ], [ -62.71092, -17.68131 ], [ -62.71253, -17.68147 ], [ -62.71252, -17.68152 ], [ -62.71091, -17.68138 ], [ -62.71085, -17.68196 ], [ -62.71271, -17.68212 ], [ -62.7127, -17.68221 ], [ -62.71084, -17.68204 ], [ -62.7108, -17.68261 ], [ -62.71324, -17.68286 ], [ -62.71354, -17.67987 ] ] ] } },
{ "type": "Feature", "properties": { "i": 90 }, "geometry": { "type": "Polygon", "coordinates": [ [ [ -62.72096, -17.67726 ], [ -62.71888, -17.67728 ], [ -62.71883, -17.67781 ], [ -62.72092, -17.6778 ], [ -62.72096, -17.67726 ] ] ] } },
{ "type": "Feature", "properties": { "i": 91 }, "geometry": { "type": "Polygon", "coordinates": [ [ [ -62.71111, -17.67874 ], [ -62.71053, -17.67869 ], [ -62.71046, -17.67929 ], [ -62.71042, -17.67933 ], [ -62.70933, -17.67926 ], [ -62.70924, -17.68046 ], [ -62.7109, -17.68062 ], [ -62.71097, -17.68002 ], [ -62.7104, -17.67997 ], [ -62.7104, -17.67995 ], [ -62.71097, -17.68 ], [ -62.71111, -17.67874 ] ] ] } },
{ "type": "Feature", "properties": { "i": 92 }, "geometry": { "type": "Polygon", "coordinates": [ [ [ -62.71758, -17.67735 ], [ -62.71799, -17.67736 ], [ -62.71788, -17.67858 ], [ -62.71745, -17.67855 ], [ -62.71758, -17.67735 ] ] ] } },
{ "type": "Feature", "properties": { "i": 93 }, "geometry": { "type": "Polygon", "coordinates": [ [ [ -62.71893, -17.67662 ], [ -62.71889, -17.67715 ], [ -62.72098, -17.67714 ], [ -62.72101, -17.67661 ], [ -62.71893, -17.67662 ] ] ] } },
{ "type": "Feature", "properties": { "i": 94 }, "geometry": { "type": "Polygon", "coordinates": [ [ [ -62.70689, -17.67985 ], [ -62.70583, -17.67947 ], [ -62.70555, -17.67992 ], [ -62.70668, -17.68031 ], [ -62.70689, -17.67985 ] ] ] } },
{ "type": "Feature", "properties": { "i": 95 }, "geometry": { "type": "Polygon", "coordinates": [ [ [ -62.7073, -17.68055 ], [ -62.70677, -17.68035 ], [ -62.70738, -17.67898 ], [ -62.70792, -17.67918 ], [ -62.7073, -17.68055 ] ] ] } },
{ "type": "Feature", "properties": { "i": 96 }, "geometry": { "type": "Polygon", "coordinates": [ [ [ -62.71044, -17.67868 ], [ -62.70935, -17.6786 ], [ -62.70931, -17.67915 ], [ -62.71038, -17.67922 ], [ -62.71044, -17.67868 ] ] ] } },
{ "type": "Feature", "properties": { "i": 97 }, "geometry": { "type": "Polygon", "coordinates": [ [ [ -62.76929, -17.66608 ], [ -62.76776, -17.66554 ], [ -62.76767, -17.6655 ], [ -62.76737, -17.66527 ], [ -62.76708, -17.66514 ], [ -62.76671, -17.66503 ], [ -62.76612, -17.66491 ], [ -62.76587, -17.66483 ], [ -62.76567, -17.66483 ], [ -62.76552, -17.66489 ], [ -62.76659, -17.66509 ], [ -62.76689, -17.66518 ], [ -62.7671, -17.66527 ], [ -62.76738, -17.66545 ], [ -62.76818, -17.66608 ], [ -62.76927, -17.66616 ], [ -62.76929, -17.66608 ] ] ] } },
{ "type": "Feature", "properties": { "i": 98 }, "geometry": { "type": "Polygon", "coordinates": [ [ [ -62.76967, -17.66471 ], [ -62.77072, -17.66488 ], [ -62.77101, -17.6658 ], [ -62.77102, -17.6659 ], [ -62.77089, -17.66621 ], [ -62.76941, -17.66602 ], [ -62.76963, -17.66473 ], [ -62.76967, -17.66471 ] ] ] } },
{ "type": "Feature", "properties": { "i": 99 }, "geometry": { "type": "Polygon", "coordinates": [ [ [ -62.71061, -17.67803 ], [ -62.71119, -17.67808 ], [ -62.71113, -17.67865 ], [ -62.71054, -17.6786 ], [ -62.71061, -17.67803 ] ] ] } },
{ "type": "Feature", "properties": { "i": 100 }, "geometry": { "type": "Polygon", "coordinates": [ [ [ -62.71901, -17.67595 ], [ -62.71896, -17.67647 ], [ -62.72103, -17.67646 ], [ -62.72108, -17.67594 ], [ -62.71901, -17.67595 ] ] ] } },
{ "type": "Feature", "properties": { "i": 101 }, "geometry": { "type": "Polygon", "coordinates": [ [ [ -62.70937, -17.67849 ], [ -62.71045, -17.67859 ], [ -62.71051, -17.67803 ], [ -62.70939, -17.67794 ], [ -62.70937, -17.67849 ] ] ] } },
{ "type": "Feature", "properties": { "i": 102 }, "geometry": { "type": "Polygon", "coordinates": [ [ [ -62.76878, -17.66555 ], [ -62.76935, -17.66571 ], [ -62.76952, -17.66471 ], [ -62.76896, -17.66462 ], [ -62.76878, -17.66555 ] ] ] } },
{ "type": "Feature", "properties": { "i": 103 }, "geometry": { "type": "Polygon", "coordinates": [ [ [ -62.70487, -17.6797 ], [ -62.70539, -17.67988 ], [ -62.70624, -17.67863 ], [ -62.70572, -17.67844 ], [ -62.70487, -17.6797 ] ] ] } },
{ "type": "Feature", "properties": { "i": 104 }, "geometry": { "type": "Polygon", "coordinates": [ [ [ -62.70745, -17.67886 ], [ -62.708, -17.67906 ], [ -62.70849, -17.67796 ], [ -62.70795, -17.67778 ], [ -62.70745, -17.67886 ] ] ] } },
{ "type": "Feature", "properties": { "i": 105 }, "geometry": { "type": "Polygon", "coordinates": [ [ [ -62.70736, -17.67881 ], [ -62.70756, -17.67836 ], [ -62.70611, -17.67788 ], [ -62.70581, -17.67835 ], [ -62.70728, -17.67883 ], [ -62.70736, -17.67881 ] ] ] } },
{ "type": "Feature", "properties": { "i": 106 }, "geometry": { "type": "Polygon", "coordinates": [ [ [ -62.71904, -17.67528 ], [ -62.71903, -17.67582 ], [ -62.7211, -17.67582 ], [ -62.72112, -17.67529 ], [ -62.71904, -17.67528 ] ] ] } },
{ "type": "Feature", "properties": { "i": 107 }, "geometry": { "type": "Polygon", "coordinates": [ [ [ -62.71779, -17.67529 ], [ -62.7182, -17.67531 ], [ -62.71807, -17.67657 ], [ -62.71766, -17.67656 ], [ -62.71779, -17.67529 ] ] ] } },
{ "type": "Feature", "properties": { "i": 108 }, "geometry": { "type": "Polygon", "coordinates": [ [ [ -62.76816, -17.66533 ], [ -62.76869, -17.66549 ], [ -62.7689, -17.66426 ], [ -62.76833, -17.66417 ], [ -62.76815, -17.66529 ], [ -62.76816, -17.66533 ] ] ] } },
{ "type": "Feature", "properties": { "i": 109 }, "geometry": { "type": "Polygon", "coordinates": [ [ [ -62.71766, -17.67532 ], [ -62.7175, -17.67719 ], [ -62.71745, -17.67723 ], [ -62.71693, -17.67721 ], [ -62.7171, -17.6753 ], [ -62.71712, -17.67528 ], [ -62.71762, -17.67528 ], [ -62.71766, -17.67532 ] ] ] } },
{ "type": "Feature", "properties": { "i": 110 }, "geometry": { "type": "Polygon", "coordinates": [ [ [ -62.76575, -17.66518 ], [ -62.7651, -17.66512 ], [ -62.76445, -17.66509 ], [ -62.76442, -17.66576 ], [ -62.76779, -17.66607 ], [ -62.76758, -17.66587 ], [ -62.76724, -17.66562 ], [ -62.76681, -17.66539 ], [ -62.7665, -17.66528 ], [ -62.76575, -17.66518 ] ] ] } },
{ "type": "Feature", "properties": { "i": 111 }, "geometry": { "type": "Polygon", "coordinates": [ [ [ -62.7159, -17.677 ], [ -62.71595, -17.67629 ], [ -62.71604, -17.67561 ], [ -62.71517, -17.67553 ], [ -62.71501, -17.67701 ], [ -62.71562, -17.67704 ], [ -62.71564, -17.67701 ], [ -62.71571, -17.67632 ], [ -62.71574, -17.67632 ], [ -62.71567, -17.67705 ], [ -62.71569, -17.67707 ], [ -62.71583, -17.67708 ], [ -62.7159, -17.677 ] ] ] } },
{ "type": "Feature", "properties": { "i": 112 }, "geometry": { "type": "Polygon", "coordinates": [ [ [ -62.76803, -17.6653 ], [ -62.76729, -17.66513 ], [ -62.76723, -17.66505 ], [ -62.76722, -17.66499 ], [ -62.76739, -17.66402 ], [ -62.76821, -17.66416 ], [ -62.76803, -17.6653 ] ] ] } },
{ "type": "Feature", "properties": { "i": 113 }, "geometry": { "type": "Polygon", "coordinates": [ [ [ -62.71488, -17.67698 ], [ -62.71505, -17.67551 ], [ -62.71453, -17.67546 ], [ -62.71436, -17.67692 ], [ -62.71439, -17.67695 ], [ -62.71488, -17.67698 ] ] ] } },
{ "type": "Feature", "properties": { "i": 114 }, "geometry": { "type": "Polygon", "coordinates": [ [ [ -62.70897, -17.67777 ], [ -62.71117, -17.67799 ], [ -62.71124, -17.67743 ], [ -62.70983, -17.67725 ], [ -62.70983, -17.6772 ], [ -62.71125, -17.67736 ], [ -62.7113, -17.67679 ], [ -62.70947, -17.67659 ], [ -62.70897, -17.67777 ] ] ] } },
{ "type": "Feature", "properties": { "i": 115 }, "geometry": { "type": "Polygon", "coordinates": [ [ [ -62.71908, -17.67517 ], [ -62.72113, -17.67517 ], [ -62.72115, -17.67516 ], [ -62.72119, -17.67463 ], [ -62.72117, -17.67461 ], [ -62.71912, -17.67461 ], [ -62.71909, -17.67464 ], [ -62.71906, -17.67515 ], [ -62.71908, -17.67517 ] ] ] } },
{ "type": "Feature", "properties": { "i": 116 }, "geometry": { "type": "Polygon", "coordinates": [ [ [ -62.76911, -17.66357 ], [ -62.76895, -17.66452 ], [ -62.76956, -17.6646 ], [ -62.7697, -17.66367 ], [ -62.76968, -17.66365 ], [ -62.76911, -17.66357 ] ] ] } },
{ "type": "Feature", "properties": { "i": 117 }, "geometry": { "type": "Polygon", "coordinates": [ [ [ -62.70621, -17.67777 ], [ -62.70761, -17.67823 ], [ -62.70783, -17.67776 ], [ -62.70652, -17.67733 ], [ -62.70621, -17.67777 ] ] ] } },
{ "type": "Feature", "properties": { "i": 118 }, "geometry": { "type": "Polygon", "coordinates": [ [ [ -62.70773, -17.67761 ], [ -62.70859, -17.67787 ], [ -62.70885, -17.6773 ], [ -62.70801, -17.67704 ], [ -62.7077, -17.67753 ], [ -62.70769, -17.67757 ], [ -62.70773, -17.67761 ] ] ] } },
{ "type": "Feature", "properties": { "i": 119 }, "geometry": { "type": "Polygon", "coordinates": [ [ [ -62.71368, -17.67696 ], [ -62.71365, -17.67691 ], [ -62.7138, -17.67538 ], [ -62.71441, -17.67544 ], [ -62.71426, -17.67691 ], [ -62.71421, -17.67696 ], [ -62.71368, -17.67696 ] ] ] } },
{ "type": "Feature", "properties": { "i": 120 }, "geometry": { "type": "Polygon", "coordinates": [ [ [ -62.70522, -17.67865 ], [ -62.70532, -17.6787 ], [ -62.70673, -17.67654 ], [ -62.70605, -17.67633 ], [ -62.70601, -17.67691 ], [ -62.70603, -17.67632 ], [ -62.70543, -17.67628 ], [ -62.70539, -17.67632 ], [ -62.70522, -17.67865 ] ] ] } },
{ "type": "Feature", "properties": { "i": 121 }, "geometry": { "type": "Polygon", "coordinates": [ [ [ -62.76726, -17.66402 ], [ -62.76627, -17.66384 ], [ -62.76616, -17.66466 ], [ -62.76617, -17.66473 ], [ -62.76622, -17.66476 ], [ -62.7671, -17.66501 ], [ -62.76712, -17.665 ], [ -62.76726, -17.66402 ] ] ] } },
{ "type": "Feature", "properties": { "i": 122 }, "geometry": { "type": "Polygon", "coordinates": [ [ [ -62.71276, -17.67683 ], [ -62.71352, -17.67692 ], [ -62.71355, -17.67689 ], [ -62.7137, -17.67541 ], [ -62.71368, -17.67538 ], [ -62.71322, -17.67535 ], [ -62.71317, -17.67531 ], [ -62.71287, -17.67528 ], [ -62.71276, -17.67683 ] ] ] } },
{ "type": "Feature", "properties": { "i": 123 }, "geometry": { "type": "Polygon", "coordinates": [ [ [ -62.71785, -17.67464 ], [ -62.71825, -17.67465 ], [ -62.71821, -17.67519 ], [ -62.7178, -17.67518 ], [ -62.71785, -17.67464 ] ] ] } },
{ "type": "Feature", "properties": { "i": 124 }, "geometry": { "type": "Polygon", "coordinates": [ [ [ -62.76594, -17.66474 ], [ -62.76547, -17.66472 ], [ -62.76555, -17.66392 ], [ -62.76613, -17.66398 ], [ -62.76603, -17.66466 ], [ -62.76599, -17.66472 ], [ -62.76594, -17.66474 ] ] ] } },
{ "type": "Feature", "properties": { "i": 125 }, "geometry": { "type": "Polygon", "coordinates": [ [ [ -62.7081, -17.67695 ], [ -62.7089, -17.6772 ], [ -62.70916, -17.67665 ], [ -62.70846, -17.67642 ], [ -62.7081, -17.67695 ] ] ] } },
{ "type": "Feature", "properties": { "i": 126 }, "geometry": { "type": "Polygon", "coordinates": [ [ [ -62.71918, -17.67397 ], [ -62.71916, -17.67399 ], [ -62.71913, -17.6745 ], [ -62.72119, -17.67451 ], [ -62.7212, -17.67449 ], [ -62.72124, -17.67399 ], [ -62.72122, -17.67396 ], [ -62.71918, -17.67397 ] ] ] } },
{ "type": "Feature", "properties": { "i": 127 }, "geometry": { "type": "Polygon", "coordinates": [ [ [ -62.70749, -17.67753 ], [ -62.70757, -17.67751 ], [ -62.70791, -17.67701 ], [ -62.70693, -17.6767 ], [ -62.70659, -17.6772 ], [ -62.70749, -17.67753 ] ] ] } },
{ "type": "Feature", "properties": { "i": 128 }, "geometry": { "type": "Polygon", "coordinates": [ [ [ -62.71909, -17.67331 ], [ -62.71852, -17.67333 ], [ -62.71834, -17.67518 ], [ -62.71894, -17.67519 ], [ -62.71909, -17.67331 ] ] ] } },
{ "type": "Feature", "properties": { "i": 129 }, "geometry": { "type": "Polygon", "coordinates": [ [ [ -62.71699, -17.67522 ], [ -62.71633, -17.67521 ], [ -62.71633, -17.67523 ], [ -62.71699, -17.67524 ], [ -62.71696, -17.67556 ], [ -62.71693, -17.67557 ], [ -62.71629, -17.67554 ], [ -62.7152, -17.6754 ], [ -62.71534, -17.67406 ], [ -62.71621, -17.6742 ], [ -62.71617, -17.6746 ], [ -62.71702, -17.67464 ], [ -62.71704, -17.67466 ], [ -62.71699, -17.67522 ] ] ] } },
{ "type": "Feature", "properties": { "i": 130 }, "geometry": { "type": "Polygon", "coordinates": [ [ [ -62.7107, -17.67572 ], [ -62.70994, -17.67565 ], [ -62.70955, -17.67649 ], [ -62.71063, -17.6766 ], [ -62.71066, -17.67658 ], [ -62.7107, -17.67572 ] ] ] } },
{ "type": "Feature", "properties": { "i": 131 }, "geometry": { "type": "Polygon", "coordinates": [ [ [ -62.71832, -17.67398 ], [ -62.71793, -17.67396 ], [ -62.71788, -17.67449 ], [ -62.71827, -17.67451 ], [ -62.71832, -17.67398 ] ] ] } },
{ "type": "Feature", "properties": { "i": 132 }, "geometry": { "type": "Polygon", "coordinates": [ [ [ -62.70914, -17.67652 ], [ -62.70922, -17.67652 ], [ -62.7095, -17.67597 ], [ -62.70889, -17.67581 ], [ -62.70855, -17.67633 ], [ -62.70914, -17.67652 ] ] ] } },
{ "type": "Feature", "properties": { "i": 133 }, "geometry": { "type": "Polygon", "coordinates": [ [ [ -62.70701, -17.67661 ], [ -62.70796, -17.67691 ], [ -62.70827, -17.67646 ], [ -62.7083, -17.67638 ], [ -62.70736, -17.67608 ], [ -62.70701, -17.67661 ] ] ] } },
{ "type": "Feature", "properties": { "i": 134 }, "geometry": { "type": "Polygon", "coordinates": [ [ [ -62.71714, -17.67519 ], [ -62.71711, -17.67515 ], [ -62.71729, -17.67331 ], [ -62.71786, -17.67331 ], [ -62.71788, -17.67333 ], [ -62.71768, -17.67517 ], [ -62.71764, -17.6752 ], [ -62.71714, -17.67519 ] ] ] } },
{ "type": "Feature", "properties": { "i": 135 }, "geometry": { "type": "Polygon", "coordinates": [ [ [ -62.76776, -17.66257 ], [ -62.76719, -17.66249 ], [ -62.76696, -17.66384 ], [ -62.7675, -17.66394 ], [ -62.76757, -17.66391 ], [ -62.76778, -17.66261 ], [ -62.76776, -17.66257 ] ] ] } },
{ "type": "Feature", "properties": { "i": 136 }, "geometry": { "type": "Polygon", "coordinates": [ [ [ -62.71455, -17.67533 ], [ -62.71504, -17.67539 ], [ -62.71508, -17.67536 ], [ -62.71522, -17.67413 ], [ -62.71469, -17.67405 ], [ -62.71455, -17.67533 ] ] ] } },
{ "type": "Feature", "properties": { "i": 137 }, "geometry": { "type": "Polygon", "coordinates": [ [ [ -62.76653, -17.66229 ], [ -62.76707, -17.66238 ], [ -62.7671, -17.66242 ], [ -62.76687, -17.66383 ], [ -62.7663, -17.66373 ], [ -62.76653, -17.66229 ] ] ] } },
{ "type": "Feature", "properties": { "i": 138 }, "geometry": { "type": "Polygon", "coordinates": [ [ [ -62.71082, -17.67562 ], [ -62.71086, -17.67508 ], [ -62.7121, -17.6752 ], [ -62.71207, -17.6757 ], [ -62.712, -17.67575 ], [ -62.71085, -17.67564 ], [ -62.71082, -17.67562 ] ] ] } },
{ "type": "Feature", "properties": { "i": 139 }, "geometry": { "type": "Polygon", "coordinates": [ [ [ -62.71708, -17.6745 ], [ -62.71712, -17.674 ], [ -62.71634, -17.67397 ], [ -62.7163, -17.6745 ], [ -62.71702, -17.67455 ], [ -62.71708, -17.6745 ] ] ] } },
{ "type": "Feature", "properties": { "i": 140 }, "geometry": { "type": "Polygon", "coordinates": [ [ [ -62.76847, -17.66334 ], [ -62.76902, -17.66343 ], [ -62.76924, -17.66209 ], [ -62.76867, -17.66202 ], [ -62.76847, -17.66334 ] ] ] } },
{ "type": "Feature", "properties": { "i": 141 }, "geometry": { "type": "GeometryCollection", "geometries": [ { "type": "Polygon", "coordinates": [ [ [ -62.71353, -17.67401 ], [ -62.71349, -17.67418 ], [ -62.71338, -17.67436 ], [ -62.71291, -17.67476 ], [ -62.71287, -17.67516 ], [ -62.7131, -17.67519 ], [ -62.71336, -17.67529 ], [ -62.71439, -17.67533 ], [ -62.71443, -17.67531 ], [ -62.71456, -17.67403 ], [ -62.71432, -17.67399 ], [ -62.71385, -17.674 ], [ -62.71353, -17.67401 ] ] ] }, { "type": "LineString", "coordinates": [ [ -62.71385, -17.674 ], [ -62.71381, -17.67434 ] ] } ] } },
{ "type": "Feature", "properties": { "i": 142 }, "geometry": { "type": "Polygon", "coordinates": [ [ [ -62.70744, -17.67595 ], [ -62.7084, -17.67627 ], [ -62.7087, -17.67581 ], [ -62.70869, -17.67578 ], [ -62.7078, -17.67544 ], [ -62.70744, -17.67595 ] ] ] } },
{ "type": "Feature", "properties": { "i": 143 }, "geometry": { "type": "Polygon", "coordinates": [ [ [ -62.76783, -17.66328 ], [ -62.76779, -17.6632 ], [ -62.76799, -17.66198 ], [ -62.76803, -17.66195 ], [ -62.76856, -17.66202 ], [ -62.76835, -17.66333 ], [ -62.76829, -17.66335 ], [ -62.76783, -17.66328 ] ] ] } },
{ "type": "Feature", "properties": { "i": 144 }, "geometry": { "type": "Polygon", "coordinates": [ [ [ -62.71839, -17.67331 ], [ -62.718, -17.67331 ], [ -62.71794, -17.67385 ], [ -62.71834, -17.67386 ], [ -62.71839, -17.67331 ] ] ] } },
{ "type": "Feature", "properties": { "i": 145 }, "geometry": { "type": "Polygon", "coordinates": [ [ [ -62.70608, -17.67621 ], [ -62.7068, -17.67644 ], [ -62.70714, -17.67596 ], [ -62.70657, -17.67578 ], [ -62.70614, -17.67569 ], [ -62.70608, -17.67621 ] ] ] } },
{ "type": "Feature", "properties": { "i": 146 }, "geometry": { "type": "Polygon", "coordinates": [ [ [ -62.71761, -17.66995 ], [ -62.71818, -17.66995 ], [ -62.7182, -17.66999 ], [ -62.71811, -17.67116 ], [ -62.71809, -17.67118 ], [ -62.71752, -17.67118 ], [ -62.71761, -17.66995 ] ] ] } },
{ "type": "Feature", "properties": { "i": 147 }, "geometry": { "type": "Polygon", "coordinates": [ [ [ -62.71636, -17.67385 ], [ -62.71713, -17.67387 ], [ -62.71718, -17.67333 ], [ -62.71716, -17.67331 ], [ -62.71639, -17.67331 ], [ -62.71636, -17.67385 ] ] ] } },
{ "type": "Feature", "properties": { "i": 148 }, "geometry": { "type": "Polygon", "coordinates": [ [ [ -62.71992, -17.67329 ], [ -62.71923, -17.67329 ], [ -62.71917, -17.67384 ], [ -62.72121, -17.67382 ], [ -62.72122, -17.67356 ], [ -62.7213, -17.67352 ], [ -62.72151, -17.67175 ], [ -62.72077, -17.66994 ], [ -62.72024, -17.66994 ], [ -62.72012, -17.67121 ], [ -62.72041, -17.67121 ], [ -62.72047, -17.67118 ], [ -62.72051, -17.67113 ], [ -62.72054, -17.67113 ], [ -62.72047, -17.67121 ], [ -62.72042, -17.67123 ], [ -62.72012, -17.67124 ], [ -62.71992, -17.67323 ], [ -62.71992, -17.67329 ] ], [ [ -62.72018, -17.67324 ], [ -62.72033, -17.67321 ], [ -62.72079, -17.6729 ], [ -62.72033, -17.67322 ], [ -62.72018, -17.67325 ], [ -62.71992, -17.67323 ], [ -62.72018, -17.67324 ] ] ] } },
{ "type": "Feature", "properties": { "i": 149 }, "geometry": { "type": "Polygon", "coordinates": [ [ [ -62.70786, -17.67535 ], [ -62.70882, -17.67568 ], [ -62.70917, -17.67517 ], [ -62.70916, -17.67515 ], [ -62.70821, -17.67484 ], [ -62.70786, -17.67535 ] ] ] } },
{ "type": "Feature", "properties": { "i": 150 }, "geometry": { "type": "Polygon", "coordinates": [ [ [ -62.7062, -17.67503 ], [ -62.70618, -17.67504 ], [ -62.70613, -17.67555 ], [ -62.70617, -17.67559 ], [ -62.70721, -17.67587 ], [ -62.70755, -17.67542 ], [ -62.7062, -17.67503 ] ] ] } },
{ "type": "Feature", "properties": { "i": 151 }, "geometry": { "type": "Polygon", "coordinates": [ [ [ -62.71845, -17.67266 ], [ -62.71805, -17.67264 ], [ -62.71801, -17.67319 ], [ -62.7184, -17.67319 ], [ -62.71845, -17.67266 ] ] ] } },
{ "type": "Feature", "properties": { "i": 152 }, "geometry": { "type": "Polygon", "coordinates": [ [ [ -62.7147, -17.67391 ], [ -62.71523, -17.67401 ], [ -62.7153, -17.67333 ], [ -62.71477, -17.67327 ], [ -62.7147, -17.67391 ] ] ] } },
{ "type": "Feature", "properties": { "i": 153 }, "geometry": { "type": "Polygon", "coordinates": [ [ [ -62.7193, -17.67129 ], [ -62.71911, -17.67318 ], [ -62.71857, -17.67319 ], [ -62.71873, -17.67132 ], [ -62.7193, -17.67129 ] ] ] } },
{ "type": "Feature", "properties": { "i": 154 }, "geometry": { "type": "Polygon", "coordinates": [ [ [ -62.70599, -17.67618 ], [ -62.70607, -17.675 ], [ -62.70552, -17.67495 ], [ -62.70543, -17.67618 ], [ -62.70594, -17.67622 ], [ -62.70599, -17.67618 ] ] ] } },
{ "type": "Feature", "properties": { "i": 155 }, "geometry": { "type": "Polygon", "coordinates": [ [ [ -62.70562, -17.67214 ], [ -62.70533, -17.67211 ], [ -62.70562, -17.67215 ], [ -62.7056, -17.67217 ], [ -62.70511, -17.67895 ], [ -62.70477, -17.67941 ], [ -62.70506, -17.67354 ], [ -62.70519, -17.67153 ], [ -62.70632, -17.67161 ], [ -62.70629, -17.67212 ], [ -62.70566, -17.67211 ], [ -62.70562, -17.67214 ] ] ] } },
{ "type": "Feature", "properties": { "i": 156 }, "geometry": { "type": "Polygon", "coordinates": [ [ [ -62.7073, -17.67523 ], [ -62.70762, -17.67533 ], [ -62.70764, -17.67532 ], [ -62.70802, -17.67481 ], [ -62.70793, -17.67476 ], [ -62.70736, -17.67462 ], [ -62.7073, -17.67523 ] ] ] } },
{ "type": "Feature", "properties": { "i": 157 }, "geometry": { "type": "Polygon", "coordinates": [ [ [ -62.71721, -17.67318 ], [ -62.71725, -17.67263 ], [ -62.71723, -17.67261 ], [ -62.71644, -17.67258 ], [ -62.7164, -17.67319 ], [ -62.71717, -17.67321 ], [ -62.71721, -17.67318 ] ] ] } },
{ "type": "Feature", "properties": { "i": 158 }, "geometry": { "type": "Polygon", "coordinates": [ [ [ -62.70829, -17.67472 ], [ -62.70831, -17.67475 ], [ -62.70919, -17.67503 ], [ -62.70924, -17.67502 ], [ -62.70948, -17.67452 ], [ -62.70946, -17.67448 ], [ -62.70867, -17.67423 ], [ -62.70863, -17.67424 ], [ -62.70829, -17.67472 ] ] ] } },
{ "type": "Feature", "properties": { "i": 159 }, "geometry": { "type": "Polygon", "coordinates": [ [ [ -62.71999, -17.6713 ], [ -62.71941, -17.67128 ], [ -62.71924, -17.67318 ], [ -62.71981, -17.67318 ], [ -62.71983, -17.67315 ], [ -62.71999, -17.6713 ] ] ] } },
{ "type": "Feature", "properties": { "i": 160 }, "geometry": { "type": "Polygon", "coordinates": [ [ [ -62.70981, -17.67519 ], [ -62.71129, -17.67197 ], [ -62.71042, -17.67187 ], [ -62.70984, -17.67267 ], [ -62.70954, -17.67509 ], [ -62.70981, -17.67519 ] ] ] } },
{ "type": "Feature", "properties": { "i": 161 }, "geometry": { "type": "Polygon", "coordinates": [ [ [ -62.70686, -17.67511 ], [ -62.70719, -17.67521 ], [ -62.70721, -17.67519 ], [ -62.70725, -17.67457 ], [ -62.70692, -17.67449 ], [ -62.70686, -17.67511 ] ] ] } },
{ "type": "Feature", "properties": { "i": 162 }, "geometry": { "type": "Polygon", "coordinates": [ [ [ -62.7163, -17.67314 ], [ -62.71634, -17.67258 ], [ -62.71552, -17.67259 ], [ -62.71545, -17.67317 ], [ -62.71627, -17.67318 ], [ -62.7163, -17.67314 ] ] ] } },
{ "type": "Feature", "properties": { "i": 163 }, "geometry": { "type": "Polygon", "coordinates": [ [ [ -62.7122, -17.67508 ], [ -62.71222, -17.6751 ], [ -62.71276, -17.67514 ], [ -62.71278, -17.67512 ], [ -62.71297, -17.67198 ], [ -62.71239, -17.67198 ], [ -62.7122, -17.67508 ] ] ] } },
{ "type": "Feature", "properties": { "i": 164 }, "geometry": { "type": "Polygon", "coordinates": [ [ [ -62.71852, -17.67197 ], [ -62.71811, -17.67196 ], [ -62.71806, -17.67251 ], [ -62.71847, -17.67253 ], [ -62.71852, -17.67197 ] ] ] } },
{ "type": "Feature", "properties": { "i": 165 }, "geometry": { "type": "Polygon", "coordinates": [ [ [ -62.71433, -17.67387 ], [ -62.71458, -17.6739 ], [ -62.71476, -17.67223 ], [ -62.71453, -17.67221 ], [ -62.71433, -17.67387 ] ] ] } },
{ "type": "Feature", "properties": { "i": 166 }, "geometry": { "type": "Polygon", "coordinates": [ [ [ -62.71731, -17.6732 ], [ -62.71789, -17.6732 ], [ -62.71807, -17.6713 ], [ -62.7175, -17.67129 ], [ -62.71731, -17.6732 ] ] ] } },
{ "type": "Feature", "properties": { "i": 167 }, "geometry": { "type": "Polygon", "coordinates": [ [ [ -62.71648, -17.67249 ], [ -62.71724, -17.67251 ], [ -62.71727, -17.67248 ], [ -62.71731, -17.67197 ], [ -62.71729, -17.67195 ], [ -62.7165, -17.67195 ], [ -62.71646, -17.67246 ], [ -62.71648, -17.67249 ] ] ] } },
{ "type": "Feature", "properties": { "i": 168 }, "geometry": { "type": "Polygon", "coordinates": [ [ [ -62.71088, -17.67495 ], [ -62.71212, -17.67507 ], [ -62.71229, -17.672 ], [ -62.71162, -17.67199 ], [ -62.71094, -17.67341 ], [ -62.71095, -17.67356 ], [ -62.71088, -17.67495 ] ] ] } },
{ "type": "Feature", "properties": { "i": 169 }, "geometry": { "type": "Polygon", "coordinates": [ [ [ -62.70742, -17.67389 ], [ -62.70777, -17.674 ], [ -62.70774, -17.67456 ], [ -62.7077, -17.67457 ], [ -62.70736, -17.67449 ], [ -62.70738, -17.67391 ], [ -62.70742, -17.67389 ] ] ] } },
{ "type": "Feature", "properties": { "i": 170 }, "geometry": { "type": "Polygon", "coordinates": [ [ [ -62.70871, -17.67413 ], [ -62.70947, -17.67435 ], [ -62.70963, -17.67293 ], [ -62.70871, -17.67413 ] ] ] } },
{ "type": "Feature", "properties": { "i": 171 }, "geometry": { "type": "Polygon", "coordinates": [ [ [ -62.70625, -17.67493 ], [ -62.70621, -17.67489 ], [ -62.70629, -17.67371 ], [ -62.70683, -17.67375 ], [ -62.7068, -17.67458 ], [ -62.70676, -17.67505 ], [ -62.70673, -17.67506 ], [ -62.70625, -17.67493 ] ] ] } },
{ "type": "Feature", "properties": { "i": 172 }, "geometry": { "type": "Polygon", "coordinates": [ [ [ -62.71635, -17.67248 ], [ -62.7164, -17.67197 ], [ -62.71638, -17.67194 ], [ -62.71559, -17.67194 ], [ -62.71554, -17.67247 ], [ -62.71556, -17.6725 ], [ -62.71635, -17.67248 ] ] ] } },
{ "type": "Feature", "properties": { "i": 173 }, "geometry": { "type": "Polygon", "coordinates": [ [ [ -62.71358, -17.67388 ], [ -62.71423, -17.67388 ], [ -62.71425, -17.67384 ], [ -62.71447, -17.67185 ], [ -62.71445, -17.67183 ], [ -62.71373, -17.67183 ], [ -62.71358, -17.67388 ] ] ] } },
{ "type": "Feature", "properties": { "i": 174 }, "geometry": { "type": "Polygon", "coordinates": [ [ [ -62.70729, -17.67444 ], [ -62.70732, -17.67389 ], [ -62.7073, -17.67386 ], [ -62.70698, -17.67379 ], [ -62.70692, -17.67438 ], [ -62.70724, -17.67447 ], [ -62.70729, -17.67444 ] ] ] } },
{ "type": "Feature", "properties": { "i": 175 }, "geometry": { "type": "Polygon", "coordinates": [ [ [ -62.7186, -17.6713 ], [ -62.7182, -17.6713 ], [ -62.71813, -17.67184 ], [ -62.71854, -17.67185 ], [ -62.7186, -17.6713 ] ] ] } },
{ "type": "Feature", "properties": { "i": 176 }, "geometry": { "type": "Polygon", "coordinates": [ [ [ -62.71479, -17.67315 ], [ -62.71526, -17.6732 ], [ -62.71531, -17.67317 ], [ -62.7154, -17.67228 ], [ -62.71487, -17.67223 ], [ -62.71479, -17.67315 ] ] ] } },
{ "type": "Feature", "properties": { "i": 177 }, "geometry": { "type": "Polygon", "coordinates": [ [ [ -62.70551, -17.67484 ], [ -62.70608, -17.67489 ], [ -62.70617, -17.6737 ], [ -62.7056, -17.67367 ], [ -62.70551, -17.67484 ] ] ] } },
{ "type": "Feature", "properties": { "i": 178 }, "geometry": { "type": "Polygon", "coordinates": [ [ [ -62.71652, -17.67181 ], [ -62.71655, -17.67183 ], [ -62.7173, -17.67185 ], [ -62.71733, -17.67181 ], [ -62.71738, -17.67133 ], [ -62.71736, -17.67129 ], [ -62.71659, -17.67129 ], [ -62.71655, -17.67131 ], [ -62.71652, -17.67181 ] ] ] } },
{ "type": "Feature", "properties": { "i": 179 }, "geometry": { "type": "Polygon", "coordinates": [ [ [ -62.71341, -17.67416 ], [ -62.71361, -17.67198 ], [ -62.71305, -17.67198 ], [ -62.713, -17.67307 ], [ -62.71289, -17.67464 ], [ -62.71326, -17.67436 ], [ -62.71336, -17.67426 ], [ -62.71341, -17.67416 ] ] ] } },
{ "type": "Feature", "properties": { "i": 180 }, "geometry": { "type": "Polygon", "coordinates": [ [ [ -62.70777, -17.67388 ], [ -62.7074, -17.67378 ], [ -62.70744, -17.67328 ], [ -62.70781, -17.67339 ], [ -62.70777, -17.67388 ] ] ] } },
{ "type": "Feature", "properties": { "i": 181 }, "geometry": { "type": "Polygon", "coordinates": [ [ [ -62.70925, -17.67314 ], [ -62.70924, -17.67311 ], [ -62.7091, -17.67309 ], [ -62.70862, -17.67305 ], [ -62.70857, -17.6735 ], [ -62.70891, -17.6736 ], [ -62.70925, -17.67314 ] ] ] } },
{ "type": "Feature", "properties": { "i": 182 }, "geometry": { "type": "Polygon", "coordinates": [ [ [ -62.71568, -17.67127 ], [ -62.71562, -17.67184 ], [ -62.71638, -17.67184 ], [ -62.71643, -17.67128 ], [ -62.71568, -17.67127 ] ] ] } },
{ "type": "Feature", "properties": { "i": 183 }, "geometry": { "type": "Polygon", "coordinates": [ [ [ -62.70697, -17.67368 ], [ -62.70695, -17.67364 ], [ -62.70699, -17.6732 ], [ -62.70705, -17.67318 ], [ -62.70735, -17.67326 ], [ -62.70731, -17.67374 ], [ -62.70697, -17.67368 ] ] ] } },
{ "type": "Feature", "properties": { "i": 184 }, "geometry": { "type": "Polygon", "coordinates": [ [ [ -62.71998, -17.67119 ], [ -62.71944, -17.67117 ], [ -62.71944, -17.67114 ], [ -62.71955, -17.66994 ], [ -62.72012, -17.66994 ], [ -62.72001, -17.67116 ], [ -62.71998, -17.67119 ] ] ] } },
{ "type": "Feature", "properties": { "i": 185 }, "geometry": { "type": "Polygon", "coordinates": [ [ [ -62.71488, -17.67123 ], [ -62.71484, -17.67118 ], [ -62.71467, -17.67117 ], [ -62.71456, -17.6721 ], [ -62.71478, -17.67212 ], [ -62.71488, -17.67123 ] ] ] } },
{ "type": "Feature", "properties": { "i": 186 }, "geometry": { "type": "Polygon", "coordinates": [ [ [ -62.71658, -17.67118 ], [ -62.71737, -17.67119 ], [ -62.71739, -17.67117 ], [ -62.71744, -17.67066 ], [ -62.71742, -17.67064 ], [ -62.71662, -17.67063 ], [ -62.71658, -17.67118 ] ] ] } },
{ "type": "Feature", "properties": { "i": 187 }, "geometry": { "type": "Polygon", "coordinates": [ [ [ -62.71873, -17.67121 ], [ -62.7193, -17.67118 ], [ -62.7194, -17.66995 ], [ -62.71937, -17.66993 ], [ -62.71885, -17.66994 ], [ -62.71873, -17.67121 ] ] ] } },
{ "type": "Feature", "properties": { "i": 188 }, "geometry": { "type": "Polygon", "coordinates": [ [ [ -62.70863, -17.67298 ], [ -62.70932, -17.67303 ], [ -62.70966, -17.67252 ], [ -62.70965, -17.6725 ], [ -62.70867, -17.67243 ], [ -62.70865, -17.67244 ], [ -62.70863, -17.67298 ] ] ] } },
{ "type": "Feature", "properties": { "i": 189 }, "geometry": { "type": "Polygon", "coordinates": [ [ [ -62.70794, -17.67333 ], [ -62.70799, -17.67237 ], [ -62.70855, -17.67241 ], [ -62.70851, -17.67321 ], [ -62.70847, -17.67345 ], [ -62.70845, -17.67346 ], [ -62.70794, -17.67333 ] ] ] } },
{ "type": "Feature", "properties": { "i": 190 }, "geometry": { "type": "Polygon", "coordinates": [ [ [ -62.71425, -17.67173 ], [ -62.71453, -17.67174 ], [ -62.71462, -17.67096 ], [ -62.7146, -17.67094 ], [ -62.7143, -17.67094 ], [ -62.71425, -17.67173 ] ] ] } },
{ "type": "Feature", "properties": { "i": 191 }, "geometry": { "type": "Polygon", "coordinates": [ [ [ -62.70748, -17.67321 ], [ -62.70753, -17.67234 ], [ -62.7079, -17.67237 ], [ -62.70781, -17.67328 ], [ -62.70748, -17.67321 ] ] ] } },
{ "type": "Feature", "properties": { "i": 192 }, "geometry": { "type": "Polygon", "coordinates": [ [ [ -62.71574, -17.67062 ], [ -62.71569, -17.67066 ], [ -62.71566, -17.67118 ], [ -62.71644, -17.67119 ], [ -62.71646, -17.67117 ], [ -62.71651, -17.67063 ], [ -62.71574, -17.67062 ] ] ] } },
{ "type": "Feature", "properties": { "i": 193 }, "geometry": { "type": "Polygon", "coordinates": [ [ [ -62.71413, -17.67169 ], [ -62.71418, -17.67095 ], [ -62.71381, -17.67094 ], [ -62.71377, -17.67171 ], [ -62.71378, -17.67173 ], [ -62.71409, -17.67174 ], [ -62.71413, -17.67169 ] ] ] } },
{ "type": "Feature", "properties": { "i": 194 }, "geometry": { "type": "Polygon", "coordinates": [ [ [ -62.70694, -17.67233 ], [ -62.70692, -17.6723 ], [ -62.70638, -17.67226 ], [ -62.70628, -17.67361 ], [ -62.70685, -17.67366 ], [ -62.70694, -17.67233 ] ] ] } },
{ "type": "Feature", "properties": { "i": 195 }, "geometry": { "type": "Polygon", "coordinates": [ [ [ -62.71308, -17.67186 ], [ -62.71364, -17.67185 ], [ -62.7137, -17.67095 ], [ -62.71311, -17.67094 ], [ -62.71308, -17.67186 ] ] ] } },
{ "type": "Feature", "properties": { "i": 196 }, "geometry": { "type": "Polygon", "coordinates": [ [ [ -62.71832, -17.66994 ], [ -62.71827, -17.67054 ], [ -62.71867, -17.67053 ], [ -62.71873, -17.66994 ], [ -62.71832, -17.66994 ] ] ] } },
{ "type": "Feature", "properties": { "i": 197 }, "geometry": { "type": "Polygon", "coordinates": [ [ [ -62.70701, -17.67308 ], [ -62.70735, -17.67317 ], [ -62.70742, -17.67233 ], [ -62.70709, -17.67231 ], [ -62.70701, -17.67308 ] ] ] } },
{ "type": "Feature", "properties": { "i": 198 }, "geometry": { "type": "Polygon", "coordinates": [ [ [ -62.70991, -17.67186 ], [ -62.7099, -17.67225 ], [ -62.71015, -17.67187 ], [ -62.70991, -17.67186 ] ] ] } },
{ "type": "Feature", "properties": { "i": 199 }, "geometry": { "type": "Polygon", "coordinates": [ [ [ -62.7056, -17.67355 ], [ -62.70618, -17.67358 ], [ -62.70627, -17.67225 ], [ -62.7057, -17.67221 ], [ -62.7056, -17.67355 ] ] ] } },
{ "type": "Feature", "properties": { "i": 200 }, "geometry": { "type": "Polygon", "coordinates": [ [ [ -62.71552, -17.6711 ], [ -62.71558, -17.67068 ], [ -62.71556, -17.67064 ], [ -62.71473, -17.6706 ], [ -62.71469, -17.67102 ], [ -62.71473, -17.67108 ], [ -62.71547, -17.67113 ], [ -62.71552, -17.6711 ] ] ] } },
{ "type": "Feature", "properties": { "i": 201 }, "geometry": { "type": "Polygon", "coordinates": [ [ [ -62.71169, -17.67189 ], [ -62.71207, -17.6719 ], [ -62.71294, -17.67187 ], [ -62.71299, -17.67184 ], [ -62.71302, -17.67094 ], [ -62.71211, -17.67095 ], [ -62.71169, -17.67189 ] ] ] } },
{ "type": "Feature", "properties": { "i": 202 }, "geometry": { "type": "Polygon", "coordinates": [ [ [ -62.7175, -17.66995 ], [ -62.71666, -17.66997 ], [ -62.71662, -17.67048 ], [ -62.71665, -17.67052 ], [ -62.71742, -17.67052 ], [ -62.71746, -17.67047 ], [ -62.7175, -17.66995 ] ] ] } },
{ "type": "Feature", "properties": { "i": 203 }, "geometry": { "type": "Polygon", "coordinates": [ [ [ -62.7098, -17.67231 ], [ -62.70975, -17.67238 ], [ -62.7097, -17.67239 ], [ -62.708, -17.67226 ], [ -62.70804, -17.67174 ], [ -62.70806, -17.67172 ], [ -62.70982, -17.67185 ], [ -62.7098, -17.67231 ] ] ] } },
{ "type": "Feature", "properties": { "i": 204 }, "geometry": { "type": "Polygon", "coordinates": [ [ [ -62.72179, -17.66836 ], [ -62.72166, -17.66979 ], [ -62.72223, -17.66977 ], [ -62.72235, -17.66845 ], [ -62.72179, -17.66836 ] ] ] } },
{ "type": "Feature", "properties": { "i": 205 }, "geometry": { "type": "Polygon", "coordinates": [ [ [ -62.72097, -17.6698 ], [ -62.72152, -17.6698 ], [ -62.72166, -17.66836 ], [ -62.7211, -17.66827 ], [ -62.72097, -17.6698 ] ] ] } },
{ "type": "Feature", "properties": { "i": 206 }, "geometry": { "type": "Polygon", "coordinates": [ [ [ -62.71653, -17.67049 ], [ -62.71656, -17.66997 ], [ -62.71578, -17.66996 ], [ -62.71574, -17.67052 ], [ -62.71648, -17.67053 ], [ -62.71653, -17.67049 ] ] ] } },
{ "type": "Feature", "properties": { "i": 207 }, "geometry": { "type": "Polygon", "coordinates": [ [ [ -62.72043, -17.66816 ], [ -62.72028, -17.66977 ], [ -62.72082, -17.66979 ], [ -62.72084, -17.66978 ], [ -62.72099, -17.66824 ], [ -62.72043, -17.66816 ] ] ] } },
{ "type": "Feature", "properties": { "i": 208 }, "geometry": { "type": "Polygon", "coordinates": [ [ [ -62.71435, -17.66994 ], [ -62.71428, -17.67084 ], [ -62.7146, -17.67084 ], [ -62.71462, -17.67082 ], [ -62.71471, -17.66995 ], [ -62.71435, -17.66994 ] ] ] } },
{ "type": "Feature", "properties": { "i": 209 }, "geometry": { "type": "Polygon", "coordinates": [ [ [ -62.71565, -17.66993 ], [ -62.71483, -17.66993 ], [ -62.7148, -17.66995 ], [ -62.71475, -17.67046 ], [ -62.71478, -17.67049 ], [ -62.71559, -17.67054 ], [ -62.71565, -17.66993 ] ] ] } },
{ "type": "Feature", "properties": { "i": 210 }, "geometry": { "type": "Polygon", "coordinates": [ [ [ -62.70994, -17.67175 ], [ -62.71024, -17.67178 ], [ -62.71101, -17.67065 ], [ -62.71003, -17.67058 ], [ -62.70994, -17.67175 ] ] ] } },
{ "type": "Feature", "properties": { "i": 211 }, "geometry": { "type": "Polygon", "coordinates": [ [ [ -62.70639, -17.67216 ], [ -62.70789, -17.67226 ], [ -62.70793, -17.67174 ], [ -62.70791, -17.67171 ], [ -62.70643, -17.67162 ], [ -62.70639, -17.67216 ] ] ] } },
{ "type": "Feature", "properties": { "i": 212 }, "geometry": { "type": "Polygon", "coordinates": [ [ [ -62.71384, -17.67084 ], [ -62.71421, -17.67084 ], [ -62.71429, -17.66994 ], [ -62.71391, -17.66994 ], [ -62.71384, -17.67084 ] ] ] } },
{ "type": "Feature", "properties": { "i": 213 }, "geometry": { "type": "Polygon", "coordinates": [ [ [ -62.71138, -17.67184 ], [ -62.71226, -17.66994 ], [ -62.71222, -17.66992 ], [ -62.71204, -17.66991 ], [ -62.71192, -17.66993 ], [ -62.71175, -17.67 ], [ -62.71161, -17.67011 ], [ -62.71049, -17.67177 ], [ -62.71138, -17.67184 ] ] ] } },
{ "type": "Feature", "properties": { "i": 214 }, "geometry": { "type": "Polygon", "coordinates": [ [ [ -62.72014, -17.66977 ], [ -62.71964, -17.66976 ], [ -62.71959, -17.66971 ], [ -62.71972, -17.66805 ], [ -62.7203, -17.66814 ], [ -62.72014, -17.66977 ] ] ] } },
{ "type": "Feature", "properties": { "i": 215 }, "geometry": { "type": "Polygon", "coordinates": [ [ [ -62.70979, -17.67172 ], [ -62.70983, -17.6712 ], [ -62.7098, -17.67117 ], [ -62.7081, -17.67108 ], [ -62.70806, -17.67162 ], [ -62.70975, -17.67175 ], [ -62.70979, -17.67172 ] ] ] } },
{ "type": "Feature", "properties": { "i": 216 }, "geometry": { "type": "Polygon", "coordinates": [ [ [ -62.71312, -17.67083 ], [ -62.71372, -17.67083 ], [ -62.71379, -17.66994 ], [ -62.71318, -17.66992 ], [ -62.71312, -17.67083 ] ] ] } },
{ "type": "Feature", "properties": { "i": 217 }, "geometry": { "type": "Polygon", "coordinates": [ [ [ -62.71581, -17.66982 ], [ -62.71577, -17.6698 ], [ -62.71576, -17.66976 ], [ -62.71582, -17.66908 ], [ -62.71666, -17.66911 ], [ -62.71661, -17.66983 ], [ -62.71581, -17.66982 ] ] ] } },
{ "type": "Feature", "properties": { "i": 218 }, "geometry": { "type": "Polygon", "coordinates": [ [ [ -62.70646, -17.67096 ], [ -62.70798, -17.67107 ], [ -62.70794, -17.67159 ], [ -62.70793, -17.67161 ], [ -62.70643, -17.6715 ], [ -62.70646, -17.67096 ] ] ] } },
{ "type": "Feature", "properties": { "i": 219 }, "geometry": { "type": "Polygon", "coordinates": [ [ [ -62.71761, -17.66831 ], [ -62.71759, -17.66829 ], [ -62.71683, -17.66821 ], [ -62.71671, -17.66982 ], [ -62.71748, -17.66981 ], [ -62.71761, -17.66831 ] ] ] } },
{ "type": "Feature", "properties": { "i": 220 }, "geometry": { "type": "Polygon", "coordinates": [ [ [ -62.7254, -17.66629 ], [ -62.72536, -17.66616 ], [ -62.7253, -17.6661 ], [ -62.72406, -17.66505 ], [ -62.72285, -17.66397 ], [ -62.72279, -17.66608 ], [ -62.72275, -17.66633 ], [ -62.72261, -17.66666 ], [ -62.72251, -17.66769 ], [ -62.72254, -17.66772 ], [ -62.72338, -17.66785 ], [ -62.72339, -17.6679 ], [ -62.72336, -17.66792 ], [ -62.72252, -17.6678 ], [ -62.72247, -17.66836 ], [ -62.72249, -17.66838 ], [ -62.72334, -17.66852 ], [ -62.72335, -17.66857 ], [ -62.72333, -17.66859 ], [ -62.72246, -17.66847 ], [ -62.7224, -17.669 ], [ -62.72242, -17.66903 ], [ -62.72319, -17.66912 ], [ -62.72321, -17.66914 ], [ -62.72321, -17.66921 ], [ -62.72239, -17.66915 ], [ -62.72235, -17.66975 ], [ -62.72237, -17.66978 ], [ -62.72328, -17.66975 ], [ -62.7241, -17.66969 ], [ -62.72458, -17.66951 ], [ -62.72609, -17.66878 ], [ -62.72612, -17.66873 ], [ -62.72621, -17.66764 ], [ -62.72532, -17.66715 ], [ -62.7254, -17.66629 ] ] ] } },
{ "type": "Feature", "properties": { "i": 221 }, "geometry": { "type": "Polygon", "coordinates": [ [ [ -62.72111, -17.66816 ], [ -62.72235, -17.66834 ], [ -62.7224, -17.66779 ], [ -62.72117, -17.66761 ], [ -62.72111, -17.66816 ] ] ] } },
{ "type": "Feature", "properties": { "i": 222 }, "geometry": { "type": "Polygon", "coordinates": [ [ [ -62.70811, -17.67093 ], [ -62.70813, -17.67096 ], [ -62.70981, -17.67107 ], [ -62.70984, -17.67105 ], [ -62.70987, -17.67059 ], [ -62.70984, -17.67056 ], [ -62.70816, -17.67047 ], [ -62.70814, -17.67049 ], [ -62.70811, -17.67093 ] ] ] } },
{ "type": "Feature", "properties": { "i": 223 }, "geometry": { "type": "Polygon", "coordinates": [ [ [ -62.71478, -17.66908 ], [ -62.71398, -17.66906 ], [ -62.71393, -17.66979 ], [ -62.71471, -17.66983 ], [ -62.71474, -17.66979 ], [ -62.71478, -17.66908 ] ] ] } },
{ "type": "Feature", "properties": { "i": 224 }, "geometry": { "type": "Polygon", "coordinates": [ [ [ -62.71154, -17.66994 ], [ -62.71017, -17.66989 ], [ -62.71012, -17.66994 ], [ -62.71006, -17.67017 ], [ -62.71004, -17.67046 ], [ -62.71111, -17.67053 ], [ -62.71154, -17.66999 ], [ -62.71154, -17.66994 ] ] ] } },
{ "type": "Feature", "properties": { "i": 225 }, "geometry": { "type": "Polygon", "coordinates": [ [ [ -62.70515, -17.67141 ], [ -62.70632, -17.67148 ], [ -62.70636, -17.67094 ], [ -62.70518, -17.67087 ], [ -62.70515, -17.67141 ] ] ] } },
{ "type": "Feature", "properties": { "i": 226 }, "geometry": { "type": "Polygon", "coordinates": [ [ [ -62.71268, -17.66979 ], [ -62.71379, -17.66981 ], [ -62.71381, -17.66979 ], [ -62.71385, -17.66908 ], [ -62.71299, -17.66904 ], [ -62.71268, -17.66979 ] ] ] } },
{ "type": "Feature", "properties": { "i": 227 }, "geometry": { "type": "Polygon", "coordinates": [ [ [ -62.71486, -17.66978 ], [ -62.71489, -17.6698 ], [ -62.71563, -17.66978 ], [ -62.71579, -17.66813 ], [ -62.71497, -17.6681 ], [ -62.71486, -17.66978 ] ] ] } },
{ "type": "Feature", "properties": { "i": 228 }, "geometry": { "type": "Polygon", "coordinates": [ [ [ -62.71796, -17.66643 ], [ -62.71765, -17.66977 ], [ -62.71767, -17.66979 ], [ -62.71943, -17.66979 ], [ -62.71946, -17.66975 ], [ -62.71973, -17.66671 ], [ -62.71796, -17.66643 ] ] ] } },
{ "type": "Feature", "properties": { "i": 229 }, "geometry": { "type": "Polygon", "coordinates": [ [ [ -62.70648, -17.67086 ], [ -62.70799, -17.67098 ], [ -62.70802, -17.67042 ], [ -62.70651, -17.67032 ], [ -62.70648, -17.67086 ] ] ] } },
{ "type": "Feature", "properties": { "i": 230 }, "geometry": { "type": "Polygon", "coordinates": [ [ [ -62.71975, -17.66793 ], [ -62.72099, -17.66813 ], [ -62.72105, -17.66758 ], [ -62.71979, -17.6674 ], [ -62.71975, -17.66793 ] ] ] } },
{ "type": "Feature", "properties": { "i": 231 }, "geometry": { "type": "Polygon", "coordinates": [ [ [ -62.7119, -17.66954 ], [ -62.71106, -17.66946 ], [ -62.71105, -17.66978 ], [ -62.71189, -17.66977 ], [ -62.7119, -17.66954 ] ] ] } },
{ "type": "Feature", "properties": { "i": 232 }, "geometry": { "type": "Polygon", "coordinates": [ [ [ -62.71589, -17.66814 ], [ -62.7167, -17.66819 ], [ -62.71673, -17.66822 ], [ -62.71667, -17.66903 ], [ -62.71582, -17.66898 ], [ -62.71589, -17.66814 ] ] ] } },
{ "type": "Feature", "properties": { "i": 233 }, "geometry": { "type": "Polygon", "coordinates": [ [ [ -62.72117, -17.6675 ], [ -62.72241, -17.66767 ], [ -62.72246, -17.66709 ], [ -62.72121, -17.66691 ], [ -62.72117, -17.6675 ] ] ] } },
{ "type": "Feature", "properties": { "i": 234 }, "geometry": { "type": "Polygon", "coordinates": [ [ [ -62.71013, -17.66973 ], [ -62.71092, -17.66976 ], [ -62.71094, -17.66943 ], [ -62.71014, -17.66938 ], [ -62.71013, -17.66973 ] ] ] } },
{ "type": "Feature", "properties": { "i": 235 }, "geometry": { "type": "Polygon", "coordinates": [ [ [ -62.71239, -17.66971 ], [ -62.71269, -17.66897 ], [ -62.71206, -17.66891 ], [ -62.71199, -17.66976 ], [ -62.71232, -17.66976 ], [ -62.71239, -17.66971 ] ] ] } },
{ "type": "Feature", "properties": { "i": 236 }, "geometry": { "type": "Polygon", "coordinates": [ [ [ -62.7052, -17.67076 ], [ -62.70636, -17.67084 ], [ -62.7064, -17.6703 ], [ -62.70522, -17.67022 ], [ -62.7052, -17.67076 ] ] ] } },
{ "type": "Feature", "properties": { "i": 237 }, "geometry": { "type": "Polygon", "coordinates": [ [ [ -62.71485, -17.66807 ], [ -62.71407, -17.66805 ], [ -62.714, -17.66894 ], [ -62.71479, -17.66896 ], [ -62.71485, -17.66807 ] ] ] } },
{ "type": "Feature", "properties": { "i": 238 }, "geometry": { "type": "Polygon", "coordinates": [ [ [ -62.71986, -17.66672 ], [ -62.72111, -17.6669 ], [ -62.72106, -17.66745 ], [ -62.71981, -17.66728 ], [ -62.71986, -17.66672 ] ] ] } },
{ "type": "Feature", "properties": { "i": 239 }, "geometry": { "type": "Polygon", "coordinates": [ [ [ -62.71191, -17.66942 ], [ -62.71194, -17.66888 ], [ -62.7111, -17.6688 ], [ -62.71105, -17.66935 ], [ -62.71191, -17.66942 ] ] ] } },
{ "type": "Feature", "properties": { "i": 240 }, "geometry": { "type": "Polygon", "coordinates": [ [ [ -62.70652, -17.67022 ], [ -62.70804, -17.67034 ], [ -62.70808, -17.66977 ], [ -62.70656, -17.66966 ], [ -62.70652, -17.67022 ] ] ] } },
{ "type": "Feature", "properties": { "i": 241 }, "geometry": { "type": "Polygon", "coordinates": [ [ [ -62.71685, -17.6681 ], [ -62.71762, -17.66819 ], [ -62.7177, -17.66739 ], [ -62.71693, -17.66728 ], [ -62.71685, -17.6681 ] ] ] } },
{ "type": "Feature", "properties": { "i": 242 }, "geometry": { "type": "Polygon", "coordinates": [ [ [ -62.7139, -17.66895 ], [ -62.71313, -17.66894 ], [ -62.71309, -17.6689 ], [ -62.71308, -17.66884 ], [ -62.71346, -17.66801 ], [ -62.71394, -17.66803 ], [ -62.71397, -17.66806 ], [ -62.7139, -17.66895 ] ] ] } },
{ "type": "Feature", "properties": { "i": 243 }, "geometry": { "type": "Polygon", "coordinates": [ [ [ -62.71015, -17.66925 ], [ -62.71095, -17.66932 ], [ -62.71099, -17.6688 ], [ -62.71018, -17.66871 ], [ -62.71015, -17.66925 ] ] ] } },
{ "type": "Feature", "properties": { "i": 244 }, "geometry": { "type": "Polygon", "coordinates": [ [ [ -62.71206, -17.66878 ], [ -62.71274, -17.66885 ], [ -62.71297, -17.66834 ], [ -62.71211, -17.66825 ], [ -62.71206, -17.66878 ] ] ] } },
{ "type": "Feature", "properties": { "i": 245 }, "geometry": { "type": "Polygon", "coordinates": [ [ [ -62.71592, -17.66803 ], [ -62.71675, -17.6681 ], [ -62.71683, -17.6672 ], [ -62.71598, -17.66714 ], [ -62.71592, -17.66803 ] ] ] } },
{ "type": "Feature", "properties": { "i": 246 }, "geometry": { "type": "Polygon", "coordinates": [ [ [ -62.70527, -17.67009 ], [ -62.70641, -17.67019 ], [ -62.70645, -17.66966 ], [ -62.7053, -17.66958 ], [ -62.70528, -17.66959 ], [ -62.70525, -17.67006 ], [ -62.70527, -17.67009 ] ] ] } },
{ "type": "Feature", "properties": { "i": 247 }, "geometry": { "type": "Polygon", "coordinates": [ [ [ -62.7144, -17.66201 ], [ -62.71261, -17.66184 ], [ -62.71261, -17.66181 ], [ -62.71441, -17.66198 ], [ -62.71444, -17.66163 ], [ -62.70876, -17.66115 ], [ -62.70876, -17.66124 ], [ -62.70882, -17.6615 ], [ -62.70891, -17.66171 ], [ -62.70888, -17.66173 ], [ -62.70883, -17.66165 ], [ -62.70876, -17.66144 ], [ -62.70872, -17.66114 ], [ -62.70818, -17.66111 ], [ -62.70809, -17.6621 ], [ -62.70877, -17.66218 ], [ -62.70863, -17.66386 ], [ -62.70872, -17.66387 ], [ -62.70855, -17.66562 ], [ -62.7083, -17.66897 ], [ -62.71006, -17.6691 ], [ -62.71036, -17.66532 ], [ -62.71404, -17.66569 ], [ -62.7144, -17.66201 ] ] ] } },
{ "type": "Feature", "properties": { "i": 248 }, "geometry": { "type": "Polygon", "coordinates": [ [ [ -62.71112, -17.66869 ], [ -62.71196, -17.66877 ], [ -62.712, -17.66824 ], [ -62.71116, -17.66815 ], [ -62.71112, -17.66869 ] ] ] } },
{ "type": "Feature", "properties": { "i": 249 }, "geometry": { "type": "Polygon", "coordinates": [ [ [ -62.71513, -17.66796 ], [ -62.7158, -17.66802 ], [ -62.71587, -17.66713 ], [ -62.71522, -17.66708 ], [ -62.71513, -17.66796 ] ] ] } },
{ "type": "Feature", "properties": { "i": 250 }, "geometry": { "type": "Polygon", "coordinates": [ [ [ -62.70657, -17.66955 ], [ -62.70808, -17.66967 ], [ -62.70812, -17.66912 ], [ -62.70661, -17.66902 ], [ -62.70657, -17.66955 ] ] ] } },
{ "type": "Feature", "properties": { "i": 251 }, "geometry": { "type": "Polygon", "coordinates": [ [ [ -62.72253, -17.66624 ], [ -62.72253, -17.66575 ], [ -62.72128, -17.66564 ], [ -62.72123, -17.66668 ], [ -62.72185, -17.66674 ], [ -62.72203, -17.6667 ], [ -62.72218, -17.66663 ], [ -62.72233, -17.66652 ], [ -62.72247, -17.66636 ], [ -62.72253, -17.66624 ] ] ] } },
{ "type": "Feature", "properties": { "i": 252 }, "geometry": { "type": "Polygon", "coordinates": [ [ [ -62.71213, -17.66814 ], [ -62.71303, -17.66824 ], [ -62.71325, -17.66772 ], [ -62.71217, -17.66761 ], [ -62.71213, -17.66814 ] ] ] } },
{ "type": "Feature", "properties": { "i": 253 }, "geometry": { "type": "Polygon", "coordinates": [ [ [ -62.71016, -17.6686 ], [ -62.71102, -17.66868 ], [ -62.71105, -17.66812 ], [ -62.7102, -17.66805 ], [ -62.71016, -17.6686 ] ] ] } },
{ "type": "Feature", "properties": { "i": 254 }, "geometry": { "type": "Polygon", "coordinates": [ [ [ -62.71412, -17.66793 ], [ -62.71409, -17.66789 ], [ -62.71418, -17.66699 ], [ -62.71512, -17.66706 ], [ -62.71501, -17.66797 ], [ -62.71412, -17.66793 ] ] ] } },
{ "type": "Feature", "properties": { "i": 255 }, "geometry": { "type": "Polygon", "coordinates": [ [ [ -62.71694, -17.66717 ], [ -62.71771, -17.66727 ], [ -62.7178, -17.66641 ], [ -62.71778, -17.66638 ], [ -62.71702, -17.66626 ], [ -62.71694, -17.66717 ] ] ] } },
{ "type": "Feature", "properties": { "i": 256 }, "geometry": { "type": "Polygon", "coordinates": [ [ [ -62.72083, -17.66664 ], [ -62.72079, -17.6666 ], [ -62.71982, -17.66645 ], [ -62.72006, -17.66554 ], [ -62.72116, -17.66564 ], [ -62.7211, -17.66659 ], [ -62.72097, -17.66667 ], [ -62.72083, -17.66664 ] ] ] } },
{ "type": "Feature", "properties": { "i": 257 }, "geometry": { "type": "Polygon", "coordinates": [ [ [ -62.69563, -17.67081 ], [ -62.6949, -17.67075 ], [ -62.69473, -17.67249 ], [ -62.69548, -17.67254 ], [ -62.69563, -17.67081 ] ] ] } },
{ "type": "Feature", "properties": { "i": 258 }, "geometry": { "type": "Polygon", "coordinates": [ [ [ -62.71351, -17.66789 ], [ -62.71396, -17.66793 ], [ -62.71406, -17.66698 ], [ -62.71388, -17.66696 ], [ -62.7135, -17.66787 ], [ -62.71351, -17.66789 ] ] ] } },
{ "type": "Feature", "properties": { "i": 259 }, "geometry": { "type": "Polygon", "coordinates": [ [ [ -62.70527, -17.66945 ], [ -62.70647, -17.66954 ], [ -62.70651, -17.66901 ], [ -62.70529, -17.66893 ], [ -62.70527, -17.66945 ] ] ] } },
{ "type": "Feature", "properties": { "i": 260 }, "geometry": { "type": "Polygon", "coordinates": [ [ [ -62.7065, -17.6689 ], [ -62.70528, -17.66882 ], [ -62.70533, -17.66827 ], [ -62.70654, -17.66835 ], [ -62.7065, -17.6689 ] ] ] } },
{ "type": "Feature", "properties": { "i": 261 }, "geometry": { "type": "Polygon", "coordinates": [ [ [ -62.72552, -17.66711 ], [ -62.72545, -17.66701 ], [ -62.72551, -17.66635 ], [ -62.72553, -17.66631 ], [ -62.72553, -17.66619 ], [ -62.72548, -17.66609 ], [ -62.72405, -17.66493 ], [ -62.72286, -17.66388 ], [ -62.72289, -17.66249 ], [ -62.72297, -17.66244 ], [ -62.73019, -17.66297 ], [ -62.73088, -17.66366 ], [ -62.73093, -17.66377 ], [ -62.73089, -17.66455 ], [ -62.73095, -17.66474 ], [ -62.73103, -17.66487 ], [ -62.73118, -17.66502 ], [ -62.73131, -17.66509 ], [ -62.73193, -17.66526 ], [ -62.73202, -17.66538 ], [ -62.73207, -17.66551 ], [ -62.73208, -17.66572 ], [ -62.73204, -17.66586 ], [ -62.73187, -17.66596 ], [ -62.73136, -17.66625 ], [ -62.72821, -17.66779 ], [ -62.72776, -17.66804 ], [ -62.72764, -17.66804 ], [ -62.72642, -17.66767 ], [ -62.72623, -17.66757 ], [ -62.72552, -17.66711 ] ] ] } },
{ "type": "Feature", "properties": { "i": 262 }, "geometry": { "type": "Polygon", "coordinates": [ [ [ -62.70661, -17.6689 ], [ -62.70813, -17.66901 ], [ -62.70818, -17.66848 ], [ -62.70665, -17.66837 ], [ -62.70661, -17.6689 ] ] ] } },
{ "type": "Feature", "properties": { "i": 263 }, "geometry": { "type": "Polygon", "coordinates": [ [ [ -62.71602, -17.66703 ], [ -62.71599, -17.66699 ], [ -62.71604, -17.66613 ], [ -62.71606, -17.66611 ], [ -62.71688, -17.66622 ], [ -62.7169, -17.66624 ], [ -62.71683, -17.66707 ], [ -62.71602, -17.66703 ] ] ] } },
{ "type": "Feature", "properties": { "i": 264 }, "geometry": { "type": "Polygon", "coordinates": [ [ [ -62.71892, -17.6663 ], [ -62.71967, -17.66642 ], [ -62.71972, -17.66639 ], [ -62.71994, -17.66557 ], [ -62.71992, -17.66554 ], [ -62.71896, -17.66557 ], [ -62.7189, -17.66628 ], [ -62.71892, -17.6663 ] ] ] } },
{ "type": "Feature", "properties": { "i": 265 }, "geometry": { "type": "Polygon", "coordinates": [ [ [ -62.7111, -17.66749 ], [ -62.71028, -17.66743 ], [ -62.71023, -17.66797 ], [ -62.71106, -17.66803 ], [ -62.7111, -17.66749 ] ] ] } },
{ "type": "Feature", "properties": { "i": 266 }, "geometry": { "type": "Polygon", "coordinates": [ [ [ -62.71219, -17.66749 ], [ -62.71332, -17.6676 ], [ -62.71355, -17.66709 ], [ -62.71223, -17.66695 ], [ -62.71219, -17.66749 ] ] ] } },
{ "type": "Feature", "properties": { "i": 267 }, "geometry": { "type": "Polygon", "coordinates": [ [ [ -62.71842, -17.66623 ], [ -62.71879, -17.66628 ], [ -62.71881, -17.66626 ], [ -62.71887, -17.6656 ], [ -62.71884, -17.66558 ], [ -62.71837, -17.66559 ], [ -62.71834, -17.66561 ], [ -62.71842, -17.66623 ] ] ] } },
{ "type": "Feature", "properties": { "i": 268 }, "geometry": { "type": "Polygon", "coordinates": [ [ [ -62.71525, -17.66697 ], [ -62.71588, -17.667 ], [ -62.71596, -17.6661 ], [ -62.71535, -17.66603 ], [ -62.71525, -17.66697 ] ] ] } },
{ "type": "Feature", "properties": { "i": 269 }, "geometry": { "type": "Polygon", "coordinates": [ [ [ -62.72137, -17.66426 ], [ -62.72129, -17.66554 ], [ -62.72252, -17.66562 ], [ -62.72257, -17.66445 ], [ -62.72137, -17.66426 ] ] ] } },
{ "type": "Feature", "properties": { "i": 270 }, "geometry": { "type": "Polygon", "coordinates": [ [ [ -62.71392, -17.66686 ], [ -62.71407, -17.66687 ], [ -62.7141, -17.66638 ], [ -62.71392, -17.66686 ] ] ] } },
{ "type": "Feature", "properties": { "i": 271 }, "geometry": { "type": "Polygon", "coordinates": [ [ [ -62.71128, -17.66687 ], [ -62.71124, -17.66741 ], [ -62.71206, -17.66748 ], [ -62.71208, -17.66746 ], [ -62.71212, -17.66693 ], [ -62.71128, -17.66687 ] ] ] } },
{ "type": "Feature", "properties": { "i": 272 }, "geometry": { "type": "Polygon", "coordinates": [ [ [ -62.7132, -17.66694 ], [ -62.7136, -17.66697 ], [ -62.71379, -17.66649 ], [ -62.71377, -17.66645 ], [ -62.71324, -17.6664 ], [ -62.7132, -17.66694 ] ] ] } },
{ "type": "Feature", "properties": { "i": 273 }, "geometry": { "type": "Polygon", "coordinates": [ [ [ -62.70665, -17.66826 ], [ -62.70819, -17.66837 ], [ -62.70823, -17.66782 ], [ -62.70669, -17.6677 ], [ -62.70665, -17.66826 ] ] ] } },
{ "type": "Feature", "properties": { "i": 274 }, "geometry": { "type": "Polygon", "coordinates": [ [ [ -62.71523, -17.66599 ], [ -62.71435, -17.66585 ], [ -62.7143, -17.66585 ], [ -62.71425, -17.66589 ], [ -62.71417, -17.66688 ], [ -62.7143, -17.66691 ], [ -62.71514, -17.66694 ], [ -62.71523, -17.66599 ] ] ] } },
{ "type": "Feature", "properties": { "i": 275 }, "geometry": { "type": "Polygon", "coordinates": [ [ [ -62.71113, -17.66738 ], [ -62.71116, -17.66686 ], [ -62.71034, -17.66679 ], [ -62.71031, -17.66727 ], [ -62.71033, -17.66732 ], [ -62.71111, -17.66741 ], [ -62.71113, -17.66738 ] ] ] } },
{ "type": "Feature", "properties": { "i": 276 }, "geometry": { "type": "Polygon", "coordinates": [ [ [ -62.72127, -17.66428 ], [ -62.72123, -17.66424 ], [ -62.72048, -17.66413 ], [ -62.7201, -17.66542 ], [ -62.72011, -17.66544 ], [ -62.72116, -17.66553 ], [ -62.72127, -17.66428 ] ] ] } },
{ "type": "Feature", "properties": { "i": 277 }, "geometry": { "type": "Polygon", "coordinates": [ [ [ -62.71224, -17.66683 ], [ -62.71309, -17.66692 ], [ -62.71313, -17.66638 ], [ -62.71229, -17.6663 ], [ -62.71224, -17.66683 ] ] ] } },
{ "type": "Feature", "properties": { "i": 278 }, "geometry": { "type": "Polygon", "coordinates": [ [ [ -62.71754, -17.66471 ], [ -62.71743, -17.6661 ], [ -62.71824, -17.66619 ], [ -62.71828, -17.66617 ], [ -62.7181, -17.66475 ], [ -62.71756, -17.66469 ], [ -62.71754, -17.66471 ] ] ] } },
{ "type": "Feature", "properties": { "i": 279 }, "geometry": { "type": "Polygon", "coordinates": [ [ [ -62.71648, -17.66531 ], [ -62.71737, -17.66533 ], [ -62.71733, -17.66603 ], [ -62.71729, -17.66605 ], [ -62.71646, -17.66593 ], [ -62.71648, -17.66531 ] ] ] } },
{ "type": "Feature", "properties": { "i": 280 }, "geometry": { "type": "Polygon", "coordinates": [ [ [ -62.70533, -17.66816 ], [ -62.70655, -17.66825 ], [ -62.7066, -17.66771 ], [ -62.70535, -17.66764 ], [ -62.70533, -17.66816 ] ] ] } },
{ "type": "Feature", "properties": { "i": 281 }, "geometry": { "type": "Polygon", "coordinates": [ [ [ -62.71638, -17.66531 ], [ -62.71636, -17.6659 ], [ -62.71603, -17.66586 ], [ -62.71609, -17.6653 ], [ -62.71638, -17.66531 ] ] ] } },
{ "type": "Feature", "properties": { "i": 282 }, "geometry": { "type": "Polygon", "coordinates": [ [ [ -62.70701, -17.66764 ], [ -62.70756, -17.66767 ], [ -62.70758, -17.66765 ], [ -62.70764, -17.66661 ], [ -62.70708, -17.66659 ], [ -62.70701, -17.66764 ] ] ] } },
{ "type": "Feature", "properties": { "i": 283 }, "geometry": { "type": "Polygon", "coordinates": [ [ [ -62.7113, -17.66674 ], [ -62.71213, -17.66683 ], [ -62.71219, -17.66631 ], [ -62.71217, -17.66628 ], [ -62.71133, -17.6662 ], [ -62.7113, -17.66674 ] ] ] } },
{ "type": "Feature", "properties": { "i": 284 }, "geometry": { "type": "Polygon", "coordinates": [ [ [ -62.71325, -17.66629 ], [ -62.71389, -17.66634 ], [ -62.71401, -17.66583 ], [ -62.7133, -17.66575 ], [ -62.71325, -17.66629 ] ] ] } },
{ "type": "Feature", "properties": { "i": 285 }, "geometry": { "type": "Polygon", "coordinates": [ [ [ -62.71915, -17.66476 ], [ -62.71893, -17.66544 ], [ -62.71998, -17.66543 ], [ -62.72037, -17.6641 ], [ -62.7193, -17.66389 ], [ -62.71927, -17.66391 ], [ -62.71915, -17.66476 ] ] ] } },
{ "type": "Feature", "properties": { "i": 286 }, "geometry": { "type": "Polygon", "coordinates": [ [ [ -62.69562, -17.67073 ], [ -62.6949, -17.67067 ], [ -62.69504, -17.66906 ], [ -62.69578, -17.66912 ], [ -62.69562, -17.67073 ] ] ] } },
{ "type": "Feature", "properties": { "i": 287 }, "geometry": { "type": "Polygon", "coordinates": [ [ [ -62.70634, -17.66757 ], [ -62.70689, -17.66763 ], [ -62.70697, -17.66658 ], [ -62.70639, -17.66654 ], [ -62.70634, -17.66757 ] ] ] } },
{ "type": "Feature", "properties": { "i": 288 }, "geometry": { "type": "Polygon", "coordinates": [ [ [ -62.71036, -17.66665 ], [ -62.71038, -17.66667 ], [ -62.71117, -17.66674 ], [ -62.71122, -17.66619 ], [ -62.7104, -17.66612 ], [ -62.71036, -17.66665 ] ] ] } },
{ "type": "Feature", "properties": { "i": 289 }, "geometry": { "type": "Polygon", "coordinates": [ [ [ -62.71602, -17.66489 ], [ -62.71542, -17.66485 ], [ -62.71535, -17.66575 ], [ -62.71592, -17.66584 ], [ -62.71602, -17.66489 ] ] ] } },
{ "type": "Feature", "properties": { "i": 290 }, "geometry": { "type": "Polygon", "coordinates": [ [ [ -62.71813, -17.664 ], [ -62.71833, -17.66548 ], [ -62.71852, -17.66548 ], [ -62.71874, -17.66442 ], [ -62.71897, -17.66406 ], [ -62.71813, -17.664 ] ] ] } },
{ "type": "Feature", "properties": { "i": 291 }, "geometry": { "type": "Polygon", "coordinates": [ [ [ -62.70767, -17.66767 ], [ -62.70824, -17.66772 ], [ -62.7083, -17.66662 ], [ -62.70775, -17.66661 ], [ -62.70767, -17.66767 ] ] ] } },
{ "type": "Feature", "properties": { "i": 292 }, "geometry": { "type": "Polygon", "coordinates": [ [ [ -62.71135, -17.66609 ], [ -62.71314, -17.66629 ], [ -62.71318, -17.66573 ], [ -62.71139, -17.66556 ], [ -62.71135, -17.66609 ] ] ] } },
{ "type": "Feature", "properties": { "i": 293 }, "geometry": { "type": "Polygon", "coordinates": [ [ [ -62.7174, -17.66519 ], [ -62.71734, -17.66522 ], [ -62.71613, -17.66518 ], [ -62.71619, -17.66457 ], [ -62.71622, -17.66455 ], [ -62.71651, -17.66457 ], [ -62.71743, -17.66468 ], [ -62.7174, -17.66519 ] ] ] } },
{ "type": "Feature", "properties": { "i": 294 }, "geometry": { "type": "Polygon", "coordinates": [ [ [ -62.71525, -17.6657 ], [ -62.71528, -17.66486 ], [ -62.71523, -17.66483 ], [ -62.71437, -17.6648 ], [ -62.71433, -17.66483 ], [ -62.71431, -17.66559 ], [ -62.7152, -17.66571 ], [ -62.71525, -17.6657 ] ] ] } },
{ "type": "Feature", "properties": { "i": 295 }, "geometry": { "type": "Polygon", "coordinates": [ [ [ -62.72058, -17.66404 ], [ -62.72053, -17.66397 ], [ -62.72073, -17.66319 ], [ -62.72259, -17.66335 ], [ -62.72256, -17.66435 ], [ -62.72058, -17.66404 ] ] ] } },
{ "type": "Feature", "properties": { "i": 296 }, "geometry": { "type": "Polygon", "coordinates": [ [ [ -62.7104, -17.66599 ], [ -62.71123, -17.66608 ], [ -62.71127, -17.66554 ], [ -62.71044, -17.66547 ], [ -62.7104, -17.66599 ] ] ] } },
{ "type": "Feature", "properties": { "i": 297 }, "geometry": { "type": "Polygon", "coordinates": [ [ [ -62.71703, -17.66451 ], [ -62.71771, -17.6646 ], [ -62.71807, -17.66461 ], [ -62.718, -17.664 ], [ -62.7171, -17.66394 ], [ -62.71703, -17.66451 ] ] ] } },
{ "type": "Feature", "properties": { "i": 298 }, "geometry": { "type": "Polygon", "coordinates": [ [ [ -62.71947, -17.66377 ], [ -62.72041, -17.664 ], [ -62.72062, -17.66318 ], [ -62.71982, -17.66308 ], [ -62.71959, -17.66307 ], [ -62.71956, -17.66309 ], [ -62.71949, -17.6633 ], [ -62.71947, -17.66377 ] ] ] } },
{ "type": "Feature", "properties": { "i": 299 }, "geometry": { "type": "Polygon", "coordinates": [ [ [ -62.7223, -17.66323 ], [ -62.7226, -17.66324 ], [ -62.72262, -17.66289 ], [ -62.72199, -17.66266 ], [ -62.72205, -17.6629 ], [ -62.72228, -17.663 ], [ -62.7223, -17.66323 ] ] ] } },
{ "type": "Feature", "properties": { "i": 300 }, "geometry": { "type": "Polygon", "coordinates": [ [ [ -62.71698, -17.66396 ], [ -62.71695, -17.66393 ], [ -62.71625, -17.66387 ], [ -62.7162, -17.66439 ], [ -62.71622, -17.66443 ], [ -62.71692, -17.66448 ], [ -62.71698, -17.66396 ] ] ] } },
{ "type": "Feature", "properties": { "i": 301 }, "geometry": { "type": "Polygon", "coordinates": [ [ [ -62.71543, -17.66472 ], [ -62.71604, -17.66475 ], [ -62.71616, -17.66389 ], [ -62.71614, -17.66386 ], [ -62.71548, -17.66381 ], [ -62.71543, -17.66472 ] ] ] } },
{ "type": "Feature", "properties": { "i": 302 }, "geometry": { "type": "Polygon", "coordinates": [ [ [ -62.72084, -17.66309 ], [ -62.72202, -17.6632 ], [ -62.72203, -17.66309 ], [ -62.72099, -17.66275 ], [ -62.72094, -17.66281 ], [ -62.72084, -17.66309 ] ] ] } },
{ "type": "Feature", "properties": { "i": 303 }, "geometry": { "type": "Polygon", "coordinates": [ [ [ -62.71822, -17.66302 ], [ -62.71929, -17.66308 ], [ -62.71935, -17.66317 ], [ -62.71913, -17.66396 ], [ -62.71908, -17.66398 ], [ -62.71812, -17.66392 ], [ -62.71818, -17.66306 ], [ -62.71822, -17.66302 ] ] ] } },
{ "type": "Feature", "properties": { "i": 304 }, "geometry": { "type": "Polygon", "coordinates": [ [ [ -62.71439, -17.6647 ], [ -62.7153, -17.66471 ], [ -62.71536, -17.66382 ], [ -62.71532, -17.66379 ], [ -62.71447, -17.66372 ], [ -62.71439, -17.6647 ] ] ] } },
{ "type": "Feature", "properties": { "i": 305 }, "geometry": { "type": "Polygon", "coordinates": [ [ [ -62.72121, -17.66259 ], [ -62.72194, -17.66286 ], [ -62.7219, -17.66263 ], [ -62.7213, -17.66237 ], [ -62.72121, -17.66259 ] ] ] } },
{ "type": "Feature", "properties": { "i": 306 }, "geometry": { "type": "Polygon", "coordinates": [ [ [ -62.72263, -17.66274 ], [ -62.72262, -17.66242 ], [ -62.7226, -17.66241 ], [ -62.72146, -17.6623 ], [ -62.72146, -17.66234 ], [ -62.7219, -17.66252 ], [ -62.7226, -17.66278 ], [ -62.72263, -17.66274 ] ] ] } },
{ "type": "Feature", "properties": { "i": 307 }, "geometry": { "type": "Polygon", "coordinates": [ [ [ -62.71977, -17.663 ], [ -62.72071, -17.66308 ], [ -62.72081, -17.66279 ], [ -62.72018, -17.66273 ], [ -62.72003, -17.66278 ], [ -62.71977, -17.66291 ], [ -62.71977, -17.663 ] ] ] } },
{ "type": "Feature", "properties": { "i": 308 }, "geometry": { "type": "Polygon", "coordinates": [ [ [ -62.71724, -17.66293 ], [ -62.7172, -17.66296 ], [ -62.71712, -17.66384 ], [ -62.71802, -17.66389 ], [ -62.71809, -17.66301 ], [ -62.71724, -17.66293 ] ] ] } },
{ "type": "Feature", "properties": { "i": 309 }, "geometry": { "type": "Polygon", "coordinates": [ [ [ -62.69591, -17.66728 ], [ -62.69518, -17.66723 ], [ -62.69504, -17.66894 ], [ -62.69577, -17.66898 ], [ -62.69591, -17.66728 ] ] ] } },
{ "type": "Feature", "properties": { "i": 310 }, "geometry": { "type": "Polygon", "coordinates": [ [ [ -62.71629, -17.66379 ], [ -62.71699, -17.66384 ], [ -62.71709, -17.66293 ], [ -62.71639, -17.66288 ], [ -62.71629, -17.66379 ] ] ] } },
{ "type": "Feature", "properties": { "i": 311 }, "geometry": { "type": "Polygon", "coordinates": [ [ [ -62.7193, -17.66227 ], [ -62.7198, -17.66241 ], [ -62.7198, -17.66276 ], [ -62.71947, -17.66299 ], [ -62.7194, -17.66295 ], [ -62.71936, -17.66271 ], [ -62.7193, -17.66256 ], [ -62.71918, -17.66237 ], [ -62.7193, -17.66227 ] ] ] } },
{ "type": "Feature", "properties": { "i": 312 }, "geometry": { "type": "Polygon", "coordinates": [ [ [ -62.71822, -17.66293 ], [ -62.71924, -17.66298 ], [ -62.7192, -17.66261 ], [ -62.7186, -17.66231 ], [ -62.71831, -17.6623 ], [ -62.71823, -17.66236 ], [ -62.7182, -17.6629 ], [ -62.71822, -17.66293 ] ] ] } },
{ "type": "Feature", "properties": { "i": 313 }, "geometry": { "type": "Polygon", "coordinates": [ [ [ -62.72339, -17.66133 ], [ -62.72328, -17.6614 ], [ -62.72312, -17.66162 ], [ -62.72303, -17.66179 ], [ -62.72293, -17.66208 ], [ -62.72618, -17.66232 ], [ -62.72638, -17.66063 ], [ -62.72615, -17.66052 ], [ -62.72598, -17.66047 ], [ -62.72577, -17.66044 ], [ -62.72554, -17.66046 ], [ -62.72547, -17.66044 ], [ -62.72534, -17.66034 ], [ -62.7253, -17.66024 ], [ -62.72516, -17.66018 ], [ -62.72494, -17.66016 ], [ -62.72474, -17.66018 ], [ -62.72459, -17.66023 ], [ -62.72446, -17.66031 ], [ -62.7242, -17.66071 ], [ -62.7241, -17.66091 ], [ -62.72395, -17.66108 ], [ -62.72375, -17.66122 ], [ -62.72364, -17.66127 ], [ -62.72339, -17.66133 ] ] ] } },
{ "type": "Feature", "properties": { "i": 314 }, "geometry": { "type": "Polygon", "coordinates": [ [ [ -62.71552, -17.66371 ], [ -62.71549, -17.66367 ], [ -62.71554, -17.66278 ], [ -62.71627, -17.66285 ], [ -62.71629, -17.66288 ], [ -62.71618, -17.66378 ], [ -62.71552, -17.66371 ] ] ] } },
{ "type": "Feature", "properties": { "i": 315 }, "geometry": { "type": "Polygon", "coordinates": [ [ [ -62.71965, -17.66229 ], [ -62.7201, -17.66241 ], [ -62.72014, -17.66219 ], [ -62.71968, -17.66216 ], [ -62.71965, -17.66229 ] ] ] } },
{ "type": "Feature", "properties": { "i": 316 }, "geometry": { "type": "Polygon", "coordinates": [ [ [ -62.71445, -17.66361 ], [ -62.71538, -17.66367 ], [ -62.71542, -17.66279 ], [ -62.7154, -17.66277 ], [ -62.71454, -17.66271 ], [ -62.71445, -17.66361 ] ] ] } },
{ "type": "Feature", "properties": { "i": 317 }, "geometry": { "type": "Polygon", "coordinates": [ [ [ -62.71775, -17.66287 ], [ -62.71687, -17.66279 ], [ -62.71693, -17.66234 ], [ -62.71779, -17.66241 ], [ -62.71775, -17.66287 ] ] ] } },
{ "type": "Feature", "properties": { "i": 318 }, "geometry": { "type": "Polygon", "coordinates": [ [ [ -62.71873, -17.66208 ], [ -62.71863, -17.66205 ], [ -62.7185, -17.66217 ], [ -62.71892, -17.66237 ], [ -62.719, -17.66232 ], [ -62.71888, -17.66218 ], [ -62.71873, -17.66208 ] ] ] } },
{ "type": "Feature", "properties": { "i": 319 }, "geometry": { "type": "Polygon", "coordinates": [ [ [ -62.71819, -17.66228 ], [ -62.71844, -17.66212 ], [ -62.71844, -17.66205 ], [ -62.71841, -17.66201 ], [ -62.71791, -17.66196 ], [ -62.71786, -17.66199 ], [ -62.71784, -17.66288 ], [ -62.71807, -17.6629 ], [ -62.71809, -17.66287 ], [ -62.71814, -17.66237 ], [ -62.71819, -17.66228 ] ] ] } },
{ "type": "Feature", "properties": { "i": 320 }, "geometry": { "type": "Polygon", "coordinates": [ [ [ -62.72365, -17.66089 ], [ -62.72344, -17.66102 ], [ -62.72311, -17.66134 ], [ -62.72297, -17.66154 ], [ -62.72279, -17.66198 ], [ -62.7227, -17.66195 ], [ -62.72212, -17.66189 ], [ -62.72136, -17.66185 ], [ -62.72137, -17.66132 ], [ -62.72219, -17.66119 ], [ -62.72219, -17.66115 ], [ -62.72139, -17.66126 ], [ -62.72139, -17.66085 ], [ -62.72358, -17.66086 ], [ -62.72365, -17.66089 ] ] ] } },
{ "type": "Feature", "properties": { "i": 321 }, "geometry": { "type": "Polygon", "coordinates": [ [ [ -62.72096, -17.66181 ], [ -62.72125, -17.66182 ], [ -62.72125, -17.66135 ], [ -62.72095, -17.66137 ], [ -62.72096, -17.66181 ] ] ] } },
{ "type": "Feature", "properties": { "i": 322 }, "geometry": { "type": "Polygon", "coordinates": [ [ [ -62.71983, -17.66153 ], [ -62.71978, -17.66157 ], [ -62.71886, -17.66152 ], [ -62.71884, -17.66179 ], [ -62.71913, -17.66183 ], [ -62.71919, -17.66175 ], [ -62.71984, -17.66181 ], [ -62.71985, -17.6617 ], [ -62.72089, -17.6618 ], [ -62.72089, -17.66138 ], [ -62.72017, -17.66144 ], [ -62.71983, -17.66153 ] ] ] } },
{ "type": "Feature", "properties": { "i": 323 }, "geometry": { "type": "Polygon", "coordinates": [ [ [ -62.70331, -17.66069 ], [ -62.70792, -17.66108 ], [ -62.70735, -17.66597 ], [ -62.70726, -17.66601 ], [ -62.70549, -17.66577 ], [ -62.7054, -17.66648 ], [ -62.70533, -17.6676 ], [ -62.70531, -17.66764 ], [ -62.70449, -17.66756 ], [ -62.70446, -17.66752 ], [ -62.70446, -17.66629 ], [ -62.70342, -17.66609 ], [ -62.70267, -17.66598 ], [ -62.70287, -17.66452 ], [ -62.70331, -17.66069 ] ] ] } },
{ "type": "Feature", "properties": { "i": 324 }, "geometry": { "type": "Polygon", "coordinates": [ [ [ -62.71554, -17.66266 ], [ -62.71633, -17.66276 ], [ -62.71675, -17.66277 ], [ -62.71683, -17.66211 ], [ -62.71557, -17.66217 ], [ -62.71554, -17.66266 ] ] ] } },
{ "type": "Feature", "properties": { "i": 325 }, "geometry": { "type": "Polygon", "coordinates": [ [ [ -62.71695, -17.66185 ], [ -62.71694, -17.66222 ], [ -62.71775, -17.66229 ], [ -62.71778, -17.66227 ], [ -62.71778, -17.66189 ], [ -62.71695, -17.66185 ] ] ] } },
{ "type": "Feature", "properties": { "i": 326 }, "geometry": { "type": "Polygon", "coordinates": [ [ [ -62.71458, -17.66258 ], [ -62.71542, -17.66265 ], [ -62.71546, -17.66217 ], [ -62.71544, -17.66215 ], [ -62.71459, -17.66221 ], [ -62.71458, -17.66258 ] ] ] } },
{ "type": "Feature", "properties": { "i": 327 }, "geometry": { "type": "Polygon", "coordinates": [ [ [ -62.72018, -17.66087 ], [ -62.72019, -17.66134 ], [ -62.72021, -17.66135 ], [ -62.72128, -17.66126 ], [ -62.72129, -17.66084 ], [ -62.7202, -17.66085 ], [ -62.72018, -17.66087 ] ] ] } },
{ "type": "Feature", "properties": { "i": 328 }, "geometry": { "type": "Polygon", "coordinates": [ [ [ -62.72451, -17.65991 ], [ -62.72439, -17.66021 ], [ -62.7242, -17.66049 ], [ -62.72397, -17.66071 ], [ -62.72393, -17.66073 ], [ -62.72385, -17.66072 ], [ -62.72383, -17.65989 ], [ -62.72451, -17.65991 ] ] ] } },
{ "type": "Feature", "properties": { "i": 329 }, "geometry": { "type": "Polygon", "coordinates": [ [ [ -62.71559, -17.66173 ], [ -62.71557, -17.66208 ], [ -62.71681, -17.66199 ], [ -62.71682, -17.66182 ], [ -62.71559, -17.66173 ] ] ] } },
{ "type": "Feature", "properties": { "i": 330 }, "geometry": { "type": "Polygon", "coordinates": [ [ [ -62.72009, -17.66085 ], [ -62.71897, -17.66085 ], [ -62.71891, -17.66087 ], [ -62.71886, -17.66138 ], [ -62.71889, -17.66141 ], [ -62.7193, -17.66148 ], [ -62.71973, -17.66148 ], [ -62.71979, -17.66147 ], [ -62.71979, -17.66144 ], [ -62.7201, -17.66135 ], [ -62.72009, -17.66085 ] ] ] } },
{ "type": "Feature", "properties": { "i": 331 }, "geometry": { "type": "Polygon", "coordinates": [ [ [ -62.72253, -17.65994 ], [ -62.72252, -17.66072 ], [ -62.72254, -17.66074 ], [ -62.72368, -17.66074 ], [ -62.72373, -17.66069 ], [ -62.7237, -17.65997 ], [ -62.72362, -17.65991 ], [ -62.72258, -17.6599 ], [ -62.72253, -17.65994 ] ] ] } },
{ "type": "Feature", "properties": { "i": 332 }, "geometry": { "type": "Polygon", "coordinates": [ [ [ -62.69605, -17.66557 ], [ -62.69535, -17.66552 ], [ -62.6952, -17.66715 ], [ -62.69593, -17.6672 ], [ -62.69605, -17.66557 ] ] ] } },
{ "type": "Feature", "properties": { "i": 333 }, "geometry": { "type": "Polygon", "coordinates": [ [ [ -62.71463, -17.66169 ], [ -62.7146, -17.66208 ], [ -62.71462, -17.66211 ], [ -62.71547, -17.66207 ], [ -62.71548, -17.66172 ], [ -62.71465, -17.66167 ], [ -62.71463, -17.66169 ] ] ] } },
{ "type": "Feature", "properties": { "i": 334 }, "geometry": { "type": "Polygon", "coordinates": [ [ [ -62.72242, -17.65996 ], [ -62.72237, -17.6599 ], [ -62.72143, -17.65989 ], [ -62.72141, -17.66072 ], [ -62.72143, -17.66074 ], [ -62.72238, -17.66075 ], [ -62.7224, -17.66073 ], [ -62.72242, -17.65996 ] ] ] } },
{ "type": "Feature", "properties": { "i": 335 }, "geometry": { "type": "Polygon", "coordinates": [ [ [ -62.71868, -17.66158 ], [ -62.71697, -17.66144 ], [ -62.71695, -17.66138 ], [ -62.717, -17.66074 ], [ -62.71707, -17.66071 ], [ -62.71877, -17.66085 ], [ -62.71881, -17.66089 ], [ -62.71873, -17.66155 ], [ -62.71868, -17.66158 ] ] ] } },
{ "type": "Feature", "properties": { "i": 336 }, "geometry": { "type": "Polygon", "coordinates": [ [ [ -62.72133, -17.65989 ], [ -62.72022, -17.6599 ], [ -62.72017, -17.66072 ], [ -62.7202, -17.66074 ], [ -62.7213, -17.66073 ], [ -62.72133, -17.65989 ] ] ] } },
{ "type": "Feature", "properties": { "i": 337 }, "geometry": { "type": "Polygon", "coordinates": [ [ [ -62.71934, -17.66073 ], [ -62.71937, -17.66076 ], [ -62.7201, -17.66076 ], [ -62.72009, -17.65991 ], [ -62.71933, -17.65993 ], [ -62.71934, -17.66073 ] ] ] } },
{ "type": "Feature", "properties": { "i": 338 }, "geometry": { "type": "Polygon", "coordinates": [ [ [ -62.71611, -17.66137 ], [ -62.71684, -17.66141 ], [ -62.71686, -17.66139 ], [ -62.71689, -17.66072 ], [ -62.71607, -17.66066 ], [ -62.71611, -17.66137 ] ] ] } },
{ "type": "Feature", "properties": { "i": 339 }, "geometry": { "type": "Polygon", "coordinates": [ [ [ -62.71873, -17.66076 ], [ -62.71922, -17.66077 ], [ -62.71925, -17.66074 ], [ -62.71923, -17.65995 ], [ -62.71921, -17.65993 ], [ -62.71828, -17.65995 ], [ -62.71826, -17.65997 ], [ -62.71838, -17.66071 ], [ -62.71873, -17.66076 ] ] ] } },
{ "type": "Feature", "properties": { "i": 340 }, "geometry": { "type": "Polygon", "coordinates": [ [ [ -62.71472, -17.66125 ], [ -62.71598, -17.66133 ], [ -62.71595, -17.66064 ], [ -62.71473, -17.66056 ], [ -62.7147, -17.66101 ], [ -62.7147, -17.66122 ], [ -62.71472, -17.66125 ] ] ] } },
{ "type": "Feature", "properties": { "i": 341 }, "geometry": { "type": "Polygon", "coordinates": [ [ [ -62.72369, -17.65972 ], [ -62.72369, -17.65905 ], [ -62.72367, -17.65903 ], [ -62.72365, -17.65874 ], [ -62.72362, -17.65871 ], [ -62.72246, -17.65875 ], [ -62.72251, -17.65972 ], [ -62.72253, -17.65975 ], [ -62.72367, -17.65975 ], [ -62.72369, -17.65972 ] ] ] } },
{ "type": "Feature", "properties": { "i": 342 }, "geometry": { "type": "Polygon", "coordinates": [ [ [ -62.71702, -17.66061 ], [ -62.71825, -17.6607 ], [ -62.71825, -17.66058 ], [ -62.71814, -17.65995 ], [ -62.71705, -17.65998 ], [ -62.71702, -17.66061 ] ] ] } },
{ "type": "Feature", "properties": { "i": 343 }, "geometry": { "type": "Polygon", "coordinates": [ [ [ -62.72146, -17.65973 ], [ -62.72237, -17.65975 ], [ -62.7224, -17.65972 ], [ -62.72233, -17.65876 ], [ -62.72149, -17.65879 ], [ -62.72147, -17.65881 ], [ -62.72146, -17.65973 ] ] ] } },
{ "type": "Feature", "properties": { "i": 344 }, "geometry": { "type": "Polygon", "coordinates": [ [ [ -62.70268, -17.66455 ], [ -62.70264, -17.66445 ], [ -62.70245, -17.66431 ], [ -62.70236, -17.66414 ], [ -62.70239, -17.66367 ], [ -62.70238, -17.66357 ], [ -62.70234, -17.66349 ], [ -62.70225, -17.66342 ], [ -62.70155, -17.6632 ], [ -62.70144, -17.66313 ], [ -62.70134, -17.663 ], [ -62.70132, -17.66253 ], [ -62.70128, -17.66245 ], [ -62.70116, -17.66237 ], [ -62.7008, -17.66235 ], [ -62.70058, -17.6648 ], [ -62.70263, -17.66497 ], [ -62.70268, -17.66455 ] ] ] } },
{ "type": "Feature", "properties": { "i": 345 }, "geometry": { "type": "Polygon", "coordinates": [ [ [ -62.71694, -17.65996 ], [ -62.71691, -17.65992 ], [ -62.71604, -17.65994 ], [ -62.71606, -17.66054 ], [ -62.71688, -17.66058 ], [ -62.7169, -17.66056 ], [ -62.71694, -17.65996 ] ] ] } },
{ "type": "Feature", "properties": { "i": 346 }, "geometry": { "type": "Polygon", "coordinates": [ [ [ -62.72025, -17.65975 ], [ -62.72134, -17.65975 ], [ -62.72136, -17.65882 ], [ -62.72134, -17.6588 ], [ -62.72029, -17.65884 ], [ -62.72026, -17.65886 ], [ -62.72022, -17.65959 ], [ -62.72022, -17.65973 ], [ -62.72025, -17.65975 ] ] ] } },
{ "type": "Feature", "properties": { "i": 347 }, "geometry": { "type": "Polygon", "coordinates": [ [ [ -62.71488, -17.65993 ], [ -62.7159, -17.65995 ], [ -62.71593, -17.66053 ], [ -62.71478, -17.66046 ], [ -62.71475, -17.66042 ], [ -62.71477, -17.66001 ], [ -62.7148, -17.65996 ], [ -62.71488, -17.65993 ] ] ] } },
{ "type": "Feature", "properties": { "i": 348 }, "geometry": { "type": "Polygon", "coordinates": [ [ [ -62.71913, -17.65897 ], [ -62.71908, -17.65891 ], [ -62.71819, -17.65896 ], [ -62.71823, -17.65978 ], [ -62.71825, -17.6598 ], [ -62.71917, -17.65978 ], [ -62.7192, -17.65975 ], [ -62.71913, -17.65897 ] ] ] } },
{ "type": "Feature", "properties": { "i": 349 }, "geometry": { "type": "Polygon", "coordinates": [ [ [ -62.71716, -17.65899 ], [ -62.71809, -17.65897 ], [ -62.71814, -17.65977 ], [ -62.71811, -17.6598 ], [ -62.71713, -17.65981 ], [ -62.71713, -17.65903 ], [ -62.71716, -17.65899 ] ] ] } },
{ "type": "Feature", "properties": { "i": 350 }, "geometry": { "type": "Polygon", "coordinates": [ [ [ -62.7224, -17.65773 ], [ -62.72245, -17.65864 ], [ -62.72351, -17.6586 ], [ -62.7235, -17.65765 ], [ -62.7224, -17.65773 ] ] ] } },
{ "type": "Feature", "properties": { "i": 351 }, "geometry": { "type": "Polygon", "coordinates": [ [ [ -62.71606, -17.65981 ], [ -62.71694, -17.65981 ], [ -62.71698, -17.65979 ], [ -62.71699, -17.65903 ], [ -62.71696, -17.659 ], [ -62.71674, -17.659 ], [ -62.716, -17.65904 ], [ -62.71602, -17.65979 ], [ -62.71606, -17.65981 ] ] ] } },
{ "type": "Feature", "properties": { "i": 352 }, "geometry": { "type": "Polygon", "coordinates": [ [ [ -62.72132, -17.65775 ], [ -62.72227, -17.65772 ], [ -62.72229, -17.65774 ], [ -62.72232, -17.65863 ], [ -62.72229, -17.65866 ], [ -62.72139, -17.6587 ], [ -62.72129, -17.65778 ], [ -62.72132, -17.65775 ] ] ] } },
{ "type": "Feature", "properties": { "i": 353 }, "geometry": { "type": "Polygon", "coordinates": [ [ [ -62.72602, -17.65784 ], [ -62.72659, -17.65788 ], [ -62.72669, -17.65628 ], [ -62.72613, -17.65624 ], [ -62.72602, -17.65784 ] ] ] } },
{ "type": "Feature", "properties": { "i": 354 }, "geometry": { "type": "Polygon", "coordinates": [ [ [ -62.71488, -17.65913 ], [ -62.71483, -17.65981 ], [ -62.71579, -17.65982 ], [ -62.7159, -17.65978 ], [ -62.71587, -17.65908 ], [ -62.7149, -17.65911 ], [ -62.71488, -17.65913 ] ] ] } },
{ "type": "Feature", "properties": { "i": 355 }, "geometry": { "type": "Polygon", "coordinates": [ [ [ -62.71919, -17.65793 ], [ -62.71926, -17.65877 ], [ -62.72013, -17.65875 ], [ -62.72016, -17.65872 ], [ -62.72019, -17.65786 ], [ -62.71921, -17.6579 ], [ -62.71919, -17.65793 ] ] ] } },
{ "type": "Feature", "properties": { "i": 356 }, "geometry": { "type": "Polygon", "coordinates": [ [ [ -62.71817, -17.65881 ], [ -62.71819, -17.65884 ], [ -62.7191, -17.6588 ], [ -62.71912, -17.65878 ], [ -62.71907, -17.65793 ], [ -62.71905, -17.65791 ], [ -62.71815, -17.65794 ], [ -62.71817, -17.65881 ] ] ] } },
{ "type": "Feature", "properties": { "i": 357 }, "geometry": { "type": "Polygon", "coordinates": [ [ [ -62.72451, -17.65945 ], [ -62.72482, -17.65964 ], [ -62.72567, -17.65992 ], [ -62.72638, -17.66013 ], [ -62.7264, -17.66011 ], [ -62.72656, -17.65802 ], [ -62.72654, -17.65799 ], [ -62.72645, -17.65798 ], [ -62.7258, -17.65794 ], [ -62.72522, -17.65789 ], [ -62.72517, -17.65787 ], [ -62.72531, -17.65613 ], [ -62.7254, -17.65579 ], [ -62.72545, -17.65534 ], [ -62.72354, -17.65444 ], [ -62.72265, -17.6543 ], [ -62.7227, -17.65397 ], [ -62.72178, -17.65384 ], [ -62.7217, -17.65455 ], [ -62.72319, -17.65537 ], [ -62.72322, -17.65568 ], [ -62.7235, -17.65597 ], [ -62.72366, -17.65621 ], [ -62.72387, -17.6568 ], [ -62.72392, -17.65701 ], [ -62.72395, -17.65828 ], [ -62.72402, -17.65874 ], [ -62.72413, -17.65901 ], [ -62.7243, -17.65925 ], [ -62.72451, -17.65945 ] ] ] } },
{ "type": "Feature", "properties": { "i": 358 }, "geometry": { "type": "Polygon", "coordinates": [ [ [ -62.71718, -17.65886 ], [ -62.7172, -17.65889 ], [ -62.71806, -17.65885 ], [ -62.71808, -17.65883 ], [ -62.71803, -17.65797 ], [ -62.71799, -17.65794 ], [ -62.71722, -17.65797 ], [ -62.71718, -17.65886 ] ] ] } },
{ "type": "Feature", "properties": { "i": 359 }, "geometry": { "type": "Polygon", "coordinates": [ [ [ -62.72237, -17.65687 ], [ -62.72239, -17.65759 ], [ -62.72339, -17.65755 ], [ -62.72347, -17.65751 ], [ -62.72342, -17.65681 ], [ -62.72338, -17.65678 ], [ -62.72237, -17.65687 ] ] ] } },
{ "type": "Feature", "properties": { "i": 360 }, "geometry": { "type": "Polygon", "coordinates": [ [ [ -62.70246, -17.66411 ], [ -62.70248, -17.66354 ], [ -62.70243, -17.66344 ], [ -62.70237, -17.66338 ], [ -62.70229, -17.66334 ], [ -62.70192, -17.66325 ], [ -62.70153, -17.66308 ], [ -62.70149, -17.66304 ], [ -62.70142, -17.66291 ], [ -62.7014, -17.66238 ], [ -62.70133, -17.66228 ], [ -62.7013, -17.66226 ], [ -62.70082, -17.66222 ], [ -62.70098, -17.66049 ], [ -62.70101, -17.66047 ], [ -62.70317, -17.66068 ], [ -62.70275, -17.66446 ], [ -62.7027, -17.66434 ], [ -62.70249, -17.66419 ], [ -62.70246, -17.66411 ] ] ] } },
{ "type": "Feature", "properties": { "i": 361 }, "geometry": { "type": "Polygon", "coordinates": [ [ [ -62.69637, -17.66208 ], [ -62.69565, -17.66204 ], [ -62.69551, -17.66364 ], [ -62.69623, -17.66369 ], [ -62.69637, -17.66208 ] ] ] } },
{ "type": "Feature", "properties": { "i": 362 }, "geometry": { "type": "Polygon", "coordinates": [ [ [ -62.72036, -17.6577 ], [ -62.72034, -17.65768 ], [ -62.72046, -17.65633 ], [ -62.7213, -17.65608 ], [ -62.72132, -17.65611 ], [ -62.72131, -17.65626 ], [ -62.72117, -17.65765 ], [ -62.72113, -17.65768 ], [ -62.72036, -17.6577 ] ] ] } },
{ "type": "Feature", "properties": { "i": 363 }, "geometry": { "type": "Polygon", "coordinates": [ [ [ -62.71524, -17.65689 ], [ -62.71698, -17.65704 ], [ -62.71704, -17.65712 ], [ -62.71699, -17.65874 ], [ -62.71689, -17.65885 ], [ -62.71675, -17.6589 ], [ -62.71487, -17.65898 ], [ -62.71498, -17.65804 ], [ -62.71507, -17.65701 ], [ -62.71515, -17.65692 ], [ -62.71524, -17.65689 ] ] ] } },
{ "type": "Feature", "properties": { "i": 364 }, "geometry": { "type": "Polygon", "coordinates": [ [ [ -62.72034, -17.65637 ], [ -62.72032, -17.65636 ], [ -62.71909, -17.6567 ], [ -62.71915, -17.65776 ], [ -62.71918, -17.65779 ], [ -62.72025, -17.6577 ], [ -62.72034, -17.65637 ] ] ] } },
{ "type": "Feature", "properties": { "i": 365 }, "geometry": { "type": "Polygon", "coordinates": [ [ [ -62.71808, -17.65698 ], [ -62.71813, -17.65782 ], [ -62.71815, -17.65784 ], [ -62.71903, -17.65779 ], [ -62.71905, -17.65776 ], [ -62.71897, -17.65677 ], [ -62.71894, -17.65674 ], [ -62.71808, -17.65698 ] ] ] } },
{ "type": "Feature", "properties": { "i": 366 }, "geometry": { "type": "Polygon", "coordinates": [ [ [ -62.71723, -17.65786 ], [ -62.71758, -17.65786 ], [ -62.71802, -17.65782 ], [ -62.71797, -17.65701 ], [ -62.71726, -17.65719 ], [ -62.71723, -17.65786 ] ] ] } },
{ "type": "Feature", "properties": { "i": 367 }, "geometry": { "type": "Polygon", "coordinates": [ [ [ -62.72332, -17.65659 ], [ -62.7232, -17.6563 ], [ -62.72314, -17.65622 ], [ -62.72302, -17.65612 ], [ -62.72267, -17.65585 ], [ -62.72256, -17.65579 ], [ -62.72234, -17.6558 ], [ -62.72236, -17.65676 ], [ -62.72325, -17.65668 ], [ -62.7233, -17.65664 ], [ -62.72332, -17.65659 ] ] ] } },
{ "type": "Feature", "properties": { "i": 368 }, "geometry": { "type": "Polygon", "coordinates": [ [ [ -62.72225, -17.65677 ], [ -62.72222, -17.65583 ], [ -62.72219, -17.65582 ], [ -62.72143, -17.65603 ], [ -62.72138, -17.65673 ], [ -62.7214, -17.65675 ], [ -62.72225, -17.65677 ] ] ] } },
{ "type": "Feature", "properties": { "i": 369 }, "geometry": { "type": "Polygon", "coordinates": [ [ [ -62.71339, -17.65647 ], [ -62.71334, -17.65654 ], [ -62.71224, -17.65644 ], [ -62.71219, -17.65646 ], [ -62.71194, -17.65914 ], [ -62.7146, -17.6594 ], [ -62.71487, -17.65687 ], [ -62.71484, -17.65685 ], [ -62.71404, -17.65675 ], [ -62.71401, -17.65671 ], [ -62.71415, -17.65498 ], [ -62.71414, -17.65487 ], [ -62.7135, -17.65477 ], [ -62.71339, -17.65647 ] ] ] } },
{ "type": "Feature", "properties": { "i": 370 }, "geometry": { "type": "Polygon", "coordinates": [ [ [ -62.69652, -17.66025 ], [ -62.69638, -17.66201 ], [ -62.69566, -17.66196 ], [ -62.69581, -17.66019 ], [ -62.69652, -17.66025 ] ] ] } },
{ "type": "Feature", "properties": { "i": 371 }, "geometry": { "type": "Polygon", "coordinates": [ [ [ -62.71963, -17.65524 ], [ -62.71969, -17.65642 ], [ -62.72035, -17.65623 ], [ -62.72043, -17.65522 ], [ -62.72041, -17.6552 ], [ -62.71963, -17.65524 ] ] ] } },
{ "type": "Feature", "properties": { "i": 372 }, "geometry": { "type": "Polygon", "coordinates": [ [ [ -62.719, -17.65527 ], [ -62.71907, -17.65657 ], [ -62.7191, -17.65659 ], [ -62.71961, -17.65644 ], [ -62.71955, -17.65525 ], [ -62.719, -17.65527 ] ] ] } },
{ "type": "Feature", "properties": { "i": 373 }, "geometry": { "type": "Polygon", "coordinates": [ [ [ -62.7181, -17.65685 ], [ -62.71806, -17.65683 ], [ -62.71801, -17.65529 ], [ -62.71882, -17.65527 ], [ -62.71886, -17.6553 ], [ -62.71895, -17.6566 ], [ -62.71894, -17.65662 ], [ -62.7181, -17.65685 ] ] ] } },
{ "type": "Feature", "properties": { "i": 374 }, "geometry": { "type": "Polygon", "coordinates": [ [ [ -62.69792, -17.66038 ], [ -62.69661, -17.66028 ], [ -62.69655, -17.661 ], [ -62.69788, -17.66108 ], [ -62.69792, -17.66038 ] ] ] } },
{ "type": "Feature", "properties": { "i": 375 }, "geometry": { "type": "Polygon", "coordinates": [ [ [ -62.72051, -17.65617 ], [ -62.72048, -17.65616 ], [ -62.72048, -17.65613 ], [ -62.72059, -17.65464 ], [ -62.72061, -17.65463 ], [ -62.72213, -17.65554 ], [ -62.72218, -17.65574 ], [ -62.72051, -17.65617 ] ] ] } },
{ "type": "Feature", "properties": { "i": 376 }, "geometry": { "type": "Polygon", "coordinates": [ [ [ -62.71738, -17.65703 ], [ -62.71741, -17.65705 ], [ -62.71795, -17.65688 ], [ -62.71787, -17.6553 ], [ -62.71723, -17.65534 ], [ -62.71738, -17.65703 ] ] ] } },
{ "type": "Feature", "properties": { "i": 377 }, "geometry": { "type": "Polygon", "coordinates": [ [ [ -62.71604, -17.65682 ], [ -62.71607, -17.65684 ], [ -62.71701, -17.65693 ], [ -62.71704, -17.65691 ], [ -62.71684, -17.65507 ], [ -62.71593, -17.65513 ], [ -62.71592, -17.65515 ], [ -62.71604, -17.65682 ] ] ] } },
{ "type": "Feature", "properties": { "i": 378 }, "geometry": { "type": "Polygon", "coordinates": [ [ [ -62.71523, -17.65678 ], [ -62.71593, -17.65682 ], [ -62.71582, -17.65513 ], [ -62.71526, -17.65505 ], [ -62.71523, -17.65507 ], [ -62.71509, -17.65675 ], [ -62.71523, -17.65678 ] ] ] } },
{ "type": "Feature", "properties": { "i": 379 }, "geometry": { "type": "Polygon", "coordinates": [ [ [ -62.71489, -17.65672 ], [ -62.71505, -17.65501 ], [ -62.71504, -17.65499 ], [ -62.71429, -17.65488 ], [ -62.71414, -17.65661 ], [ -62.71418, -17.65665 ], [ -62.71489, -17.65672 ] ] ] } },
{ "type": "Feature", "properties": { "i": 380 }, "geometry": { "type": "Polygon", "coordinates": [ [ [ -62.71798, -17.65462 ], [ -62.718, -17.65517 ], [ -62.71884, -17.65514 ], [ -62.71882, -17.65459 ], [ -62.71798, -17.65462 ] ] ] } },
{ "type": "Feature", "properties": { "i": 381 }, "geometry": { "type": "Polygon", "coordinates": [ [ [ -62.71964, -17.65508 ], [ -62.71967, -17.65397 ], [ -62.71916, -17.65361 ], [ -62.71891, -17.65346 ], [ -62.71888, -17.65346 ], [ -62.71886, -17.6535 ], [ -62.71898, -17.65515 ], [ -62.7196, -17.65512 ], [ -62.71964, -17.65508 ] ] ] } },
{ "type": "Feature", "properties": { "i": 382 }, "geometry": { "type": "Polygon", "coordinates": [ [ [ -62.71267, -17.6564 ], [ -62.71325, -17.65645 ], [ -62.71333, -17.65538 ], [ -62.71331, -17.65535 ], [ -62.71278, -17.6553 ], [ -62.71267, -17.6564 ] ] ] } },
{ "type": "Feature", "properties": { "i": 383 }, "geometry": { "type": "Polygon", "coordinates": [ [ [ -62.71256, -17.6564 ], [ -62.71192, -17.65633 ], [ -62.71199, -17.65523 ], [ -62.71202, -17.65521 ], [ -62.71265, -17.65528 ], [ -62.71256, -17.6564 ] ] ] } },
{ "type": "Feature", "properties": { "i": 384 }, "geometry": { "type": "Polygon", "coordinates": [ [ [ -62.69882, -17.6561 ], [ -62.69851, -17.65969 ], [ -62.69944, -17.65978 ], [ -62.69961, -17.65767 ], [ -62.69966, -17.65767 ], [ -62.69948, -17.65978 ], [ -62.70086, -17.6599 ], [ -62.70127, -17.65631 ], [ -62.69882, -17.6561 ] ] ] } },
{ "type": "Feature", "properties": { "i": 385 }, "geometry": { "type": "Polygon", "coordinates": [ [ [ -62.70713, -17.65861 ], [ -62.70719, -17.65824 ], [ -62.70719, -17.65774 ], [ -62.7073, -17.65675 ], [ -62.70752, -17.65676 ], [ -62.70778, -17.65443 ], [ -62.70787, -17.65438 ], [ -62.70861, -17.65444 ], [ -62.70884, -17.65186 ], [ -62.71026, -17.65203 ], [ -62.71022, -17.65238 ], [ -62.71102, -17.65246 ], [ -62.71068, -17.65621 ], [ -62.71107, -17.65626 ], [ -62.71079, -17.66089 ], [ -62.70676, -17.66053 ], [ -62.70675, -17.6603 ], [ -62.70685, -17.65893 ], [ -62.70689, -17.65882 ], [ -62.70696, -17.65875 ], [ -62.70706, -17.6587 ], [ -62.70713, -17.65861 ] ] ] } },
{ "type": "Feature", "properties": { "i": 386 }, "geometry": { "type": "Polygon", "coordinates": [ [ [ -62.71878, -17.65397 ], [ -62.71874, -17.65391 ], [ -62.71793, -17.65391 ], [ -62.71795, -17.65453 ], [ -62.7188, -17.6545 ], [ -62.71878, -17.65397 ] ] ] } },
{ "type": "Feature", "properties": { "i": 387 }, "geometry": { "type": "Polygon", "coordinates": [ [ [ -62.7172, -17.65524 ], [ -62.71789, -17.6552 ], [ -62.7178, -17.65365 ], [ -62.71709, -17.65371 ], [ -62.7172, -17.65524 ] ] ] } },
{ "type": "Feature", "properties": { "i": 388 }, "geometry": { "type": "Polygon", "coordinates": [ [ [ -62.7111, -17.65616 ], [ -62.7118, -17.65622 ], [ -62.71193, -17.65455 ], [ -62.71189, -17.65451 ], [ -62.71133, -17.65441 ], [ -62.71128, -17.65445 ], [ -62.7111, -17.65616 ] ] ] } },
{ "type": "Feature", "properties": { "i": 389 }, "geometry": { "type": "Polygon", "coordinates": [ [ [ -62.70366, -17.6593 ], [ -62.70375, -17.65829 ], [ -62.70387, -17.65807 ], [ -62.70389, -17.65785 ], [ -62.70374, -17.65766 ], [ -62.70377, -17.65693 ], [ -62.704, -17.65451 ], [ -62.70204, -17.65433 ], [ -62.70181, -17.65651 ], [ -62.70133, -17.65646 ], [ -62.70114, -17.65808 ], [ -62.70097, -17.6599 ], [ -62.7031, -17.66009 ], [ -62.70334, -17.65994 ], [ -62.70349, -17.65977 ], [ -62.7036, -17.65953 ], [ -62.70366, -17.6593 ] ] ] } },
{ "type": "Feature", "properties": { "i": 390 }, "geometry": { "type": "Polygon", "coordinates": [ [ [ -62.71588, -17.65503 ], [ -62.71673, -17.65498 ], [ -62.71674, -17.65496 ], [ -62.71674, -17.6543 ], [ -62.71663, -17.65304 ], [ -62.71605, -17.65299 ], [ -62.71597, -17.65373 ], [ -62.71593, -17.65373 ], [ -62.71601, -17.65299 ], [ -62.71543, -17.65294 ], [ -62.71524, -17.65488 ], [ -62.71527, -17.65492 ], [ -62.71584, -17.65503 ], [ -62.71583, -17.6543 ], [ -62.71587, -17.6543 ], [ -62.71588, -17.65503 ] ] ] } },
{ "type": "Feature", "properties": { "i": 391 }, "geometry": { "type": "Polygon", "coordinates": [ [ [ -62.71996, -17.65351 ], [ -62.72092, -17.65407 ], [ -62.72114, -17.65201 ], [ -62.72009, -17.65194 ], [ -62.71996, -17.65351 ] ] ] } },
{ "type": "Feature", "properties": { "i": 392 }, "geometry": { "type": "Polygon", "coordinates": [ [ [ -62.71792, -17.6538 ], [ -62.71876, -17.65381 ], [ -62.71875, -17.6534 ], [ -62.71802, -17.6529 ], [ -62.71789, -17.65288 ], [ -62.71792, -17.6538 ] ] ] } },
{ "type": "Feature", "properties": { "i": 393 }, "geometry": { "type": "Polygon", "coordinates": [ [ [ -62.71442, -17.65288 ], [ -62.7143, -17.65477 ], [ -62.71504, -17.65488 ], [ -62.71521, -17.65298 ], [ -62.71442, -17.65288 ] ] ] } },
{ "type": "Feature", "properties": { "i": 394 }, "geometry": { "type": "Polygon", "coordinates": [ [ [ -62.71929, -17.65303 ], [ -62.71985, -17.65343 ], [ -62.71993, -17.65211 ], [ -62.71935, -17.65206 ], [ -62.71929, -17.65303 ] ] ] } },
{ "type": "Feature", "properties": { "i": 395 }, "geometry": { "type": "Polygon", "coordinates": [ [ [ -62.71819, -17.65242 ], [ -62.71915, -17.65298 ], [ -62.71924, -17.65212 ], [ -62.71921, -17.65208 ], [ -62.71824, -17.65201 ], [ -62.71819, -17.65242 ] ] ] } },
{ "type": "Feature", "properties": { "i": 396 }, "geometry": { "type": "Polygon", "coordinates": [ [ [ -62.71743, -17.6526 ], [ -62.71697, -17.65229 ], [ -62.71684, -17.65228 ], [ -62.71681, -17.6523 ], [ -62.71704, -17.65305 ], [ -62.71713, -17.6536 ], [ -62.7178, -17.65354 ], [ -62.71776, -17.65277 ], [ -62.71753, -17.65259 ], [ -62.71743, -17.6526 ] ] ] } },
{ "type": "Feature", "properties": { "i": 397 }, "geometry": { "type": "Polygon", "coordinates": [ [ [ -62.71363, -17.6528 ], [ -62.71348, -17.65461 ], [ -62.7135, -17.65464 ], [ -62.71415, -17.65475 ], [ -62.71418, -17.65474 ], [ -62.71422, -17.65431 ], [ -62.71429, -17.65287 ], [ -62.71427, -17.65285 ], [ -62.71363, -17.6528 ] ] ] } },
{ "type": "Feature", "properties": { "i": 398 }, "geometry": { "type": "Polygon", "coordinates": [ [ [ -62.72129, -17.65188 ], [ -62.72183, -17.65192 ], [ -62.7219, -17.65103 ], [ -62.72135, -17.65099 ], [ -62.72129, -17.65188 ] ] ] } },
{ "type": "Feature", "properties": { "i": 399 }, "geometry": { "type": "Polygon", "coordinates": [ [ [ -62.71351, -17.65277 ], [ -62.71293, -17.6527 ], [ -62.71287, -17.65386 ], [ -62.71289, -17.65389 ], [ -62.71339, -17.65396 ], [ -62.71344, -17.65393 ], [ -62.71351, -17.65277 ] ] ] } },
{ "type": "Feature", "properties": { "i": 400 }, "geometry": { "type": "Polygon", "coordinates": [ [ [ -62.71196, -17.65432 ], [ -62.71188, -17.65439 ], [ -62.71136, -17.65433 ], [ -62.71129, -17.65428 ], [ -62.71126, -17.6542 ], [ -62.7114, -17.65247 ], [ -62.71144, -17.65242 ], [ -62.71151, -17.65239 ], [ -62.71204, -17.65246 ], [ -62.71208, -17.65249 ], [ -62.71196, -17.65432 ] ] ] } },
{ "type": "Feature", "properties": { "i": 401 }, "geometry": { "type": "Polygon", "coordinates": [ [ [ -62.71219, -17.65379 ], [ -62.71214, -17.65373 ], [ -62.71219, -17.65264 ], [ -62.71282, -17.65269 ], [ -62.71277, -17.65387 ], [ -62.71219, -17.65379 ] ] ] } },
{ "type": "Feature", "properties": { "i": 402 }, "geometry": { "type": "Polygon", "coordinates": [ [ [ -62.72013, -17.6518 ], [ -62.72114, -17.65186 ], [ -62.72119, -17.65099 ], [ -62.72019, -17.65094 ], [ -62.72013, -17.6518 ] ] ] } },
{ "type": "Feature", "properties": { "i": 403 }, "geometry": { "type": "Polygon", "coordinates": [ [ [ -62.71824, -17.65188 ], [ -62.71924, -17.65196 ], [ -62.71928, -17.65141 ], [ -62.71829, -17.65135 ], [ -62.71824, -17.65188 ] ] ] } },
{ "type": "Feature", "properties": { "i": 404 }, "geometry": { "type": "Polygon", "coordinates": [ [ [ -62.7165, -17.65276 ], [ -62.71642, -17.65245 ], [ -62.7163, -17.65213 ], [ -62.71613, -17.65174 ], [ -62.71607, -17.65165 ], [ -62.71549, -17.65265 ], [ -62.7165, -17.65276 ] ] ] } },
{ "type": "Feature", "properties": { "i": 405 }, "geometry": { "type": "Polygon", "coordinates": [ [ [ -62.71995, -17.652 ], [ -62.71935, -17.65196 ], [ -62.71942, -17.65076 ], [ -62.72002, -17.6508 ], [ -62.71995, -17.652 ] ] ] } },
{ "type": "Feature", "properties": { "i": 406 }, "geometry": { "type": "Polygon", "coordinates": [ [ [ -62.71829, -17.65126 ], [ -62.71929, -17.65133 ], [ -62.71931, -17.65077 ], [ -62.71832, -17.65071 ], [ -62.71829, -17.65126 ] ] ] } },
{ "type": "Feature", "properties": { "i": 407 }, "geometry": { "type": "Polygon", "coordinates": [ [ [ -62.72022, -17.65071 ], [ -62.72195, -17.65079 ], [ -62.72201, -17.65006 ], [ -62.72026, -17.64997 ], [ -62.72022, -17.65071 ] ] ] } },
{ "type": "Feature", "properties": { "i": 408 }, "geometry": { "type": "Polygon", "coordinates": [ [ [ -62.71935, -17.65015 ], [ -62.71931, -17.6501 ], [ -62.71836, -17.65005 ], [ -62.71833, -17.65059 ], [ -62.71931, -17.65065 ], [ -62.71935, -17.65015 ] ] ] } },
{ "type": "Feature", "properties": { "i": 409 }, "geometry": { "type": "Polygon", "coordinates": [ [ [ -62.71944, -17.65067 ], [ -62.72002, -17.65072 ], [ -62.72009, -17.64952 ], [ -62.71951, -17.64948 ], [ -62.71944, -17.65067 ] ] ] } },
{ "type": "Feature", "properties": { "i": 410 }, "geometry": { "type": "Polygon", "coordinates": [ [ [ -62.72025, -17.64986 ], [ -62.72202, -17.64994 ], [ -62.72204, -17.64938 ], [ -62.72028, -17.6493 ], [ -62.72025, -17.64986 ] ] ] } },
{ "type": "Feature", "properties": { "i": 411 }, "geometry": { "type": "Polygon", "coordinates": [ [ [ -62.71845, -17.64941 ], [ -62.71842, -17.64993 ], [ -62.71926, -17.64999 ], [ -62.71933, -17.64995 ], [ -62.71937, -17.64951 ], [ -62.71934, -17.64947 ], [ -62.71845, -17.64941 ] ] ] } },
{ "type": "Feature", "properties": { "i": 412 }, "geometry": { "type": "Polygon", "coordinates": [ [ [ -62.71952, -17.64938 ], [ -62.72009, -17.64942 ], [ -62.72016, -17.64821 ], [ -62.71959, -17.64817 ], [ -62.71952, -17.64938 ] ] ] } },
{ "type": "Feature", "properties": { "i": 413 }, "geometry": { "type": "Polygon", "coordinates": [ [ [ -62.71941, -17.64882 ], [ -62.71846, -17.64877 ], [ -62.71844, -17.6493 ], [ -62.71938, -17.64936 ], [ -62.71941, -17.64882 ] ] ] } },
{ "type": "Feature", "properties": { "i": 414 }, "geometry": { "type": "Polygon", "coordinates": [ [ [ -62.72151, -17.64925 ], [ -62.72207, -17.64928 ], [ -62.72227, -17.64669 ], [ -62.72175, -17.64666 ], [ -62.72151, -17.64925 ] ] ] } },
{ "type": "Feature", "properties": { "i": 415 }, "geometry": { "type": "Polygon", "coordinates": [ [ [ -62.72088, -17.64922 ], [ -62.72139, -17.64924 ], [ -62.7216, -17.64665 ], [ -62.72103, -17.64662 ], [ -62.72088, -17.64922 ] ] ] } },
{ "type": "Feature", "properties": { "i": 416 }, "geometry": { "type": "Polygon", "coordinates": [ [ [ -62.71849, -17.64867 ], [ -62.71944, -17.64873 ], [ -62.71947, -17.64817 ], [ -62.71852, -17.64812 ], [ -62.7185, -17.64815 ], [ -62.71849, -17.64867 ] ] ] } },
{ "type": "Feature", "properties": { "i": 417 }, "geometry": { "type": "Polygon", "coordinates": [ [ [ -62.70396, -17.66018 ], [ -62.70661, -17.66041 ], [ -62.70662, -17.66011 ], [ -62.70675, -17.65884 ], [ -62.70678, -17.65877 ], [ -62.70699, -17.65857 ], [ -62.70705, -17.65842 ], [ -62.70708, -17.65817 ], [ -62.70708, -17.65797 ], [ -62.70702, -17.65785 ], [ -62.70686, -17.6577 ], [ -62.70685, -17.65763 ], [ -62.70699, -17.65553 ], [ -62.70656, -17.65553 ], [ -62.70535, -17.65622 ], [ -62.70515, -17.65696 ], [ -62.70428, -17.65691 ], [ -62.70396, -17.66018 ] ] ] } },
{ "type": "Feature", "properties": { "i": 418 }, "geometry": { "type": "Polygon", "coordinates": [ [ [ -62.72029, -17.64919 ], [ -62.72077, -17.64921 ], [ -62.72091, -17.64662 ], [ -62.72045, -17.64659 ], [ -62.72029, -17.64919 ] ] ] } },
{ "type": "Feature", "properties": { "i": 419 }, "geometry": { "type": "Polygon", "coordinates": [ [ [ -62.72022, -17.64692 ], [ -62.71966, -17.64688 ], [ -62.71959, -17.64808 ], [ -62.72016, -17.64812 ], [ -62.72022, -17.64692 ] ] ] } },
{ "type": "Feature", "properties": { "i": 420 }, "geometry": { "type": "Polygon", "coordinates": [ [ [ -62.71856, -17.64734 ], [ -62.71952, -17.64741 ], [ -62.71955, -17.64687 ], [ -62.7186, -17.64681 ], [ -62.71856, -17.64734 ] ] ] } },
{ "type": "Feature", "properties": { "i": 421 }, "geometry": { "type": "Polygon", "coordinates": [ [ [ -62.72047, -17.64646 ], [ -62.72231, -17.64657 ], [ -62.72235, -17.64604 ], [ -62.7205, -17.64594 ], [ -62.72047, -17.64646 ] ] ] } },
{ "type": "Feature", "properties": { "i": 422 }, "geometry": { "type": "Polygon", "coordinates": [ [ [ -62.71862, -17.6467 ], [ -62.71956, -17.64675 ], [ -62.7196, -17.64625 ], [ -62.71956, -17.64621 ], [ -62.71865, -17.64617 ], [ -62.71862, -17.6467 ] ] ] } },
{ "type": "Feature", "properties": { "i": 423 }, "geometry": { "type": "Polygon", "coordinates": [ [ [ -62.71967, -17.64676 ], [ -62.72023, -17.6468 ], [ -62.7203, -17.64565 ], [ -62.71973, -17.6456 ], [ -62.71967, -17.64676 ] ] ] } },
{ "type": "Feature", "properties": { "i": 424 }, "geometry": { "type": "Polygon", "coordinates": [ [ [ -62.72051, -17.64581 ], [ -62.72236, -17.64592 ], [ -62.72241, -17.64538 ], [ -62.72053, -17.64527 ], [ -62.72051, -17.64581 ] ] ] } },
{ "type": "Feature", "properties": { "i": 425 }, "geometry": { "type": "Polygon", "coordinates": [ [ [ -62.71962, -17.64557 ], [ -62.71873, -17.64548 ], [ -62.71868, -17.64553 ], [ -62.71866, -17.64605 ], [ -62.71958, -17.64611 ], [ -62.71962, -17.64557 ] ] ] } },
{ "type": "Feature", "properties": { "i": 426 }, "geometry": { "type": "Polygon", "coordinates": [ [ [ -62.72054, -17.64516 ], [ -62.72243, -17.64526 ], [ -62.72246, -17.64472 ], [ -62.72058, -17.6446 ], [ -62.72054, -17.64516 ] ] ] } },
{ "type": "Feature", "properties": { "i": 427 }, "geometry": { "type": "Polygon", "coordinates": [ [ [ -62.7203, -17.6455 ], [ -62.72036, -17.64431 ], [ -62.7197, -17.64427 ], [ -62.71971, -17.64544 ], [ -62.71973, -17.64547 ], [ -62.72023, -17.64553 ], [ -62.7203, -17.6455 ] ] ] } },
{ "type": "Feature", "properties": { "i": 428 }, "geometry": { "type": "Polygon", "coordinates": [ [ [ -62.72058, -17.64448 ], [ -62.72247, -17.64459 ], [ -62.72252, -17.64404 ], [ -62.72061, -17.64395 ], [ -62.72058, -17.64448 ] ] ] } },
{ "type": "Feature", "properties": { "i": 429 }, "geometry": { "type": "Polygon", "coordinates": [ [ [ -62.71962, -17.6454 ], [ -62.71958, -17.64545 ], [ -62.71868, -17.6454 ], [ -62.71878, -17.64423 ], [ -62.71956, -17.64427 ], [ -62.71962, -17.6454 ] ] ] } },
{ "type": "Feature", "properties": { "i": 430 }, "geometry": { "type": "Polygon", "coordinates": [ [ [ -62.72062, -17.64384 ], [ -62.72253, -17.64394 ], [ -62.72257, -17.64338 ], [ -62.72065, -17.64329 ], [ -62.72062, -17.64384 ] ] ] } },
{ "type": "Feature", "properties": { "i": 431 }, "geometry": { "type": "Polygon", "coordinates": [ [ [ -62.71969, -17.64415 ], [ -62.72037, -17.64418 ], [ -62.72052, -17.6415 ], [ -62.71983, -17.64146 ], [ -62.71969, -17.64415 ] ] ] } },
{ "type": "Feature", "properties": { "i": 432 }, "geometry": { "type": "Polygon", "coordinates": [ [ [ -62.71879, -17.64409 ], [ -62.71957, -17.64414 ], [ -62.71972, -17.64147 ], [ -62.71902, -17.64143 ], [ -62.71879, -17.64409 ] ] ] } },
{ "type": "Feature", "properties": { "i": 433 }, "geometry": { "type": "Polygon", "coordinates": [ [ [ -62.72065, -17.64317 ], [ -62.7212, -17.6432 ], [ -62.72135, -17.64059 ], [ -62.72079, -17.64057 ], [ -62.72065, -17.64317 ] ] ] } },
{ "type": "Feature", "properties": { "i": 434 }, "geometry": { "type": "Polygon", "coordinates": [ [ [ -62.71987, -17.64135 ], [ -62.72053, -17.64139 ], [ -62.72069, -17.63866 ], [ -62.72001, -17.63863 ], [ -62.71987, -17.64135 ] ] ] } },
{ "type": "Feature", "properties": { "i": 435 }, "geometry": { "type": "Polygon", "coordinates": [ [ [ -62.71903, -17.6413 ], [ -62.71974, -17.64132 ], [ -62.71989, -17.63863 ], [ -62.71985, -17.63861 ], [ -62.71926, -17.63859 ], [ -62.71924, -17.63861 ], [ -62.71903, -17.6413 ] ] ] } },
{ "type": "Feature", "properties": { "i": 436 }, "geometry": { "type": "Polygon", "coordinates": [ [ [ -62.70728, -17.63877 ], [ -62.70617, -17.63745 ], [ -62.7054, -17.63807 ], [ -62.70695, -17.63993 ], [ -62.70728, -17.63877 ] ] ] } },
{ "type": "Feature", "properties": { "i": 437 }, "geometry": { "type": "Polygon", "coordinates": [ [ [ -62.71943, -17.63612 ], [ -62.72083, -17.63621 ], [ -62.72092, -17.63467 ], [ -62.71951, -17.63457 ], [ -62.71953, -17.63488 ], [ -62.71943, -17.63612 ] ] ] } },
{ "type": "Feature", "properties": { "i": 438 }, "geometry": { "type": "Polygon", "coordinates": [ [ [ -62.70624, -17.6373 ], [ -62.70735, -17.63855 ], [ -62.70799, -17.63644 ], [ -62.70636, -17.63624 ], [ -62.70624, -17.6373 ] ] ] } },
{ "type": "Feature", "properties": { "i": 439 }, "geometry": { "type": "Polygon", "coordinates": [ [ [ -62.70637, -17.63612 ], [ -62.708, -17.63632 ], [ -62.70825, -17.63545 ], [ -62.7065, -17.63524 ], [ -62.70637, -17.63612 ] ] ] } },
{ "type": "Feature", "properties": { "i": 440 }, "geometry": { "type": "Polygon", "coordinates": [ [ [ -62.7063, -17.63544 ], [ -62.70445, -17.63519 ], [ -62.70608, -17.63711 ], [ -62.7063, -17.63544 ] ] ] } },
{ "type": "Feature", "properties": { "i": 441 }, "geometry": { "type": "Polygon", "coordinates": [ [ [ -62.70385, -17.63676 ], [ -62.70381, -17.63665 ], [ -62.70381, -17.63658 ], [ -62.70403, -17.63495 ], [ -62.70607, -17.63733 ], [ -62.70609, -17.63739 ], [ -62.70535, -17.63802 ], [ -62.70483, -17.63742 ], [ -62.70461, -17.63763 ], [ -62.70385, -17.63676 ] ] ] } },
{ "type": "Feature", "properties": { "i": 442 }, "geometry": { "type": "Polygon", "coordinates": [ [ [ -62.70652, -17.63511 ], [ -62.7083, -17.63534 ], [ -62.70851, -17.63465 ], [ -62.70662, -17.63442 ], [ -62.70652, -17.63511 ] ] ] } },
{ "type": "Feature", "properties": { "i": 443 }, "geometry": { "type": "Polygon", "coordinates": [ [ [ -62.70962, -17.63364 ], [ -62.70907, -17.63358 ], [ -62.70852, -17.63562 ], [ -62.7094, -17.63577 ], [ -62.70962, -17.63364 ] ] ] } },
{ "type": "Feature", "properties": { "i": 444 }, "geometry": { "type": "Polygon", "coordinates": [ [ [ -62.70609, -17.63528 ], [ -62.70631, -17.63526 ], [ -62.70641, -17.63457 ], [ -62.70425, -17.63431 ], [ -62.70417, -17.63491 ], [ -62.70428, -17.63504 ], [ -62.70609, -17.63528 ] ] ] } },
{ "type": "Feature", "properties": { "i": 445 }, "geometry": { "type": "Polygon", "coordinates": [ [ [ -62.70665, -17.63428 ], [ -62.70853, -17.63451 ], [ -62.70874, -17.63388 ], [ -62.70678, -17.63366 ], [ -62.70671, -17.63377 ], [ -62.70665, -17.63428 ] ] ] } },
{ "type": "Feature", "properties": { "i": 446 }, "geometry": { "type": "Polygon", "coordinates": [ [ [ -62.70813, -17.62303 ], [ -62.70705, -17.63126 ], [ -62.7088, -17.63151 ], [ -62.70865, -17.6326 ], [ -62.70857, -17.63259 ], [ -62.7086, -17.63232 ], [ -62.7069, -17.63212 ], [ -62.70677, -17.63329 ], [ -62.70681, -17.63352 ], [ -62.70876, -17.63377 ], [ -62.70982, -17.63019 ], [ -62.7105, -17.62333 ], [ -62.70813, -17.62303 ] ] ] } },
{ "type": "Feature", "properties": { "i": 447 }, "geometry": { "type": "Polygon", "coordinates": [ [ [ -62.7066, -17.63322 ], [ -62.70661, -17.63314 ], [ -62.70639, -17.63312 ], [ -62.7065, -17.63245 ], [ -62.70669, -17.63246 ], [ -62.70674, -17.63211 ], [ -62.7051, -17.63189 ], [ -62.70506, -17.63187 ], [ -62.70501, -17.63182 ], [ -62.70499, -17.63174 ], [ -62.70508, -17.63101 ], [ -62.70687, -17.6312 ], [ -62.707, -17.63014 ], [ -62.70469, -17.62985 ], [ -62.70417, -17.63417 ], [ -62.70639, -17.63445 ], [ -62.70642, -17.63441 ], [ -62.7065, -17.63393 ], [ -62.70641, -17.63375 ], [ -62.7064, -17.63356 ], [ -62.70646, -17.63338 ], [ -62.7066, -17.63322 ] ] ] } },
{ "type": "Feature", "properties": { "i": 448 }, "geometry": { "type": "Polygon", "coordinates": [ [ [ -62.70684, -17.63133 ], [ -62.70521, -17.63114 ], [ -62.70512, -17.63177 ], [ -62.70675, -17.63196 ], [ -62.70684, -17.63133 ] ] ] } },
{ "type": "Feature", "properties": { "i": 449 }, "geometry": { "type": "Polygon", "coordinates": [ [ [ -62.72182, -17.62343 ], [ -62.72251, -17.62349 ], [ -62.7226, -17.62218 ], [ -62.72192, -17.62215 ], [ -62.72182, -17.62343 ] ] ] } },
{ "type": "Feature", "properties": { "i": 450 }, "geometry": { "type": "Polygon", "coordinates": [ [ [ -62.70789, -17.6235 ], [ -62.70551, -17.62325 ], [ -62.70484, -17.62901 ], [ -62.7071, -17.62932 ], [ -62.70789, -17.6235 ] ] ] } },
{ "type": "Feature", "properties": { "i": 451 }, "geometry": { "type": "Polygon", "coordinates": [ [ [ -62.7228, -17.62064 ], [ -62.72328, -17.62067 ], [ -62.72346, -17.61822 ], [ -62.72295, -17.61816 ], [ -62.7228, -17.62064 ] ] ] } },
{ "type": "Feature", "properties": { "i": 452 }, "geometry": { "type": "Polygon", "coordinates": [ [ [ -62.71064, -17.62178 ], [ -62.70833, -17.62148 ], [ -62.70814, -17.62293 ], [ -62.71052, -17.6232 ], [ -62.71064, -17.62178 ] ] ] } },
{ "type": "Feature", "properties": { "i": 453 }, "geometry": { "type": "Polygon", "coordinates": [ [ [ -62.70835, -17.62129 ], [ -62.70845, -17.62054 ], [ -62.71076, -17.62083 ], [ -62.71067, -17.62156 ], [ -62.70835, -17.62129 ] ] ] } },
{ "type": "Feature", "properties": { "i": 454 }, "geometry": { "type": "Polygon", "coordinates": [ [ [ -62.69111, -17.62034 ], [ -62.69181, -17.62372 ], [ -62.69252, -17.62536 ], [ -62.69317, -17.62613 ], [ -62.69495, -17.62785 ], [ -62.69499, -17.6278 ], [ -62.69492, -17.62774 ], [ -62.69494, -17.62733 ], [ -62.6932, -17.62553 ], [ -62.69355, -17.62074 ], [ -62.69266, -17.62066 ], [ -62.69241, -17.62045 ], [ -62.69111, -17.62034 ] ] ] } },
{ "type": "Feature", "properties": { "i": 455 }, "geometry": { "type": "Polygon", "coordinates": [ [ [ -62.7079, -17.62337 ], [ -62.70547, -17.62306 ], [ -62.70597, -17.61921 ], [ -62.70841, -17.6195 ], [ -62.7079, -17.62337 ] ] ] } },
{ "type": "Feature", "properties": { "i": 456 }, "geometry": { "type": "Polygon", "coordinates": [ [ [ -62.70845, -17.62046 ], [ -62.70867, -17.61891 ], [ -62.70888, -17.61893 ], [ -62.70898, -17.6189 ], [ -62.70909, -17.61875 ], [ -62.70925, -17.61871 ], [ -62.70971, -17.6188 ], [ -62.70972, -17.61878 ], [ -62.70925, -17.61869 ], [ -62.70908, -17.61873 ], [ -62.70897, -17.61889 ], [ -62.70889, -17.61891 ], [ -62.70867, -17.61889 ], [ -62.70893, -17.61702 ], [ -62.71115, -17.61732 ], [ -62.71077, -17.62075 ], [ -62.70845, -17.62046 ] ] ] } },
{ "type": "Feature", "properties": { "i": 457 }, "geometry": { "type": "Polygon", "coordinates": [ [ [ -62.70757, -17.61813 ], [ -62.70754, -17.6181 ], [ -62.70764, -17.61802 ], [ -62.70776, -17.61797 ], [ -62.70789, -17.61796 ], [ -62.70802, -17.61799 ], [ -62.70814, -17.61806 ], [ -62.70825, -17.61821 ], [ -62.70858, -17.61823 ], [ -62.70863, -17.6178 ], [ -62.70849, -17.61779 ], [ -62.70832, -17.61768 ], [ -62.70814, -17.61766 ], [ -62.70814, -17.61762 ], [ -62.70833, -17.61764 ], [ -62.70849, -17.61775 ], [ -62.70863, -17.61776 ], [ -62.70882, -17.61615 ], [ -62.7063, -17.61593 ], [ -62.70594, -17.61906 ], [ -62.70842, -17.61936 ], [ -62.70857, -17.61825 ], [ -62.70822, -17.61823 ], [ -62.7082, -17.61817 ], [ -62.70811, -17.61807 ], [ -62.70794, -17.61799 ], [ -62.70779, -17.61799 ], [ -62.70772, -17.61801 ], [ -62.70763, -17.61806 ], [ -62.70757, -17.61813 ] ] ] } },
{ "type": "Feature", "properties": { "i": 458 }, "geometry": { "type": "Polygon", "coordinates": [ [ [ -62.69335, -17.62061 ], [ -62.69343, -17.62057 ], [ -62.69351, -17.62049 ], [ -62.69369, -17.61861 ], [ -62.69071, -17.61844 ], [ -62.69108, -17.62021 ], [ -62.69241, -17.62032 ], [ -62.69271, -17.62057 ], [ -62.69335, -17.62061 ] ] ] } },
{ "type": "Feature", "properties": { "i": 459 }, "geometry": { "type": "Polygon", "coordinates": [ [ [ -62.68868, -17.61457 ], [ -62.6866, -17.61444 ], [ -62.68611, -17.62 ], [ -62.69063, -17.6204 ], [ -62.68995, -17.6173 ], [ -62.68954, -17.61605 ], [ -62.68938, -17.61573 ], [ -62.68868, -17.61457 ] ] ] } },
{ "type": "Feature", "properties": { "i": 460 }, "geometry": { "type": "Polygon", "coordinates": [ [ [ -62.69377, -17.61845 ], [ -62.6939, -17.61745 ], [ -62.6942, -17.61455 ], [ -62.69116, -17.6143 ], [ -62.69064, -17.61388 ], [ -62.69026, -17.61372 ], [ -62.68987, -17.61363 ], [ -62.6897, -17.61361 ], [ -62.68926, -17.61362 ], [ -62.68878, -17.61373 ], [ -62.68864, -17.61379 ], [ -62.68956, -17.61498 ], [ -62.68971, -17.61523 ], [ -62.68994, -17.61575 ], [ -62.69032, -17.61674 ], [ -62.69046, -17.61726 ], [ -62.69066, -17.61825 ], [ -62.69377, -17.61845 ] ] ] } },
{ "type": "Feature", "properties": { "i": 461 }, "geometry": { "type": "Polygon", "coordinates": [ [ [ -62.68783, -17.614 ], [ -62.68727, -17.61394 ], [ -62.68656, -17.61389 ], [ -62.68653, -17.61338 ], [ -62.68777, -17.61346 ], [ -62.68812, -17.61384 ], [ -62.68783, -17.614 ] ] ] } },
{ "type": "Feature", "properties": { "i": 462 }, "geometry": { "type": "Polygon", "coordinates": [ [ [ -62.68506, -17.61329 ], [ -62.68505, -17.61358 ], [ -62.68408, -17.61351 ], [ -62.68406, -17.61372 ], [ -62.68548, -17.61383 ], [ -62.6855, -17.6138 ], [ -62.68547, -17.6133 ], [ -62.68506, -17.61329 ] ] ] } },
{ "type": "Feature", "properties": { "i": 463 }, "geometry": { "type": "Polygon", "coordinates": [ [ [ -62.68652, -17.61328 ], [ -62.68651, -17.61281 ], [ -62.68719, -17.61283 ], [ -62.68731, -17.61284 ], [ -62.68736, -17.61288 ], [ -62.68766, -17.61324 ], [ -62.68768, -17.6133 ], [ -62.68756, -17.61336 ], [ -62.68652, -17.61328 ] ] ] } },
{ "type": "Feature", "properties": { "i": 464 }, "geometry": { "type": "Polygon", "coordinates": [ [ [ -62.6864, -17.61326 ], [ -62.68638, -17.61281 ], [ -62.68635, -17.61278 ], [ -62.68553, -17.61274 ], [ -62.68555, -17.61319 ], [ -62.68557, -17.61321 ], [ -62.6864, -17.61326 ] ] ] } },
{ "type": "Feature", "properties": { "i": 465 }, "geometry": { "type": "Polygon", "coordinates": [ [ [ -62.68508, -17.61318 ], [ -62.685, -17.61311 ], [ -62.68497, -17.61282 ], [ -62.68504, -17.61274 ], [ -62.68542, -17.61274 ], [ -62.68545, -17.61319 ], [ -62.68508, -17.61318 ] ] ] } },
{ "type": "Feature", "properties": { "i": 466 }, "geometry": { "type": "Polygon", "coordinates": [ [ [ -62.68724, -17.61275 ], [ -62.68646, -17.61272 ], [ -62.68646, -17.61255 ], [ -62.68649, -17.61253 ], [ -62.68679, -17.61253 ], [ -62.68703, -17.6125 ], [ -62.68706, -17.61251 ], [ -62.68724, -17.61275 ] ] ] } },
{ "type": "Feature", "properties": { "i": 467 }, "geometry": { "type": "Polygon", "coordinates": [ [ [ -62.68638, -17.6127 ], [ -62.68551, -17.61265 ], [ -62.68549, -17.61243 ], [ -62.68634, -17.6125 ], [ -62.68637, -17.61252 ], [ -62.68638, -17.6127 ] ] ] } },
{ "type": "Feature", "properties": { "i": 468 }, "geometry": { "type": "Polygon", "coordinates": [ [ [ -62.6854, -17.61264 ], [ -62.68542, -17.61262 ], [ -62.6854, -17.61243 ], [ -62.68538, -17.61241 ], [ -62.68497, -17.61238 ], [ -62.68501, -17.61261 ], [ -62.6854, -17.61264 ] ] ] } },
{ "type": "Feature", "properties": { "i": 469 }, "geometry": { "type": "Polygon", "coordinates": [ [ [ -62.68698, -17.61243 ], [ -62.68669, -17.61209 ], [ -62.68427, -17.60902 ], [ -62.68354, -17.60802 ], [ -62.68231, -17.60647 ], [ -62.6818, -17.60579 ], [ -62.68067, -17.6044 ], [ -62.6805, -17.606 ], [ -62.6804, -17.60781 ], [ -62.68028, -17.60917 ], [ -62.68035, -17.60952 ], [ -62.68035, -17.60992 ], [ -62.68032, -17.61011 ], [ -62.6802, -17.61035 ], [ -62.67995, -17.61209 ], [ -62.67985, -17.61303 ], [ -62.6829, -17.61332 ], [ -62.68295, -17.6133 ], [ -62.68297, -17.61321 ], [ -62.68297, -17.61297 ], [ -62.68308, -17.61279 ], [ -62.68361, -17.61211 ], [ -62.68375, -17.61206 ], [ -62.68386, -17.61206 ], [ -62.68398, -17.61209 ], [ -62.68403, -17.61224 ], [ -62.68402, -17.61261 ], [ -62.68493, -17.61266 ], [ -62.68486, -17.61232 ], [ -62.6868, -17.61246 ], [ -62.68698, -17.61243 ] ] ] } },
{ "type": "Feature", "properties": { "i": 470 }, "geometry": { "type": "Polygon", "coordinates": [ [ [ -62.49258, -17.64518 ], [ -62.4937, -17.64529 ], [ -62.49368, -17.64445 ], [ -62.49408, -17.64447 ], [ -62.49417, -17.64377 ], [ -62.49328, -17.64371 ], [ -62.49277, -17.6437 ], [ -62.49258, -17.64518 ] ] ] } },
{ "type": "Feature", "properties": { "i": 471 }, "geometry": { "type": "Polygon", "coordinates": [ [ [ -62.48998, -17.64503 ], [ -62.49243, -17.64521 ], [ -62.49247, -17.64468 ], [ -62.49184, -17.64467 ], [ -62.49002, -17.64451 ], [ -62.48998, -17.64503 ] ] ] } },
{ "type": "Feature", "properties": { "i": 472 }, "geometry": { "type": "Polygon", "coordinates": [ [ [ -62.49132, -17.64451 ], [ -62.4926, -17.64459 ], [ -62.49271, -17.6437 ], [ -62.4914, -17.64359 ], [ -62.49132, -17.64451 ] ] ] } },
{ "type": "Feature", "properties": { "i": 473 }, "geometry": { "type": "Polygon", "coordinates": [ [ [ -62.48885, -17.64495 ], [ -62.48986, -17.64501 ], [ -62.4899, -17.64451 ], [ -62.48889, -17.64444 ], [ -62.48885, -17.64495 ] ] ] } },
{ "type": "Feature", "properties": { "i": 474 }, "geometry": { "type": "Polygon", "coordinates": [ [ [ -62.4878, -17.64488 ], [ -62.48875, -17.64493 ], [ -62.48879, -17.64443 ], [ -62.48784, -17.64436 ], [ -62.4878, -17.64488 ] ] ] } },
{ "type": "Feature", "properties": { "i": 475 }, "geometry": { "type": "Polygon", "coordinates": [ [ [ -62.49004, -17.64441 ], [ -62.49122, -17.64451 ], [ -62.49129, -17.64359 ], [ -62.49009, -17.64349 ], [ -62.49004, -17.64441 ] ] ] } },
{ "type": "Feature", "properties": { "i": 476 }, "geometry": { "type": "Polygon", "coordinates": [ [ [ -62.48648, -17.64425 ], [ -62.48644, -17.6451 ], [ -62.48766, -17.64516 ], [ -62.48773, -17.64434 ], [ -62.48648, -17.64425 ] ] ] } },
{ "type": "Feature", "properties": { "i": 477 }, "geometry": { "type": "Polygon", "coordinates": [ [ [ -62.49494, -17.64301 ], [ -62.49407, -17.64295 ], [ -62.49411, -17.64258 ], [ -62.49481, -17.64264 ], [ -62.49495, -17.64274 ], [ -62.49494, -17.64301 ] ] ] } },
{ "type": "Feature", "properties": { "i": 478 }, "geometry": { "type": "Polygon", "coordinates": [ [ [ -62.4889, -17.64432 ], [ -62.48987, -17.64439 ], [ -62.48997, -17.64349 ], [ -62.48896, -17.64342 ], [ -62.4889, -17.64432 ] ] ] } },
{ "type": "Feature", "properties": { "i": 479 }, "geometry": { "type": "Polygon", "coordinates": [ [ [ -62.49302, -17.64283 ], [ -62.49398, -17.64294 ], [ -62.49401, -17.64257 ], [ -62.49304, -17.64247 ], [ -62.49302, -17.64283 ] ] ] } },
{ "type": "Feature", "properties": { "i": 480 }, "geometry": { "type": "Polygon", "coordinates": [ [ [ -62.48785, -17.64426 ], [ -62.48879, -17.64433 ], [ -62.48886, -17.64343 ], [ -62.4879, -17.64334 ], [ -62.48785, -17.64426 ] ] ] } },
{ "type": "Feature", "properties": { "i": 481 }, "geometry": { "type": "Polygon", "coordinates": [ [ [ -62.48647, -17.64415 ], [ -62.48775, -17.64424 ], [ -62.48778, -17.64333 ], [ -62.4865, -17.6432 ], [ -62.48647, -17.64415 ] ] ] } },
{ "type": "Feature", "properties": { "i": 482 }, "geometry": { "type": "Polygon", "coordinates": [ [ [ -62.49147, -17.64315 ], [ -62.49305, -17.64326 ], [ -62.49304, -17.64299 ], [ -62.49231, -17.64259 ], [ -62.49185, -17.64242 ], [ -62.49095, -17.64237 ], [ -62.49089, -17.64313 ], [ -62.49147, -17.64315 ] ] ] } },
{ "type": "Feature", "properties": { "i": 483 }, "geometry": { "type": "Polygon", "coordinates": [ [ [ -62.49305, -17.64238 ], [ -62.49402, -17.64249 ], [ -62.494, -17.64155 ], [ -62.49309, -17.64147 ], [ -62.49305, -17.64238 ] ] ] } },
{ "type": "Feature", "properties": { "i": 484 }, "geometry": { "type": "Polygon", "coordinates": [ [ [ -62.48908, -17.64295 ], [ -62.48993, -17.64299 ], [ -62.48995, -17.64237 ], [ -62.4891, -17.64236 ], [ -62.48908, -17.64295 ] ] ] } },
{ "type": "Feature", "properties": { "i": 485 }, "geometry": { "type": "Polygon", "coordinates": [ [ [ -62.49197, -17.64228 ], [ -62.49295, -17.64236 ], [ -62.493, -17.64145 ], [ -62.49204, -17.64137 ], [ -62.49197, -17.64228 ] ] ] } },
{ "type": "Feature", "properties": { "i": 486 }, "geometry": { "type": "Polygon", "coordinates": [ [ [ -62.489, -17.64294 ], [ -62.48902, -17.64236 ], [ -62.48875, -17.64238 ], [ -62.48786, -17.64258 ], [ -62.48784, -17.64286 ], [ -62.489, -17.64294 ] ] ] } },
{ "type": "Feature", "properties": { "i": 487 }, "geometry": { "type": "Polygon", "coordinates": [ [ [ -62.49112, -17.64223 ], [ -62.49189, -17.64227 ], [ -62.49196, -17.64138 ], [ -62.49111, -17.64129 ], [ -62.49107, -17.64216 ], [ -62.49112, -17.64223 ] ] ] } },
{ "type": "Feature", "properties": { "i": 488 }, "geometry": { "type": "Polygon", "coordinates": [ [ [ -62.4901, -17.64214 ], [ -62.49091, -17.64219 ], [ -62.49095, -17.64216 ], [ -62.491, -17.64135 ], [ -62.49098, -17.64131 ], [ -62.49093, -17.64128 ], [ -62.4901, -17.64121 ], [ -62.4901, -17.64214 ] ] ] } },
{ "type": "Feature", "properties": { "i": 489 }, "geometry": { "type": "Polygon", "coordinates": [ [ [ -62.49311, -17.64137 ], [ -62.49405, -17.64146 ], [ -62.4941, -17.64057 ], [ -62.49318, -17.64048 ], [ -62.49311, -17.64137 ] ] ] } },
{ "type": "Feature", "properties": { "i": 490 }, "geometry": { "type": "Polygon", "coordinates": [ [ [ -62.48894, -17.64112 ], [ -62.48905, -17.64221 ], [ -62.48994, -17.64221 ], [ -62.48997, -17.64124 ], [ -62.48993, -17.6412 ], [ -62.48894, -17.64112 ] ] ] } },
{ "type": "Feature", "properties": { "i": 491 }, "geometry": { "type": "Polygon", "coordinates": [ [ [ -62.48782, -17.64102 ], [ -62.48779, -17.64209 ], [ -62.4879, -17.64231 ], [ -62.48897, -17.64222 ], [ -62.48886, -17.64112 ], [ -62.48878, -17.64108 ], [ -62.48782, -17.64102 ] ] ] } },
{ "type": "Feature", "properties": { "i": 492 }, "geometry": { "type": "Polygon", "coordinates": [ [ [ -62.4911, -17.64117 ], [ -62.49195, -17.64125 ], [ -62.49201, -17.64037 ], [ -62.49119, -17.64029 ], [ -62.4911, -17.64117 ] ] ] } },
{ "type": "Feature", "properties": { "i": 493 }, "geometry": { "type": "Polygon", "coordinates": [ [ [ -62.4901, -17.64109 ], [ -62.49099, -17.64114 ], [ -62.49107, -17.64027 ], [ -62.49011, -17.64021 ], [ -62.4901, -17.64109 ] ] ] } },
{ "type": "Feature", "properties": { "i": 494 }, "geometry": { "type": "Polygon", "coordinates": [ [ [ -62.49315, -17.64038 ], [ -62.4941, -17.64046 ], [ -62.49416, -17.63939 ], [ -62.49323, -17.63935 ], [ -62.49322, -17.63972 ], [ -62.49315, -17.64038 ] ] ] } },
{ "type": "Feature", "properties": { "i": 495 }, "geometry": { "type": "Polygon", "coordinates": [ [ [ -62.48989, -17.64109 ], [ -62.48998, -17.64108 ], [ -62.48998, -17.64018 ], [ -62.48889, -17.64012 ], [ -62.48887, -17.64015 ], [ -62.48895, -17.64099 ], [ -62.48989, -17.64109 ] ] ] } },
{ "type": "Feature", "properties": { "i": 496 }, "geometry": { "type": "Polygon", "coordinates": [ [ [ -62.48775, -17.64091 ], [ -62.48762, -17.64082 ], [ -62.48767, -17.64 ], [ -62.48874, -17.6401 ], [ -62.48883, -17.64097 ], [ -62.48775, -17.64091 ] ] ] } },
{ "type": "Feature", "properties": { "i": 497 }, "geometry": { "type": "Polygon", "coordinates": [ [ [ -62.49121, -17.64018 ], [ -62.49204, -17.64024 ], [ -62.49208, -17.63961 ], [ -62.49127, -17.63955 ], [ -62.49121, -17.64018 ] ] ] } },
{ "type": "Feature", "properties": { "i": 498 }, "geometry": { "type": "Polygon", "coordinates": [ [ [ -62.49011, -17.64009 ], [ -62.49053, -17.64012 ], [ -62.49054, -17.64009 ], [ -62.49114, -17.64016 ], [ -62.49119, -17.63956 ], [ -62.49013, -17.63945 ], [ -62.49011, -17.64009 ] ] ] } },
{ "type": "Feature", "properties": { "i": 499 }, "geometry": { "type": "Polygon", "coordinates": [ [ [ -62.4892, -17.6391 ], [ -62.4892, -17.63943 ], [ -62.48881, -17.63938 ], [ -62.48885, -17.63999 ], [ -62.48998, -17.64007 ], [ -62.49001, -17.63915 ], [ -62.4892, -17.6391 ] ] ] } },
{ "type": "Feature", "properties": { "i": 500 }, "geometry": { "type": "Polygon", "coordinates": [ [ [ -62.48767, -17.63989 ], [ -62.48873, -17.63999 ], [ -62.48871, -17.63938 ], [ -62.48772, -17.6393 ], [ -62.48767, -17.63989 ] ] ] } },
{ "type": "Feature", "properties": { "i": 501 }, "geometry": { "type": "Polygon", "coordinates": [ [ [ -62.4877, -17.6425 ], [ -62.48766, -17.64107 ], [ -62.48764, -17.64102 ], [ -62.48758, -17.641 ], [ -62.48754, -17.64096 ], [ -62.4875, -17.64088 ], [ -62.48768, -17.63841 ], [ -62.48699, -17.63841 ], [ -62.48608, -17.63856 ], [ -62.48606, -17.63821 ], [ -62.48543, -17.63806 ], [ -62.4851, -17.6425 ], [ -62.487, -17.64268 ], [ -62.48712, -17.64267 ], [ -62.4877, -17.6425 ] ] ] } },
{ "type": "Feature", "properties": { "i": 502 }, "geometry": { "type": "Polygon", "coordinates": [ [ [ -62.49004, -17.63898 ], [ -62.49007, -17.63838 ], [ -62.49002, -17.63835 ], [ -62.4893, -17.63832 ], [ -62.48927, -17.63876 ], [ -62.48935, -17.63892 ], [ -62.48948, -17.63901 ], [ -62.48999, -17.63904 ], [ -62.49004, -17.63898 ] ] ] } },
{ "type": "Feature", "properties": { "i": 503 }, "geometry": { "type": "Polygon", "coordinates": [ [ [ -62.49006, -17.63825 ], [ -62.49011, -17.63761 ], [ -62.49003, -17.63756 ], [ -62.48935, -17.63752 ], [ -62.48931, -17.63819 ], [ -62.49006, -17.63825 ] ] ] } },
{ "type": "Feature", "properties": { "i": 504 }, "geometry": { "type": "Polygon", "coordinates": [ [ [ -62.48936, -17.63742 ], [ -62.49011, -17.63749 ], [ -62.49027, -17.63544 ], [ -62.48952, -17.63532 ], [ -62.48936, -17.63742 ] ] ] } },
{ "type": "Feature", "properties": { "i": 505 }, "geometry": { "type": "Polygon", "coordinates": [ [ [ -62.49027, -17.63537 ], [ -62.48951, -17.63524 ], [ -62.48956, -17.63454 ], [ -62.49033, -17.63465 ], [ -62.49027, -17.63537 ] ] ] } },
{ "type": "Feature", "properties": { "i": 506 }, "geometry": { "type": "Polygon", "coordinates": [ [ [ -62.66094, -17.54741 ], [ -62.6592, -17.54765 ], [ -62.65932, -17.5485 ], [ -62.66121, -17.54825 ], [ -62.66094, -17.54741 ] ] ] } },
{ "type": "Feature", "properties": { "i": 507 }, "geometry": { "type": "Polygon", "coordinates": [ [ [ -62.66073, -17.54124 ], [ -62.65939, -17.54142 ], [ -62.65937, -17.54145 ], [ -62.6614, -17.54733 ], [ -62.66204, -17.54908 ], [ -62.66545, -17.54866 ], [ -62.66522, -17.54695 ], [ -62.66506, -17.54697 ], [ -62.66473, -17.54523 ], [ -62.66286, -17.54547 ], [ -62.66203, -17.54191 ], [ -62.66199, -17.54111 ], [ -62.66073, -17.54124 ] ] ] } },
{ "type": "Feature", "properties": { "i": 508 }, "geometry": { "type": "Polygon", "coordinates": [ [ [ -62.65886, -17.54764 ], [ -62.66092, -17.54736 ], [ -62.66054, -17.54617 ], [ -62.65969, -17.5463 ], [ -62.65984, -17.54677 ], [ -62.65876, -17.54696 ], [ -62.65886, -17.54764 ] ] ] } },
{ "type": "Feature", "properties": { "i": 509 }, "geometry": { "type": "Polygon", "coordinates": [ [ [ -61.66017, -17.787 ], [ -61.66284, -17.78797 ], [ -61.66341, -17.78651 ], [ -61.66072, -17.78557 ], [ -61.66017, -17.787 ] ] ] } },
{ "type": "Feature", "properties": { "i": 510 }, "geometry": { "type": "Polygon", "coordinates": [ [ [ -61.66397, -17.78571 ], [ -61.66366, -17.78649 ], [ -61.66281, -17.78622 ], [ -61.66312, -17.7854 ], [ -61.66397, -17.78571 ] ] ] } },
{ "type": "Feature", "properties": { "i": 511 }, "geometry": { "type": "Polygon", "coordinates": [ [ [ -62.65969, -17.54669 ], [ -62.65956, -17.54631 ], [ -62.65905, -17.54638 ], [ -62.65904, -17.54642 ], [ -62.65916, -17.54678 ], [ -62.65969, -17.54669 ] ] ] } },
{ "type": "Feature", "properties": { "i": 512 }, "geometry": { "type": "Polygon", "coordinates": [ [ [ -62.659, -17.5468 ], [ -62.65888, -17.54642 ], [ -62.65811, -17.54654 ], [ -62.65827, -17.54692 ], [ -62.659, -17.5468 ] ] ] } },
{ "type": "Feature", "properties": { "i": 513 }, "geometry": { "type": "Polygon", "coordinates": [ [ [ -61.66176, -17.78587 ], [ -61.66274, -17.7862 ], [ -61.66305, -17.78539 ], [ -61.66211, -17.78504 ], [ -61.66176, -17.78587 ] ] ] } },
{ "type": "Feature", "properties": { "i": 514 }, "geometry": { "type": "Polygon", "coordinates": [ [ [ -62.65947, -17.54568 ], [ -62.65965, -17.54621 ], [ -62.66051, -17.54606 ], [ -62.66035, -17.54554 ], [ -62.65947, -17.54568 ] ] ] } },
{ "type": "Feature", "properties": { "i": 515 }, "geometry": { "type": "Polygon", "coordinates": [ [ [ -62.65952, -17.54621 ], [ -62.65934, -17.54569 ], [ -62.6588, -17.54578 ], [ -62.65898, -17.54629 ], [ -62.65952, -17.54621 ] ] ] } },
{ "type": "Feature", "properties": { "i": 516 }, "geometry": { "type": "Polygon", "coordinates": [ [ [ -62.65548, -17.54699 ], [ -62.65623, -17.54687 ], [ -62.65629, -17.5463 ], [ -62.65541, -17.54642 ], [ -62.65542, -17.54694 ], [ -62.65548, -17.54699 ] ] ] } },
{ "type": "Feature", "properties": { "i": 517 }, "geometry": { "type": "Polygon", "coordinates": [ [ [ -62.65787, -17.54591 ], [ -62.65807, -17.54642 ], [ -62.65883, -17.54631 ], [ -62.65866, -17.54579 ], [ -62.65787, -17.54591 ] ] ] } },
{ "type": "Feature", "properties": { "i": 518 }, "geometry": { "type": "Polygon", "coordinates": [ [ [ -61.65927, -17.78667 ], [ -61.66002, -17.78695 ], [ -61.66065, -17.78554 ], [ -61.65996, -17.78532 ], [ -61.65977, -17.78522 ], [ -61.65938, -17.78508 ], [ -61.65927, -17.78667 ] ] ] } },
{ "type": "Feature", "properties": { "i": 519 }, "geometry": { "type": "Polygon", "coordinates": [ [ [ -61.66168, -17.78581 ], [ -61.662, -17.78501 ], [ -61.66109, -17.78467 ], [ -61.66075, -17.78551 ], [ -61.66165, -17.78582 ], [ -61.66168, -17.78581 ] ] ] } },
{ "type": "Feature", "properties": { "i": 520 }, "geometry": { "type": "Polygon", "coordinates": [ [ [ -61.66211, -17.78491 ], [ -61.66315, -17.7853 ], [ -61.66361, -17.7842 ], [ -61.66152, -17.78344 ], [ -61.66144, -17.78363 ], [ -61.66227, -17.78396 ], [ -61.66229, -17.78405 ], [ -61.66211, -17.78491 ] ] ] } },
{ "type": "Feature", "properties": { "i": 521 }, "geometry": { "type": "Polygon", "coordinates": [ [ [ -62.65748, -17.54531 ], [ -62.65651, -17.54547 ], [ -62.65643, -17.54616 ], [ -62.65773, -17.54594 ], [ -62.65752, -17.54533 ], [ -62.65748, -17.54531 ] ] ] } },
{ "type": "Feature", "properties": { "i": 522 }, "geometry": { "type": "Polygon", "coordinates": [ [ [ -62.65537, -17.54575 ], [ -62.65542, -17.54631 ], [ -62.6563, -17.54617 ], [ -62.65638, -17.5455 ], [ -62.65547, -17.54563 ], [ -62.65541, -17.54567 ], [ -62.65537, -17.54575 ] ] ] } },
{ "type": "Feature", "properties": { "i": 523 }, "geometry": { "type": "Polygon", "coordinates": [ [ [ -62.65435, -17.54647 ], [ -62.65426, -17.5464 ], [ -62.65425, -17.54584 ], [ -62.65527, -17.54567 ], [ -62.6553, -17.5463 ], [ -62.65528, -17.54633 ], [ -62.65435, -17.54647 ] ] ] } },
{ "type": "Feature", "properties": { "i": 524 }, "geometry": { "type": "Polygon", "coordinates": [ [ [ -62.65842, -17.54502 ], [ -62.6576, -17.54513 ], [ -62.65758, -17.54515 ], [ -62.65782, -17.5458 ], [ -62.65857, -17.5457 ], [ -62.65862, -17.54567 ], [ -62.65862, -17.54562 ], [ -62.65842, -17.54502 ] ] ] } },
{ "type": "Feature", "properties": { "i": 525 }, "geometry": { "type": "Polygon", "coordinates": [ [ [ -62.65413, -17.5459 ], [ -62.65414, -17.54638 ], [ -62.65408, -17.54647 ], [ -62.65277, -17.54642 ], [ -62.65279, -17.54599 ], [ -62.65405, -17.54585 ], [ -62.65413, -17.5459 ] ] ] } },
{ "type": "Feature", "properties": { "i": 526 }, "geometry": { "type": "Polygon", "coordinates": [ [ [ -61.66009, -17.78429 ], [ -61.65993, -17.78476 ], [ -61.6598, -17.78506 ], [ -61.65979, -17.78514 ], [ -61.66066, -17.78545 ], [ -61.66099, -17.78464 ], [ -61.66009, -17.78429 ] ] ] } },
{ "type": "Feature", "properties": { "i": 527 }, "geometry": { "type": "Polygon", "coordinates": [ [ [ -61.66204, -17.78486 ], [ -61.66222, -17.78408 ], [ -61.66218, -17.78401 ], [ -61.66138, -17.78372 ], [ -61.6611, -17.78455 ], [ -61.66204, -17.78486 ] ] ] } },
{ "type": "Feature", "properties": { "i": 528 }, "geometry": { "type": "Polygon", "coordinates": [ [ [ -62.65904, -17.54482 ], [ -62.65895, -17.54457 ], [ -62.65844, -17.54464 ], [ -62.65853, -17.54489 ], [ -62.65904, -17.54482 ] ] ] } },
{ "type": "Feature", "properties": { "i": 529 }, "geometry": { "type": "Polygon", "coordinates": [ [ [ -62.65841, -17.54491 ], [ -62.65833, -17.54465 ], [ -62.65756, -17.54476 ], [ -62.65762, -17.54502 ], [ -62.65841, -17.54491 ] ] ] } },
{ "type": "Feature", "properties": { "i": 530 }, "geometry": { "type": "Polygon", "coordinates": [ [ [ -62.6592, -17.54481 ], [ -62.65896, -17.54415 ], [ -62.65986, -17.54402 ], [ -62.66007, -17.54465 ], [ -62.6592, -17.54481 ] ] ] } },
{ "type": "Feature", "properties": { "i": 531 }, "geometry": { "type": "Polygon", "coordinates": [ [ [ -61.65875, -17.78504 ], [ -61.65884, -17.78388 ], [ -61.65781, -17.78391 ], [ -61.65801, -17.78522 ], [ -61.65864, -17.78514 ], [ -61.65875, -17.78504 ] ] ] } },
{ "type": "Feature", "properties": { "i": 532 }, "geometry": { "type": "Polygon", "coordinates": [ [ [ -61.66017, -17.78416 ], [ -61.66104, -17.7845 ], [ -61.66133, -17.78369 ], [ -61.66037, -17.7833 ], [ -61.66016, -17.78414 ], [ -61.66017, -17.78416 ] ] ] } },
{ "type": "Feature", "properties": { "i": 533 }, "geometry": { "type": "Polygon", "coordinates": [ [ [ -61.65912, -17.78379 ], [ -61.66007, -17.78414 ], [ -61.66031, -17.78329 ], [ -61.65921, -17.78284 ], [ -61.65912, -17.78379 ] ] ] } },
{ "type": "Feature", "properties": { "i": 534 }, "geometry": { "type": "Polygon", "coordinates": [ [ [ -62.65915, -17.54234 ], [ -62.65958, -17.54394 ], [ -62.65845, -17.54409 ], [ -62.65838, -17.54403 ], [ -62.65805, -17.5426 ], [ -62.65915, -17.54234 ] ] ] } },
{ "type": "Feature", "properties": { "i": 535 }, "geometry": { "type": "Polygon", "coordinates": [ [ [ -62.66055, -17.54111 ], [ -62.66039, -17.54043 ], [ -62.65907, -17.5406 ], [ -62.65932, -17.54135 ], [ -62.66016, -17.5412 ], [ -62.66055, -17.54111 ] ] ] } },
{ "type": "Feature", "properties": { "i": 536 }, "geometry": { "type": "Polygon", "coordinates": [ [ [ -62.23038, -17.62808 ], [ -62.22967, -17.62805 ], [ -62.22931, -17.62799 ], [ -62.228, -17.62788 ], [ -62.22793, -17.62782 ], [ -62.22791, -17.62775 ], [ -62.22793, -17.62734 ], [ -62.22835, -17.62735 ], [ -62.22793, -17.62733 ], [ -62.22795, -17.62665 ], [ -62.22864, -17.62687 ], [ -62.22866, -17.62686 ], [ -62.22795, -17.62664 ], [ -62.22799, -17.62615 ], [ -62.22836, -17.62618 ], [ -62.2284, -17.6257 ], [ -62.23055, -17.62589 ], [ -62.23038, -17.62808 ] ] ] } },
{ "type": "Feature", "properties": { "i": 537 }, "geometry": { "type": "Polygon", "coordinates": [ [ [ -62.22593, -17.62711 ], [ -62.22591, -17.62707 ], [ -62.22518, -17.62705 ], [ -62.22518, -17.62788 ], [ -62.2252, -17.62791 ], [ -62.22587, -17.6279 ], [ -62.22589, -17.62788 ], [ -62.22593, -17.62711 ] ] ] } },
{ "type": "Feature", "properties": { "i": 538 }, "geometry": { "type": "Polygon", "coordinates": [ [ [ -62.22788, -17.62629 ], [ -62.22691, -17.62622 ], [ -62.2268, -17.62716 ], [ -62.22781, -17.6273 ], [ -62.22788, -17.62629 ] ] ] } },
{ "type": "Feature", "properties": { "i": 539 }, "geometry": { "type": "Polygon", "coordinates": [ [ [ -62.22682, -17.62623 ], [ -62.22612, -17.62618 ], [ -62.22605, -17.62701 ], [ -62.22671, -17.62713 ], [ -62.22682, -17.62623 ] ] ] } },
{ "type": "Feature", "properties": { "i": 540 }, "geometry": { "type": "Polygon", "coordinates": [ [ [ -62.22522, -17.62694 ], [ -62.22594, -17.62696 ], [ -62.22601, -17.62614 ], [ -62.22523, -17.62613 ], [ -62.22522, -17.62694 ] ] ] } },
{ "type": "Feature", "properties": { "i": 541 }, "geometry": { "type": "Polygon", "coordinates": [ [ [ -62.2251, -17.62694 ], [ -62.2251, -17.62611 ], [ -62.22435, -17.62611 ], [ -62.22432, -17.62695 ], [ -62.2251, -17.62694 ] ] ] } },
{ "type": "Feature", "properties": { "i": 542 }, "geometry": { "type": "Polygon", "coordinates": [ [ [ -62.2279, -17.6262 ], [ -62.22794, -17.62545 ], [ -62.22792, -17.62542 ], [ -62.227, -17.62535 ], [ -62.22694, -17.62613 ], [ -62.2279, -17.6262 ] ] ] } },
{ "type": "Feature", "properties": { "i": 543 }, "geometry": { "type": "Polygon", "coordinates": [ [ [ -62.22423, -17.62615 ], [ -62.22423, -17.62695 ], [ -62.2227, -17.62696 ], [ -62.22272, -17.62676 ], [ -62.22286, -17.62607 ], [ -62.22423, -17.62615 ] ] ] } },
{ "type": "Feature", "properties": { "i": 544 }, "geometry": { "type": "Polygon", "coordinates": [ [ [ -62.22896, -17.62446 ], [ -62.22896, -17.62449 ], [ -62.22813, -17.62445 ], [ -62.228, -17.62607 ], [ -62.22826, -17.62608 ], [ -62.22831, -17.62558 ], [ -62.23055, -17.62578 ], [ -62.23072, -17.62394 ], [ -62.23003, -17.6239 ], [ -62.22999, -17.62452 ], [ -62.22997, -17.62452 ], [ -62.23001, -17.6239 ], [ -62.22819, -17.62378 ], [ -62.22815, -17.6244 ], [ -62.22896, -17.62446 ] ] ] } },
{ "type": "Feature", "properties": { "i": 545 }, "geometry": { "type": "Polygon", "coordinates": [ [ [ -62.22683, -17.62614 ], [ -62.2269, -17.62533 ], [ -62.22619, -17.62529 ], [ -62.22613, -17.62608 ], [ -62.22683, -17.62614 ] ] ] } },
{ "type": "Feature", "properties": { "i": 546 }, "geometry": { "type": "Polygon", "coordinates": [ [ [ -62.22524, -17.62599 ], [ -62.22602, -17.62603 ], [ -62.2261, -17.62525 ], [ -62.22525, -17.62519 ], [ -62.22524, -17.62599 ] ] ] } },
{ "type": "Feature", "properties": { "i": 547 }, "geometry": { "type": "Polygon", "coordinates": [ [ [ -62.22275, -17.62608 ], [ -62.22273, -17.62604 ], [ -62.2227, -17.62603 ], [ -62.22169, -17.62596 ], [ -62.22161, -17.62689 ], [ -62.22261, -17.62693 ], [ -62.22275, -17.62608 ] ] ] } },
{ "type": "Feature", "properties": { "i": 548 }, "geometry": { "type": "Polygon", "coordinates": [ [ [ -62.22431, -17.62513 ], [ -62.22432, -17.62604 ], [ -62.22511, -17.62601 ], [ -62.22509, -17.62518 ], [ -62.22431, -17.62513 ] ] ] } },
{ "type": "Feature", "properties": { "i": 549 }, "geometry": { "type": "Polygon", "coordinates": [ [ [ -62.22704, -17.62521 ], [ -62.22795, -17.62528 ], [ -62.22802, -17.62446 ], [ -62.22709, -17.6244 ], [ -62.22704, -17.62521 ] ] ] } },
{ "type": "Feature", "properties": { "i": 550 }, "geometry": { "type": "Polygon", "coordinates": [ [ [ -62.21878, -17.62668 ], [ -62.2214, -17.62683 ], [ -62.22148, -17.62594 ], [ -62.21886, -17.62577 ], [ -62.21878, -17.62668 ] ] ] } },
{ "type": "Feature", "properties": { "i": 551 }, "geometry": { "type": "Polygon", "coordinates": [ [ [ -62.22293, -17.62594 ], [ -62.2229, -17.62591 ], [ -62.2229, -17.62585 ], [ -62.22303, -17.62504 ], [ -62.2242, -17.62512 ], [ -62.22421, -17.62603 ], [ -62.22293, -17.62594 ] ] ] } },
{ "type": "Feature", "properties": { "i": 552 }, "geometry": { "type": "Polygon", "coordinates": [ [ [ -62.22697, -17.62428 ], [ -62.2263, -17.62421 ], [ -62.22623, -17.62516 ], [ -62.22692, -17.62522 ], [ -62.22697, -17.62428 ] ] ] } },
{ "type": "Feature", "properties": { "i": 553 }, "geometry": { "type": "Polygon", "coordinates": [ [ [ -62.22611, -17.62511 ], [ -62.2262, -17.62412 ], [ -62.22617, -17.62409 ], [ -62.22526, -17.62406 ], [ -62.22524, -17.62409 ], [ -62.22524, -17.62508 ], [ -62.22607, -17.62515 ], [ -62.22611, -17.62511 ] ] ] } },
{ "type": "Feature", "properties": { "i": 554 }, "geometry": { "type": "Polygon", "coordinates": [ [ [ -62.22277, -17.6259 ], [ -62.22291, -17.62502 ], [ -62.22164, -17.62491 ], [ -62.22158, -17.62582 ], [ -62.22272, -17.62592 ], [ -62.22277, -17.6259 ] ] ] } },
{ "type": "Feature", "properties": { "i": 555 }, "geometry": { "type": "Polygon", "coordinates": [ [ [ -62.228, -17.62434 ], [ -62.22805, -17.62381 ], [ -62.22714, -17.62375 ], [ -62.2271, -17.62429 ], [ -62.228, -17.62434 ] ] ] } },
{ "type": "Feature", "properties": { "i": 556 }, "geometry": { "type": "Polygon", "coordinates": [ [ [ -62.22433, -17.62502 ], [ -62.22511, -17.62507 ], [ -62.22511, -17.62405 ], [ -62.22425, -17.62404 ], [ -62.22425, -17.62434 ], [ -62.22431, -17.625 ], [ -62.22433, -17.62502 ] ] ] } },
{ "type": "Feature", "properties": { "i": 557 }, "geometry": { "type": "Polygon", "coordinates": [ [ [ -62.22701, -17.62376 ], [ -62.22634, -17.6237 ], [ -62.22631, -17.62409 ], [ -62.22699, -17.62416 ], [ -62.22701, -17.62376 ] ] ] } },
{ "type": "Feature", "properties": { "i": 558 }, "geometry": { "type": "Polygon", "coordinates": [ [ [ -62.21888, -17.62567 ], [ -62.22078, -17.62578 ], [ -62.22076, -17.62485 ], [ -62.21896, -17.62475 ], [ -62.21888, -17.62567 ] ] ] } },
{ "type": "Feature", "properties": { "i": 559 }, "geometry": { "type": "Polygon", "coordinates": [ [ [ -62.22717, -17.62316 ], [ -62.22712, -17.62311 ], [ -62.22716, -17.6228 ], [ -62.22845, -17.62293 ], [ -62.22873, -17.6229 ], [ -62.22901, -17.62291 ], [ -62.2304, -17.62305 ], [ -62.23034, -17.62338 ], [ -62.2303, -17.62343 ], [ -62.22717, -17.62316 ] ] ] } },
{ "type": "Feature", "properties": { "i": 560 }, "geometry": { "type": "Polygon", "coordinates": [ [ [ -62.22621, -17.62401 ], [ -62.22622, -17.62371 ], [ -62.22618, -17.62366 ], [ -62.22526, -17.62359 ], [ -62.22523, -17.62361 ], [ -62.22523, -17.62394 ], [ -62.22526, -17.62397 ], [ -62.22621, -17.62401 ] ] ] } },
{ "type": "Feature", "properties": { "i": 561 }, "geometry": { "type": "Polygon", "coordinates": [ [ [ -62.2231, -17.62493 ], [ -62.22306, -17.62489 ], [ -62.22306, -17.62484 ], [ -62.22322, -17.62391 ], [ -62.22415, -17.62403 ], [ -62.22416, -17.62501 ], [ -62.2231, -17.62493 ] ] ] } },
{ "type": "Feature", "properties": { "i": 562 }, "geometry": { "type": "Polygon", "coordinates": [ [ [ -62.22312, -17.62393 ], [ -62.2231, -17.62388 ], [ -62.22234, -17.62377 ], [ -62.22176, -17.62372 ], [ -62.22165, -17.62481 ], [ -62.22167, -17.62483 ], [ -62.22293, -17.62489 ], [ -62.22312, -17.62393 ] ] ] } },
{ "type": "Feature", "properties": { "i": 563 }, "geometry": { "type": "Polygon", "coordinates": [ [ [ -62.22514, -17.62394 ], [ -62.22515, -17.62359 ], [ -62.22426, -17.62354 ], [ -62.22424, -17.62391 ], [ -62.22428, -17.62394 ], [ -62.22509, -17.62396 ], [ -62.22514, -17.62394 ] ] ] } },
{ "type": "Feature", "properties": { "i": 564 }, "geometry": { "type": "Polygon", "coordinates": [ [ [ -62.22365, -17.62387 ], [ -62.2236, -17.62381 ], [ -62.22362, -17.6235 ], [ -62.22364, -17.62348 ], [ -62.22417, -17.62352 ], [ -62.22416, -17.6239 ], [ -62.22414, -17.62392 ], [ -62.22365, -17.62387 ] ] ] } },
{ "type": "Feature", "properties": { "i": 565 }, "geometry": { "type": "Polygon", "coordinates": [ [ [ -62.22284, -17.62341 ], [ -62.22281, -17.62371 ], [ -62.22353, -17.62382 ], [ -62.22357, -17.6238 ], [ -62.22359, -17.62348 ], [ -62.22284, -17.62341 ] ] ] } },
{ "type": "Feature", "properties": { "i": 566 }, "geometry": { "type": "Polygon", "coordinates": [ [ [ -62.22164, -17.62373 ], [ -62.22159, -17.62367 ], [ -62.2209, -17.62364 ], [ -62.22086, -17.62476 ], [ -62.22148, -17.62481 ], [ -62.22153, -17.62478 ], [ -62.22164, -17.62373 ] ] ] } },
{ "type": "Feature", "properties": { "i": 567 }, "geometry": { "type": "Polygon", "coordinates": [ [ [ -62.2313, -17.62259 ], [ -62.23071, -17.62249 ], [ -62.23137, -17.61982 ], [ -62.23194, -17.61976 ], [ -62.2317, -17.62095 ], [ -62.2313, -17.62259 ] ] ] } },
{ "type": "Feature", "properties": { "i": 568 }, "geometry": { "type": "Polygon", "coordinates": [ [ [ -62.21976, -17.6247 ], [ -62.2197, -17.62467 ], [ -62.21969, -17.62463 ], [ -62.21976, -17.62357 ], [ -62.22077, -17.62364 ], [ -62.2208, -17.62369 ], [ -62.22076, -17.62471 ], [ -62.22068, -17.62476 ], [ -62.21976, -17.6247 ] ] ] } },
{ "type": "Feature", "properties": { "i": 569 }, "geometry": { "type": "Polygon", "coordinates": [ [ [ -62.22176, -17.62361 ], [ -62.22269, -17.62369 ], [ -62.22277, -17.62341 ], [ -62.22179, -17.62334 ], [ -62.22176, -17.62361 ] ] ] } },
{ "type": "Feature", "properties": { "i": 570 }, "geometry": { "type": "Polygon", "coordinates": [ [ [ -62.22622, -17.62259 ], [ -62.22615, -17.62252 ], [ -62.2262, -17.62209 ], [ -62.22714, -17.6222 ], [ -62.22717, -17.62224 ], [ -62.22707, -17.62266 ], [ -62.22622, -17.62259 ] ] ] } },
{ "type": "Feature", "properties": { "i": 571 }, "geometry": { "type": "Polygon", "coordinates": [ [ [ -62.21966, -17.62354 ], [ -62.21905, -17.62349 ], [ -62.21896, -17.62467 ], [ -62.2196, -17.6247 ], [ -62.21966, -17.62354 ] ] ] } },
{ "type": "Feature", "properties": { "i": 572 }, "geometry": { "type": "Polygon", "coordinates": [ [ [ -62.22791, -17.62271 ], [ -62.22814, -17.62137 ], [ -62.2275, -17.62123 ], [ -62.22723, -17.62268 ], [ -62.22785, -17.62276 ], [ -62.22791, -17.62271 ] ] ] } },
{ "type": "Feature", "properties": { "i": 573 }, "geometry": { "type": "Polygon", "coordinates": [ [ [ -62.21895, -17.62347 ], [ -62.21839, -17.62343 ], [ -62.21826, -17.62484 ], [ -62.21885, -17.62487 ], [ -62.21895, -17.62347 ] ] ] } },
{ "type": "Feature", "properties": { "i": 574 }, "geometry": { "type": "Polygon", "coordinates": [ [ [ -62.23095, -17.62086 ], [ -62.23094, -17.62082 ], [ -62.2305, -17.62075 ], [ -62.2303, -17.62176 ], [ -62.23067, -17.62183 ], [ -62.23072, -17.62181 ], [ -62.23095, -17.62086 ] ] ] } },
{ "type": "Feature", "properties": { "i": 575 }, "geometry": { "type": "Polygon", "coordinates": [ [ [ -62.22239, -17.62299 ], [ -62.22368, -17.62301 ], [ -62.22374, -17.6225 ], [ -62.22348, -17.62251 ], [ -62.22243, -17.62263 ], [ -62.22239, -17.62299 ] ] ] } },
{ "type": "Feature", "properties": { "i": 576 }, "geometry": { "type": "Polygon", "coordinates": [ [ [ -62.22606, -17.6221 ], [ -62.22603, -17.62206 ], [ -62.22541, -17.62196 ], [ -62.22534, -17.62246 ], [ -62.22538, -17.6225 ], [ -62.22599, -17.62256 ], [ -62.22606, -17.6221 ] ] ] } },
{ "type": "Feature", "properties": { "i": 577 }, "geometry": { "type": "Polygon", "coordinates": [ [ [ -62.22079, -17.62353 ], [ -62.22082, -17.62327 ], [ -62.21983, -17.62318 ], [ -62.21978, -17.62319 ], [ -62.21976, -17.62343 ], [ -62.21981, -17.62348 ], [ -62.22079, -17.62353 ] ] ] } },
{ "type": "Feature", "properties": { "i": 578 }, "geometry": { "type": "Polygon", "coordinates": [ [ [ -62.22416, -17.62234 ], [ -62.22523, -17.62247 ], [ -62.22529, -17.62196 ], [ -62.22418, -17.62184 ], [ -62.22416, -17.62234 ] ] ] } },
{ "type": "Feature", "properties": { "i": 579 }, "geometry": { "type": "Polygon", "coordinates": [ [ [ -62.22734, -17.62123 ], [ -62.22731, -17.62119 ], [ -62.2264, -17.62106 ], [ -62.22622, -17.622 ], [ -62.22717, -17.62211 ], [ -62.2272, -17.62208 ], [ -62.22734, -17.62123 ] ] ] } },
{ "type": "Feature", "properties": { "i": 580 }, "geometry": { "type": "Polygon", "coordinates": [ [ [ -62.21909, -17.62312 ], [ -62.21907, -17.6234 ], [ -62.21967, -17.62345 ], [ -62.2197, -17.62317 ], [ -62.21909, -17.62312 ] ] ] } },
{ "type": "Feature", "properties": { "i": 581 }, "geometry": { "type": "Polygon", "coordinates": [ [ [ -62.21897, -17.62312 ], [ -62.21895, -17.62338 ], [ -62.21842, -17.62334 ], [ -62.21843, -17.62309 ], [ -62.21897, -17.62312 ] ] ] } },
{ "type": "Feature", "properties": { "i": 582 }, "geometry": { "type": "Polygon", "coordinates": [ [ [ -62.22273, -17.62248 ], [ -62.22184, -17.62254 ], [ -62.2218, -17.62248 ], [ -62.22181, -17.62222 ], [ -62.22183, -17.62219 ], [ -62.22273, -17.62227 ], [ -62.22273, -17.62248 ] ] ] } },
{ "type": "Feature", "properties": { "i": 583 }, "geometry": { "type": "Polygon", "coordinates": [ [ [ -62.22286, -17.62222 ], [ -62.22395, -17.62234 ], [ -62.22398, -17.62232 ], [ -62.22404, -17.62182 ], [ -62.22287, -17.62173 ], [ -62.22286, -17.62222 ] ] ] } },
{ "type": "Feature", "properties": { "i": 584 }, "geometry": { "type": "Polygon", "coordinates": [ [ [ -62.23097, -17.62068 ], [ -62.2312, -17.61992 ], [ -62.23119, -17.61986 ], [ -62.23116, -17.61983 ], [ -62.2299, -17.61954 ], [ -62.22966, -17.62042 ], [ -62.2309, -17.62072 ], [ -62.23097, -17.62068 ] ] ] } },
{ "type": "Feature", "properties": { "i": 585 }, "geometry": { "type": "Polygon", "coordinates": [ [ [ -62.22182, -17.62211 ], [ -62.22273, -17.62221 ], [ -62.22274, -17.62172 ], [ -62.22184, -17.62165 ], [ -62.22182, -17.62211 ] ] ] } },
{ "type": "Feature", "properties": { "i": 586 }, "geometry": { "type": "Polygon", "coordinates": [ [ [ -62.22543, -17.62096 ], [ -62.2254, -17.62092 ], [ -62.22427, -17.62076 ], [ -62.2242, -17.62173 ], [ -62.22527, -17.62184 ], [ -62.22531, -17.62182 ], [ -62.22543, -17.62096 ] ] ] } },
{ "type": "Feature", "properties": { "i": 587 }, "geometry": { "type": "Polygon", "coordinates": [ [ [ -62.2217, -17.62254 ], [ -62.22173, -17.62166 ], [ -62.22081, -17.6216 ], [ -62.22075, -17.62252 ], [ -62.22166, -17.62258 ], [ -62.2217, -17.62254 ] ] ] } },
{ "type": "Feature", "properties": { "i": 588 }, "geometry": { "type": "Polygon", "coordinates": [ [ [ -62.21961, -17.6224 ], [ -62.22005, -17.62252 ], [ -62.22064, -17.62249 ], [ -62.2207, -17.62157 ], [ -62.21971, -17.62149 ], [ -62.21961, -17.6224 ] ] ] } },
{ "type": "Feature", "properties": { "i": 589 }, "geometry": { "type": "Polygon", "coordinates": [ [ [ -62.22954, -17.6204 ], [ -62.22979, -17.61953 ], [ -62.22892, -17.61937 ], [ -62.2287, -17.62018 ], [ -62.22871, -17.6202 ], [ -62.22954, -17.6204 ] ] ] } },
{ "type": "Feature", "properties": { "i": 590 }, "geometry": { "type": "Polygon", "coordinates": [ [ [ -62.22408, -17.62166 ], [ -62.22416, -17.62075 ], [ -62.22289, -17.62059 ], [ -62.22287, -17.62163 ], [ -62.22402, -17.62171 ], [ -62.22408, -17.62166 ] ] ] } },
{ "type": "Feature", "properties": { "i": 591 }, "geometry": { "type": "Polygon", "coordinates": [ [ [ -62.22557, -17.62084 ], [ -62.22621, -17.62091 ], [ -62.22626, -17.62088 ], [ -62.2264, -17.62003 ], [ -62.22572, -17.61993 ], [ -62.22557, -17.62084 ] ] ] } },
{ "type": "Feature", "properties": { "i": 592 }, "geometry": { "type": "Polygon", "coordinates": [ [ [ -62.22861, -17.62015 ], [ -62.22881, -17.61938 ], [ -62.22878, -17.61935 ], [ -62.22787, -17.61921 ], [ -62.22775, -17.61992 ], [ -62.22776, -17.61998 ], [ -62.22778, -17.62 ], [ -62.22861, -17.62015 ] ] ] } },
{ "type": "Feature", "properties": { "i": 593 }, "geometry": { "type": "Polygon", "coordinates": [ [ [ -62.22276, -17.62056 ], [ -62.22191, -17.62046 ], [ -62.22185, -17.62155 ], [ -62.22275, -17.62162 ], [ -62.22276, -17.62056 ] ] ] } },
{ "type": "Feature", "properties": { "i": 594 }, "geometry": { "type": "Polygon", "coordinates": [ [ [ -62.22558, -17.61992 ], [ -62.22438, -17.61975 ], [ -62.22429, -17.62064 ], [ -62.22546, -17.62081 ], [ -62.22561, -17.61996 ], [ -62.22558, -17.61992 ] ] ] } },
{ "type": "Feature", "properties": { "i": 595 }, "geometry": { "type": "Polygon", "coordinates": [ [ [ -62.22994, -17.619 ], [ -62.2299, -17.61893 ], [ -62.22907, -17.61882 ], [ -62.22897, -17.61927 ], [ -62.22982, -17.61944 ], [ -62.22994, -17.619 ] ] ] } },
{ "type": "Feature", "properties": { "i": 596 }, "geometry": { "type": "Polygon", "coordinates": [ [ [ -62.22774, -17.61919 ], [ -62.22679, -17.61907 ], [ -62.22664, -17.61995 ], [ -62.22754, -17.62009 ], [ -62.22757, -17.62008 ], [ -62.22774, -17.61919 ] ] ] } },
{ "type": "Feature", "properties": { "i": 597 }, "geometry": { "type": "Polygon", "coordinates": [ [ [ -62.22091, -17.62032 ], [ -62.22082, -17.62148 ], [ -62.22173, -17.62155 ], [ -62.22178, -17.62044 ], [ -62.22176, -17.62042 ], [ -62.22091, -17.62032 ] ] ] } },
{ "type": "Feature", "properties": { "i": 598 }, "geometry": { "type": "Polygon", "coordinates": [ [ [ -62.22073, -17.62091 ], [ -62.2198, -17.62082 ], [ -62.21974, -17.6214 ], [ -62.22068, -17.62147 ], [ -62.22073, -17.62091 ] ] ] } },
{ "type": "Feature", "properties": { "i": 599 }, "geometry": { "type": "Polygon", "coordinates": [ [ [ -62.22884, -17.61923 ], [ -62.22894, -17.61881 ], [ -62.22801, -17.61864 ], [ -62.22796, -17.61865 ], [ -62.22788, -17.61911 ], [ -62.2288, -17.61925 ], [ -62.22884, -17.61923 ] ] ] } },
{ "type": "Feature", "properties": { "i": 600 }, "geometry": { "type": "Polygon", "coordinates": [ [ [ -62.22423, -17.61974 ], [ -62.22291, -17.61956 ], [ -62.22289, -17.62047 ], [ -62.22417, -17.62064 ], [ -62.22423, -17.61974 ] ] ] } },
{ "type": "Feature", "properties": { "i": 601 }, "geometry": { "type": "Polygon", "coordinates": [ [ [ -62.22646, -17.61992 ], [ -62.2266, -17.61906 ], [ -62.22588, -17.61897 ], [ -62.22574, -17.61982 ], [ -62.22646, -17.61992 ] ] ] } },
{ "type": "Feature", "properties": { "i": 602 }, "geometry": { "type": "Polygon", "coordinates": [ [ [ -62.22915, -17.61817 ], [ -62.23004, -17.61828 ], [ -62.22996, -17.61883 ], [ -62.2291, -17.61872 ], [ -62.22908, -17.61867 ], [ -62.22915, -17.61817 ] ] ] } },
{ "type": "Feature", "properties": { "i": 603 }, "geometry": { "type": "Polygon", "coordinates": [ [ [ -62.22564, -17.61981 ], [ -62.2258, -17.61895 ], [ -62.22519, -17.61887 ], [ -62.22506, -17.61973 ], [ -62.22564, -17.61981 ] ] ] } },
{ "type": "Feature", "properties": { "i": 604 }, "geometry": { "type": "Polygon", "coordinates": [ [ [ -62.22775, -17.61908 ], [ -62.22783, -17.61865 ], [ -62.22781, -17.6186 ], [ -62.2269, -17.61845 ], [ -62.2268, -17.61897 ], [ -62.22775, -17.61908 ] ] ] } },
{ "type": "Feature", "properties": { "i": 605 }, "geometry": { "type": "Polygon", "coordinates": [ [ [ -62.23014, -17.61821 ], [ -62.2313, -17.61834 ], [ -62.23139, -17.61777 ], [ -62.23024, -17.61763 ], [ -62.23014, -17.61821 ] ] ] } },
{ "type": "Feature", "properties": { "i": 606 }, "geometry": { "type": "Polygon", "coordinates": [ [ [ -62.22075, -17.62079 ], [ -62.22079, -17.62008 ], [ -62.21989, -17.62005 ], [ -62.21982, -17.62069 ], [ -62.21984, -17.62074 ], [ -62.2207, -17.62081 ], [ -62.22075, -17.62079 ] ] ] } },
{ "type": "Feature", "properties": { "i": 607 }, "geometry": { "type": "Polygon", "coordinates": [ [ [ -62.22191, -17.62034 ], [ -62.22276, -17.62043 ], [ -62.22279, -17.61953 ], [ -62.22195, -17.61941 ], [ -62.22191, -17.62034 ] ] ] } },
{ "type": "Feature", "properties": { "i": 608 }, "geometry": { "type": "Polygon", "coordinates": [ [ [ -62.22508, -17.61886 ], [ -62.22446, -17.61881 ], [ -62.22438, -17.61963 ], [ -62.22496, -17.61971 ], [ -62.22508, -17.61886 ] ] ] } },
{ "type": "Feature", "properties": { "i": 609 }, "geometry": { "type": "Polygon", "coordinates": [ [ [ -62.22183, -17.61939 ], [ -62.22098, -17.6193 ], [ -62.22092, -17.6202 ], [ -62.22178, -17.62031 ], [ -62.22183, -17.61939 ] ] ] } },
{ "type": "Feature", "properties": { "i": 610 }, "geometry": { "type": "Polygon", "coordinates": [ [ [ -62.22434, -17.61878 ], [ -62.22374, -17.61874 ], [ -62.22365, -17.61953 ], [ -62.22427, -17.61961 ], [ -62.22434, -17.61878 ] ] ] } },
{ "type": "Feature", "properties": { "i": 611 }, "geometry": { "type": "Polygon", "coordinates": [ [ [ -62.23007, -17.61814 ], [ -62.23013, -17.61763 ], [ -62.22926, -17.61749 ], [ -62.22917, -17.61805 ], [ -62.23001, -17.61818 ], [ -62.23007, -17.61814 ] ] ] } },
{ "type": "Feature", "properties": { "i": 612 }, "geometry": { "type": "Polygon", "coordinates": [ [ [ -62.23026, -17.61753 ], [ -62.23141, -17.61769 ], [ -62.23153, -17.617 ], [ -62.23036, -17.61683 ], [ -62.23026, -17.61753 ] ] ] } },
{ "type": "Feature", "properties": { "i": 613 }, "geometry": { "type": "Polygon", "coordinates": [ [ [ -62.22295, -17.61866 ], [ -62.22293, -17.61868 ], [ -62.22291, -17.61943 ], [ -62.22355, -17.61951 ], [ -62.22365, -17.61872 ], [ -62.22295, -17.61866 ] ] ] } },
{ "type": "Feature", "properties": { "i": 614 }, "geometry": { "type": "Polygon", "coordinates": [ [ [ -62.21996, -17.61997 ], [ -62.21991, -17.61994 ], [ -62.2199, -17.61987 ], [ -62.21998, -17.61925 ], [ -62.22001, -17.61919 ], [ -62.22008, -17.61916 ], [ -62.22085, -17.61926 ], [ -62.22078, -17.61997 ], [ -62.21996, -17.61997 ] ] ] } },
{ "type": "Feature", "properties": { "i": 615 }, "geometry": { "type": "Polygon", "coordinates": [ [ [ -62.22602, -17.61758 ], [ -62.22407, -17.61738 ], [ -62.2239, -17.61859 ], [ -62.22394, -17.61863 ], [ -62.2258, -17.61881 ], [ -62.22602, -17.61758 ] ] ] } },
{ "type": "Feature", "properties": { "i": 616 }, "geometry": { "type": "Polygon", "coordinates": [ [ [ -62.22281, -17.61941 ], [ -62.22281, -17.61865 ], [ -62.222, -17.61858 ], [ -62.22197, -17.6193 ], [ -62.22281, -17.61941 ] ] ] } },
{ "type": "Feature", "properties": { "i": 617 }, "geometry": { "type": "Polygon", "coordinates": [ [ [ -62.22927, -17.61739 ], [ -62.23015, -17.61752 ], [ -62.23025, -17.61682 ], [ -62.22939, -17.6167 ], [ -62.22927, -17.61739 ] ] ] } },
{ "type": "Feature", "properties": { "i": 618 }, "geometry": { "type": "Polygon", "coordinates": [ [ [ -62.22114, -17.6192 ], [ -62.22184, -17.61928 ], [ -62.22187, -17.61858 ], [ -62.22117, -17.61851 ], [ -62.22114, -17.6192 ] ] ] } },
{ "type": "Feature", "properties": { "i": 619 }, "geometry": { "type": "Polygon", "coordinates": [ [ [ -62.22774, -17.61672 ], [ -62.22718, -17.61663 ], [ -62.22702, -17.6177 ], [ -62.22758, -17.6178 ], [ -62.22774, -17.61672 ] ] ] } },
{ "type": "Feature", "properties": { "i": 620 }, "geometry": { "type": "Polygon", "coordinates": [ [ [ -62.23162, -17.61624 ], [ -62.23062, -17.61611 ], [ -62.2307, -17.61557 ], [ -62.23171, -17.61572 ], [ -62.23162, -17.61624 ] ] ] } },
{ "type": "Feature", "properties": { "i": 621 }, "geometry": { "type": "Polygon", "coordinates": [ [ [ -62.22196, -17.61846 ], [ -62.2229, -17.61855 ], [ -62.223, -17.61766 ], [ -62.22206, -17.61758 ], [ -62.22196, -17.61846 ] ] ] } },
{ "type": "Feature", "properties": { "i": 622 }, "geometry": { "type": "Polygon", "coordinates": [ [ [ -62.22852, -17.61672 ], [ -62.2292, -17.6168 ], [ -62.22937, -17.61575 ], [ -62.22869, -17.61564 ], [ -62.22852, -17.61672 ] ] ] } },
{ "type": "Feature", "properties": { "i": 623 }, "geometry": { "type": "Polygon", "coordinates": [ [ [ -62.2286, -17.61563 ], [ -62.22801, -17.61555 ], [ -62.22783, -17.61662 ], [ -62.22842, -17.61671 ], [ -62.2286, -17.61563 ] ] ] } },
{ "type": "Feature", "properties": { "i": 624 }, "geometry": { "type": "Polygon", "coordinates": [ [ [ -62.22544, -17.61737 ], [ -62.22685, -17.6176 ], [ -62.22753, -17.61294 ], [ -62.22609, -17.61273 ], [ -62.22544, -17.61737 ] ] ] } },
{ "type": "Feature", "properties": { "i": 625 }, "geometry": { "type": "Polygon", "coordinates": [ [ [ -62.23077, -17.6143 ], [ -62.23069, -17.61481 ], [ -62.2303, -17.61478 ], [ -62.22964, -17.61469 ], [ -62.22972, -17.61415 ], [ -62.23077, -17.6143 ] ] ] } },
{ "type": "Feature", "properties": { "i": 626 }, "geometry": { "type": "Polygon", "coordinates": [ [ [ -62.23191, -17.6143 ], [ -62.23199, -17.61379 ], [ -62.23097, -17.61365 ], [ -62.23089, -17.61418 ], [ -62.23185, -17.61432 ], [ -62.23191, -17.6143 ] ] ] } },
{ "type": "Feature", "properties": { "i": 627 }, "geometry": { "type": "Polygon", "coordinates": [ [ [ -62.22811, -17.61432 ], [ -62.22754, -17.61425 ], [ -62.22736, -17.61536 ], [ -62.22793, -17.61545 ], [ -62.22811, -17.61432 ] ] ] } },
{ "type": "Feature", "properties": { "i": 628 }, "geometry": { "type": "Polygon", "coordinates": [ [ [ -62.23078, -17.61416 ], [ -62.23086, -17.61364 ], [ -62.22981, -17.61349 ], [ -62.22973, -17.61402 ], [ -62.23078, -17.61416 ] ] ] } },
{ "type": "Feature", "properties": { "i": 629 }, "geometry": { "type": "Polygon", "coordinates": [ [ [ -62.23023, -17.61083 ], [ -62.23019, -17.61084 ], [ -62.23017, -17.61088 ], [ -62.23011, -17.61129 ], [ -62.23014, -17.61137 ], [ -62.23117, -17.61149 ], [ -62.23125, -17.61094 ], [ -62.23023, -17.61083 ] ] ] } },
{ "type": "Feature", "properties": { "i": 630 }, "geometry": { "type": "Polygon", "coordinates": [ [ [ -62.22798, -17.61179 ], [ -62.22793, -17.61176 ], [ -62.22793, -17.61172 ], [ -62.22807, -17.6107 ], [ -62.22811, -17.61067 ], [ -62.23, -17.61094 ], [ -62.23003, -17.61097 ], [ -62.22989, -17.61193 ], [ -62.22984, -17.612 ], [ -62.22979, -17.61201 ], [ -62.22798, -17.61179 ] ] ] } },
{ "type": "Feature", "properties": { "i": 631 }, "geometry": { "type": "Polygon", "coordinates": [ [ [ -62.23133, -17.61029 ], [ -62.23126, -17.61085 ], [ -62.2302, -17.61075 ], [ -62.23028, -17.61018 ], [ -62.23133, -17.61029 ] ] ] } },
{ "type": "Feature", "properties": { "i": 632 }, "geometry": { "type": "Polygon", "coordinates": [ [ [ -62.23153, -17.60966 ], [ -62.23145, -17.61021 ], [ -62.23247, -17.6103 ], [ -62.23255, -17.60976 ], [ -62.23153, -17.60966 ] ] ] } },
{ "type": "Feature", "properties": { "i": 633 }, "geometry": { "type": "Polygon", "coordinates": [ [ [ -62.23141, -17.6097 ], [ -62.23135, -17.60963 ], [ -62.23038, -17.60953 ], [ -62.23031, -17.61009 ], [ -62.23133, -17.61019 ], [ -62.23141, -17.6097 ] ] ] } },
{ "type": "Feature", "properties": { "i": 634 }, "geometry": { "type": "Polygon", "coordinates": [ [ [ -62.22847, -17.60696 ], [ -62.22757, -17.61288 ], [ -62.2261, -17.61268 ], [ -62.22701, -17.60674 ], [ -62.22847, -17.60696 ] ] ] } },
{ "type": "Feature", "properties": { "i": 635 }, "geometry": { "type": "Polygon", "coordinates": [ [ [ -62.23158, -17.60838 ], [ -62.23151, -17.60891 ], [ -62.23052, -17.60879 ], [ -62.23049, -17.60875 ], [ -62.23055, -17.60827 ], [ -62.23158, -17.60838 ] ] ] } },
{ "type": "Feature", "properties": { "i": 636 }, "geometry": { "type": "Polygon", "coordinates": [ [ [ -62.23282, -17.60785 ], [ -62.2328, -17.60783 ], [ -62.23179, -17.60774 ], [ -62.23174, -17.60828 ], [ -62.23272, -17.60837 ], [ -62.23282, -17.60785 ] ] ] } },
{ "type": "Feature", "properties": { "i": 637 }, "geometry": { "type": "Polygon", "coordinates": [ [ [ -62.22901, -17.60835 ], [ -62.22846, -17.60827 ], [ -62.22828, -17.60935 ], [ -62.22886, -17.60943 ], [ -62.22901, -17.60835 ] ] ] } },
{ "type": "Feature", "properties": { "i": 638 }, "geometry": { "type": "Polygon", "coordinates": [ [ [ -62.23169, -17.60772 ], [ -62.23064, -17.60762 ], [ -62.23057, -17.60815 ], [ -62.23162, -17.60827 ], [ -62.23169, -17.60772 ] ] ] } },
{ "type": "Feature", "properties": { "i": 639 }, "geometry": { "type": "Polygon", "coordinates": [ [ [ -62.23291, -17.60721 ], [ -62.23189, -17.60708 ], [ -62.23182, -17.60765 ], [ -62.23283, -17.60774 ], [ -62.23291, -17.60721 ] ] ] } },
{ "type": "Feature", "properties": { "i": 640 }, "geometry": { "type": "Polygon", "coordinates": [ [ [ -62.23187, -17.60643 ], [ -62.2318, -17.60697 ], [ -62.23079, -17.60687 ], [ -62.23076, -17.60685 ], [ -62.23082, -17.60634 ], [ -62.23087, -17.60632 ], [ -62.23185, -17.60641 ], [ -62.23187, -17.60643 ] ] ] } },
{ "type": "Feature", "properties": { "i": 641 }, "geometry": { "type": "Polygon", "coordinates": [ [ [ -62.23304, -17.60638 ], [ -62.23309, -17.60592 ], [ -62.23307, -17.60588 ], [ -62.23216, -17.6058 ], [ -62.23209, -17.60631 ], [ -62.2321, -17.60635 ], [ -62.23293, -17.60645 ], [ -62.23299, -17.60645 ], [ -62.23304, -17.60638 ] ] ] } },
{ "type": "Feature", "properties": { "i": 642 }, "geometry": { "type": "Polygon", "coordinates": [ [ [ -62.23094, -17.60569 ], [ -62.23089, -17.60571 ], [ -62.23083, -17.60613 ], [ -62.23084, -17.60619 ], [ -62.23088, -17.60623 ], [ -62.23193, -17.60633 ], [ -62.23197, -17.60633 ], [ -62.232, -17.6063 ], [ -62.23207, -17.60578 ], [ -62.23094, -17.60569 ] ] ] } },
{ "type": "Feature", "properties": { "i": 643 }, "geometry": { "type": "Polygon", "coordinates": [ [ [ -62.23326, -17.60459 ], [ -62.23233, -17.60451 ], [ -62.23228, -17.60504 ], [ -62.23318, -17.60515 ], [ -62.2332, -17.60513 ], [ -62.23328, -17.60461 ], [ -62.23326, -17.60459 ] ] ] } },
{ "type": "Feature", "properties": { "i": 644 }, "geometry": { "type": "Polygon", "coordinates": [ [ [ -62.23369, -17.60295 ], [ -62.23362, -17.603 ], [ -62.2336, -17.60305 ], [ -62.23335, -17.60493 ], [ -62.23564, -17.6051 ], [ -62.2359, -17.60317 ], [ -62.23369, -17.60295 ] ] ] } },
{ "type": "Feature", "properties": { "i": 645 }, "geometry": { "type": "Polygon", "coordinates": [ [ [ -62.23101, -17.60492 ], [ -62.23214, -17.60503 ], [ -62.23216, -17.60502 ], [ -62.23223, -17.60451 ], [ -62.23222, -17.60449 ], [ -62.23109, -17.60437 ], [ -62.23107, -17.60439 ], [ -62.23099, -17.6049 ], [ -62.23101, -17.60492 ] ] ] } },
{ "type": "Feature", "properties": { "i": 646 }, "geometry": { "type": "Polygon", "coordinates": [ [ [ -62.23239, -17.60441 ], [ -62.2333, -17.6045 ], [ -62.23335, -17.604 ], [ -62.23333, -17.60396 ], [ -62.23244, -17.60387 ], [ -62.23242, -17.60388 ], [ -62.23237, -17.60437 ], [ -62.23239, -17.60441 ] ] ] } },
{ "type": "Feature", "properties": { "i": 647 }, "geometry": { "type": "Polygon", "coordinates": [ [ [ -62.23229, -17.60385 ], [ -62.23117, -17.60376 ], [ -62.2311, -17.60427 ], [ -62.23225, -17.60439 ], [ -62.23231, -17.60387 ], [ -62.23229, -17.60385 ] ] ] } },
{ "type": "Feature", "properties": { "i": 648 }, "geometry": { "type": "Polygon", "coordinates": [ [ [ -62.23337, -17.60384 ], [ -62.23343, -17.60327 ], [ -62.23257, -17.60319 ], [ -62.23254, -17.60319 ], [ -62.2325, -17.60323 ], [ -62.23244, -17.60368 ], [ -62.23247, -17.60376 ], [ -62.23334, -17.60385 ], [ -62.23337, -17.60384 ] ] ] } },
{ "type": "Feature", "properties": { "i": 649 }, "geometry": { "type": "Polygon", "coordinates": [ [ [ -62.22958, -17.60471 ], [ -62.22974, -17.60361 ], [ -62.22912, -17.60355 ], [ -62.22897, -17.60463 ], [ -62.22958, -17.60471 ] ] ] } },
{ "type": "Feature", "properties": { "i": 650 }, "geometry": { "type": "Polygon", "coordinates": [ [ [ -62.23239, -17.60321 ], [ -62.23241, -17.60328 ], [ -62.23234, -17.60375 ], [ -62.23121, -17.60363 ], [ -62.23129, -17.60308 ], [ -62.23234, -17.60317 ], [ -62.23239, -17.60321 ] ] ] } },
{ "type": "Feature", "properties": { "i": 651 }, "geometry": { "type": "Polygon", "coordinates": [ [ [ -62.236, -17.60203 ], [ -62.23598, -17.60201 ], [ -62.23497, -17.60191 ], [ -62.23494, -17.60193 ], [ -62.23487, -17.60255 ], [ -62.23591, -17.60264 ], [ -62.23593, -17.60261 ], [ -62.236, -17.60203 ] ] ] } },
{ "type": "Feature", "properties": { "i": 652 }, "geometry": { "type": "Polygon", "coordinates": [ [ [ -62.22907, -17.60292 ], [ -62.22883, -17.60281 ], [ -62.22859, -17.60275 ], [ -62.22835, -17.60272 ], [ -62.22795, -17.60274 ], [ -62.22762, -17.60489 ], [ -62.22828, -17.6049 ], [ -62.22853, -17.60488 ], [ -62.22876, -17.60494 ], [ -62.22907, -17.60292 ] ] ] } },
{ "type": "Feature", "properties": { "i": 653 }, "geometry": { "type": "Polygon", "coordinates": [ [ [ -62.22921, -17.60348 ], [ -62.22917, -17.60345 ], [ -62.22916, -17.60341 ], [ -62.22924, -17.60295 ], [ -62.23097, -17.60305 ], [ -62.23097, -17.60302 ], [ -62.23119, -17.60305 ], [ -62.2311, -17.60362 ], [ -62.23107, -17.60363 ], [ -62.22921, -17.60348 ] ] ] } },
{ "type": "Feature", "properties": { "i": 654 }, "geometry": { "type": "Polygon", "coordinates": [ [ [ -62.23484, -17.60193 ], [ -62.23482, -17.6019 ], [ -62.23381, -17.60183 ], [ -62.23372, -17.60244 ], [ -62.23475, -17.60253 ], [ -62.23478, -17.6025 ], [ -62.23484, -17.60193 ] ] ] } },
{ "type": "Feature", "properties": { "i": 655 }, "geometry": { "type": "Polygon", "coordinates": [ [ [ -62.23362, -17.60237 ], [ -62.23365, -17.60224 ], [ -62.23367, -17.60186 ], [ -62.23365, -17.60183 ], [ -62.23253, -17.60173 ], [ -62.23249, -17.60175 ], [ -62.23242, -17.60229 ], [ -62.23354, -17.60242 ], [ -62.23357, -17.60242 ], [ -62.23362, -17.60237 ] ] ] } },
{ "type": "Feature", "properties": { "i": 656 }, "geometry": { "type": "Polygon", "coordinates": [ [ [ -62.23608, -17.60133 ], [ -62.23385, -17.60118 ], [ -62.2338, -17.60173 ], [ -62.23601, -17.6019 ], [ -62.23608, -17.60133 ] ] ] } },
{ "type": "Feature", "properties": { "i": 657 }, "geometry": { "type": "Polygon", "coordinates": [ [ [ -62.2305, -17.60231 ], [ -62.23013, -17.60232 ], [ -62.22985, -17.60226 ], [ -62.22933, -17.60222 ], [ -62.22929, -17.60226 ], [ -62.22931, -17.60233 ], [ -62.23047, -17.60244 ], [ -62.23051, -17.60241 ], [ -62.23053, -17.60236 ], [ -62.2305, -17.60231 ] ] ] } },
{ "type": "Feature", "properties": { "i": 658 }, "geometry": { "type": "Polygon", "coordinates": [ [ [ -62.22735, -17.60307 ], [ -62.22783, -17.60313 ], [ -62.22789, -17.60275 ], [ -62.2274, -17.60269 ], [ -62.22735, -17.60307 ] ] ] } },
{ "type": "Feature", "properties": { "i": 659 }, "geometry": { "type": "Polygon", "coordinates": [ [ [ -62.2323, -17.60229 ], [ -62.23238, -17.6017 ], [ -62.23191, -17.60165 ], [ -62.23067, -17.6016 ], [ -62.23064, -17.60198 ], [ -62.23067, -17.60203 ], [ -62.23066, -17.60216 ], [ -62.2323, -17.60229 ] ] ] } },
{ "type": "Feature", "properties": { "i": 660 }, "geometry": { "type": "Polygon", "coordinates": [ [ [ -62.23374, -17.6012 ], [ -62.23371, -17.60116 ], [ -62.23259, -17.60106 ], [ -62.23257, -17.60107 ], [ -62.23252, -17.6016 ], [ -62.23253, -17.60162 ], [ -62.23323, -17.60169 ], [ -62.23365, -17.60171 ], [ -62.23369, -17.60168 ], [ -62.23374, -17.6012 ] ] ] } },
{ "type": "Feature", "properties": { "i": 661 }, "geometry": { "type": "Polygon", "coordinates": [ [ [ -62.22924, -17.60221 ], [ -62.22903, -17.60216 ], [ -62.22881, -17.60216 ], [ -62.22879, -17.60226 ], [ -62.22921, -17.6023 ], [ -62.22923, -17.60229 ], [ -62.22924, -17.60221 ] ] ] } },
{ "type": "Feature", "properties": { "i": 662 }, "geometry": { "type": "Polygon", "coordinates": [ [ [ -62.22571, -17.60257 ], [ -62.22616, -17.60261 ], [ -62.22611, -17.60318 ], [ -62.22569, -17.60316 ], [ -62.22567, -17.60311 ], [ -62.22571, -17.60257 ] ] ] } },
{ "type": "Feature", "properties": { "i": 663 }, "geometry": { "type": "Polygon", "coordinates": [ [ [ -62.22872, -17.60222 ], [ -62.22862, -17.60213 ], [ -62.22843, -17.60212 ], [ -62.22839, -17.60215 ], [ -62.22839, -17.6022 ], [ -62.22843, -17.60224 ], [ -62.2287, -17.60226 ], [ -62.22872, -17.60222 ] ] ] } },
{ "type": "Feature", "properties": { "i": 664 }, "geometry": { "type": "Polygon", "coordinates": [ [ [ -62.22943, -17.60147 ], [ -62.22937, -17.60206 ], [ -62.23053, -17.60216 ], [ -62.23059, -17.6016 ], [ -62.23057, -17.60156 ], [ -62.22947, -17.60144 ], [ -62.22943, -17.60147 ] ] ] } },
{ "type": "Feature", "properties": { "i": 665 }, "geometry": { "type": "Polygon", "coordinates": [ [ [ -62.22474, -17.60246 ], [ -62.22469, -17.60304 ], [ -62.22559, -17.60311 ], [ -62.22563, -17.60253 ], [ -62.22474, -17.60246 ] ] ] } },
{ "type": "Feature", "properties": { "i": 666 }, "geometry": { "type": "Polygon", "coordinates": [ [ [ -62.22833, -17.60218 ], [ -62.22829, -17.60223 ], [ -62.22743, -17.60219 ], [ -62.22743, -17.60207 ], [ -62.2283, -17.60211 ], [ -62.22833, -17.60214 ], [ -62.22833, -17.60218 ] ] ] } },
{ "type": "Feature", "properties": { "i": 667 }, "geometry": { "type": "Polygon", "coordinates": [ [ [ -62.23244, -17.60108 ], [ -62.2324, -17.60157 ], [ -62.23237, -17.60158 ], [ -62.23069, -17.60146 ], [ -62.23072, -17.60099 ], [ -62.23081, -17.60094 ], [ -62.2324, -17.60105 ], [ -62.23244, -17.60108 ] ] ] } },
{ "type": "Feature", "properties": { "i": 668 }, "geometry": { "type": "Polygon", "coordinates": [ [ [ -62.23384, -17.60059 ], [ -62.2338, -17.6005 ], [ -62.23267, -17.60041 ], [ -62.2326, -17.60096 ], [ -62.23374, -17.60107 ], [ -62.23377, -17.60104 ], [ -62.23384, -17.60059 ] ] ] } },
{ "type": "Feature", "properties": { "i": 669 }, "geometry": { "type": "Polygon", "coordinates": [ [ [ -62.22458, -17.60305 ], [ -62.22463, -17.60245 ], [ -62.22395, -17.60241 ], [ -62.22391, -17.603 ], [ -62.22458, -17.60305 ] ] ] } },
{ "type": "Feature", "properties": { "i": 670 }, "geometry": { "type": "Polygon", "coordinates": [ [ [ -62.22738, -17.60219 ], [ -62.22738, -17.60207 ], [ -62.22584, -17.60198 ], [ -62.22583, -17.60205 ], [ -62.22598, -17.6021 ], [ -62.22738, -17.60219 ] ] ] } },
{ "type": "Feature", "properties": { "i": 671 }, "geometry": { "type": "Polygon", "coordinates": [ [ [ -62.22811, -17.60117 ], [ -62.22808, -17.60191 ], [ -62.22804, -17.60196 ], [ -62.22681, -17.60189 ], [ -62.22686, -17.6011 ], [ -62.22811, -17.60117 ] ] ] } },
{ "type": "Feature", "properties": { "i": 672 }, "geometry": { "type": "Polygon", "coordinates": [ [ [ -62.22943, -17.60047 ], [ -62.22946, -17.59961 ], [ -62.22945, -17.59927 ], [ -62.22951, -17.59883 ], [ -62.22964, -17.5974 ], [ -62.22952, -17.59718 ], [ -62.22949, -17.59716 ], [ -62.2286, -17.59708 ], [ -62.22834, -17.59955 ], [ -62.22823, -17.60136 ], [ -62.22816, -17.60195 ], [ -62.22819, -17.60198 ], [ -62.22932, -17.60205 ], [ -62.22938, -17.60166 ], [ -62.22934, -17.60152 ], [ -62.22943, -17.60047 ] ] ] } },
{ "type": "Feature", "properties": { "i": 673 }, "geometry": { "type": "Polygon", "coordinates": [ [ [ -62.23384, -17.6004 ], [ -62.2327, -17.60032 ], [ -62.23266, -17.60027 ], [ -62.23266, -17.60021 ], [ -62.23272, -17.59977 ], [ -62.2339, -17.59986 ], [ -62.23392, -17.59988 ], [ -62.23384, -17.6004 ] ] ] } },
{ "type": "Feature", "properties": { "i": 674 }, "geometry": { "type": "Polygon", "coordinates": [ [ [ -62.22589, -17.60112 ], [ -62.22677, -17.60117 ], [ -62.22671, -17.60187 ], [ -62.22587, -17.60182 ], [ -62.22584, -17.60173 ], [ -62.22589, -17.60112 ] ] ] } },
{ "type": "Feature", "properties": { "i": 675 }, "geometry": { "type": "Polygon", "coordinates": [ [ [ -62.22487, -17.6011 ], [ -62.22483, -17.60165 ], [ -62.22573, -17.60171 ], [ -62.22579, -17.60116 ], [ -62.22487, -17.6011 ] ] ] } },
{ "type": "Feature", "properties": { "i": 676 }, "geometry": { "type": "Polygon", "coordinates": [ [ [ -62.234, -17.59927 ], [ -62.23398, -17.59923 ], [ -62.23394, -17.59921 ], [ -62.23285, -17.5991 ], [ -62.23282, -17.59912 ], [ -62.23277, -17.59967 ], [ -62.23391, -17.59975 ], [ -62.23394, -17.59973 ], [ -62.234, -17.59927 ] ] ] } },
{ "type": "Feature", "properties": { "i": 677 }, "geometry": { "type": "Polygon", "coordinates": [ [ [ -62.23162, -17.59968 ], [ -62.22962, -17.59949 ], [ -62.2296, -17.59952 ], [ -62.22952, -17.60037 ], [ -62.23075, -17.60049 ], [ -62.23077, -17.60053 ], [ -62.23074, -17.60083 ], [ -62.23144, -17.60089 ], [ -62.23162, -17.59968 ] ] ] } },
{ "type": "Feature", "properties": { "i": 678 }, "geometry": { "type": "Polygon", "coordinates": [ [ [ -62.22473, -17.60163 ], [ -62.22478, -17.60104 ], [ -62.22404, -17.60095 ], [ -62.22399, -17.60156 ], [ -62.22473, -17.60163 ] ] ] } },
{ "type": "Feature", "properties": { "i": 679 }, "geometry": { "type": "Polygon", "coordinates": [ [ [ -62.23181, -17.59899 ], [ -62.23179, -17.59901 ], [ -62.23173, -17.59957 ], [ -62.23262, -17.59966 ], [ -62.23269, -17.59911 ], [ -62.23181, -17.59899 ] ] ] } },
{ "type": "Feature", "properties": { "i": 680 }, "geometry": { "type": "Polygon", "coordinates": [ [ [ -62.23403, -17.5991 ], [ -62.2341, -17.59867 ], [ -62.23409, -17.59861 ], [ -62.23404, -17.59856 ], [ -62.23291, -17.59845 ], [ -62.23285, -17.599 ], [ -62.234, -17.59912 ], [ -62.23403, -17.5991 ] ] ] } },
{ "type": "Feature", "properties": { "i": 681 }, "geometry": { "type": "Polygon", "coordinates": [ [ [ -62.23279, -17.59843 ], [ -62.23189, -17.59835 ], [ -62.23183, -17.59889 ], [ -62.2327, -17.59899 ], [ -62.23272, -17.59898 ], [ -62.23279, -17.59843 ] ] ] } },
{ "type": "Feature", "properties": { "i": 682 }, "geometry": { "type": "Polygon", "coordinates": [ [ [ -62.23293, -17.59786 ], [ -62.23195, -17.59772 ], [ -62.23187, -17.59824 ], [ -62.23283, -17.59833 ], [ -62.23293, -17.59786 ] ] ] } },
{ "type": "Feature", "properties": { "i": 683 }, "geometry": { "type": "Polygon", "coordinates": [ [ [ -62.23415, -17.59848 ], [ -62.23293, -17.59835 ], [ -62.23298, -17.59806 ], [ -62.23314, -17.59778 ], [ -62.23344, -17.59575 ], [ -62.23453, -17.5959 ], [ -62.23415, -17.59848 ] ] ] } },
{ "type": "Feature", "properties": { "i": 684 }, "geometry": { "type": "Polygon", "coordinates": [ [ [ -61.99274, -17.60874 ], [ -61.99166, -17.60867 ], [ -61.99156, -17.61005 ], [ -61.99255, -17.61022 ], [ -61.99264, -17.61017 ], [ -61.99274, -17.60874 ] ] ] } },
{ "type": "Feature", "properties": { "i": 685 }, "geometry": { "type": "Polygon", "coordinates": [ [ [ -61.99152, -17.60797 ], [ -61.99009, -17.60786 ], [ -61.99004, -17.60954 ], [ -61.99005, -17.60969 ], [ -61.99008, -17.60974 ], [ -61.99092, -17.60994 ], [ -61.99144, -17.61004 ], [ -61.99152, -17.60797 ] ] ] } },
{ "type": "Feature", "properties": { "i": 686 }, "geometry": { "type": "Polygon", "coordinates": [ [ [ -61.99277, -17.60797 ], [ -61.99168, -17.60791 ], [ -61.99166, -17.60861 ], [ -61.99273, -17.60868 ], [ -61.99277, -17.60797 ] ] ] } },
{ "type": "Feature", "properties": { "i": 687 }, "geometry": { "type": "Polygon", "coordinates": [ [ [ -61.99308, -17.60599 ], [ -61.99289, -17.60803 ], [ -61.99288, -17.60846 ], [ -61.99456, -17.60861 ], [ -61.9946, -17.60855 ], [ -61.99474, -17.60614 ], [ -61.99308, -17.60599 ] ] ] } },
{ "type": "Feature", "properties": { "i": 688 }, "geometry": { "type": "Polygon", "coordinates": [ [ [ -61.99286, -17.60691 ], [ -61.99171, -17.60686 ], [ -61.99168, -17.60787 ], [ -61.99278, -17.60793 ], [ -61.99286, -17.60691 ] ] ] } },
{ "type": "Feature", "properties": { "i": 689 }, "geometry": { "type": "Polygon", "coordinates": [ [ [ -61.98876, -17.60751 ], [ -61.98782, -17.6075 ], [ -61.98759, -17.60915 ], [ -61.9885, -17.6092 ], [ -61.98876, -17.60751 ] ] ] } },
{ "type": "Feature", "properties": { "i": 690 }, "geometry": { "type": "Polygon", "coordinates": [ [ [ -61.98772, -17.60742 ], [ -61.98681, -17.60749 ], [ -61.98679, -17.60751 ], [ -61.98664, -17.60907 ], [ -61.98751, -17.60913 ], [ -61.98773, -17.60746 ], [ -61.98772, -17.60742 ] ] ] } },
{ "type": "Feature", "properties": { "i": 691 }, "geometry": { "type": "Polygon", "coordinates": [ [ [ -61.99158, -17.60685 ], [ -61.99022, -17.60675 ], [ -61.99011, -17.60774 ], [ -61.99014, -17.60779 ], [ -61.99151, -17.6079 ], [ -61.9916, -17.6069 ], [ -61.99158, -17.60685 ] ] ] } },
{ "type": "Feature", "properties": { "i": 692 }, "geometry": { "type": "Polygon", "coordinates": [ [ [ -61.98791, -17.60648 ], [ -61.98532, -17.60627 ], [ -61.98528, -17.6063 ], [ -61.98489, -17.60883 ], [ -61.98649, -17.60901 ], [ -61.98665, -17.60749 ], [ -61.98679, -17.60739 ], [ -61.98773, -17.60733 ], [ -61.98777, -17.60729 ], [ -61.98791, -17.60648 ] ] ] } },
{ "type": "Feature", "properties": { "i": 693 }, "geometry": { "type": "Polygon", "coordinates": [ [ [ -61.99173, -17.60678 ], [ -61.99287, -17.60686 ], [ -61.99293, -17.60597 ], [ -61.9918, -17.60586 ], [ -61.99173, -17.60678 ] ] ] } },
{ "type": "Feature", "properties": { "i": 694 }, "geometry": { "type": "Polygon", "coordinates": [ [ [ -61.98893, -17.60656 ], [ -61.98803, -17.60646 ], [ -61.98784, -17.60737 ], [ -61.98878, -17.60739 ], [ -61.98893, -17.60656 ] ] ] } },
{ "type": "Feature", "properties": { "i": 695 }, "geometry": { "type": "Polygon", "coordinates": [ [ [ -61.99024, -17.60664 ], [ -61.99159, -17.60675 ], [ -61.99166, -17.60584 ], [ -61.99035, -17.60573 ], [ -61.99024, -17.60664 ] ] ] } },
{ "type": "Feature", "properties": { "i": 696 }, "geometry": { "type": "Polygon", "coordinates": [ [ [ -61.99181, -17.60574 ], [ -61.99287, -17.60585 ], [ -61.99294, -17.6058 ], [ -61.99302, -17.60484 ], [ -61.99184, -17.60476 ], [ -61.99181, -17.60574 ] ] ] } },
{ "type": "Feature", "properties": { "i": 697 }, "geometry": { "type": "Polygon", "coordinates": [ [ [ -61.98904, -17.60647 ], [ -61.99011, -17.60662 ], [ -61.99023, -17.6057 ], [ -61.98917, -17.60556 ], [ -61.98904, -17.60647 ] ] ] } },
{ "type": "Feature", "properties": { "i": 698 }, "geometry": { "type": "Polygon", "coordinates": [ [ [ -61.98888, -17.60535 ], [ -61.9886, -17.60553 ], [ -61.98851, -17.60561 ], [ -61.98837, -17.60579 ], [ -61.98814, -17.60636 ], [ -61.98895, -17.60646 ], [ -61.98907, -17.60536 ], [ -61.98888, -17.60535 ] ] ] } },
{ "type": "Feature", "properties": { "i": 699 }, "geometry": { "type": "Polygon", "coordinates": [ [ [ -61.99054, -17.60465 ], [ -61.99172, -17.60474 ], [ -61.99169, -17.60573 ], [ -61.99034, -17.60562 ], [ -61.99045, -17.60474 ], [ -61.99048, -17.60468 ], [ -61.99054, -17.60465 ] ] ] } },
{ "type": "Feature", "properties": { "i": 700 }, "geometry": { "type": "Polygon", "coordinates": [ [ [ -61.98685, -17.60633 ], [ -61.98789, -17.6064 ], [ -61.98794, -17.60636 ], [ -61.98803, -17.60607 ], [ -61.98805, -17.60592 ], [ -61.98804, -17.60549 ], [ -61.98688, -17.60556 ], [ -61.98685, -17.60633 ] ] ] } },
{ "type": "Feature", "properties": { "i": 701 }, "geometry": { "type": "Polygon", "coordinates": [ [ [ -61.99362, -17.60382 ], [ -61.99483, -17.60384 ], [ -61.99487, -17.60311 ], [ -61.99367, -17.60304 ], [ -61.99362, -17.60382 ] ] ] } },
{ "type": "Feature", "properties": { "i": 702 }, "geometry": { "type": "Polygon", "coordinates": [ [ [ -61.98562, -17.60436 ], [ -61.98551, -17.60531 ], [ -61.98632, -17.60542 ], [ -61.98805, -17.60538 ], [ -61.98806, -17.60497 ], [ -61.98793, -17.60481 ], [ -61.98778, -17.6047 ], [ -61.98715, -17.60443 ], [ -61.98562, -17.60436 ] ] ] } },
{ "type": "Feature", "properties": { "i": 703 }, "geometry": { "type": "Polygon", "coordinates": [ [ [ -61.99147, -17.60376 ], [ -61.99347, -17.60381 ], [ -61.9935, -17.60378 ], [ -61.99355, -17.60303 ], [ -61.9915, -17.60289 ], [ -61.99145, -17.60354 ], [ -61.99145, -17.60374 ], [ -61.99147, -17.60376 ] ] ] } },
{ "type": "Feature", "properties": { "i": 704 }, "geometry": { "type": "Polygon", "coordinates": [ [ [ -61.98816, -17.60421 ], [ -61.98924, -17.60431 ], [ -61.98924, -17.60382 ], [ -61.98921, -17.60378 ], [ -61.98817, -17.60369 ], [ -61.98815, -17.60372 ], [ -61.98816, -17.60421 ] ] ] } },
{ "type": "Feature", "properties": { "i": 705 }, "geometry": { "type": "Polygon", "coordinates": [ [ [ -61.99365, -17.60294 ], [ -61.9949, -17.603 ], [ -61.99495, -17.60225 ], [ -61.9937, -17.60213 ], [ -61.99365, -17.60294 ] ] ] } },
{ "type": "Feature", "properties": { "i": 706 }, "geometry": { "type": "Polygon", "coordinates": [ [ [ -61.99035, -17.6037 ], [ -61.99038, -17.60372 ], [ -61.99129, -17.60375 ], [ -61.99138, -17.60291 ], [ -61.99132, -17.60286 ], [ -61.99042, -17.60281 ], [ -61.99035, -17.6037 ] ] ] } },
{ "type": "Feature", "properties": { "i": 707 }, "geometry": { "type": "Polygon", "coordinates": [ [ [ -61.99258, -17.60283 ], [ -61.99353, -17.60291 ], [ -61.99361, -17.60211 ], [ -61.99262, -17.60201 ], [ -61.99258, -17.60283 ] ] ] } },
{ "type": "Feature", "properties": { "i": 708 }, "geometry": { "type": "Polygon", "coordinates": [ [ [ -61.98935, -17.60274 ], [ -61.99028, -17.60279 ], [ -61.99021, -17.60369 ], [ -61.98924, -17.60361 ], [ -61.98927, -17.60293 ], [ -61.98931, -17.60279 ], [ -61.98935, -17.60274 ] ] ] } },
{ "type": "Feature", "properties": { "i": 709 }, "geometry": { "type": "Polygon", "coordinates": [ [ [ -61.98567, -17.60404 ], [ -61.98805, -17.60421 ], [ -61.98804, -17.60366 ], [ -61.98698, -17.60349 ], [ -61.98628, -17.60348 ], [ -61.98611, -17.6035 ], [ -61.98586, -17.60358 ], [ -61.9857, -17.60366 ], [ -61.98567, -17.60404 ] ] ] } },
{ "type": "Feature", "properties": { "i": 710 }, "geometry": { "type": "Polygon", "coordinates": [ [ [ -61.99152, -17.60275 ], [ -61.99247, -17.60282 ], [ -61.99251, -17.602 ], [ -61.99159, -17.60189 ], [ -61.99152, -17.60275 ] ] ] } },
{ "type": "Feature", "properties": { "i": 711 }, "geometry": { "type": "Polygon", "coordinates": [ [ [ -61.98831, -17.60354 ], [ -61.98822, -17.60349 ], [ -61.98818, -17.60341 ], [ -61.98816, -17.60263 ], [ -61.9882, -17.6026 ], [ -61.98919, -17.6027 ], [ -61.98915, -17.60357 ], [ -61.98912, -17.6036 ], [ -61.98831, -17.60354 ] ] ] } },
{ "type": "Feature", "properties": { "i": 712 }, "geometry": { "type": "Polygon", "coordinates": [ [ [ -61.98704, -17.60336 ], [ -61.988, -17.6035 ], [ -61.98802, -17.60261 ], [ -61.98708, -17.60255 ], [ -61.98704, -17.60336 ] ] ] } },
{ "type": "Feature", "properties": { "i": 713 }, "geometry": { "type": "Polygon", "coordinates": [ [ [ -61.99263, -17.60189 ], [ -61.99362, -17.60199 ], [ -61.99367, -17.60109 ], [ -61.9927, -17.60099 ], [ -61.99263, -17.60189 ] ] ] } },
{ "type": "Feature", "properties": { "i": 714 }, "geometry": { "type": "Polygon", "coordinates": [ [ [ -61.98695, -17.6025 ], [ -61.98595, -17.60244 ], [ -61.98579, -17.60346 ], [ -61.98634, -17.60336 ], [ -61.98689, -17.60333 ], [ -61.98695, -17.6025 ] ] ] } },
{ "type": "Feature", "properties": { "i": 715 }, "geometry": { "type": "Polygon", "coordinates": [ [ [ -61.99158, -17.60178 ], [ -61.99253, -17.60188 ], [ -61.99261, -17.60098 ], [ -61.99165, -17.60088 ], [ -61.99158, -17.60178 ] ] ] } },
{ "type": "Feature", "properties": { "i": 716 }, "geometry": { "type": "Polygon", "coordinates": [ [ [ -61.98818, -17.60248 ], [ -61.9892, -17.60256 ], [ -61.98927, -17.60169 ], [ -61.98824, -17.6016 ], [ -61.98818, -17.60248 ] ] ] } },
{ "type": "Feature", "properties": { "i": 717 }, "geometry": { "type": "Polygon", "coordinates": [ [ [ -61.99051, -17.60168 ], [ -61.99146, -17.60177 ], [ -61.99153, -17.60087 ], [ -61.99058, -17.60077 ], [ -61.99051, -17.60168 ] ] ] } },
{ "type": "Feature", "properties": { "i": 718 }, "geometry": { "type": "Polygon", "coordinates": [ [ [ -61.98708, -17.60239 ], [ -61.98799, -17.60245 ], [ -61.98805, -17.60156 ], [ -61.98711, -17.60148 ], [ -61.98708, -17.60239 ] ] ] } },
{ "type": "Feature", "properties": { "i": 719 }, "geometry": { "type": "Polygon", "coordinates": [ [ [ -61.98608, -17.60232 ], [ -61.98695, -17.60239 ], [ -61.98701, -17.60147 ], [ -61.98611, -17.60141 ], [ -61.98598, -17.6022 ], [ -61.98601, -17.60228 ], [ -61.98608, -17.60232 ] ] ] } },
{ "type": "Feature", "properties": { "i": 720 }, "geometry": { "type": "Polygon", "coordinates": [ [ [ -61.99274, -17.60087 ], [ -61.99368, -17.60096 ], [ -61.99376, -17.59973 ], [ -61.99373, -17.59969 ], [ -61.99286, -17.59957 ], [ -61.99283, -17.59959 ], [ -61.99274, -17.60087 ] ] ] } },
{ "type": "Feature", "properties": { "i": 721 }, "geometry": { "type": "Polygon", "coordinates": [ [ [ -61.98833, -17.60054 ], [ -61.98825, -17.60148 ], [ -61.98927, -17.60158 ], [ -61.98934, -17.60065 ], [ -61.98833, -17.60054 ] ] ] } },
{ "type": "Feature", "properties": { "i": 722 }, "geometry": { "type": "Polygon", "coordinates": [ [ [ -61.99168, -17.60076 ], [ -61.9926, -17.60084 ], [ -61.99271, -17.59953 ], [ -61.99178, -17.5994 ], [ -61.99168, -17.60076 ] ] ] } },
{ "type": "Feature", "properties": { "i": 723 }, "geometry": { "type": "Polygon", "coordinates": [ [ [ -61.99058, -17.60066 ], [ -61.99151, -17.60073 ], [ -61.99155, -17.60071 ], [ -61.99167, -17.59938 ], [ -61.99073, -17.59923 ], [ -61.99058, -17.60066 ] ] ] } },
{ "type": "Feature", "properties": { "i": 724 }, "geometry": { "type": "Polygon", "coordinates": [ [ [ -61.98712, -17.60137 ], [ -61.98807, -17.60145 ], [ -61.98814, -17.60051 ], [ -61.98716, -17.60044 ], [ -61.98712, -17.60137 ] ] ] } },
{ "type": "Feature", "properties": { "i": 725 }, "geometry": { "type": "Polygon", "coordinates": [ [ [ -61.99178, -17.59928 ], [ -61.99515, -17.59982 ], [ -61.99521, -17.59941 ], [ -61.99183, -17.59884 ], [ -61.99178, -17.59928 ] ] ] } },
{ "type": "Feature", "properties": { "i": 726 }, "geometry": { "type": "Polygon", "coordinates": [ [ [ -61.98613, -17.6013 ], [ -61.987, -17.60136 ], [ -61.98705, -17.60043 ], [ -61.98627, -17.60036 ], [ -61.98613, -17.6013 ] ] ] } },
{ "type": "Feature", "properties": { "i": 727 }, "geometry": { "type": "Polygon", "coordinates": [ [ [ -61.9883, -17.60042 ], [ -61.98935, -17.6005 ], [ -61.98938, -17.59962 ], [ -61.98936, -17.59959 ], [ -61.98841, -17.59952 ], [ -61.98838, -17.59954 ], [ -61.9883, -17.60042 ] ] ] } },
{ "type": "Feature", "properties": { "i": 728 }, "geometry": { "type": "Polygon", "coordinates": [ [ [ -61.98716, -17.60031 ], [ -61.98813, -17.6004 ], [ -61.98823, -17.59949 ], [ -61.98722, -17.5994 ], [ -61.9872, -17.59942 ], [ -61.98717, -17.59977 ], [ -61.98716, -17.60031 ] ] ] } },
{ "type": "Feature", "properties": { "i": 729 }, "geometry": { "type": "Polygon", "coordinates": [ [ [ -61.99058, -17.5996 ], [ -61.99061, -17.59921 ], [ -61.98954, -17.59906 ], [ -61.9895, -17.5995 ], [ -61.98952, -17.59954 ], [ -61.99055, -17.59962 ], [ -61.99058, -17.5996 ] ] ] } },
{ "type": "Feature", "properties": { "i": 730 }, "geometry": { "type": "Polygon", "coordinates": [ [ [ -61.99073, -17.59911 ], [ -61.99168, -17.59926 ], [ -61.99174, -17.59883 ], [ -61.99075, -17.59866 ], [ -61.99073, -17.59911 ] ] ] } },
{ "type": "Feature", "properties": { "i": 731 }, "geometry": { "type": "Polygon", "coordinates": [ [ [ -61.98705, -17.6003 ], [ -61.98711, -17.5994 ], [ -61.98642, -17.59934 ], [ -61.98628, -17.60023 ], [ -61.98705, -17.6003 ] ] ] } },
{ "type": "Feature", "properties": { "i": 732 }, "geometry": { "type": "Polygon", "coordinates": [ [ [ -61.98843, -17.59942 ], [ -61.98939, -17.59952 ], [ -61.98942, -17.59903 ], [ -61.98849, -17.5989 ], [ -61.98843, -17.59942 ] ] ] } },
{ "type": "Feature", "properties": { "i": 733 }, "geometry": { "type": "Polygon", "coordinates": [ [ [ -61.9895, -17.59894 ], [ -61.99061, -17.5991 ], [ -61.99065, -17.59865 ], [ -61.98955, -17.59849 ], [ -61.9895, -17.59894 ] ] ] } },
{ "type": "Feature", "properties": { "i": 734 }, "geometry": { "type": "Polygon", "coordinates": [ [ [ -61.98721, -17.59931 ], [ -61.98826, -17.5994 ], [ -61.98833, -17.59886 ], [ -61.98729, -17.59872 ], [ -61.98724, -17.59876 ], [ -61.98721, -17.59931 ] ] ] } },
{ "type": "Feature", "properties": { "i": 735 }, "geometry": { "type": "Polygon", "coordinates": [ [ [ -61.98662, -17.59863 ], [ -61.98715, -17.5987 ], [ -61.9871, -17.5993 ], [ -61.98647, -17.59925 ], [ -61.98656, -17.59868 ], [ -61.98662, -17.59863 ] ] ] } },
{ "type": "Feature", "properties": { "i": 736 }, "geometry": { "type": "Polygon", "coordinates": [ [ [ -61.98932, -17.59729 ], [ -61.98869, -17.59724 ], [ -61.98918, -17.5934 ], [ -61.98922, -17.59339 ], [ -61.98986, -17.59344 ], [ -61.98982, -17.59372 ], [ -61.98971, -17.59409 ], [ -61.98945, -17.59602 ], [ -61.98932, -17.59729 ] ] ] } },
{ "type": "Feature", "properties": { "i": 737 }, "geometry": { "type": "Polygon", "coordinates": [ [ [ -61.99143, -17.59296 ], [ -61.99137, -17.59349 ], [ -61.99134, -17.59352 ], [ -61.98917, -17.59328 ], [ -61.98924, -17.59272 ], [ -61.99143, -17.59296 ] ] ] } },
{ "type": "Feature", "properties": { "i": 738 }, "geometry": { "type": "Polygon", "coordinates": [ [ [ -61.98907, -17.59269 ], [ -61.98811, -17.59256 ], [ -61.98894, -17.59377 ], [ -61.98907, -17.59269 ] ] ] } },
{ "type": "Feature", "properties": { "i": 739 }, "geometry": { "type": "Polygon", "coordinates": [ [ [ -61.71279, -17.64114 ], [ -61.71297, -17.64107 ], [ -61.71306, -17.64101 ], [ -61.71315, -17.64092 ], [ -61.71322, -17.6408 ], [ -61.71324, -17.64032 ], [ -61.71319, -17.64028 ], [ -61.71112, -17.64061 ], [ -61.71132, -17.64152 ], [ -61.71224, -17.64137 ], [ -61.71252, -17.6412 ], [ -61.71268, -17.64115 ], [ -61.71279, -17.64114 ] ] ] } },
{ "type": "Feature", "properties": { "i": 740 }, "geometry": { "type": "Polygon", "coordinates": [ [ [ -61.71436, -17.63923 ], [ -61.71433, -17.63917 ], [ -61.71338, -17.6392 ], [ -61.71338, -17.64081 ], [ -61.71436, -17.6409 ], [ -61.71436, -17.63923 ] ] ] } },
{ "type": "Feature", "properties": { "i": 741 }, "geometry": { "type": "Polygon", "coordinates": [ [ [ -61.71103, -17.64051 ], [ -61.71214, -17.64031 ], [ -61.71212, -17.63924 ], [ -61.71105, -17.63927 ], [ -61.71101, -17.64029 ], [ -61.71103, -17.64051 ] ] ] } },
{ "type": "Feature", "properties": { "i": 742 }, "geometry": { "type": "Polygon", "coordinates": [ [ [ -61.71322, -17.63919 ], [ -61.71223, -17.63922 ], [ -61.71228, -17.64027 ], [ -61.71317, -17.64015 ], [ -61.71321, -17.64009 ], [ -61.71322, -17.63919 ] ] ] } },
{ "type": "Feature", "properties": { "i": 743 }, "geometry": { "type": "Polygon", "coordinates": [ [ [ -61.71091, -17.64051 ], [ -61.71092, -17.63928 ], [ -61.71002, -17.63931 ], [ -61.71003, -17.64063 ], [ -61.71091, -17.64051 ] ] ] } },
{ "type": "Feature", "properties": { "i": 744 }, "geometry": { "type": "Polygon", "coordinates": [ [ [ -61.71499, -17.63719 ], [ -61.7145, -17.63718 ], [ -61.71442, -17.64089 ], [ -61.71496, -17.64086 ], [ -61.71495, -17.63916 ], [ -61.71499, -17.63719 ] ] ] } },
{ "type": "Feature", "properties": { "i": 745 }, "geometry": { "type": "Polygon", "coordinates": [ [ [ -61.71323, -17.63818 ], [ -61.7123, -17.6382 ], [ -61.71228, -17.6391 ], [ -61.71321, -17.6391 ], [ -61.71323, -17.63818 ] ] ] } },
{ "type": "Feature", "properties": { "i": 746 }, "geometry": { "type": "Polygon", "coordinates": [ [ [ -61.71431, -17.63907 ], [ -61.71337, -17.63909 ], [ -61.71335, -17.63905 ], [ -61.7134, -17.63785 ], [ -61.71436, -17.63789 ], [ -61.71437, -17.639 ], [ -61.71434, -17.63905 ], [ -61.71431, -17.63907 ] ] ] } },
{ "type": "Feature", "properties": { "i": 747 }, "geometry": { "type": "Polygon", "coordinates": [ [ [ -61.71214, -17.6391 ], [ -61.71212, -17.63913 ], [ -61.71106, -17.63915 ], [ -61.71104, -17.63885 ], [ -61.71106, -17.63831 ], [ -61.71215, -17.63824 ], [ -61.71214, -17.6391 ] ] ] } },
{ "type": "Feature", "properties": { "i": 748 }, "geometry": { "type": "Polygon", "coordinates": [ [ [ -61.7109, -17.63913 ], [ -61.71087, -17.63917 ], [ -61.71001, -17.63919 ], [ -61.70998, -17.63914 ], [ -61.70999, -17.63837 ], [ -61.71092, -17.63831 ], [ -61.7109, -17.63913 ] ] ] } },
{ "type": "Feature", "properties": { "i": 749 }, "geometry": { "type": "Polygon", "coordinates": [ [ [ -61.71343, -17.63718 ], [ -61.71342, -17.63776 ], [ -61.71436, -17.63779 ], [ -61.71438, -17.63718 ], [ -61.71343, -17.63718 ] ] ] } },
{ "type": "Feature", "properties": { "i": 750 }, "geometry": { "type": "Polygon", "coordinates": [ [ [ -61.7123, -17.63811 ], [ -61.71325, -17.63807 ], [ -61.71326, -17.63718 ], [ -61.71233, -17.63717 ], [ -61.7123, -17.63811 ] ] ] } },
{ "type": "Feature", "properties": { "i": 751 }, "geometry": { "type": "Polygon", "coordinates": [ [ [ -61.71098, -17.63714 ], [ -61.71005, -17.63712 ], [ -61.71001, -17.63822 ], [ -61.71006, -17.63827 ], [ -61.71093, -17.63821 ], [ -61.71098, -17.63714 ] ] ] } },
{ "type": "Feature", "properties": { "i": 752 }, "geometry": { "type": "Polygon", "coordinates": [ [ [ -61.71438, -17.63707 ], [ -61.71437, -17.63614 ], [ -61.71345, -17.63616 ], [ -61.71344, -17.63706 ], [ -61.71438, -17.63707 ] ] ] } },
{ "type": "Feature", "properties": { "i": 753 }, "geometry": { "type": "Polygon", "coordinates": [ [ [ -61.71329, -17.63708 ], [ -61.71329, -17.63617 ], [ -61.7123, -17.63618 ], [ -61.7123, -17.63706 ], [ -61.71329, -17.63708 ] ] ] } },
{ "type": "Feature", "properties": { "i": 754 }, "geometry": { "type": "Polygon", "coordinates": [ [ [ -61.71219, -17.63619 ], [ -61.71114, -17.6362 ], [ -61.71112, -17.63703 ], [ -61.71219, -17.63704 ], [ -61.71219, -17.63619 ] ] ] } },
{ "type": "Feature", "properties": { "i": 755 }, "geometry": { "type": "Polygon", "coordinates": [ [ [ -61.71099, -17.63703 ], [ -61.71006, -17.63703 ], [ -61.71011, -17.63621 ], [ -61.71103, -17.63621 ], [ -61.71099, -17.63703 ] ] ] } },
{ "type": "Feature", "properties": { "i": 756 }, "geometry": { "type": "Polygon", "coordinates": [ [ [ -61.71441, -17.63596 ], [ -61.71439, -17.63515 ], [ -61.71347, -17.63516 ], [ -61.71345, -17.63602 ], [ -61.71348, -17.63605 ], [ -61.71353, -17.63607 ], [ -61.71434, -17.63605 ], [ -61.71439, -17.63601 ], [ -61.71441, -17.63596 ] ] ] } },
{ "type": "Feature", "properties": { "i": 757 }, "geometry": { "type": "Polygon", "coordinates": [ [ [ -61.71451, -17.63711 ], [ -61.715, -17.63712 ], [ -61.71503, -17.63333 ], [ -61.71454, -17.63332 ], [ -61.71454, -17.63583 ], [ -61.71451, -17.6361 ], [ -61.71451, -17.63711 ] ] ] } },
{ "type": "Feature", "properties": { "i": 758 }, "geometry": { "type": "Polygon", "coordinates": [ [ [ -61.70997, -17.63622 ], [ -61.70895, -17.63622 ], [ -61.70891, -17.63704 ], [ -61.70994, -17.63703 ], [ -61.70997, -17.63622 ] ] ] } },
{ "type": "Feature", "properties": { "i": 759 }, "geometry": { "type": "Polygon", "coordinates": [ [ [ -61.71329, -17.63515 ], [ -61.71235, -17.63513 ], [ -61.71234, -17.63607 ], [ -61.71328, -17.63607 ], [ -61.71329, -17.63515 ] ] ] } },
{ "type": "Feature", "properties": { "i": 760 }, "geometry": { "type": "Polygon", "coordinates": [ [ [ -61.7144, -17.63431 ], [ -61.71348, -17.6343 ], [ -61.71346, -17.63498 ], [ -61.7144, -17.63499 ], [ -61.7144, -17.63431 ] ] ] } },
{ "type": "Feature", "properties": { "i": 761 }, "geometry": { "type": "Polygon", "coordinates": [ [ [ -61.71007, -17.63503 ], [ -61.70905, -17.63502 ], [ -61.70899, -17.6361 ], [ -61.70998, -17.63609 ], [ -61.71007, -17.63503 ] ] ] } },
{ "type": "Feature", "properties": { "i": 762 }, "geometry": { "type": "Polygon", "coordinates": [ [ [ -61.71331, -17.63431 ], [ -61.71237, -17.63429 ], [ -61.71235, -17.63497 ], [ -61.7133, -17.63498 ], [ -61.71331, -17.63431 ] ] ] } },
{ "type": "Feature", "properties": { "i": 763 }, "geometry": { "type": "Polygon", "coordinates": [ [ [ -61.71222, -17.63429 ], [ -61.71132, -17.63428 ], [ -61.71128, -17.63494 ], [ -61.71223, -17.63496 ], [ -61.71222, -17.63429 ] ] ] } },
{ "type": "Feature", "properties": { "i": 764 }, "geometry": { "type": "Polygon", "coordinates": [ [ [ -61.71444, -17.63414 ], [ -61.7144, -17.63329 ], [ -61.71352, -17.63329 ], [ -61.71351, -17.6342 ], [ -61.71439, -17.63421 ], [ -61.71444, -17.63414 ] ] ] } },
{ "type": "Feature", "properties": { "i": 765 }, "geometry": { "type": "Polygon", "coordinates": [ [ [ -61.71121, -17.63428 ], [ -61.71026, -17.63427 ], [ -61.71021, -17.6349 ], [ -61.71114, -17.63494 ], [ -61.71121, -17.63428 ] ] ] } },
{ "type": "Feature", "properties": { "i": 766 }, "geometry": { "type": "Polygon", "coordinates": [ [ [ -61.71332, -17.63413 ], [ -61.71333, -17.63327 ], [ -61.71238, -17.63327 ], [ -61.71237, -17.63417 ], [ -61.71327, -17.63419 ], [ -61.71332, -17.63413 ] ] ] } },
{ "type": "Feature", "properties": { "i": 767 }, "geometry": { "type": "Polygon", "coordinates": [ [ [ -61.71049, -17.63378 ], [ -61.71125, -17.63376 ], [ -61.71128, -17.63385 ], [ -61.71124, -17.63416 ], [ -61.71025, -17.63414 ], [ -61.71026, -17.63392 ], [ -61.71039, -17.63388 ], [ -61.71049, -17.63378 ] ] ] } },
{ "type": "Feature", "properties": { "i": 768 }, "geometry": { "type": "Polygon", "coordinates": [ [ [ -61.71225, -17.63328 ], [ -61.71156, -17.63327 ], [ -61.71136, -17.63385 ], [ -61.71134, -17.63417 ], [ -61.71225, -17.63417 ], [ -61.71225, -17.63328 ] ] ] } },
{ "type": "Feature", "properties": { "i": 769 }, "geometry": { "type": "Polygon", "coordinates": [ [ [ -61.71454, -17.63326 ], [ -61.71503, -17.63326 ], [ -61.71503, -17.63181 ], [ -61.7145, -17.63182 ], [ -61.71454, -17.63326 ] ] ] } },
{ "type": "Feature", "properties": { "i": 770 }, "geometry": { "type": "Polygon", "coordinates": [ [ [ -61.71158, -17.63301 ], [ -61.71171, -17.63265 ], [ -61.71106, -17.63246 ], [ -61.71058, -17.63368 ], [ -61.71064, -17.63372 ], [ -61.71125, -17.63369 ], [ -61.71158, -17.63301 ] ] ] } },
{ "type": "Feature", "properties": { "i": 771 }, "geometry": { "type": "Polygon", "coordinates": [ [ [ -61.71244, -17.63179 ], [ -61.71238, -17.63183 ], [ -61.71238, -17.63316 ], [ -61.7133, -17.63316 ], [ -61.71335, -17.63181 ], [ -61.71244, -17.63179 ] ] ] } },
{ "type": "Feature", "properties": { "i": 772 }, "geometry": { "type": "Polygon", "coordinates": [ [ [ -61.71439, -17.63317 ], [ -61.71436, -17.63181 ], [ -61.71352, -17.63181 ], [ -61.71351, -17.63314 ], [ -61.71354, -17.63316 ], [ -61.71439, -17.63317 ] ] ] } },
{ "type": "Feature", "properties": { "i": 773 }, "geometry": { "type": "Polygon", "coordinates": [ [ [ -61.7094, -17.63135 ], [ -61.70911, -17.63487 ], [ -61.71009, -17.63491 ], [ -61.71035, -17.63232 ], [ -61.70977, -17.63243 ], [ -61.70977, -17.6324 ], [ -61.71035, -17.63228 ], [ -61.71045, -17.63123 ], [ -61.7094, -17.63135 ] ] ] } },
{ "type": "Feature", "properties": { "i": 774 }, "geometry": { "type": "Polygon", "coordinates": [ [ [ -61.71128, -17.6318 ], [ -61.71125, -17.63183 ], [ -61.71121, -17.63205 ], [ -61.7111, -17.63237 ], [ -61.71181, -17.63259 ], [ -61.7116, -17.63314 ], [ -61.71228, -17.63315 ], [ -61.71229, -17.63182 ], [ -61.71128, -17.6318 ] ] ] } },
{ "type": "Feature", "properties": { "i": 775 }, "geometry": { "type": "Polygon", "coordinates": [ [ [ -61.71041, -17.63376 ], [ -61.71075, -17.63284 ], [ -61.71097, -17.63237 ], [ -61.71113, -17.63193 ], [ -61.71112, -17.63186 ], [ -61.71108, -17.6318 ], [ -61.71055, -17.63181 ], [ -61.71048, -17.63187 ], [ -61.7104, -17.63287 ], [ -61.71028, -17.63384 ], [ -61.71041, -17.63376 ] ] ] } },
{ "type": "Feature", "properties": { "i": 776 }, "geometry": { "type": "Polygon", "coordinates": [ [ [ -61.71503, -17.63158 ], [ -61.71504, -17.63058 ], [ -61.71435, -17.63063 ], [ -61.71432, -17.63067 ], [ -61.7143, -17.63171 ], [ -61.71493, -17.63171 ], [ -61.715, -17.63166 ], [ -61.71503, -17.63158 ] ] ] } },
{ "type": "Feature", "properties": { "i": 777 }, "geometry": { "type": "Polygon", "coordinates": [ [ [ -61.71419, -17.63162 ], [ -61.71421, -17.63067 ], [ -61.71358, -17.63076 ], [ -61.71354, -17.6317 ], [ -61.71415, -17.6317 ], [ -61.71419, -17.63162 ] ] ] } },
{ "type": "Feature", "properties": { "i": 778 }, "geometry": { "type": "Polygon", "coordinates": [ [ [ -61.71338, -17.63079 ], [ -61.71279, -17.63086 ], [ -61.71277, -17.6317 ], [ -61.71335, -17.63169 ], [ -61.71338, -17.63079 ] ] ] } },
{ "type": "Feature", "properties": { "i": 779 }, "geometry": { "type": "Polygon", "coordinates": [ [ [ -61.71269, -17.63167 ], [ -61.7127, -17.63091 ], [ -61.71266, -17.63089 ], [ -61.71211, -17.63098 ], [ -61.71212, -17.6317 ], [ -61.71267, -17.6317 ], [ -61.71269, -17.63167 ] ] ] } },
{ "type": "Feature", "properties": { "i": 780 }, "geometry": { "type": "Polygon", "coordinates": [ [ [ -61.71145, -17.63104 ], [ -61.71144, -17.63169 ], [ -61.71147, -17.63171 ], [ -61.71202, -17.63171 ], [ -61.71202, -17.631 ], [ -61.71145, -17.63104 ] ] ] } },
{ "type": "Feature", "properties": { "i": 781 }, "geometry": { "type": "Polygon", "coordinates": [ [ [ -61.71051, -17.63174 ], [ -61.71128, -17.63171 ], [ -61.71131, -17.63168 ], [ -61.71134, -17.63107 ], [ -61.71055, -17.63121 ], [ -61.71051, -17.63174 ] ] ] } },
{ "type": "Feature", "properties": { "i": 782 }, "geometry": { "type": "Polygon", "coordinates": [ [ [ -61.52369, -17.67591 ], [ -61.52204, -17.67704 ], [ -61.52341, -17.67894 ], [ -61.52564, -17.67821 ], [ -61.52369, -17.67591 ] ] ] } },
{ "type": "Feature", "properties": { "i": 783 }, "geometry": { "type": "Polygon", "coordinates": [ [ [ -61.51722, -17.67251 ], [ -61.51625, -17.67248 ], [ -61.51641, -17.6736 ], [ -61.51646, -17.67364 ], [ -61.51735, -17.67353 ], [ -61.51737, -17.6735 ], [ -61.51722, -17.67251 ] ] ] } },
{ "type": "Feature", "properties": { "i": 784 }, "geometry": { "type": "Polygon", "coordinates": [ [ [ -61.51329, -17.67409 ], [ -61.51423, -17.67395 ], [ -61.51398, -17.67234 ], [ -61.51302, -17.67231 ], [ -61.51329, -17.67409 ] ] ] } },
{ "type": "Feature", "properties": { "i": 785 }, "geometry": { "type": "Polygon", "coordinates": [ [ [ -61.50306, -17.67107 ], [ -61.50362, -17.67544 ], [ -61.50341, -17.67678 ], [ -61.50344, -17.67708 ], [ -61.50462, -17.6769 ], [ -61.50605, -17.67983 ], [ -61.51112, -17.67821 ], [ -61.51065, -17.67701 ], [ -61.51049, -17.67635 ], [ -61.51046, -17.67609 ], [ -61.51048, -17.67569 ], [ -61.5104, -17.67316 ], [ -61.51033, -17.67111 ], [ -61.51027, -17.67017 ], [ -61.50835, -17.67061 ], [ -61.50834, -17.67056 ], [ -61.50906, -17.67039 ], [ -61.50927, -17.67023 ], [ -61.50306, -17.67107 ] ] ] } },
{ "type": "Feature", "properties": { "i": 786 }, "geometry": { "type": "Polygon", "coordinates": [ [ [ -61.51291, -17.67232 ], [ -61.51173, -17.67227 ], [ -61.51199, -17.67427 ], [ -61.51318, -17.67411 ], [ -61.51291, -17.67232 ] ] ] } },
{ "type": "Feature", "properties": { "i": 787 }, "geometry": { "type": "Polygon", "coordinates": [ [ [ -61.51187, -17.67426 ], [ -61.51161, -17.67228 ], [ -61.5105, -17.67222 ], [ -61.5106, -17.67444 ], [ -61.51187, -17.67426 ] ] ] } },
{ "type": "Feature", "properties": { "i": 788 }, "geometry": { "type": "Polygon", "coordinates": [ [ [ -61.51721, -17.67241 ], [ -61.51704, -17.67116 ], [ -61.51609, -17.67129 ], [ -61.51623, -17.67236 ], [ -61.51721, -17.67241 ] ] ] } },
{ "type": "Feature", "properties": { "i": 789 }, "geometry": { "type": "Polygon", "coordinates": [ [ [ -61.51597, -17.67129 ], [ -61.51396, -17.67155 ], [ -61.51408, -17.67224 ], [ -61.51612, -17.67233 ], [ -61.51597, -17.67129 ] ] ] } },
{ "type": "Feature", "properties": { "i": 790 }, "geometry": { "type": "Polygon", "coordinates": [ [ [ -61.51702, -17.67104 ], [ -61.5169, -17.67016 ], [ -61.51594, -17.67031 ], [ -61.51606, -17.67118 ], [ -61.51702, -17.67104 ] ] ] } },
{ "type": "Feature", "properties": { "i": 791 }, "geometry": { "type": "Polygon", "coordinates": [ [ [ -61.51595, -17.67118 ], [ -61.51582, -17.67032 ], [ -61.51382, -17.67063 ], [ -61.51395, -17.67147 ], [ -61.51595, -17.67118 ] ] ] } },
{ "type": "Feature", "properties": { "i": 792 }, "geometry": { "type": "Polygon", "coordinates": [ [ [ -61.51253, -17.66989 ], [ -61.51288, -17.67217 ], [ -61.51286, -17.67219 ], [ -61.51052, -17.67211 ], [ -61.51048, -17.67203 ], [ -61.51045, -17.67072 ], [ -61.51041, -17.67019 ], [ -61.51253, -17.66989 ] ] ] } },
{ "type": "Feature", "properties": { "i": 793 }, "geometry": { "type": "Polygon", "coordinates": [ [ [ -61.51381, -17.67051 ], [ -61.51582, -17.67021 ], [ -61.51572, -17.6695 ], [ -61.51372, -17.66982 ], [ -61.51381, -17.67051 ] ] ] } },
{ "type": "Feature", "properties": { "i": 794 }, "geometry": { "type": "Polygon", "coordinates": [ [ [ -61.51239, -17.66817 ], [ -61.5121, -17.66826 ], [ -61.51185, -17.66838 ], [ -61.51196, -17.66902 ], [ -61.5125, -17.66896 ], [ -61.51242, -17.66819 ], [ -61.51239, -17.66817 ] ] ] } },
{ "type": "Feature", "properties": { "i": 795 }, "geometry": { "type": "Polygon", "coordinates": [ [ [ -61.51335, -17.66732 ], [ -61.51252, -17.66742 ], [ -61.51251, -17.66744 ], [ -61.5125, -17.66766 ], [ -61.51263, -17.66892 ], [ -61.51339, -17.66886 ], [ -61.51423, -17.66874 ], [ -61.51441, -17.66875 ], [ -61.51533, -17.6686 ], [ -61.51535, -17.66855 ], [ -61.51449, -17.6673 ], [ -61.51342, -17.6674 ], [ -61.51335, -17.66732 ] ] ] } },
{ "type": "Feature", "properties": { "i": 796 }, "geometry": { "type": "Polygon", "coordinates": [ [ [ -61.51467, -17.66734 ], [ -61.51465, -17.66739 ], [ -61.51586, -17.66914 ], [ -61.51679, -17.66899 ], [ -61.51616, -17.66711 ], [ -61.51467, -17.66734 ] ] ] } },
{ "type": "Feature", "properties": { "i": 797 }, "geometry": { "type": "Polygon", "coordinates": [ [ [ -61.51076, -17.66824 ], [ -61.5101, -17.66833 ], [ -61.51025, -17.66926 ], [ -61.51102, -17.66915 ], [ -61.51076, -17.66824 ] ] ] } },
{ "type": "Feature", "properties": { "i": 798 }, "geometry": { "type": "Polygon", "coordinates": [ [ [ -61.50997, -17.66835 ], [ -61.50884, -17.66854 ], [ -61.50883, -17.6686 ], [ -61.50898, -17.66941 ], [ -61.51013, -17.66926 ], [ -61.50997, -17.66835 ] ] ] } },
{ "type": "Feature", "properties": { "i": 799 }, "geometry": { "type": "Polygon", "coordinates": [ [ [ -61.50807, -17.66956 ], [ -61.50801, -17.66955 ], [ -61.50795, -17.66948 ], [ -61.50784, -17.66865 ], [ -61.50876, -17.66851 ], [ -61.5089, -17.66944 ], [ -61.50807, -17.66956 ] ] ] } },
{ "type": "Feature", "properties": { "i": 800 }, "geometry": { "type": "Polygon", "coordinates": [ [ [ -61.51177, -17.66846 ], [ -61.51151, -17.66799 ], [ -61.51147, -17.66729 ], [ -61.51067, -17.66733 ], [ -61.51066, -17.66736 ], [ -61.51073, -17.66769 ], [ -61.51096, -17.66842 ], [ -61.51114, -17.6691 ], [ -61.51187, -17.66902 ], [ -61.51181, -17.66858 ], [ -61.51177, -17.66846 ] ] ] } },
{ "type": "Feature", "properties": { "i": 801 }, "geometry": { "type": "Polygon", "coordinates": [ [ [ -61.51159, -17.66777 ], [ -61.51161, -17.66726 ], [ -61.51207, -17.66725 ], [ -61.51216, -17.66728 ], [ -61.51227, -17.66737 ], [ -61.51234, -17.66751 ], [ -61.51238, -17.66802 ], [ -61.51235, -17.66805 ], [ -61.51177, -17.66825 ], [ -61.51159, -17.66777 ] ] ] } },
{ "type": "Feature", "properties": { "i": 802 }, "geometry": { "type": "Polygon", "coordinates": [ [ [ -61.50998, -17.66825 ], [ -61.50987, -17.66769 ], [ -61.50983, -17.66736 ], [ -61.50864, -17.66741 ], [ -61.50881, -17.66842 ], [ -61.50998, -17.66825 ] ] ] } },
{ "type": "Feature", "properties": { "i": 803 }, "geometry": { "type": "Polygon", "coordinates": [ [ [ -61.50831, -17.6674 ], [ -61.50835, -17.66773 ], [ -61.50766, -17.66776 ], [ -61.50778, -17.66857 ], [ -61.50873, -17.66844 ], [ -61.50859, -17.66742 ], [ -61.50856, -17.6674 ], [ -61.50831, -17.6674 ] ] ] } },
{ "type": "Feature", "properties": { "i": 804 }, "geometry": { "type": "Polygon", "coordinates": [ [ [ -61.50678, -17.66866 ], [ -61.50771, -17.66854 ], [ -61.50757, -17.66777 ], [ -61.50665, -17.6678 ], [ -61.50678, -17.66866 ] ] ] } },
{ "type": "Feature", "properties": { "i": 805 }, "geometry": { "type": "Polygon", "coordinates": [ [ [ -61.51417, -17.66642 ], [ -61.51376, -17.66617 ], [ -61.51338, -17.6659 ], [ -61.51301, -17.66559 ], [ -61.51309, -17.66692 ], [ -61.51372, -17.66688 ], [ -61.51417, -17.66642 ] ] ] } },
{ "type": "Feature", "properties": { "i": 806 }, "geometry": { "type": "Polygon", "coordinates": [ [ [ -61.51555, -17.66636 ], [ -61.51438, -17.66602 ], [ -61.51413, -17.66589 ], [ -61.51384, -17.66568 ], [ -61.51437, -17.66515 ], [ -61.5145, -17.66511 ], [ -61.51489, -17.66528 ], [ -61.5157, -17.66556 ], [ -61.51674, -17.66575 ], [ -61.51664, -17.66636 ], [ -61.51619, -17.66642 ], [ -61.51585, -17.66641 ], [ -61.51555, -17.66636 ] ] ] } },
{ "type": "Feature", "properties": { "i": 807 }, "geometry": { "type": "Polygon", "coordinates": [ [ [ -61.51297, -17.66663 ], [ -61.51288, -17.66546 ], [ -61.51292, -17.66538 ], [ -61.51221, -17.66445 ], [ -61.51238, -17.66648 ], [ -61.5125, -17.66684 ], [ -61.51281, -17.66676 ], [ -61.51289, -17.66672 ], [ -61.51297, -17.66663 ] ] ] } },
{ "type": "Feature", "properties": { "i": 808 }, "geometry": { "type": "Polygon", "coordinates": [ [ [ -61.50646, -17.66662 ], [ -61.50651, -17.66719 ], [ -61.50654, -17.66723 ], [ -61.50748, -17.66721 ], [ -61.50744, -17.66696 ], [ -61.50742, -17.6666 ], [ -61.50646, -17.66662 ] ] ] } },
{ "type": "Feature", "properties": { "i": 809 }, "geometry": { "type": "Polygon", "coordinates": [ [ [ -61.51054, -17.66551 ], [ -61.51044, -17.66523 ], [ -61.51042, -17.6651 ], [ -61.51044, -17.66476 ], [ -61.51025, -17.66459 ], [ -61.51134, -17.66338 ], [ -61.51208, -17.66432 ], [ -61.51213, -17.66527 ], [ -61.51225, -17.66668 ], [ -61.51222, -17.66672 ], [ -61.51068, -17.66677 ], [ -61.51065, -17.66675 ], [ -61.51054, -17.66662 ], [ -61.51046, -17.66644 ], [ -61.51031, -17.66553 ], [ -61.51054, -17.66551 ] ] ] } },
{ "type": "Feature", "properties": { "i": 810 }, "geometry": { "type": "Polygon", "coordinates": [ [ [ -61.50627, -17.66592 ], [ -61.50641, -17.66726 ], [ -61.50555, -17.66728 ], [ -61.50545, -17.66597 ], [ -61.50627, -17.66592 ] ] ] } }
]
}
