{
"type": "FeatureCollection",
"name": "geo_porongo",
"crs": { "type": "name", "properties": { "name": "urn:ogc:def:crs:OGC:1.3:CRS84" } },
"xy_coordinate_resolution": 1e-05,
"features": [
{ "type": "Feature", "properties": { "i": 0 }, "geometry": { "type": "Polygon", "coordinates": [ [ [ -63.36755, -17.88918 ], [ -63.36751, -17.88918 ], [ -63.36692, -17.88979 ], [ -63.36663, -17.89015 ], [ -63.36758, -17.89117 ], [ -63.36812, -17.89065 ], [ -63.36778, -17.88951 ], [ -63.36755, -17.88918 ] ] ] } },
{ "type": "Feature", "properties": { "i": 1 }, "geometry": { "type": "Polygon", "coordinates": [ [ [ -63.36819, -17.89058 ], [ -63.36791, -17.8896 ], [ -63.3678, -17.88941 ], [ -63.36755, -17.88908 ], [ -63.36819, -17.88882 ], [ -63.36866, -17.88994 ], [ -63.36819, -17.89058 ] ] ] } },
{ "type": "Feature", "properties": { "i": 2 }, "geometry": { "type": "Polygon", "coordinates": [ [ [ -63.36572, -17.88915 ], [ -63.3659, -17.88921 ], [ -63.36587, -17.88927 ], [ -63.36556, -17.88919 ], [ -63.3653, -17.88926 ], [ -63.36528, -17.88944 ], [ -63.36686, -17.88978 ], [ -63.36729, -17.88933 ], [ -63.36745, -17.88915 ], [ -63.36745, -17.88912 ], [ -63.36593, -17.8891 ], [ -63.36572, -17.88915 ] ] ] } },
{ "type": "Feature", "properties": { "i": 3 }, "geometry": { "type": "Polygon", "coordinates": [ [ [ -63.36655, -17.88883 ], [ -63.36721, -17.88821 ], [ -63.36734, -17.8882 ], [ -63.36744, -17.88895 ], [ -63.36743, -17.88899 ], [ -63.36739, -17.88902 ], [ -63.36575, -17.88904 ], [ -63.36558, -17.88907 ], [ -63.36458, -17.88873 ], [ -63.36464, -17.88856 ], [ -63.36573, -17.88886 ], [ -63.36655, -17.88883 ] ] ] } },
{ "type": "Feature", "properties": { "i": 4 }, "geometry": { "type": "Polygon", "coordinates": [ [ [ -63.3691, -17.8881 ], [ -63.36887, -17.88765 ], [ -63.36879, -17.88761 ], [ -63.36803, -17.88804 ], [ -63.36803, -17.88816 ], [ -63.36813, -17.88872 ], [ -63.36818, -17.88875 ], [ -63.36888, -17.88839 ], [ -63.36901, -17.88827 ], [ -63.3691, -17.88815 ], [ -63.3691, -17.8881 ] ] ] } },
{ "type": "Feature", "properties": { "i": 5 }, "geometry": { "type": "Polygon", "coordinates": [ [ [ -63.36933, -17.88778 ], [ -63.3693, -17.88788 ], [ -63.37022, -17.8889 ], [ -63.37112, -17.88799 ], [ -63.37002, -17.88709 ], [ -63.36933, -17.88778 ] ] ] } },
{ "type": "Feature", "properties": { "i": 6 }, "geometry": { "type": "Polygon", "coordinates": [ [ [ -63.36838, -17.88753 ], [ -63.36813, -17.88736 ], [ -63.36719, -17.88764 ], [ -63.36741, -17.88812 ], [ -63.36745, -17.88814 ], [ -63.36769, -17.88803 ], [ -63.36786, -17.88803 ], [ -63.36838, -17.88753 ] ] ] } },
{ "type": "Feature", "properties": { "i": 7 }, "geometry": { "type": "Polygon", "coordinates": [ [ [ -63.36873, -17.88745 ], [ -63.36863, -17.88735 ], [ -63.36836, -17.88745 ], [ -63.36818, -17.88733 ], [ -63.36894, -17.8867 ], [ -63.36956, -17.88739 ], [ -63.36934, -17.8876 ], [ -63.36902, -17.88744 ], [ -63.36873, -17.88745 ] ] ] } },
{ "type": "Feature", "properties": { "i": 8 }, "geometry": { "type": "Polygon", "coordinates": [ [ [ -63.36958, -17.88732 ], [ -63.36962, -17.88733 ], [ -63.37, -17.88698 ], [ -63.3702, -17.88677 ], [ -63.3702, -17.88672 ], [ -63.36957, -17.88597 ], [ -63.36951, -17.88595 ], [ -63.36896, -17.88645 ], [ -63.36892, -17.88649 ], [ -63.36891, -17.88655 ], [ -63.36958, -17.88732 ] ] ] } },
{ "type": "Feature", "properties": { "i": 9 }, "geometry": { "type": "Polygon", "coordinates": [ [ [ -63.31299, -17.86646 ], [ -63.31092, -17.86776 ], [ -63.31055, -17.86771 ], [ -63.31075, -17.8667 ], [ -63.3107, -17.86669 ], [ -63.31049, -17.86768 ], [ -63.30963, -17.86755 ], [ -63.30777, -17.86698 ], [ -63.30768, -17.86681 ], [ -63.30724, -17.86655 ], [ -63.30682, -17.86637 ], [ -63.30615, -17.86618 ], [ -63.30448, -17.86479 ], [ -63.30366, -17.86443 ], [ -63.30363, -17.86437 ], [ -63.30405, -17.86366 ], [ -63.30534, -17.86135 ], [ -63.30587, -17.86142 ], [ -63.30632, -17.86136 ], [ -63.30675, -17.8615 ], [ -63.30724, -17.86189 ], [ -63.30755, -17.86192 ], [ -63.30786, -17.86184 ], [ -63.30855, -17.86117 ], [ -63.30967, -17.86061 ], [ -63.30999, -17.86166 ], [ -63.31034, -17.86219 ], [ -63.31056, -17.86244 ], [ -63.31085, -17.86312 ], [ -63.3111, -17.86348 ], [ -63.31136, -17.86393 ], [ -63.31279, -17.86622 ], [ -63.31299, -17.86646 ] ] ] } },
{ "type": "Feature", "properties": { "i": 10 }, "geometry": { "type": "Polygon", "coordinates": [ [ [ -63.31188, -17.86083 ], [ -63.31087, -17.86064 ], [ -63.30976, -17.8606 ], [ -63.31014, -17.86175 ], [ -63.31053, -17.86226 ], [ -63.3109, -17.86255 ], [ -63.31131, -17.86218 ], [ -63.31188, -17.86083 ] ] ] } },
{ "type": "Feature", "properties": { "i": 11 }, "geometry": { "type": "Polygon", "coordinates": [ [ [ -63.30402, -17.86116 ], [ -63.30215, -17.86474 ], [ -63.30274, -17.86528 ], [ -63.3042, -17.86263 ], [ -63.30503, -17.86121 ], [ -63.30402, -17.86116 ] ] ] } },
{ "type": "Feature", "properties": { "i": 12 }, "geometry": { "type": "Polygon", "coordinates": [ [ [ -63.31872, -17.85906 ], [ -63.31961, -17.85807 ], [ -63.31892, -17.8574 ], [ -63.31842, -17.85878 ], [ -63.31872, -17.85906 ] ] ] } },
{ "type": "Feature", "properties": { "i": 13 }, "geometry": { "type": "Polygon", "coordinates": [ [ [ -63.31841, -17.85867 ], [ -63.31888, -17.85735 ], [ -63.31841, -17.85693 ], [ -63.31795, -17.85817 ], [ -63.31838, -17.85867 ], [ -63.31841, -17.85867 ] ] ] } },
{ "type": "Feature", "properties": { "i": 14 }, "geometry": { "type": "Polygon", "coordinates": [ [ [ -63.31632, -17.85922 ], [ -63.31678, -17.85889 ], [ -63.31557, -17.85708 ], [ -63.31555, -17.85708 ], [ -63.31501, -17.85761 ], [ -63.31623, -17.85925 ], [ -63.31632, -17.85922 ] ] ] } },
{ "type": "Feature", "properties": { "i": 15 }, "geometry": { "type": "Polygon", "coordinates": [ [ [ -63.30534, -17.86079 ], [ -63.30645, -17.85849 ], [ -63.30327, -17.85755 ], [ -63.30288, -17.85813 ], [ -63.30275, -17.85867 ], [ -63.3028, -17.85882 ], [ -63.30534, -17.86079 ] ] ] } },
{ "type": "Feature", "properties": { "i": 16 }, "geometry": { "type": "Polygon", "coordinates": [ [ [ -63.30686, -17.86121 ], [ -63.30734, -17.8615 ], [ -63.30757, -17.8615 ], [ -63.30781, -17.8614 ], [ -63.30833, -17.86087 ], [ -63.30955, -17.86042 ], [ -63.30956, -17.86037 ], [ -63.30847, -17.85879 ], [ -63.30801, -17.85787 ], [ -63.30759, -17.85727 ], [ -63.30746, -17.85712 ], [ -63.30741, -17.85711 ], [ -63.30687, -17.85808 ], [ -63.30601, -17.85997 ], [ -63.30545, -17.86111 ], [ -63.30586, -17.86119 ], [ -63.30628, -17.86111 ], [ -63.30686, -17.86121 ] ] ] } },
{ "type": "Feature", "properties": { "i": 17 }, "geometry": { "type": "Polygon", "coordinates": [ [ [ -63.31032, -17.85616 ], [ -63.31006, -17.85719 ], [ -63.30955, -17.85825 ], [ -63.3091, -17.85942 ], [ -63.30911, -17.85948 ], [ -63.30969, -17.86039 ], [ -63.312, -17.8606 ], [ -63.31267, -17.86047 ], [ -63.31296, -17.86038 ], [ -63.31411, -17.86021 ], [ -63.31447, -17.86033 ], [ -63.31569, -17.8603 ], [ -63.31626, -17.86026 ], [ -63.3167, -17.86007 ], [ -63.31464, -17.85731 ], [ -63.31421, -17.85687 ], [ -63.31363, -17.85652 ], [ -63.31074, -17.85503 ], [ -63.31048, -17.85552 ], [ -63.31035, -17.85607 ], [ -63.31121, -17.8564 ], [ -63.31127, -17.85687 ], [ -63.31137, -17.85704 ], [ -63.31146, -17.85734 ], [ -63.31162, -17.85765 ], [ -63.31158, -17.85766 ], [ -63.3114, -17.85731 ], [ -63.31132, -17.85706 ], [ -63.31123, -17.85691 ], [ -63.31117, -17.85644 ], [ -63.31036, -17.85615 ], [ -63.31032, -17.85616 ] ] ] } },
{ "type": "Feature", "properties": { "i": 18 }, "geometry": { "type": "Polygon", "coordinates": [ [ [ -63.31777, -17.85621 ], [ -63.31774, -17.85611 ], [ -63.31775, -17.85538 ], [ -63.3182, -17.85518 ], [ -63.31871, -17.85485 ], [ -63.31889, -17.85478 ], [ -63.31913, -17.85473 ], [ -63.31954, -17.85469 ], [ -63.32015, -17.85469 ], [ -63.32076, -17.85459 ], [ -63.32149, -17.85461 ], [ -63.32153, -17.85505 ], [ -63.322, -17.85519 ], [ -63.3216, -17.85591 ], [ -63.32165, -17.85593 ], [ -63.32207, -17.85516 ], [ -63.32158, -17.85501 ], [ -63.32155, -17.85461 ], [ -63.32215, -17.85462 ], [ -63.32247, -17.85445 ], [ -63.32309, -17.85406 ], [ -63.32381, -17.85348 ], [ -63.3241, -17.85335 ], [ -63.32444, -17.85332 ], [ -63.32473, -17.85355 ], [ -63.32364, -17.85395 ], [ -63.32248, -17.85577 ], [ -63.32273, -17.85626 ], [ -63.32249, -17.85717 ], [ -63.32246, -17.85721 ], [ -63.32224, -17.85708 ], [ -63.32204, -17.85701 ], [ -63.32145, -17.85735 ], [ -63.32149, -17.85789 ], [ -63.32138, -17.85799 ], [ -63.32101, -17.85795 ], [ -63.32027, -17.85849 ], [ -63.31899, -17.85729 ], [ -63.31777, -17.85621 ] ] ] } },
{ "type": "Feature", "properties": { "i": 19 }, "geometry": { "type": "Polygon", "coordinates": [ [ [ -63.30956, -17.85795 ], [ -63.30866, -17.85739 ], [ -63.3082, -17.85796 ], [ -63.30856, -17.85871 ], [ -63.30902, -17.85935 ], [ -63.30944, -17.85817 ], [ -63.30956, -17.85795 ] ] ] } },
{ "type": "Feature", "properties": { "i": 20 }, "geometry": { "type": "Polygon", "coordinates": [ [ [ -63.31601, -17.85748 ], [ -63.31655, -17.85696 ], [ -63.31726, -17.85622 ], [ -63.31665, -17.85605 ], [ -63.31565, -17.85702 ], [ -63.31598, -17.85748 ], [ -63.31601, -17.85748 ] ] ] } },
{ "type": "Feature", "properties": { "i": 21 }, "geometry": { "type": "Polygon", "coordinates": [ [ [ -63.31594, -17.8556 ], [ -63.31594, -17.85541 ], [ -63.31597, -17.85539 ], [ -63.31634, -17.8558 ], [ -63.31657, -17.85596 ], [ -63.3155, -17.85703 ], [ -63.31499, -17.85751 ], [ -63.31455, -17.85698 ], [ -63.3158, -17.85578 ], [ -63.31588, -17.8557 ], [ -63.31594, -17.8556 ] ] ] } },
{ "type": "Feature", "properties": { "i": 22 }, "geometry": { "type": "Polygon", "coordinates": [ [ [ -63.3059, -17.85595 ], [ -63.30471, -17.8555 ], [ -63.30442, -17.8559 ], [ -63.3057, -17.85643 ], [ -63.3059, -17.85595 ] ] ] } },
{ "type": "Feature", "properties": { "i": 23 }, "geometry": { "type": "Polygon", "coordinates": [ [ [ -63.31766, -17.85625 ], [ -63.31691, -17.85603 ], [ -63.31667, -17.85593 ], [ -63.31638, -17.8557 ], [ -63.31605, -17.85531 ], [ -63.31646, -17.85519 ], [ -63.31667, -17.85516 ], [ -63.31684, -17.85517 ], [ -63.31732, -17.8553 ], [ -63.31759, -17.8553 ], [ -63.31765, -17.85534 ], [ -63.31768, -17.8554 ], [ -63.31766, -17.85625 ] ] ] } },
{ "type": "Feature", "properties": { "i": 24 }, "geometry": { "type": "Polygon", "coordinates": [ [ [ -63.31423, -17.85675 ], [ -63.31371, -17.85608 ], [ -63.31344, -17.85577 ], [ -63.31339, -17.85579 ], [ -63.31323, -17.8562 ], [ -63.31419, -17.85676 ], [ -63.31423, -17.85675 ] ] ] } },
{ "type": "Feature", "properties": { "i": 25 }, "geometry": { "type": "Polygon", "coordinates": [ [ [ -63.31441, -17.85677 ], [ -63.31569, -17.85558 ], [ -63.31567, -17.85555 ], [ -63.31546, -17.85565 ], [ -63.31527, -17.85569 ], [ -63.31509, -17.85571 ], [ -63.31459, -17.85568 ], [ -63.31402, -17.85625 ], [ -63.31437, -17.85677 ], [ -63.31441, -17.85677 ] ] ] } },
{ "type": "Feature", "properties": { "i": 26 }, "geometry": { "type": "Polygon", "coordinates": [ [ [ -63.31394, -17.85617 ], [ -63.31438, -17.85574 ], [ -63.31438, -17.85569 ], [ -63.31435, -17.85565 ], [ -63.31363, -17.85555 ], [ -63.31355, -17.85563 ], [ -63.31394, -17.85617 ] ] ] } },
{ "type": "Feature", "properties": { "i": 27 }, "geometry": { "type": "Polygon", "coordinates": [ [ [ -63.30186, -17.85772 ], [ -63.30158, -17.85773 ], [ -63.30083, -17.85801 ], [ -63.29996, -17.85653 ], [ -63.29791, -17.85909 ], [ -63.29789, -17.85923 ], [ -63.29816, -17.85968 ], [ -63.29833, -17.8599 ], [ -63.29866, -17.86014 ], [ -63.29906, -17.86027 ], [ -63.29921, -17.86037 ], [ -63.2994, -17.86059 ], [ -63.30138, -17.85952 ], [ -63.30168, -17.85945 ], [ -63.30221, -17.85947 ], [ -63.3025, -17.85955 ], [ -63.30433, -17.86092 ], [ -63.30524, -17.86104 ], [ -63.30526, -17.86102 ], [ -63.30513, -17.86079 ], [ -63.30263, -17.85886 ], [ -63.3026, -17.85864 ], [ -63.30274, -17.85814 ], [ -63.30273, -17.85808 ], [ -63.30313, -17.8575 ], [ -63.30245, -17.85727 ], [ -63.30186, -17.85772 ] ] ] } },
{ "type": "Feature", "properties": { "i": 28 }, "geometry": { "type": "Polygon", "coordinates": [ [ [ -63.31833, -17.85466 ], [ -63.31712, -17.85453 ], [ -63.31683, -17.85506 ], [ -63.3175, -17.8552 ], [ -63.31785, -17.85517 ], [ -63.31804, -17.8551 ], [ -63.3183, -17.85496 ], [ -63.31833, -17.85466 ] ] ] } },
{ "type": "Feature", "properties": { "i": 29 }, "geometry": { "type": "Polygon", "coordinates": [ [ [ -63.30669, -17.85624 ], [ -63.3063, -17.85718 ], [ -63.30631, -17.85721 ], [ -63.30693, -17.85756 ], [ -63.30747, -17.85655 ], [ -63.30669, -17.85624 ] ] ] } },
{ "type": "Feature", "properties": { "i": 30 }, "geometry": { "type": "Polygon", "coordinates": [ [ [ -63.30616, -17.85714 ], [ -63.30633, -17.85677 ], [ -63.30564, -17.85654 ], [ -63.30586, -17.85692 ], [ -63.30616, -17.85714 ] ] ] } },
{ "type": "Feature", "properties": { "i": 31 }, "geometry": { "type": "Polygon", "coordinates": [ [ [ -63.31849, -17.8541 ], [ -63.31737, -17.85399 ], [ -63.31713, -17.85444 ], [ -63.31835, -17.85455 ], [ -63.31849, -17.8541 ] ] ] } },
{ "type": "Feature", "properties": { "i": 32 }, "geometry": { "type": "Polygon", "coordinates": [ [ [ -63.312, -17.85515 ], [ -63.31183, -17.85506 ], [ -63.31165, -17.85492 ], [ -63.3112, -17.85427 ], [ -63.31117, -17.85428 ], [ -63.3108, -17.85493 ], [ -63.31084, -17.85502 ], [ -63.31299, -17.85607 ], [ -63.31312, -17.85607 ], [ -63.3132, -17.85601 ], [ -63.31334, -17.85559 ], [ -63.31329, -17.85549 ], [ -63.31323, -17.85546 ], [ -63.312, -17.85515 ] ] ] } },
{ "type": "Feature", "properties": { "i": 33 }, "geometry": { "type": "Polygon", "coordinates": [ [ [ -63.30581, -17.85648 ], [ -63.30638, -17.85668 ], [ -63.30658, -17.8562 ], [ -63.30602, -17.85599 ], [ -63.30581, -17.85648 ] ] ] } },
{ "type": "Feature", "properties": { "i": 34 }, "geometry": { "type": "Polygon", "coordinates": [ [ [ -63.31868, -17.85348 ], [ -63.31753, -17.8534 ], [ -63.31739, -17.8539 ], [ -63.31852, -17.85401 ], [ -63.31868, -17.85348 ] ] ] } },
{ "type": "Feature", "properties": { "i": 35 }, "geometry": { "type": "Polygon", "coordinates": [ [ [ -63.30802, -17.8555 ], [ -63.30799, -17.85545 ], [ -63.30724, -17.8551 ], [ -63.3072, -17.8551 ], [ -63.30673, -17.85615 ], [ -63.30749, -17.85647 ], [ -63.30762, -17.85629 ], [ -63.30802, -17.8555 ] ] ] } },
{ "type": "Feature", "properties": { "i": 36 }, "geometry": { "type": "Polygon", "coordinates": [ [ [ -63.31006, -17.85649 ], [ -63.30823, -17.85548 ], [ -63.30908, -17.85422 ], [ -63.30913, -17.85421 ], [ -63.31059, -17.85496 ], [ -63.31059, -17.85501 ], [ -63.31035, -17.85547 ], [ -63.31012, -17.85647 ], [ -63.31006, -17.85649 ] ] ] } },
{ "type": "Feature", "properties": { "i": 37 }, "geometry": { "type": "Polygon", "coordinates": [ [ [ -63.3051, -17.85495 ], [ -63.30614, -17.85537 ], [ -63.30617, -17.8554 ], [ -63.30596, -17.85585 ], [ -63.30476, -17.85542 ], [ -63.3051, -17.85495 ] ] ] } },
{ "type": "Feature", "properties": { "i": 38 }, "geometry": { "type": "Polygon", "coordinates": [ [ [ -63.30684, -17.85564 ], [ -63.30627, -17.85541 ], [ -63.30609, -17.85585 ], [ -63.30611, -17.8559 ], [ -63.30663, -17.85612 ], [ -63.30666, -17.85609 ], [ -63.30685, -17.85566 ], [ -63.30684, -17.85564 ] ] ] } },
{ "type": "Feature", "properties": { "i": 39 }, "geometry": { "type": "Polygon", "coordinates": [ [ [ -63.31275, -17.85526 ], [ -63.31187, -17.855 ], [ -63.31123, -17.85417 ], [ -63.31152, -17.85341 ], [ -63.31204, -17.8533 ], [ -63.31259, -17.85314 ], [ -63.31271, -17.85329 ], [ -63.31292, -17.8537 ], [ -63.31297, -17.85368 ], [ -63.31291, -17.85354 ], [ -63.31277, -17.85328 ], [ -63.31264, -17.85312 ], [ -63.31295, -17.8531 ], [ -63.31385, -17.85317 ], [ -63.31421, -17.85311 ], [ -63.31455, -17.85261 ], [ -63.3144, -17.85554 ], [ -63.31351, -17.85544 ], [ -63.31275, -17.85526 ] ] ] } },
{ "type": "Feature", "properties": { "i": 40 }, "geometry": { "type": "Polygon", "coordinates": [ [ [ -63.30425, -17.85595 ], [ -63.30354, -17.85557 ], [ -63.30267, -17.85655 ], [ -63.30247, -17.85718 ], [ -63.30326, -17.85744 ], [ -63.30425, -17.85595 ] ] ] } },
{ "type": "Feature", "properties": { "i": 41 }, "geometry": { "type": "Polygon", "coordinates": [ [ [ -63.29987, -17.85641 ], [ -63.29913, -17.85586 ], [ -63.29738, -17.85506 ], [ -63.2972, -17.85585 ], [ -63.29688, -17.85653 ], [ -63.297, -17.85678 ], [ -63.2977, -17.85776 ], [ -63.29787, -17.85819 ], [ -63.29782, -17.85886 ], [ -63.29987, -17.85641 ] ] ] } },
{ "type": "Feature", "properties": { "i": 42 }, "geometry": { "type": "Polygon", "coordinates": [ [ [ -63.30689, -17.85552 ], [ -63.30711, -17.85504 ], [ -63.30654, -17.85483 ], [ -63.3065, -17.85485 ], [ -63.30632, -17.8553 ], [ -63.30633, -17.85533 ], [ -63.30689, -17.85552 ] ] ] } },
{ "type": "Feature", "properties": { "i": 43 }, "geometry": { "type": "Polygon", "coordinates": [ [ [ -63.30813, -17.85786 ], [ -63.30863, -17.8572 ], [ -63.30918, -17.85619 ], [ -63.30917, -17.85613 ], [ -63.30822, -17.8556 ], [ -63.30746, -17.85701 ], [ -63.30779, -17.85738 ], [ -63.30813, -17.85786 ] ] ] } },
{ "type": "Feature", "properties": { "i": 44 }, "geometry": { "type": "Polygon", "coordinates": [ [ [ -63.32098, -17.8535 ], [ -63.32084, -17.85446 ], [ -63.31915, -17.85462 ], [ -63.31918, -17.8543 ], [ -63.31949, -17.85362 ], [ -63.31973, -17.85362 ], [ -63.31975, -17.85355 ], [ -63.31956, -17.85354 ], [ -63.31945, -17.85356 ], [ -63.31912, -17.85432 ], [ -63.31909, -17.85463 ], [ -63.31885, -17.85465 ], [ -63.31832, -17.85494 ], [ -63.31834, -17.8546 ], [ -63.31871, -17.85344 ], [ -63.31747, -17.85334 ], [ -63.31746, -17.8534 ], [ -63.31658, -17.85331 ], [ -63.31657, -17.85335 ], [ -63.31744, -17.85344 ], [ -63.3173, -17.85394 ], [ -63.3168, -17.85492 ], [ -63.31673, -17.85499 ], [ -63.31639, -17.85507 ], [ -63.31582, -17.85526 ], [ -63.31511, -17.85555 ], [ -63.31502, -17.85553 ], [ -63.31469, -17.85463 ], [ -63.31474, -17.85248 ], [ -63.31468, -17.85201 ], [ -63.31472, -17.85173 ], [ -63.31484, -17.85147 ], [ -63.31511, -17.85113 ], [ -63.31537, -17.85098 ], [ -63.31707, -17.85074 ], [ -63.31804, -17.85068 ], [ -63.31844, -17.8505 ], [ -63.31871, -17.85018 ], [ -63.31945, -17.851 ], [ -63.31913, -17.8516 ], [ -63.31884, -17.85198 ], [ -63.31887, -17.852 ], [ -63.31917, -17.85161 ], [ -63.31946, -17.85106 ], [ -63.31998, -17.85082 ], [ -63.32163, -17.85088 ], [ -63.32109, -17.85143 ], [ -63.32138, -17.85173 ], [ -63.32096, -17.85247 ], [ -63.32081, -17.85294 ], [ -63.32082, -17.85307 ], [ -63.32098, -17.8535 ] ] ] } },
{ "type": "Feature", "properties": { "i": 45 }, "geometry": { "type": "Polygon", "coordinates": [ [ [ -63.31113, -17.85412 ], [ -63.3111, -17.85406 ], [ -63.3104, -17.85362 ], [ -63.30986, -17.85444 ], [ -63.30988, -17.85447 ], [ -63.31068, -17.85486 ], [ -63.31071, -17.85485 ], [ -63.31113, -17.85412 ] ] ] } },
{ "type": "Feature", "properties": { "i": 46 }, "geometry": { "type": "Polygon", "coordinates": [ [ [ -63.30786, -17.85356 ], [ -63.30788, -17.85355 ], [ -63.30894, -17.8541 ], [ -63.30895, -17.85413 ], [ -63.30811, -17.8554 ], [ -63.30724, -17.85498 ], [ -63.30786, -17.85356 ] ] ] } },
{ "type": "Feature", "properties": { "i": 47 }, "geometry": { "type": "Polygon", "coordinates": [ [ [ -63.30505, -17.85488 ], [ -63.30499, -17.85468 ], [ -63.30479, -17.85449 ], [ -63.30366, -17.85543 ], [ -63.30361, -17.85551 ], [ -63.30433, -17.85588 ], [ -63.30505, -17.85488 ] ] ] } },
{ "type": "Feature", "properties": { "i": 48 }, "geometry": { "type": "Polygon", "coordinates": [ [ [ -63.32104, -17.85354 ], [ -63.3209, -17.85446 ], [ -63.32212, -17.85449 ], [ -63.3225, -17.8543 ], [ -63.32304, -17.85397 ], [ -63.32372, -17.85345 ], [ -63.32411, -17.85328 ], [ -63.32424, -17.8532 ], [ -63.32443, -17.853 ], [ -63.32452, -17.85283 ], [ -63.32456, -17.85264 ], [ -63.32454, -17.85244 ], [ -63.32375, -17.85093 ], [ -63.32318, -17.85053 ], [ -63.3229, -17.85019 ], [ -63.32268, -17.84939 ], [ -63.32267, -17.84899 ], [ -63.32358, -17.84667 ], [ -63.32239, -17.84793 ], [ -63.32219, -17.84857 ], [ -63.32222, -17.84912 ], [ -63.32219, -17.85048 ], [ -63.32171, -17.85092 ], [ -63.3212, -17.85148 ], [ -63.32144, -17.85173 ], [ -63.32101, -17.85253 ], [ -63.32088, -17.85294 ], [ -63.3209, -17.85312 ], [ -63.32104, -17.85354 ] ] ] } },
{ "type": "Feature", "properties": { "i": 49 }, "geometry": { "type": "Polygon", "coordinates": [ [ [ -63.31028, -17.85365 ], [ -63.31028, -17.85359 ], [ -63.31026, -17.85357 ], [ -63.30969, -17.85325 ], [ -63.30914, -17.85408 ], [ -63.30916, -17.85413 ], [ -63.30979, -17.85442 ], [ -63.31028, -17.85365 ] ] ] } },
{ "type": "Feature", "properties": { "i": 50 }, "geometry": { "type": "Polygon", "coordinates": [ [ [ -63.31121, -17.85399 ], [ -63.31143, -17.85343 ], [ -63.31077, -17.85311 ], [ -63.31069, -17.85312 ], [ -63.31045, -17.85356 ], [ -63.31121, -17.85399 ] ] ] } },
{ "type": "Feature", "properties": { "i": 51 }, "geometry": { "type": "Polygon", "coordinates": [ [ [ -63.30618, -17.85527 ], [ -63.30512, -17.85485 ], [ -63.30507, -17.85465 ], [ -63.30482, -17.85438 ], [ -63.30535, -17.85385 ], [ -63.30544, -17.85381 ], [ -63.30573, -17.85378 ], [ -63.30652, -17.85446 ], [ -63.30653, -17.85449 ], [ -63.30622, -17.85524 ], [ -63.30618, -17.85527 ] ] ] } },
{ "type": "Feature", "properties": { "i": 52 }, "geometry": { "type": "Polygon", "coordinates": [ [ [ -63.30659, -17.85473 ], [ -63.30715, -17.85495 ], [ -63.30776, -17.85354 ], [ -63.30656, -17.85298 ], [ -63.30591, -17.85364 ], [ -63.30588, -17.85374 ], [ -63.3066, -17.85438 ], [ -63.30665, -17.85452 ], [ -63.30658, -17.85469 ], [ -63.30659, -17.85473 ] ] ] } },
{ "type": "Feature", "properties": { "i": 53 }, "geometry": { "type": "Polygon", "coordinates": [ [ [ -63.31063, -17.85307 ], [ -63.31002, -17.85277 ], [ -63.30977, -17.85316 ], [ -63.30978, -17.85319 ], [ -63.31038, -17.85349 ], [ -63.31063, -17.85307 ] ] ] } },
{ "type": "Feature", "properties": { "i": 54 }, "geometry": { "type": "Polygon", "coordinates": [ [ [ -63.29996, -17.85634 ], [ -63.3008, -17.85516 ], [ -63.30132, -17.8542 ], [ -63.30132, -17.85413 ], [ -63.30111, -17.85402 ], [ -63.3011, -17.85399 ], [ -63.30115, -17.85375 ], [ -63.30079, -17.85357 ], [ -63.30073, -17.8536 ], [ -63.29991, -17.85503 ], [ -63.29936, -17.85589 ], [ -63.29996, -17.85634 ] ] ] } },
{ "type": "Feature", "properties": { "i": 55 }, "geometry": { "type": "Polygon", "coordinates": [ [ [ -63.30855, -17.85208 ], [ -63.30847, -17.85208 ], [ -63.30829, -17.85247 ], [ -63.30966, -17.8531 ], [ -63.30991, -17.85271 ], [ -63.30855, -17.85208 ] ] ] } },
{ "type": "Feature", "properties": { "i": 56 }, "geometry": { "type": "Polygon", "coordinates": [ [ [ -63.30781, -17.85344 ], [ -63.30817, -17.85252 ], [ -63.30756, -17.85221 ], [ -63.30721, -17.85311 ], [ -63.30725, -17.85319 ], [ -63.30781, -17.85344 ] ] ] } },
{ "type": "Feature", "properties": { "i": 57 }, "geometry": { "type": "Polygon", "coordinates": [ [ [ -63.30067, -17.85358 ], [ -63.30062, -17.85349 ], [ -63.30011, -17.85328 ], [ -63.29966, -17.85409 ], [ -63.29879, -17.8555 ], [ -63.29881, -17.85556 ], [ -63.29925, -17.85579 ], [ -63.29929, -17.85578 ], [ -63.29987, -17.85492 ], [ -63.30017, -17.85438 ], [ -63.30067, -17.85358 ] ] ] } },
{ "type": "Feature", "properties": { "i": 58 }, "geometry": { "type": "Polygon", "coordinates": [ [ [ -63.30961, -17.85784 ], [ -63.3099, -17.8573 ], [ -63.30998, -17.85707 ], [ -63.31008, -17.85664 ], [ -63.30932, -17.85623 ], [ -63.30928, -17.85624 ], [ -63.30871, -17.85727 ], [ -63.30914, -17.85759 ], [ -63.30961, -17.85784 ] ] ] } },
{ "type": "Feature", "properties": { "i": 59 }, "geometry": { "type": "Polygon", "coordinates": [ [ [ -63.30346, -17.85488 ], [ -63.30478, -17.85429 ], [ -63.30537, -17.85371 ], [ -63.30574, -17.85367 ], [ -63.30648, -17.85292 ], [ -63.3047, -17.8521 ], [ -63.3034, -17.85479 ], [ -63.30346, -17.85488 ] ] ] } },
{ "type": "Feature", "properties": { "i": 60 }, "geometry": { "type": "Polygon", "coordinates": [ [ [ -63.30296, -17.85465 ], [ -63.30324, -17.85483 ], [ -63.30331, -17.85479 ], [ -63.30461, -17.85203 ], [ -63.3046, -17.85199 ], [ -63.30428, -17.85183 ], [ -63.30423, -17.85184 ], [ -63.30291, -17.85458 ], [ -63.30296, -17.85465 ] ] ] } },
{ "type": "Feature", "properties": { "i": 61 }, "geometry": { "type": "Polygon", "coordinates": [ [ [ -63.32533, -17.84647 ], [ -63.32424, -17.84577 ], [ -63.3239, -17.84637 ], [ -63.32342, -17.8477 ], [ -63.32376, -17.84805 ], [ -63.32411, -17.84814 ], [ -63.32408, -17.84826 ], [ -63.32366, -17.84814 ], [ -63.32338, -17.84785 ], [ -63.32294, -17.84902 ], [ -63.32292, -17.84936 ], [ -63.32313, -17.85018 ], [ -63.32327, -17.85034 ], [ -63.32386, -17.85076 ], [ -63.32458, -17.85215 ], [ -63.32469, -17.85212 ], [ -63.32515, -17.85158 ], [ -63.32439, -17.84957 ], [ -63.326, -17.84869 ], [ -63.32645, -17.84784 ], [ -63.32533, -17.84647 ] ] ] } },
{ "type": "Feature", "properties": { "i": 62 }, "geometry": { "type": "Polygon", "coordinates": [ [ [ -63.30747, -17.85216 ], [ -63.30684, -17.85189 ], [ -63.30678, -17.85191 ], [ -63.30638, -17.85276 ], [ -63.30709, -17.85311 ], [ -63.30747, -17.85216 ] ] ] } },
{ "type": "Feature", "properties": { "i": 63 }, "geometry": { "type": "Polygon", "coordinates": [ [ [ -63.30773, -17.85176 ], [ -63.30759, -17.85213 ], [ -63.30819, -17.85242 ], [ -63.30836, -17.85207 ], [ -63.30835, -17.85201 ], [ -63.30773, -17.85176 ] ] ] } },
{ "type": "Feature", "properties": { "i": 64 }, "geometry": { "type": "Polygon", "coordinates": [ [ [ -63.3067, -17.85184 ], [ -63.30628, -17.8527 ], [ -63.30566, -17.8524 ], [ -63.30601, -17.85154 ], [ -63.30605, -17.85152 ], [ -63.30669, -17.85181 ], [ -63.3067, -17.85184 ] ] ] } },
{ "type": "Feature", "properties": { "i": 65 }, "geometry": { "type": "Polygon", "coordinates": [ [ [ -63.30751, -17.85206 ], [ -63.30761, -17.85173 ], [ -63.30759, -17.85167 ], [ -63.30698, -17.85145 ], [ -63.30683, -17.85176 ], [ -63.30748, -17.85207 ], [ -63.30751, -17.85206 ] ] ] } },
{ "type": "Feature", "properties": { "i": 66 }, "geometry": { "type": "Polygon", "coordinates": [ [ [ -63.31411, -17.85295 ], [ -63.31464, -17.8522 ], [ -63.31462, -17.85187 ], [ -63.31269, -17.8511 ], [ -63.31055, -17.84827 ], [ -63.31047, -17.84793 ], [ -63.30911, -17.84682 ], [ -63.30887, -17.84715 ], [ -63.30865, -17.84757 ], [ -63.3086, -17.84795 ], [ -63.3081, -17.84901 ], [ -63.30773, -17.84994 ], [ -63.30774, -17.85023 ], [ -63.30795, -17.85092 ], [ -63.308, -17.85166 ], [ -63.30805, -17.85174 ], [ -63.30851, -17.85194 ], [ -63.30868, -17.85131 ], [ -63.30892, -17.85058 ], [ -63.30904, -17.84998 ], [ -63.30908, -17.84998 ], [ -63.30896, -17.85059 ], [ -63.30853, -17.85196 ], [ -63.31138, -17.85331 ], [ -63.31145, -17.85332 ], [ -63.31202, -17.85318 ], [ -63.31262, -17.853 ], [ -63.31394, -17.85305 ], [ -63.31411, -17.85295 ] ] ] } },
{ "type": "Feature", "properties": { "i": 67 }, "geometry": { "type": "Polygon", "coordinates": [ [ [ -63.30304, -17.85118 ], [ -63.30304, -17.85113 ], [ -63.30264, -17.85094 ], [ -63.30127, -17.85386 ], [ -63.30128, -17.85394 ], [ -63.30131, -17.85398 ], [ -63.30166, -17.8541 ], [ -63.30171, -17.85408 ], [ -63.30304, -17.85118 ] ] ] } },
{ "type": "Feature", "properties": { "i": 68 }, "geometry": { "type": "Polygon", "coordinates": [ [ [ -63.30676, -17.85174 ], [ -63.30607, -17.85142 ], [ -63.30616, -17.8512 ], [ -63.3069, -17.85143 ], [ -63.30676, -17.85174 ] ] ] } },
{ "type": "Feature", "properties": { "i": 69 }, "geometry": { "type": "Polygon", "coordinates": [ [ [ -63.30164, -17.85281 ], [ -63.30125, -17.8537 ], [ -63.30077, -17.85348 ], [ -63.30157, -17.85139 ], [ -63.30202, -17.85065 ], [ -63.30205, -17.85064 ], [ -63.30254, -17.85089 ], [ -63.30164, -17.85281 ] ] ] } },
{ "type": "Feature", "properties": { "i": 70 }, "geometry": { "type": "Polygon", "coordinates": [ [ [ -63.30553, -17.85236 ], [ -63.30593, -17.85146 ], [ -63.3049, -17.85097 ], [ -63.30487, -17.85099 ], [ -63.3045, -17.8518 ], [ -63.30553, -17.85236 ] ] ] } },
{ "type": "Feature", "properties": { "i": 71 }, "geometry": { "type": "Polygon", "coordinates": [ [ [ -63.30785, -17.85094 ], [ -63.30763, -17.85027 ], [ -63.30762, -17.84973 ], [ -63.30702, -17.84978 ], [ -63.30699, -17.84981 ], [ -63.30684, -17.85039 ], [ -63.30682, -17.85073 ], [ -63.30684, -17.8509 ], [ -63.3071, -17.85139 ], [ -63.30784, -17.85168 ], [ -63.30789, -17.85165 ], [ -63.30785, -17.85094 ] ] ] } },
{ "type": "Feature", "properties": { "i": 72 }, "geometry": { "type": "Polygon", "coordinates": [ [ [ -63.30277, -17.85086 ], [ -63.30307, -17.851 ], [ -63.30439, -17.85175 ], [ -63.30473, -17.85097 ], [ -63.30472, -17.8509 ], [ -63.30411, -17.8506 ], [ -63.30385, -17.85053 ], [ -63.30336, -17.85049 ], [ -63.30286, -17.85048 ], [ -63.30276, -17.8508 ], [ -63.30277, -17.85086 ] ] ] } },
{ "type": "Feature", "properties": { "i": 73 }, "geometry": { "type": "Polygon", "coordinates": [ [ [ -63.30598, -17.85139 ], [ -63.30488, -17.85086 ], [ -63.30498, -17.85067 ], [ -63.30607, -17.85116 ], [ -63.30598, -17.85139 ] ] ] } },
{ "type": "Feature", "properties": { "i": 74 }, "geometry": { "type": "Polygon", "coordinates": [ [ [ -63.30132, -17.85041 ], [ -63.3001, -17.8532 ], [ -63.3007, -17.85345 ], [ -63.30143, -17.85143 ], [ -63.30191, -17.85057 ], [ -63.30164, -17.85043 ], [ -63.30132, -17.85041 ] ] ] } },
{ "type": "Feature", "properties": { "i": 75 }, "geometry": { "type": "Polygon", "coordinates": [ [ [ -63.30114, -17.85052 ], [ -63.30112, -17.85044 ], [ -63.29895, -17.85062 ], [ -63.29772, -17.85049 ], [ -63.29742, -17.85044 ], [ -63.29566, -17.85008 ], [ -63.29452, -17.8498 ], [ -63.29406, -17.84971 ], [ -63.29399, -17.84972 ], [ -63.29394, -17.84983 ], [ -63.29403, -17.85001 ], [ -63.29519, -17.85133 ], [ -63.2954, -17.85231 ], [ -63.29573, -17.85288 ], [ -63.2972, -17.85444 ], [ -63.29736, -17.85471 ], [ -63.29743, -17.85499 ], [ -63.29861, -17.85554 ], [ -63.29959, -17.85395 ], [ -63.29996, -17.85321 ], [ -63.30061, -17.85165 ], [ -63.30114, -17.85052 ] ] ] } },
{ "type": "Feature", "properties": { "i": 76 }, "geometry": { "type": "Polygon", "coordinates": [ [ [ -63.30547, -17.85082 ], [ -63.30488, -17.85022 ], [ -63.30531, -17.84997 ], [ -63.30575, -17.84985 ], [ -63.30691, -17.84984 ], [ -63.30677, -17.85038 ], [ -63.30674, -17.85074 ], [ -63.30676, -17.85088 ], [ -63.30698, -17.85133 ], [ -63.30652, -17.85121 ], [ -63.30603, -17.85105 ], [ -63.30547, -17.85082 ] ] ] } },
{ "type": "Feature", "properties": { "i": 77 }, "geometry": { "type": "Polygon", "coordinates": [ [ [ -63.29182, -17.8565 ], [ -63.29086, -17.85403 ], [ -63.2907, -17.8534 ], [ -63.29065, -17.85311 ], [ -63.29073, -17.8514 ], [ -63.29133, -17.85148 ], [ -63.29243, -17.85169 ], [ -63.29186, -17.85443 ], [ -63.29186, -17.85479 ], [ -63.29196, -17.85509 ], [ -63.2926, -17.85671 ], [ -63.29271, -17.85667 ], [ -63.29208, -17.85508 ], [ -63.29199, -17.85476 ], [ -63.29201, -17.85429 ], [ -63.29248, -17.8517 ], [ -63.29511, -17.85221 ], [ -63.2955, -17.85301 ], [ -63.29633, -17.85389 ], [ -63.29297, -17.85359 ], [ -63.29289, -17.85483 ], [ -63.29327, -17.85552 ], [ -63.29378, -17.8568 ], [ -63.29396, -17.85718 ], [ -63.29171, -17.85832 ], [ -63.29095, -17.85684 ], [ -63.29182, -17.8565 ] ] ] } },
{ "type": "Feature", "properties": { "i": 78 }, "geometry": { "type": "Polygon", "coordinates": [ [ [ -63.30273, -17.85077 ], [ -63.30281, -17.85048 ], [ -63.30222, -17.85045 ], [ -63.30174, -17.85037 ], [ -63.30174, -17.85039 ], [ -63.30264, -17.8508 ], [ -63.30273, -17.85077 ] ] ] } },
{ "type": "Feature", "properties": { "i": 79 }, "geometry": { "type": "Polygon", "coordinates": [ [ [ -63.30389, -17.85038 ], [ -63.30425, -17.85052 ], [ -63.30475, -17.85076 ], [ -63.30481, -17.85075 ], [ -63.30494, -17.85055 ], [ -63.30494, -17.85052 ], [ -63.30465, -17.85019 ], [ -63.3042, -17.84975 ], [ -63.30355, -17.84913 ], [ -63.30345, -17.8491 ], [ -63.30339, -17.84914 ], [ -63.30337, -17.84918 ], [ -63.30296, -17.85024 ], [ -63.30296, -17.8503 ], [ -63.30389, -17.85038 ] ] ] } },
{ "type": "Feature", "properties": { "i": 80 }, "geometry": { "type": "Polygon", "coordinates": [ [ [ -63.30576, -17.84977 ], [ -63.30692, -17.84974 ], [ -63.30688, -17.84932 ], [ -63.3058, -17.84917 ], [ -63.30573, -17.84918 ], [ -63.30449, -17.84982 ], [ -63.30483, -17.85018 ], [ -63.30533, -17.84988 ], [ -63.30576, -17.84977 ] ] ] } },
{ "type": "Feature", "properties": { "i": 81 }, "geometry": { "type": "Polygon", "coordinates": [ [ [ -63.29013, -17.85212 ], [ -63.29002, -17.85163 ], [ -63.29002, -17.85124 ], [ -63.28951, -17.85128 ], [ -63.28926, -17.85134 ], [ -63.28858, -17.85247 ], [ -63.28804, -17.85355 ], [ -63.2895, -17.85379 ], [ -63.2899, -17.85253 ], [ -63.28996, -17.8524 ], [ -63.2901, -17.85221 ], [ -63.29013, -17.85212 ] ] ] } },
{ "type": "Feature", "properties": { "i": 82 }, "geometry": { "type": "Polygon", "coordinates": [ [ [ -63.30765, -17.84965 ], [ -63.3084, -17.84801 ], [ -63.30842, -17.84693 ], [ -63.30846, -17.84658 ], [ -63.30743, -17.84674 ], [ -63.30605, -17.84725 ], [ -63.30696, -17.84928 ], [ -63.30701, -17.84969 ], [ -63.30765, -17.84965 ] ] ] } },
{ "type": "Feature", "properties": { "i": 83 }, "geometry": { "type": "Polygon", "coordinates": [ [ [ -63.30212, -17.84767 ], [ -63.30098, -17.85025 ], [ -63.30097, -17.85035 ], [ -63.30179, -17.8503 ], [ -63.30269, -17.85039 ], [ -63.30282, -17.85038 ], [ -63.30336, -17.84894 ], [ -63.30319, -17.84878 ], [ -63.30279, -17.84823 ], [ -63.30259, -17.84788 ], [ -63.30212, -17.84767 ] ] ] } },
{ "type": "Feature", "properties": { "i": 84 }, "geometry": { "type": "Polygon", "coordinates": [ [ [ -63.30594, -17.84729 ], [ -63.30343, -17.84691 ], [ -63.30251, -17.84696 ], [ -63.30246, -17.84699 ], [ -63.30245, -17.84704 ], [ -63.3028, -17.84792 ], [ -63.30319, -17.84855 ], [ -63.30344, -17.84883 ], [ -63.3044, -17.84973 ], [ -63.30567, -17.84907 ], [ -63.3065, -17.8492 ], [ -63.30684, -17.84921 ], [ -63.30616, -17.84773 ], [ -63.30613, -17.84774 ], [ -63.30594, -17.84729 ] ] ] } },
{ "type": "Feature", "properties": { "i": 85 }, "geometry": { "type": "Polygon", "coordinates": [ [ [ -63.29255, -17.84898 ], [ -63.29148, -17.84987 ], [ -63.29063, -17.84971 ], [ -63.28949, -17.84994 ], [ -63.28977, -17.85118 ], [ -63.29039, -17.85123 ], [ -63.29118, -17.85138 ], [ -63.29149, -17.85138 ], [ -63.29171, -17.85131 ], [ -63.29214, -17.85111 ], [ -63.29232, -17.851 ], [ -63.29278, -17.85065 ], [ -63.29366, -17.84971 ], [ -63.29255, -17.84898 ] ] ] } },
{ "type": "Feature", "properties": { "i": 86 }, "geometry": { "type": "Polygon", "coordinates": [ [ [ -63.30199, -17.84764 ], [ -63.30047, -17.84698 ], [ -63.29981, -17.84683 ], [ -63.2991, -17.8466 ], [ -63.29892, -17.84707 ], [ -63.29794, -17.84672 ], [ -63.29722, -17.84928 ], [ -63.29691, -17.85008 ], [ -63.29693, -17.85012 ], [ -63.29785, -17.8503 ], [ -63.29903, -17.8504 ], [ -63.30093, -17.85036 ], [ -63.30099, -17.85013 ], [ -63.30152, -17.84875 ], [ -63.30199, -17.84764 ] ] ] } },
{ "type": "Feature", "properties": { "i": 87 }, "geometry": { "type": "Polygon", "coordinates": [ [ [ -63.29456, -17.8494 ], [ -63.29398, -17.84919 ], [ -63.29367, -17.84875 ], [ -63.2939, -17.84743 ], [ -63.29484, -17.84773 ], [ -63.29471, -17.84941 ], [ -63.29456, -17.8494 ] ] ] } },
{ "type": "Feature", "properties": { "i": 88 }, "geometry": { "type": "Polygon", "coordinates": [ [ [ -63.30254, -17.84778 ], [ -63.30059, -17.84693 ], [ -63.30171, -17.84577 ], [ -63.30192, -17.84598 ], [ -63.30254, -17.84778 ] ] ] } },
{ "type": "Feature", "properties": { "i": 89 }, "geometry": { "type": "Polygon", "coordinates": [ [ [ -63.29782, -17.84669 ], [ -63.29718, -17.84643 ], [ -63.29665, -17.84854 ], [ -63.29647, -17.84916 ], [ -63.29488, -17.8486 ], [ -63.29478, -17.84938 ], [ -63.29483, -17.84948 ], [ -63.29549, -17.8497 ], [ -63.29669, -17.85005 ], [ -63.29674, -17.85004 ], [ -63.29713, -17.84913 ], [ -63.29758, -17.84741 ], [ -63.29782, -17.84669 ] ] ] } },
{ "type": "Feature", "properties": { "i": 90 }, "geometry": { "type": "Polygon", "coordinates": [ [ [ -63.30053, -17.8469 ], [ -63.29976, -17.84674 ], [ -63.29904, -17.84651 ], [ -63.29887, -17.84693 ], [ -63.29798, -17.8466 ], [ -63.29869, -17.84476 ], [ -63.29932, -17.84491 ], [ -63.30069, -17.84513 ], [ -63.30166, -17.84576 ], [ -63.30053, -17.8469 ] ] ] } },
{ "type": "Feature", "properties": { "i": 91 }, "geometry": { "type": "Polygon", "coordinates": [ [ [ -63.30285, -17.84428 ], [ -63.30226, -17.84378 ], [ -63.30127, -17.84515 ], [ -63.30184, -17.84571 ], [ -63.30213, -17.84603 ], [ -63.30249, -17.84568 ], [ -63.3025, -17.84546 ], [ -63.30285, -17.84428 ] ] ] } },
{ "type": "Feature", "properties": { "i": 92 }, "geometry": { "type": "Polygon", "coordinates": [ [ [ -63.2999, -17.84419 ], [ -63.29974, -17.84374 ], [ -63.2997, -17.84373 ], [ -63.29882, -17.8445 ], [ -63.29877, -17.84455 ], [ -63.29871, -17.84471 ], [ -63.29945, -17.84488 ], [ -63.30041, -17.84503 ], [ -63.30018, -17.84474 ], [ -63.30005, -17.84453 ], [ -63.2999, -17.84419 ] ] ] } },
{ "type": "Feature", "properties": { "i": 93 }, "geometry": { "type": "Polygon", "coordinates": [ [ [ -63.30041, -17.84471 ], [ -63.30162, -17.84287 ], [ -63.3016, -17.84279 ], [ -63.30118, -17.84253 ], [ -63.30023, -17.84442 ], [ -63.30041, -17.84471 ] ] ] } },
{ "type": "Feature", "properties": { "i": 94 }, "geometry": { "type": "Polygon", "coordinates": [ [ [ -63.29931, -17.8429 ], [ -63.29788, -17.84416 ], [ -63.29719, -17.84476 ], [ -63.29842, -17.84512 ], [ -63.29867, -17.84446 ], [ -63.29967, -17.84358 ], [ -63.29931, -17.8429 ] ] ] } },
{ "type": "Feature", "properties": { "i": 95 }, "geometry": { "type": "Polygon", "coordinates": [ [ [ -63.30261, -17.84135 ], [ -63.30278, -17.84137 ], [ -63.30294, -17.84142 ], [ -63.30331, -17.84177 ], [ -63.3041, -17.84185 ], [ -63.30412, -17.84187 ], [ -63.30405, -17.84209 ], [ -63.30286, -17.84358 ], [ -63.3022, -17.8431 ], [ -63.30093, -17.845 ], [ -63.3005, -17.84474 ], [ -63.30049, -17.8447 ], [ -63.30217, -17.84217 ], [ -63.30242, -17.84227 ], [ -63.30262, -17.84241 ], [ -63.30264, -17.84239 ], [ -63.30244, -17.84225 ], [ -63.3022, -17.84216 ], [ -63.30219, -17.84199 ], [ -63.30223, -17.84176 ], [ -63.30229, -17.84161 ], [ -63.30242, -17.84143 ], [ -63.30261, -17.84135 ] ] ] } },
{ "type": "Feature", "properties": { "i": 96 }, "geometry": { "type": "Polygon", "coordinates": [ [ [ -63.30256, -17.84127 ], [ -63.30241, -17.84132 ], [ -63.30218, -17.84161 ], [ -63.30211, -17.84196 ], [ -63.30214, -17.84212 ], [ -63.30174, -17.84272 ], [ -63.30164, -17.84274 ], [ -63.30121, -17.84247 ], [ -63.30206, -17.84063 ], [ -63.30382, -17.84063 ], [ -63.30444, -17.84158 ], [ -63.30408, -17.84177 ], [ -63.30331, -17.84168 ], [ -63.30296, -17.84134 ], [ -63.30256, -17.84127 ] ] ] } },
{ "type": "Feature", "properties": { "i": 97 }, "geometry": { "type": "Polygon", "coordinates": [ [ [ -63.30137, -17.84186 ], [ -63.30051, -17.84145 ], [ -63.30021, -17.84202 ], [ -63.30109, -17.84244 ], [ -63.30137, -17.84186 ] ] ] } },
{ "type": "Feature", "properties": { "i": 98 }, "geometry": { "type": "Polygon", "coordinates": [ [ [ -63.249, -17.77991 ], [ -63.24898, -17.78155 ], [ -63.2495, -17.78164 ], [ -63.24951, -17.78135 ], [ -63.24956, -17.78136 ], [ -63.24955, -17.78165 ], [ -63.25091, -17.78182 ], [ -63.25094, -17.78063 ], [ -63.25053, -17.78048 ], [ -63.25051, -17.78038 ], [ -63.25061, -17.78027 ], [ -63.25065, -17.78013 ], [ -63.25063, -17.78004 ], [ -63.25058, -17.78 ], [ -63.25035, -17.78003 ], [ -63.25035, -17.77998 ], [ -63.25048, -17.77995 ], [ -63.25061, -17.77997 ], [ -63.25066, -17.78002 ], [ -63.25069, -17.7801 ], [ -63.25068, -17.78022 ], [ -63.25056, -17.78037 ], [ -63.25056, -17.78044 ], [ -63.25094, -17.78058 ], [ -63.25098, -17.7806 ], [ -63.25101, -17.78065 ], [ -63.251, -17.78181 ], [ -63.2512, -17.78179 ], [ -63.25261, -17.78125 ], [ -63.25277, -17.77995 ], [ -63.25272, -17.77981 ], [ -63.25266, -17.77973 ], [ -63.25253, -17.77964 ], [ -63.25233, -17.77962 ], [ -63.25193, -17.77971 ], [ -63.249, -17.77991 ] ] ] } },
{ "type": "Feature", "properties": { "i": 99 }, "geometry": { "type": "Polygon", "coordinates": [ [ [ -63.24489, -17.77824 ], [ -63.24489, -17.77809 ], [ -63.24482, -17.77787 ], [ -63.24458, -17.77786 ], [ -63.24424, -17.77788 ], [ -63.24382, -17.77793 ], [ -63.24348, -17.778 ], [ -63.24315, -17.7781 ], [ -63.24271, -17.77828 ], [ -63.24235, -17.77848 ], [ -63.24201, -17.77872 ], [ -63.24197, -17.77877 ], [ -63.24198, -17.77886 ], [ -63.24227, -17.7792 ], [ -63.2425, -17.77951 ], [ -63.24298, -17.78026 ], [ -63.24325, -17.78083 ], [ -63.24335, -17.78112 ], [ -63.24344, -17.7815 ], [ -63.24367, -17.7816 ], [ -63.24395, -17.78168 ], [ -63.24429, -17.78174 ], [ -63.24448, -17.78175 ], [ -63.2453, -17.78138 ], [ -63.24566, -17.78157 ], [ -63.24577, -17.78115 ], [ -63.2465, -17.78132 ], [ -63.24659, -17.78148 ], [ -63.24702, -17.78144 ], [ -63.24724, -17.78133 ], [ -63.24737, -17.78119 ], [ -63.24775, -17.78039 ], [ -63.24779, -17.78024 ], [ -63.24781, -17.78001 ], [ -63.24779, -17.77926 ], [ -63.24769, -17.77842 ], [ -63.2476, -17.77799 ], [ -63.2475, -17.77763 ], [ -63.2473, -17.77749 ], [ -63.24724, -17.7774 ], [ -63.24717, -17.77737 ], [ -63.2462, -17.7776 ], [ -63.24512, -17.77779 ], [ -63.24508, -17.77784 ], [ -63.24514, -17.77823 ], [ -63.2452, -17.77829 ], [ -63.24589, -17.77822 ], [ -63.2466, -17.7781 ], [ -63.24679, -17.77805 ], [ -63.24682, -17.778 ], [ -63.24693, -17.77795 ], [ -63.24699, -17.77796 ], [ -63.24705, -17.77801 ], [ -63.24705, -17.77813 ], [ -63.24697, -17.77819 ], [ -63.2469, -17.77819 ], [ -63.24685, -17.77816 ], [ -63.24645, -17.77826 ], [ -63.24584, -17.77834 ], [ -63.24526, -17.77838 ], [ -63.24522, -17.77841 ], [ -63.24522, -17.77847 ], [ -63.24536, -17.77871 ], [ -63.24546, -17.77899 ], [ -63.24555, -17.77906 ], [ -63.24634, -17.77906 ], [ -63.24701, -17.77898 ], [ -63.24703, -17.77893 ], [ -63.24711, -17.77888 ], [ -63.2472, -17.77889 ], [ -63.24724, -17.77892 ], [ -63.24727, -17.77898 ], [ -63.24727, -17.77905 ], [ -63.24724, -17.77911 ], [ -63.24716, -17.77915 ], [ -63.24711, -17.77915 ], [ -63.24704, -17.7791 ], [ -63.24634, -17.77916 ], [ -63.24557, -17.77918 ], [ -63.24553, -17.77923 ], [ -63.24566, -17.77986 ], [ -63.2457, -17.77989 ], [ -63.24638, -17.77993 ], [ -63.24706, -17.77992 ], [ -63.24707, -17.77988 ], [ -63.24715, -17.77982 ], [ -63.24725, -17.77982 ], [ -63.24732, -17.77988 ], [ -63.24734, -17.78001 ], [ -63.24732, -17.78006 ], [ -63.24723, -17.78012 ], [ -63.24715, -17.78012 ], [ -63.24707, -17.78006 ], [ -63.24574, -17.78 ], [ -63.24568, -17.78005 ], [ -63.24571, -17.78068 ], [ -63.24573, -17.78071 ], [ -63.24674, -17.78086 ], [ -63.24678, -17.78081 ], [ -63.2469, -17.78079 ], [ -63.24698, -17.78084 ], [ -63.247, -17.78089 ], [ -63.24698, -17.781 ], [ -63.24695, -17.78104 ], [ -63.24683, -17.78106 ], [ -63.24673, -17.78098 ], [ -63.24572, -17.78084 ], [ -63.2457, -17.78086 ], [ -63.2457, -17.781 ], [ -63.24566, -17.78109 ], [ -63.24559, -17.78115 ], [ -63.24547, -17.78117 ], [ -63.24535, -17.78112 ], [ -63.24529, -17.78104 ], [ -63.24526, -17.78095 ], [ -63.24518, -17.78093 ], [ -63.24426, -17.7815 ], [ -63.24421, -17.78161 ], [ -63.24411, -17.78164 ], [ -63.24402, -17.7816 ], [ -63.24398, -17.78146 ], [ -63.24404, -17.78138 ], [ -63.2441, -17.78135 ], [ -63.2442, -17.78137 ], [ -63.24458, -17.78116 ], [ -63.24515, -17.78079 ], [ -63.24494, -17.7802 ], [ -63.24397, -17.78063 ], [ -63.2439, -17.78072 ], [ -63.24382, -17.78075 ], [ -63.2437, -17.7807 ], [ -63.24365, -17.7806 ], [ -63.24366, -17.78052 ], [ -63.24374, -17.78044 ], [ -63.24382, -17.78042 ], [ -63.2439, -17.78044 ], [ -63.2449, -17.78001 ], [ -63.2448, -17.77935 ], [ -63.24349, -17.77977 ], [ -63.24339, -17.77988 ], [ -63.2433, -17.77989 ], [ -63.24322, -17.77985 ], [ -63.24318, -17.77981 ], [ -63.24316, -17.77969 ], [ -63.24319, -17.77961 ], [ -63.24329, -17.77955 ], [ -63.24338, -17.77955 ], [ -63.24345, -17.7796 ], [ -63.24395, -17.77946 ], [ -63.2448, -17.77915 ], [ -63.2448, -17.77897 ], [ -63.24487, -17.77843 ], [ -63.24382, -17.77864 ], [ -63.24298, -17.77892 ], [ -63.24294, -17.77902 ], [ -63.24284, -17.77907 ], [ -63.24273, -17.77905 ], [ -63.24269, -17.77901 ], [ -63.24266, -17.77894 ], [ -63.24266, -17.77886 ], [ -63.24273, -17.77877 ], [ -63.24278, -17.77875 ], [ -63.24286, -17.77875 ], [ -63.24291, -17.77878 ], [ -63.24332, -17.77863 ], [ -63.24419, -17.77838 ], [ -63.24489, -17.77824 ] ] ] } },
{ "type": "Feature", "properties": { "i": 100 }, "geometry": { "type": "Polygon", "coordinates": [ [ [ -63.24882, -17.77811 ], [ -63.24889, -17.77854 ], [ -63.24899, -17.77988 ], [ -63.25185, -17.77966 ], [ -63.25207, -17.7796 ], [ -63.25232, -17.77946 ], [ -63.2525, -17.7793 ], [ -63.25276, -17.77897 ], [ -63.25287, -17.77882 ], [ -63.25297, -17.77863 ], [ -63.25308, -17.77835 ], [ -63.25316, -17.77805 ], [ -63.25323, -17.77765 ], [ -63.25323, -17.77727 ], [ -63.25318, -17.77691 ], [ -63.25303, -17.77637 ], [ -63.25265, -17.77559 ], [ -63.25262, -17.77562 ], [ -63.25294, -17.77635 ], [ -63.25305, -17.77706 ], [ -63.25309, -17.77713 ], [ -63.25306, -17.77721 ], [ -63.25298, -17.77723 ], [ -63.25292, -17.77718 ], [ -63.25295, -17.77699 ], [ -63.25292, -17.7767 ], [ -63.25287, -17.77648 ], [ -63.25271, -17.776 ], [ -63.25262, -17.77582 ], [ -63.25256, -17.77579 ], [ -63.2525, -17.77579 ], [ -63.25222, -17.77589 ], [ -63.25218, -17.77593 ], [ -63.25221, -17.77617 ], [ -63.25221, -17.77641 ], [ -63.25217, -17.77667 ], [ -63.25219, -17.77675 ], [ -63.25217, -17.7768 ], [ -63.2521, -17.77684 ], [ -63.25203, -17.77683 ], [ -63.25197, -17.77675 ], [ -63.25199, -17.77666 ], [ -63.25204, -17.77663 ], [ -63.25206, -17.77659 ], [ -63.2521, -17.77641 ], [ -63.2521, -17.77621 ], [ -63.25207, -17.77604 ], [ -63.25204, -17.77598 ], [ -63.25198, -17.77596 ], [ -63.25182, -17.77601 ], [ -63.25181, -17.77626 ], [ -63.25173, -17.77654 ], [ -63.25159, -17.77677 ], [ -63.25139, -17.77696 ], [ -63.25205, -17.77758 ], [ -63.25239, -17.77797 ], [ -63.25251, -17.77799 ], [ -63.25256, -17.77807 ], [ -63.25256, -17.77815 ], [ -63.25252, -17.77821 ], [ -63.25243, -17.77825 ], [ -63.25232, -17.77821 ], [ -63.25228, -17.77814 ], [ -63.25228, -17.77807 ], [ -63.25128, -17.77703 ], [ -63.25071, -17.77737 ], [ -63.25123, -17.77807 ], [ -63.25169, -17.77882 ], [ -63.25174, -17.77885 ], [ -63.25177, -17.77897 ], [ -63.25175, -17.77902 ], [ -63.25169, -17.77907 ], [ -63.25158, -17.77908 ], [ -63.25149, -17.77902 ], [ -63.25146, -17.77892 ], [ -63.25149, -17.77884 ], [ -63.25119, -17.77826 ], [ -63.25062, -17.77744 ], [ -63.25006, -17.77769 ], [ -63.25034, -17.77832 ], [ -63.25062, -17.7791 ], [ -63.25068, -17.77915 ], [ -63.25071, -17.77921 ], [ -63.2507, -17.77929 ], [ -63.25064, -17.77936 ], [ -63.25057, -17.77938 ], [ -63.25052, -17.77937 ], [ -63.25044, -17.77931 ], [ -63.25043, -17.77919 ], [ -63.25046, -17.77915 ], [ -63.25028, -17.77862 ], [ -63.24993, -17.77774 ], [ -63.24931, -17.77791 ], [ -63.24957, -17.7791 ], [ -63.24962, -17.77913 ], [ -63.24966, -17.77924 ], [ -63.24962, -17.77935 ], [ -63.24952, -17.77941 ], [ -63.24943, -17.77941 ], [ -63.24935, -17.77936 ], [ -63.24932, -17.77931 ], [ -63.24931, -17.77922 ], [ -63.24937, -17.77912 ], [ -63.24932, -17.77862 ], [ -63.24916, -17.77792 ], [ -63.24911, -17.77794 ], [ -63.24893, -17.77794 ], [ -63.24875, -17.77788 ], [ -63.24882, -17.77811 ] ] ] } },
{ "type": "Feature", "properties": { "i": 101 }, "geometry": { "type": "Polygon", "coordinates": [ [ [ -63.2352, -17.78102 ], [ -63.23534, -17.78131 ], [ -63.23555, -17.78151 ], [ -63.23586, -17.78166 ], [ -63.23638, -17.78185 ], [ -63.2367, -17.78194 ], [ -63.23736, -17.78204 ], [ -63.23811, -17.78204 ], [ -63.23856, -17.78201 ], [ -63.23871, -17.7821 ], [ -63.23887, -17.78232 ], [ -63.23898, -17.78236 ], [ -63.23969, -17.78239 ], [ -63.24188, -17.78264 ], [ -63.24215, -17.78265 ], [ -63.24228, -17.7826 ], [ -63.2424, -17.78251 ], [ -63.2427, -17.78235 ], [ -63.24294, -17.78228 ], [ -63.24318, -17.78225 ], [ -63.24322, -17.78222 ], [ -63.24323, -17.78216 ], [ -63.24321, -17.78166 ], [ -63.24314, -17.78127 ], [ -63.24308, -17.78105 ], [ -63.24294, -17.78069 ], [ -63.24272, -17.78029 ], [ -63.24194, -17.77914 ], [ -63.24181, -17.77905 ], [ -63.24164, -17.77899 ], [ -63.24157, -17.77892 ], [ -63.24151, -17.7788 ], [ -63.24138, -17.7787 ], [ -63.24125, -17.77864 ], [ -63.24108, -17.7786 ], [ -63.24081, -17.77861 ], [ -63.24035, -17.77845 ], [ -63.23964, -17.77809 ], [ -63.23858, -17.7774 ], [ -63.2385, -17.77742 ], [ -63.23837, -17.77758 ], [ -63.23824, -17.77768 ], [ -63.23806, -17.77792 ], [ -63.23795, -17.7781 ], [ -63.2378, -17.77843 ], [ -63.2378, -17.77848 ], [ -63.23823, -17.77879 ], [ -63.23879, -17.77914 ], [ -63.23927, -17.77939 ], [ -63.23936, -17.77936 ], [ -63.23944, -17.77939 ], [ -63.23949, -17.77948 ], [ -63.23947, -17.77956 ], [ -63.23941, -17.77962 ], [ -63.23931, -17.77962 ], [ -63.23926, -17.77958 ], [ -63.23924, -17.7795 ], [ -63.23881, -17.77928 ], [ -63.23818, -17.77888 ], [ -63.23786, -17.77863 ], [ -63.2378, -17.77861 ], [ -63.23774, -17.77862 ], [ -63.2377, -17.77866 ], [ -63.2375, -17.77913 ], [ -63.23749, -17.77924 ], [ -63.23751, -17.77928 ], [ -63.23779, -17.77953 ], [ -63.2382, -17.77985 ], [ -63.23865, -17.78015 ], [ -63.23892, -17.7803 ], [ -63.23901, -17.78029 ], [ -63.23907, -17.78032 ], [ -63.23911, -17.78038 ], [ -63.23911, -17.78046 ], [ -63.23909, -17.78049 ], [ -63.23904, -17.78052 ], [ -63.23894, -17.78051 ], [ -63.23888, -17.78045 ], [ -63.23887, -17.7804 ], [ -63.23841, -17.78012 ], [ -63.23778, -17.77965 ], [ -63.23747, -17.77939 ], [ -63.23742, -17.77939 ], [ -63.23737, -17.77944 ], [ -63.23713, -17.78001 ], [ -63.23713, -17.78005 ], [ -63.23716, -17.7801 ], [ -63.23799, -17.78085 ], [ -63.23812, -17.78085 ], [ -63.23818, -17.78093 ], [ -63.23818, -17.781 ], [ -63.23814, -17.78106 ], [ -63.2381, -17.78108 ], [ -63.23798, -17.78106 ], [ -63.23793, -17.78099 ], [ -63.23793, -17.78093 ], [ -63.23746, -17.78052 ], [ -63.23713, -17.78019 ], [ -63.23704, -17.78022 ], [ -63.23693, -17.7805 ], [ -63.23696, -17.78056 ], [ -63.23695, -17.78067 ], [ -63.23744, -17.78122 ], [ -63.23744, -17.78128 ], [ -63.23739, -17.78133 ], [ -63.23732, -17.78133 ], [ -63.23729, -17.78131 ], [ -63.23727, -17.78127 ], [ -63.23728, -17.78118 ], [ -63.23687, -17.78069 ], [ -63.23681, -17.78065 ], [ -63.23672, -17.78064 ], [ -63.23606, -17.78074 ], [ -63.23601, -17.78079 ], [ -63.23594, -17.78078 ], [ -63.2359, -17.78073 ], [ -63.2359, -17.78069 ], [ -63.23592, -17.78065 ], [ -63.23596, -17.78063 ], [ -63.236, -17.78064 ], [ -63.23671, -17.78055 ], [ -63.23676, -17.78049 ], [ -63.23684, -17.78046 ], [ -63.23696, -17.78018 ], [ -63.23695, -17.78014 ], [ -63.23689, -17.7801 ], [ -63.2358, -17.7801 ], [ -63.23575, -17.78016 ], [ -63.23565, -17.78018 ], [ -63.23559, -17.78016 ], [ -63.23554, -17.78011 ], [ -63.23553, -17.78002 ], [ -63.23555, -17.77997 ], [ -63.23562, -17.77992 ], [ -63.23571, -17.77991 ], [ -63.23578, -17.77994 ], [ -63.23583, -17.78001 ], [ -63.23632, -17.78002 ], [ -63.23702, -17.78 ], [ -63.23716, -17.77973 ], [ -63.2373, -17.77935 ], [ -63.23728, -17.77932 ], [ -63.23656, -17.77927 ], [ -63.2355, -17.7791 ], [ -63.23545, -17.77913 ], [ -63.23536, -17.77913 ], [ -63.2353, -17.77907 ], [ -63.23531, -17.77897 ], [ -63.23537, -17.77892 ], [ -63.23546, -17.77892 ], [ -63.23552, -17.77899 ], [ -63.23581, -17.77906 ], [ -63.2367, -17.77919 ], [ -63.23733, -17.77922 ], [ -63.23737, -17.7792 ], [ -63.23763, -17.77858 ], [ -63.23759, -17.77853 ], [ -63.23692, -17.77843 ], [ -63.23592, -17.7782 ], [ -63.2358, -17.77822 ], [ -63.23572, -17.77818 ], [ -63.23569, -17.77814 ], [ -63.2357, -17.77804 ], [ -63.23577, -17.77799 ], [ -63.23586, -17.77799 ], [ -63.23593, -17.77803 ], [ -63.23596, -17.7781 ], [ -63.23667, -17.77828 ], [ -63.23767, -17.77843 ], [ -63.2377, -17.77841 ], [ -63.23798, -17.77789 ], [ -63.23836, -17.77734 ], [ -63.23836, -17.77729 ], [ -63.23833, -17.77725 ], [ -63.23819, -17.77719 ], [ -63.23766, -17.77701 ], [ -63.23739, -17.77695 ], [ -63.23676, -17.77687 ], [ -63.23641, -17.77679 ], [ -63.23591, -17.77658 ], [ -63.23561, -17.77639 ], [ -63.23553, -17.77642 ], [ -63.23537, -17.77671 ], [ -63.23529, -17.7768 ], [ -63.23521, -17.77684 ], [ -63.23509, -17.77695 ], [ -63.23492, -17.77718 ], [ -63.23482, -17.77728 ], [ -63.23475, -17.77742 ], [ -63.23471, -17.77763 ], [ -63.23454, -17.77782 ], [ -63.23435, -17.77808 ], [ -63.23426, -17.77815 ], [ -63.23411, -17.77822 ], [ -63.23397, -17.77833 ], [ -63.23384, -17.77853 ], [ -63.23379, -17.7787 ], [ -63.2338, -17.77895 ], [ -63.23387, -17.77912 ], [ -63.2346, -17.78029 ], [ -63.23476, -17.7806 ], [ -63.23481, -17.78067 ], [ -63.2352, -17.78102 ] ] ] } },
{ "type": "Feature", "properties": { "i": 102 }, "geometry": { "type": "Polygon", "coordinates": [ [ [ -63.25005, -17.77743 ], [ -63.24996, -17.77717 ], [ -63.24914, -17.77737 ], [ -63.24908, -17.77741 ], [ -63.24898, -17.77739 ], [ -63.24893, -17.77729 ], [ -63.24895, -17.77723 ], [ -63.24902, -17.77718 ], [ -63.24908, -17.77718 ], [ -63.24914, -17.77722 ], [ -63.24918, -17.77722 ], [ -63.2495, -17.77717 ], [ -63.2501, -17.77699 ], [ -63.25056, -17.77677 ], [ -63.25077, -17.77663 ], [ -63.25082, -17.77654 ], [ -63.25088, -17.77652 ], [ -63.25096, -17.77654 ], [ -63.25101, -17.77661 ], [ -63.25101, -17.77667 ], [ -63.25095, -17.77675 ], [ -63.25085, -17.77675 ], [ -63.2501, -17.77711 ], [ -63.25019, -17.77736 ], [ -63.25058, -17.77721 ], [ -63.25094, -17.77701 ], [ -63.25127, -17.77674 ], [ -63.25149, -17.77642 ], [ -63.25157, -17.77621 ], [ -63.25158, -17.77606 ], [ -63.25155, -17.77595 ], [ -63.25148, -17.77583 ], [ -63.25131, -17.77566 ], [ -63.25101, -17.77552 ], [ -63.25068, -17.77545 ], [ -63.24975, -17.77547 ], [ -63.24978, -17.77574 ], [ -63.25062, -17.77572 ], [ -63.25066, -17.77567 ], [ -63.25073, -17.77565 ], [ -63.25081, -17.77568 ], [ -63.25084, -17.77572 ], [ -63.25085, -17.77582 ], [ -63.25081, -17.77588 ], [ -63.25075, -17.77591 ], [ -63.25071, -17.77591 ], [ -63.25062, -17.77585 ], [ -63.2505, -17.77584 ], [ -63.25009, -17.77584 ], [ -63.24973, -17.77588 ], [ -63.24947, -17.77593 ], [ -63.24909, -17.77604 ], [ -63.24869, -17.7762 ], [ -63.24867, -17.77624 ], [ -63.24861, -17.77628 ], [ -63.24855, -17.77628 ], [ -63.24849, -17.77624 ], [ -63.24847, -17.77618 ], [ -63.24848, -17.77613 ], [ -63.24855, -17.77607 ], [ -63.24863, -17.77608 ], [ -63.24892, -17.77596 ], [ -63.24961, -17.77576 ], [ -63.24957, -17.7755 ], [ -63.24904, -17.77561 ], [ -63.24865, -17.77574 ], [ -63.24836, -17.77588 ], [ -63.24821, -17.776 ], [ -63.24815, -17.77615 ], [ -63.24816, -17.77626 ], [ -63.2482, -17.77634 ], [ -63.24827, -17.77645 ], [ -63.24842, -17.7766 ], [ -63.24848, -17.7766 ], [ -63.24856, -17.77664 ], [ -63.24862, -17.77672 ], [ -63.24864, -17.77682 ], [ -63.24859, -17.77704 ], [ -63.2486, -17.7773 ], [ -63.24864, -17.77747 ], [ -63.24876, -17.77762 ], [ -63.24893, -17.7777 ], [ -63.24918, -17.77771 ], [ -63.24966, -17.77758 ], [ -63.25005, -17.77743 ] ] ] } },
{ "type": "Feature", "properties": { "i": 103 }, "geometry": { "type": "Polygon", "coordinates": [ [ [ -63.23683, -17.7758 ], [ -63.23645, -17.77598 ], [ -63.23638, -17.77604 ], [ -63.23629, -17.77619 ], [ -63.2362, -17.77644 ], [ -63.23618, -17.77658 ], [ -63.23621, -17.77661 ], [ -63.23653, -17.77671 ], [ -63.23685, -17.77678 ], [ -63.23759, -17.77688 ], [ -63.2382, -17.77707 ], [ -63.23831, -17.77706 ], [ -63.23842, -17.77695 ], [ -63.23855, -17.77676 ], [ -63.23861, -17.77659 ], [ -63.23862, -17.77645 ], [ -63.23856, -17.77619 ], [ -63.23849, -17.77602 ], [ -63.23843, -17.77566 ], [ -63.23781, -17.77567 ], [ -63.23717, -17.77572 ], [ -63.23683, -17.7758 ] ] ] } },
{ "type": "Feature", "properties": { "i": 104 }, "geometry": { "type": "Polygon", "coordinates": [ [ [ -63.2484, -17.7756 ], [ -63.24924, -17.77531 ], [ -63.24896, -17.77437 ], [ -63.2489, -17.77434 ], [ -63.24886, -17.77425 ], [ -63.2489, -17.77415 ], [ -63.24896, -17.77411 ], [ -63.24903, -17.77411 ], [ -63.24909, -17.77414 ], [ -63.24913, -17.7742 ], [ -63.24913, -17.77429 ], [ -63.2491, -17.77433 ], [ -63.24938, -17.77528 ], [ -63.25002, -17.77519 ], [ -63.24993, -17.77392 ], [ -63.24987, -17.77385 ], [ -63.24985, -17.77379 ], [ -63.24988, -17.77365 ], [ -63.24985, -17.77338 ], [ -63.24982, -17.77334 ], [ -63.24973, -17.77333 ], [ -63.24953, -17.77349 ], [ -63.24953, -17.77353 ], [ -63.24947, -17.77361 ], [ -63.24941, -17.77363 ], [ -63.24932, -17.77361 ], [ -63.24926, -17.77351 ], [ -63.24927, -17.77344 ], [ -63.24931, -17.77339 ], [ -63.24979, -17.7731 ], [ -63.24985, -17.77301 ], [ -63.24986, -17.77291 ], [ -63.24974, -17.77249 ], [ -63.24971, -17.77248 ], [ -63.24966, -17.7724 ], [ -63.24968, -17.77228 ], [ -63.24976, -17.77222 ], [ -63.24983, -17.77222 ], [ -63.24992, -17.77227 ], [ -63.24995, -17.77234 ], [ -63.24993, -17.77243 ], [ -63.25005, -17.77262 ], [ -63.25015, -17.7727 ], [ -63.25032, -17.77276 ], [ -63.25056, -17.77276 ], [ -63.25106, -17.77249 ], [ -63.25113, -17.77238 ], [ -63.25121, -17.77235 ], [ -63.25132, -17.77238 ], [ -63.25138, -17.77248 ], [ -63.25138, -17.77256 ], [ -63.25134, -17.77263 ], [ -63.25123, -17.77268 ], [ -63.25118, -17.77267 ], [ -63.2508, -17.7729 ], [ -63.25074, -17.77298 ], [ -63.25061, -17.77306 ], [ -63.25046, -17.77309 ], [ -63.25032, -17.77306 ], [ -63.25021, -17.773 ], [ -63.25014, -17.773 ], [ -63.25007, -17.77304 ], [ -63.25003, -17.77312 ], [ -63.25006, -17.77362 ], [ -63.25012, -17.77373 ], [ -63.25012, -17.7738 ], [ -63.25008, -17.77388 ], [ -63.25015, -17.7745 ], [ -63.25017, -17.77519 ], [ -63.25086, -17.77521 ], [ -63.25103, -17.77406 ], [ -63.25098, -17.77399 ], [ -63.25098, -17.77393 ], [ -63.25104, -17.77384 ], [ -63.25113, -17.77382 ], [ -63.25121, -17.77387 ], [ -63.25124, -17.77393 ], [ -63.25124, -17.774 ], [ -63.25116, -17.77408 ], [ -63.25097, -17.77522 ], [ -63.25125, -17.77531 ], [ -63.2514, -17.77539 ], [ -63.25153, -17.77549 ], [ -63.25173, -17.77575 ], [ -63.25176, -17.77583 ], [ -63.25199, -17.77576 ], [ -63.25186, -17.77548 ], [ -63.25171, -17.77529 ], [ -63.25166, -17.77529 ], [ -63.25159, -17.77523 ], [ -63.25159, -17.77516 ], [ -63.25165, -17.77509 ], [ -63.25175, -17.7751 ], [ -63.25179, -17.77516 ], [ -63.25179, -17.7752 ], [ -63.25193, -17.77537 ], [ -63.25213, -17.77572 ], [ -63.25246, -17.77563 ], [ -63.25188, -17.77421 ], [ -63.25181, -17.77358 ], [ -63.2518, -17.77309 ], [ -63.25198, -17.77248 ], [ -63.25204, -17.7721 ], [ -63.25198, -17.77159 ], [ -63.25229, -17.77146 ], [ -63.25206, -17.77069 ], [ -63.2514, -17.77074 ], [ -63.25153, -17.77085 ], [ -63.25148, -17.77127 ], [ -63.25158, -17.77149 ], [ -63.25155, -17.7715 ], [ -63.25145, -17.77128 ], [ -63.25149, -17.77085 ], [ -63.25137, -17.77074 ], [ -63.25056, -17.7708 ], [ -63.25032, -17.77094 ], [ -63.24904, -17.77145 ], [ -63.24857, -17.77253 ], [ -63.24808, -17.77415 ], [ -63.24725, -17.77446 ], [ -63.2474, -17.77482 ], [ -63.2478, -17.77543 ], [ -63.24799, -17.77583 ], [ -63.2484, -17.7756 ] ] ] } },
{ "type": "Feature", "properties": { "i": 105 }, "geometry": { "type": "Polygon", "coordinates": [ [ [ -63.24025, -17.77583 ], [ -63.23919, -17.77569 ], [ -63.23913, -17.77571 ], [ -63.23904, -17.77596 ], [ -63.2389, -17.77625 ], [ -63.23883, -17.77677 ], [ -63.23868, -17.77712 ], [ -63.2387, -17.77725 ], [ -63.23943, -17.77774 ], [ -63.24018, -17.77816 ], [ -63.24075, -17.77841 ], [ -63.24104, -17.77846 ], [ -63.24133, -17.77846 ], [ -63.24142, -17.77848 ], [ -63.24153, -17.77853 ], [ -63.24167, -17.77863 ], [ -63.24179, -17.77861 ], [ -63.2422, -17.7783 ], [ -63.24255, -17.77808 ], [ -63.24296, -17.77791 ], [ -63.24338, -17.77778 ], [ -63.2433, -17.77749 ], [ -63.24259, -17.77773 ], [ -63.24228, -17.77789 ], [ -63.24174, -17.77822 ], [ -63.24162, -17.77822 ], [ -63.24144, -17.77813 ], [ -63.24126, -17.77808 ], [ -63.2409, -17.77807 ], [ -63.24077, -17.77804 ], [ -63.24065, -17.77799 ], [ -63.2402, -17.77769 ], [ -63.24015, -17.77768 ], [ -63.24012, -17.77764 ], [ -63.24013, -17.77754 ], [ -63.24018, -17.7775 ], [ -63.24028, -17.77751 ], [ -63.24032, -17.77757 ], [ -63.24032, -17.77761 ], [ -63.2404, -17.77769 ], [ -63.2406, -17.77782 ], [ -63.24077, -17.7779 ], [ -63.24091, -17.77794 ], [ -63.24139, -17.77798 ], [ -63.24166, -17.77808 ], [ -63.24211, -17.77778 ], [ -63.24211, -17.77775 ], [ -63.24188, -17.77751 ], [ -63.24156, -17.77726 ], [ -63.24108, -17.77701 ], [ -63.24096, -17.777 ], [ -63.24092, -17.77696 ], [ -63.24091, -17.77689 ], [ -63.24097, -17.77682 ], [ -63.24109, -17.77684 ], [ -63.24113, -17.7769 ], [ -63.24139, -17.77702 ], [ -63.24173, -17.77723 ], [ -63.24191, -17.77737 ], [ -63.2422, -17.77766 ], [ -63.24227, -17.77768 ], [ -63.2428, -17.77745 ], [ -63.24251, -17.77686 ], [ -63.24246, -17.77685 ], [ -63.24241, -17.77679 ], [ -63.24241, -17.77669 ], [ -63.24249, -17.77662 ], [ -63.24259, -17.77662 ], [ -63.24265, -17.77667 ], [ -63.24266, -17.77678 ], [ -63.24262, -17.77682 ], [ -63.24267, -17.77695 ], [ -63.24283, -17.77722 ], [ -63.24297, -17.77738 ], [ -63.24326, -17.77732 ], [ -63.24344, -17.77722 ], [ -63.24366, -17.77722 ], [ -63.24388, -17.77717 ], [ -63.24392, -17.77714 ], [ -63.24393, -17.77706 ], [ -63.24359, -17.7765 ], [ -63.24355, -17.77649 ], [ -63.2435, -17.77643 ], [ -63.24351, -17.77634 ], [ -63.24358, -17.77629 ], [ -63.24364, -17.77629 ], [ -63.24372, -17.77635 ], [ -63.24372, -17.77645 ], [ -63.24418, -17.77717 ], [ -63.24475, -17.77713 ], [ -63.24479, -17.77708 ], [ -63.24475, -17.77691 ], [ -63.2446, -17.77659 ], [ -63.24449, -17.77642 ], [ -63.24441, -17.77635 ], [ -63.24441, -17.77628 ], [ -63.24447, -17.77623 ], [ -63.24455, -17.77624 ], [ -63.24459, -17.77628 ], [ -63.2446, -17.77636 ], [ -63.24481, -17.77674 ], [ -63.24494, -17.77707 ], [ -63.24497, -17.77709 ], [ -63.24584, -17.77695 ], [ -63.24577, -17.77676 ], [ -63.24562, -17.77656 ], [ -63.24543, -17.77641 ], [ -63.24532, -17.7764 ], [ -63.24528, -17.77636 ], [ -63.24527, -17.77628 ], [ -63.24535, -17.77621 ], [ -63.24544, -17.77623 ], [ -63.24548, -17.77629 ], [ -63.24574, -17.77653 ], [ -63.24587, -17.7767 ], [ -63.24599, -17.77692 ], [ -63.24662, -17.77676 ], [ -63.24646, -17.7763 ], [ -63.24637, -17.77614 ], [ -63.24624, -17.776 ], [ -63.24601, -17.77583 ], [ -63.24586, -17.77575 ], [ -63.2455, -17.77561 ], [ -63.24548, -17.77563 ], [ -63.24538, -17.77563 ], [ -63.24532, -17.7756 ], [ -63.24529, -17.77555 ], [ -63.24528, -17.77546 ], [ -63.24533, -17.77538 ], [ -63.24542, -17.77535 ], [ -63.24551, -17.77539 ], [ -63.24555, -17.77547 ], [ -63.24583, -17.77557 ], [ -63.24616, -17.77575 ], [ -63.24641, -17.77596 ], [ -63.24661, -17.77623 ], [ -63.24674, -17.77654 ], [ -63.24678, -17.77667 ], [ -63.24678, -17.77677 ], [ -63.24674, -17.77685 ], [ -63.24666, -17.77692 ], [ -63.24557, -17.77717 ], [ -63.24378, -17.77738 ], [ -63.24386, -17.77767 ], [ -63.24508, -17.77756 ], [ -63.24576, -17.77746 ], [ -63.24709, -17.77714 ], [ -63.24718, -17.77672 ], [ -63.24683, -17.77585 ], [ -63.24673, -17.77573 ], [ -63.24544, -17.77509 ], [ -63.2445, -17.77467 ], [ -63.24381, -17.77417 ], [ -63.24296, -17.77364 ], [ -63.24201, -17.77294 ], [ -63.24125, -17.77234 ], [ -63.24045, -17.77165 ], [ -63.23976, -17.77094 ], [ -63.23722, -17.7717 ], [ -63.23717, -17.77185 ], [ -63.23719, -17.77205 ], [ -63.2373, -17.77223 ], [ -63.2374, -17.77235 ], [ -63.23752, -17.77245 ], [ -63.23803, -17.77274 ], [ -63.23829, -17.77286 ], [ -63.23863, -17.77298 ], [ -63.23869, -17.77297 ], [ -63.23872, -17.77293 ], [ -63.23875, -17.77279 ], [ -63.23884, -17.7726 ], [ -63.23884, -17.77255 ], [ -63.238, -17.77217 ], [ -63.23792, -17.77216 ], [ -63.23788, -17.77212 ], [ -63.23787, -17.77206 ], [ -63.23792, -17.772 ], [ -63.238, -17.77199 ], [ -63.23806, -17.77203 ], [ -63.23808, -17.77211 ], [ -63.23887, -17.77247 ], [ -63.23893, -17.77247 ], [ -63.23903, -17.77241 ], [ -63.23915, -17.77241 ], [ -63.2392, -17.77243 ], [ -63.23926, -17.7725 ], [ -63.24018, -17.77224 ], [ -63.24019, -17.77219 ], [ -63.24026, -17.77214 ], [ -63.24032, -17.77214 ], [ -63.24037, -17.77218 ], [ -63.24037, -17.77227 ], [ -63.24031, -17.77232 ], [ -63.23975, -17.77244 ], [ -63.23931, -17.77258 ], [ -63.2393, -17.77264 ], [ -63.23936, -17.77296 ], [ -63.23939, -17.77299 ], [ -63.24077, -17.77279 ], [ -63.24086, -17.77272 ], [ -63.24095, -17.77272 ], [ -63.24103, -17.77277 ], [ -63.24104, -17.77288 ], [ -63.24101, -17.77293 ], [ -63.24095, -17.77296 ], [ -63.24084, -17.77295 ], [ -63.24078, -17.77291 ], [ -63.24028, -17.77295 ], [ -63.23941, -17.7731 ], [ -63.23939, -17.77312 ], [ -63.2394, -17.77384 ], [ -63.23946, -17.77386 ], [ -63.24044, -17.77378 ], [ -63.24124, -17.77377 ], [ -63.2413, -17.77372 ], [ -63.24139, -17.77371 ], [ -63.24144, -17.77373 ], [ -63.24148, -17.77378 ], [ -63.24149, -17.77384 ], [ -63.24146, -17.77391 ], [ -63.24141, -17.77394 ], [ -63.24131, -17.77394 ], [ -63.24124, -17.77388 ], [ -63.2404, -17.77388 ], [ -63.23941, -17.77396 ], [ -63.23938, -17.774 ], [ -63.23932, -17.77468 ], [ -63.23936, -17.77472 ], [ -63.24032, -17.77472 ], [ -63.24126, -17.77478 ], [ -63.24133, -17.77475 ], [ -63.24142, -17.77475 ], [ -63.24146, -17.77476 ], [ -63.24151, -17.77481 ], [ -63.24152, -17.77488 ], [ -63.2415, -17.77493 ], [ -63.24144, -17.77497 ], [ -63.24133, -17.77497 ], [ -63.24124, -17.7749 ], [ -63.24064, -17.77484 ], [ -63.24006, -17.77482 ], [ -63.23932, -17.77484 ], [ -63.23929, -17.77488 ], [ -63.23918, -17.77558 ], [ -63.24027, -17.77574 ], [ -63.24101, -17.77579 ], [ -63.24135, -17.7758 ], [ -63.24142, -17.77574 ], [ -63.24149, -17.77573 ], [ -63.24159, -17.77578 ], [ -63.24161, -17.77584 ], [ -63.2416, -17.7759 ], [ -63.24152, -17.77597 ], [ -63.24144, -17.77597 ], [ -63.24138, -17.77592 ], [ -63.24025, -17.77583 ] ] ] } },
{ "type": "Feature", "properties": { "i": 106 }, "geometry": { "type": "Polygon", "coordinates": [ [ [ -63.24661, -17.77471 ], [ -63.24639, -17.77336 ], [ -63.24634, -17.77335 ], [ -63.24559, -17.77363 ], [ -63.2457, -17.77442 ], [ -63.24579, -17.77456 ], [ -63.24631, -17.77478 ], [ -63.24661, -17.77471 ] ] ] } },
{ "type": "Feature", "properties": { "i": 107 }, "geometry": { "type": "Polygon", "coordinates": [ [ [ -63.24755, -17.7743 ], [ -63.24733, -17.773 ], [ -63.24651, -17.77328 ], [ -63.24665, -17.77421 ], [ -63.24709, -17.77409 ], [ -63.2473, -17.77408 ], [ -63.24731, -17.77413 ], [ -63.24711, -17.77415 ], [ -63.24666, -17.77428 ], [ -63.24671, -17.77459 ], [ -63.24755, -17.7743 ] ] ] } },
{ "type": "Feature", "properties": { "i": 108 }, "geometry": { "type": "Polygon", "coordinates": [ [ [ -63.24495, -17.77449 ], [ -63.24558, -17.77447 ], [ -63.24558, -17.77437 ], [ -63.24524, -17.77247 ], [ -63.24511, -17.77188 ], [ -63.24447, -17.77224 ], [ -63.24334, -17.77269 ], [ -63.2434, -17.77336 ], [ -63.24495, -17.77449 ] ] ] } },
{ "type": "Feature", "properties": { "i": 109 }, "geometry": { "type": "Polygon", "coordinates": [ [ [ -63.23666, -17.77574 ], [ -63.23643, -17.77585 ], [ -63.23639, -17.77574 ], [ -63.23642, -17.7756 ], [ -63.23654, -17.77544 ], [ -63.23657, -17.77522 ], [ -63.23662, -17.77513 ], [ -63.23669, -17.77507 ], [ -63.23675, -17.77492 ], [ -63.2364, -17.77282 ], [ -63.23657, -17.77263 ], [ -63.23726, -17.77259 ], [ -63.23728, -17.77255 ], [ -63.23735, -17.77251 ], [ -63.23746, -17.7725 ], [ -63.23754, -17.77253 ], [ -63.23799, -17.77283 ], [ -63.23863, -17.77309 ], [ -63.23864, -17.77317 ], [ -63.23853, -17.7738 ], [ -63.2385, -17.77383 ], [ -63.23846, -17.77383 ], [ -63.23728, -17.77358 ], [ -63.23725, -17.77353 ], [ -63.2372, -17.7735 ], [ -63.23713, -17.7735 ], [ -63.23706, -17.77355 ], [ -63.23705, -17.77366 ], [ -63.23713, -17.77373 ], [ -63.2372, -17.77373 ], [ -63.23725, -17.77369 ], [ -63.23734, -17.77369 ], [ -63.23849, -17.77393 ], [ -63.23851, -17.77397 ], [ -63.23844, -17.77466 ], [ -63.23838, -17.77469 ], [ -63.23737, -17.7746 ], [ -63.23733, -17.77455 ], [ -63.23726, -17.77453 ], [ -63.23719, -17.77455 ], [ -63.23715, -17.77459 ], [ -63.23714, -17.7747 ], [ -63.23718, -17.77476 ], [ -63.23726, -17.77479 ], [ -63.23736, -17.77476 ], [ -63.2374, -17.77471 ], [ -63.23841, -17.7748 ], [ -63.23844, -17.77484 ], [ -63.23844, -17.77554 ], [ -63.23841, -17.77557 ], [ -63.23728, -17.7756 ], [ -63.23701, -17.77564 ], [ -63.23666, -17.77574 ] ] ] } },
{ "type": "Feature", "properties": { "i": 110 }, "geometry": { "type": "Polygon", "coordinates": [ [ [ -63.24762, -17.77275 ], [ -63.24733, -17.77201 ], [ -63.24606, -17.77244 ], [ -63.24571, -17.7711 ], [ -63.24568, -17.77109 ], [ -63.24512, -17.77129 ], [ -63.24542, -17.77269 ], [ -63.24556, -17.77345 ], [ -63.24561, -17.77347 ], [ -63.24762, -17.77275 ] ] ] } },
{ "type": "Feature", "properties": { "i": 111 }, "geometry": { "type": "Polygon", "coordinates": [ [ [ -63.24326, -17.77326 ], [ -63.24312, -17.77169 ], [ -63.2431, -17.77168 ], [ -63.24158, -17.7721 ], [ -63.24204, -17.77245 ], [ -63.24322, -17.77325 ], [ -63.24326, -17.77326 ] ] ] } },
{ "type": "Feature", "properties": { "i": 112 }, "geometry": { "type": "Polygon", "coordinates": [ [ [ -63.24505, -17.77178 ], [ -63.24507, -17.77174 ], [ -63.24498, -17.77122 ], [ -63.24496, -17.7712 ], [ -63.24429, -17.77141 ], [ -63.24401, -17.77141 ], [ -63.24324, -17.77163 ], [ -63.24333, -17.77255 ], [ -63.24335, -17.77257 ], [ -63.2436, -17.77249 ], [ -63.24445, -17.77213 ], [ -63.24505, -17.77178 ] ] ] } },
{ "type": "Feature", "properties": { "i": 113 }, "geometry": { "type": "Polygon", "coordinates": [ [ [ -63.2461, -17.77219 ], [ -63.24796, -17.77157 ], [ -63.24787, -17.77041 ], [ -63.24581, -17.77105 ], [ -63.24579, -17.77109 ], [ -63.2461, -17.77219 ] ] ] } },
{ "type": "Feature", "properties": { "i": 114 }, "geometry": { "type": "Polygon", "coordinates": [ [ [ -63.23725, -17.77246 ], [ -63.23728, -17.77241 ], [ -63.23728, -17.77232 ], [ -63.23705, -17.77199 ], [ -63.23714, -17.77175 ], [ -63.2371, -17.77172 ], [ -63.23607, -17.77203 ], [ -63.23606, -17.7721 ], [ -63.23609, -17.77231 ], [ -63.23644, -17.7746 ], [ -63.2365, -17.77488 ], [ -63.23664, -17.77487 ], [ -63.23653, -17.77407 ], [ -63.23626, -17.77265 ], [ -63.23725, -17.77246 ] ] ] } },
{ "type": "Feature", "properties": { "i": 115 }, "geometry": { "type": "Polygon", "coordinates": [ [ [ -63.22818, -17.77482 ], [ -63.22843, -17.77451 ], [ -63.22871, -17.77401 ], [ -63.22829, -17.77373 ], [ -63.22822, -17.77374 ], [ -63.22796, -17.77416 ], [ -63.22769, -17.77444 ], [ -63.2277, -17.7745 ], [ -63.22818, -17.77482 ] ] ] } },
{ "type": "Feature", "properties": { "i": 116 }, "geometry": { "type": "Polygon", "coordinates": [ [ [ -63.24429, -17.77132 ], [ -63.24395, -17.7713 ], [ -63.24326, -17.77151 ], [ -63.24323, -17.77148 ], [ -63.24314, -17.77062 ], [ -63.24472, -17.77017 ], [ -63.24496, -17.77111 ], [ -63.24429, -17.77132 ] ] ] } },
{ "type": "Feature", "properties": { "i": 117 }, "geometry": { "type": "Polygon", "coordinates": [ [ [ -63.24301, -17.77055 ], [ -63.24294, -17.76997 ], [ -63.2429, -17.76995 ], [ -63.24211, -17.77019 ], [ -63.24211, -17.77021 ], [ -63.2402, -17.77078 ], [ -63.24152, -17.77196 ], [ -63.24308, -17.77157 ], [ -63.24311, -17.77151 ], [ -63.24311, -17.77141 ], [ -63.24303, -17.77063 ], [ -63.24212, -17.77088 ], [ -63.2421, -17.7708 ], [ -63.24301, -17.77055 ] ] ] } },
{ "type": "Feature", "properties": { "i": 118 }, "geometry": { "type": "Polygon", "coordinates": [ [ [ -63.22916, -17.77333 ], [ -63.22943, -17.77356 ], [ -63.22942, -17.7736 ], [ -63.22936, -17.77359 ], [ -63.22921, -17.77362 ], [ -63.22903, -17.7737 ], [ -63.22889, -17.77381 ], [ -63.22878, -17.77396 ], [ -63.22814, -17.77352 ], [ -63.22812, -17.77348 ], [ -63.22813, -17.77342 ], [ -63.22872, -17.77289 ], [ -63.22876, -17.7729 ], [ -63.22916, -17.77333 ] ] ] } },
{ "type": "Feature", "properties": { "i": 119 }, "geometry": { "type": "Polygon", "coordinates": [ [ [ -63.24403, -17.76957 ], [ -63.24376, -17.76973 ], [ -63.2431, -17.76989 ], [ -63.24307, -17.76993 ], [ -63.24312, -17.77049 ], [ -63.24314, -17.7705 ], [ -63.24466, -17.77005 ], [ -63.24468, -17.77001 ], [ -63.24447, -17.76922 ], [ -63.24444, -17.76922 ], [ -63.24403, -17.76957 ] ] ] } },
{ "type": "Feature", "properties": { "i": 120 }, "geometry": { "type": "Polygon", "coordinates": [ [ [ -63.22425, -17.77288 ], [ -63.22423, -17.77298 ], [ -63.22763, -17.77556 ], [ -63.22788, -17.77518 ], [ -63.22813, -17.77486 ], [ -63.2278, -17.77463 ], [ -63.22765, -17.77455 ], [ -63.22761, -17.77449 ], [ -63.22762, -17.77439 ], [ -63.22797, -17.77397 ], [ -63.22811, -17.77372 ], [ -63.22811, -17.77361 ], [ -63.22777, -17.77334 ], [ -63.22745, -17.77333 ], [ -63.22733, -17.77352 ], [ -63.22733, -17.7736 ], [ -63.22728, -17.77365 ], [ -63.22722, -17.77366 ], [ -63.22717, -17.77364 ], [ -63.22713, -17.77359 ], [ -63.22714, -17.77351 ], [ -63.22724, -17.77346 ], [ -63.22737, -17.77326 ], [ -63.22714, -17.77309 ], [ -63.22695, -17.77288 ], [ -63.22684, -17.7727 ], [ -63.22681, -17.77243 ], [ -63.22664, -17.77224 ], [ -63.22589, -17.77308 ], [ -63.2259, -17.77315 ], [ -63.22638, -17.77365 ], [ -63.22644, -17.77369 ], [ -63.22644, -17.77375 ], [ -63.22641, -17.77378 ], [ -63.22636, -17.77378 ], [ -63.22632, -17.77375 ], [ -63.22632, -17.77367 ], [ -63.22573, -17.77306 ], [ -63.22566, -17.77302 ], [ -63.22558, -17.77305 ], [ -63.2255, -17.77301 ], [ -63.2255, -17.77291 ], [ -63.22554, -17.77288 ], [ -63.22561, -17.77288 ], [ -63.22566, -17.77294 ], [ -63.22583, -17.77303 ], [ -63.22609, -17.77272 ], [ -63.22609, -17.77266 ], [ -63.22579, -17.77238 ], [ -63.22573, -17.77238 ], [ -63.22568, -17.77234 ], [ -63.22567, -17.77228 ], [ -63.22571, -17.77222 ], [ -63.22583, -17.77222 ], [ -63.22587, -17.77228 ], [ -63.22587, -17.77233 ], [ -63.22615, -17.77259 ], [ -63.2262, -17.77259 ], [ -63.22658, -17.7722 ], [ -63.22658, -17.77216 ], [ -63.22602, -17.77142 ], [ -63.22535, -17.77144 ], [ -63.2253, -17.77155 ], [ -63.22518, -17.7716 ], [ -63.22425, -17.77288 ] ] ] } },
{ "type": "Feature", "properties": { "i": 121 }, "geometry": { "type": "Polygon", "coordinates": [ [ [ -63.23727, -17.76745 ], [ -63.23711, -17.76692 ], [ -63.23718, -17.7669 ], [ -63.2372, -17.76681 ], [ -63.23881, -17.76643 ], [ -63.23884, -17.76644 ], [ -63.23955, -17.76743 ], [ -63.23954, -17.7688 ], [ -63.23887, -17.76891 ], [ -63.23855, -17.76899 ], [ -63.23831, -17.76915 ], [ -63.23824, -17.76917 ], [ -63.23767, -17.76917 ], [ -63.23766, -17.76911 ], [ -63.2378, -17.76879 ], [ -63.23793, -17.76825 ], [ -63.23804, -17.76791 ], [ -63.23865, -17.7679 ], [ -63.23869, -17.76793 ], [ -63.23865, -17.76853 ], [ -63.2386, -17.76857 ], [ -63.23859, -17.76861 ], [ -63.23861, -17.76866 ], [ -63.23867, -17.76869 ], [ -63.23874, -17.76865 ], [ -63.23871, -17.76854 ], [ -63.23875, -17.76791 ], [ -63.23879, -17.76788 ], [ -63.2389, -17.76786 ], [ -63.23897, -17.76789 ], [ -63.23902, -17.76786 ], [ -63.23904, -17.7678 ], [ -63.23901, -17.76775 ], [ -63.23893, -17.76774 ], [ -63.23885, -17.76781 ], [ -63.2385, -17.76785 ], [ -63.23819, -17.76785 ], [ -63.23809, -17.76784 ], [ -63.23805, -17.76781 ], [ -63.23806, -17.76725 ], [ -63.23808, -17.76722 ], [ -63.2381, -17.7672 ], [ -63.23836, -17.76716 ], [ -63.23849, -17.76719 ], [ -63.23854, -17.76711 ], [ -63.23851, -17.76706 ], [ -63.23845, -17.76704 ], [ -63.23837, -17.7671 ], [ -63.23808, -17.76713 ], [ -63.23805, -17.7671 ], [ -63.23801, -17.76683 ], [ -63.23804, -17.76673 ], [ -63.23799, -17.76668 ], [ -63.23791, -17.7667 ], [ -63.23788, -17.76676 ], [ -63.23791, -17.76682 ], [ -63.23795, -17.76684 ], [ -63.238, -17.76727 ], [ -63.23799, -17.76767 ], [ -63.23794, -17.76798 ], [ -63.2379, -17.76802 ], [ -63.23785, -17.76803 ], [ -63.23743, -17.76775 ], [ -63.23742, -17.7676 ], [ -63.23739, -17.76754 ], [ -63.23727, -17.76745 ] ] ] } },
{ "type": "Feature", "properties": { "i": 122 }, "geometry": { "type": "Polygon", "coordinates": [ [ [ -63.2362, -17.76876 ], [ -63.23566, -17.76995 ], [ -63.23685, -17.77057 ], [ -63.23792, -17.77078 ], [ -63.23809, -17.7712 ], [ -63.23963, -17.7708 ], [ -63.23956, -17.76927 ], [ -63.23714, -17.7693 ], [ -63.2362, -17.76876 ] ] ] } },
{ "type": "Feature", "properties": { "i": 123 }, "geometry": { "type": "Polygon", "coordinates": [ [ [ -63.22552, -17.76964 ], [ -63.22579, -17.7707 ], [ -63.22601, -17.77133 ], [ -63.22534, -17.77136 ], [ -63.22526, -17.77127 ], [ -63.2252, -17.77125 ], [ -63.22508, -17.77126 ], [ -63.22475, -17.77111 ], [ -63.22423, -17.77002 ], [ -63.22425, -17.76997 ], [ -63.22552, -17.76964 ] ] ] } },
{ "type": "Feature", "properties": { "i": 124 }, "geometry": { "type": "Polygon", "coordinates": [ [ [ -63.2412, -17.7703 ], [ -63.24116, -17.76943 ], [ -63.24114, -17.76941 ], [ -63.24042, -17.76966 ], [ -63.24045, -17.77055 ], [ -63.24118, -17.77034 ], [ -63.2412, -17.7703 ] ] ] } },
{ "type": "Feature", "properties": { "i": 125 }, "geometry": { "type": "Polygon", "coordinates": [ [ [ -63.2317, -17.76997 ], [ -63.23345, -17.77269 ], [ -63.238, -17.77129 ], [ -63.23782, -17.77086 ], [ -63.23681, -17.77065 ], [ -63.23392, -17.76917 ], [ -63.2317, -17.76997 ] ] ] } },
{ "type": "Feature", "properties": { "i": 126 }, "geometry": { "type": "Polygon", "coordinates": [ [ [ -63.24211, -17.77005 ], [ -63.24209, -17.76917 ], [ -63.24128, -17.76938 ], [ -63.24131, -17.77023 ], [ -63.24203, -17.77009 ], [ -63.24203, -17.77006 ], [ -63.24211, -17.77005 ] ] ] } },
{ "type": "Feature", "properties": { "i": 127 }, "geometry": { "type": "Polygon", "coordinates": [ [ [ -63.24223, -17.76997 ], [ -63.24226, -17.77001 ], [ -63.24371, -17.76958 ], [ -63.24431, -17.76916 ], [ -63.24438, -17.7691 ], [ -63.24407, -17.76859 ], [ -63.24403, -17.76857 ], [ -63.24342, -17.76883 ], [ -63.2427, -17.76904 ], [ -63.24216, -17.76916 ], [ -63.24223, -17.76997 ] ] ] } },
{ "type": "Feature", "properties": { "i": 128 }, "geometry": { "type": "Polygon", "coordinates": [ [ [ -63.22781, -17.7731 ], [ -63.22767, -17.77283 ], [ -63.22751, -17.77266 ], [ -63.22726, -17.77247 ], [ -63.22693, -17.77237 ], [ -63.22679, -17.77217 ], [ -63.22679, -17.77214 ], [ -63.22774, -17.77143 ], [ -63.22785, -17.7714 ], [ -63.22794, -17.77143 ], [ -63.228, -17.7715 ], [ -63.22829, -17.77216 ], [ -63.22842, -17.7724 ], [ -63.22866, -17.77276 ], [ -63.22866, -17.77279 ], [ -63.22821, -17.77321 ], [ -63.22807, -17.77331 ], [ -63.22798, -17.7733 ], [ -63.22781, -17.7731 ] ] ] } },
{ "type": "Feature", "properties": { "i": 129 }, "geometry": { "type": "Polygon", "coordinates": [ [ [ -63.22934, -17.77244 ], [ -63.22998, -17.77316 ], [ -63.23007, -17.77319 ], [ -63.23011, -17.77323 ], [ -63.23012, -17.77333 ], [ -63.23008, -17.77338 ], [ -63.22999, -17.77339 ], [ -63.22993, -17.77334 ], [ -63.2299, -17.77322 ], [ -63.22929, -17.77252 ], [ -63.22913, -17.77202 ], [ -63.2286, -17.77107 ], [ -63.22856, -17.77104 ], [ -63.2285, -17.77104 ], [ -63.22804, -17.77127 ], [ -63.22804, -17.77132 ], [ -63.22818, -17.77172 ], [ -63.22836, -17.77211 ], [ -63.22868, -17.77262 ], [ -63.22881, -17.77281 ], [ -63.22905, -17.77309 ], [ -63.22951, -17.77353 ], [ -63.2296, -17.77359 ], [ -63.23004, -17.77358 ], [ -63.23062, -17.77347 ], [ -63.23147, -17.77327 ], [ -63.2334, -17.77271 ], [ -63.23168, -17.76998 ], [ -63.23159, -17.77014 ], [ -63.23155, -17.77056 ], [ -63.23166, -17.77082 ], [ -63.23172, -17.77083 ], [ -63.23182, -17.7708 ], [ -63.2319, -17.77088 ], [ -63.23226, -17.77136 ], [ -63.23294, -17.77245 ], [ -63.23301, -17.77248 ], [ -63.23301, -17.77259 ], [ -63.23297, -17.77262 ], [ -63.2329, -17.77262 ], [ -63.23286, -17.77259 ], [ -63.23286, -17.7725 ], [ -63.23221, -17.77147 ], [ -63.23214, -17.77147 ], [ -63.23137, -17.77187 ], [ -63.23129, -17.77187 ], [ -63.23124, -17.77183 ], [ -63.2309, -17.77137 ], [ -63.23003, -17.77159 ], [ -63.22921, -17.77187 ], [ -63.22919, -17.77194 ], [ -63.22934, -17.77244 ] ] ] } },
{ "type": "Feature", "properties": { "i": 130 }, "geometry": { "type": "Polygon", "coordinates": [ [ [ -63.22848, -17.76878 ], [ -63.22646, -17.76934 ], [ -63.22566, -17.76953 ], [ -63.22575, -17.77018 ], [ -63.22586, -17.77064 ], [ -63.22598, -17.77098 ], [ -63.22618, -17.77138 ], [ -63.22635, -17.77165 ], [ -63.22669, -17.77207 ], [ -63.22745, -17.77151 ], [ -63.22821, -17.77107 ], [ -63.22848, -17.77096 ], [ -63.22901, -17.77079 ], [ -63.23009, -17.77047 ], [ -63.23083, -17.76998 ], [ -63.23094, -17.76998 ], [ -63.23112, -17.76975 ], [ -63.23123, -17.76945 ], [ -63.2305, -17.76831 ], [ -63.22848, -17.76878 ] ] ] } },
{ "type": "Feature", "properties": { "i": 131 }, "geometry": { "type": "Polygon", "coordinates": [ [ [ -63.23213, -17.77136 ], [ -63.23142, -17.77174 ], [ -63.23134, -17.77175 ], [ -63.23131, -17.77174 ], [ -63.231, -17.77131 ], [ -63.23172, -17.77091 ], [ -63.23178, -17.77091 ], [ -63.23184, -17.77095 ], [ -63.23213, -17.77136 ] ] ] } },
{ "type": "Feature", "properties": { "i": 132 }, "geometry": { "type": "Polygon", "coordinates": [ [ [ -63.23676, -17.76812 ], [ -63.23709, -17.7678 ], [ -63.23709, -17.76775 ], [ -63.23704, -17.76758 ], [ -63.23686, -17.76745 ], [ -63.23668, -17.76737 ], [ -63.23661, -17.76736 ], [ -63.23643, -17.76737 ], [ -63.23617, -17.76742 ], [ -63.23521, -17.76766 ], [ -63.23523, -17.76772 ], [ -63.2365, -17.76847 ], [ -63.23658, -17.76846 ], [ -63.23668, -17.76824 ], [ -63.23676, -17.76812 ] ] ] } },
{ "type": "Feature", "properties": { "i": 133 }, "geometry": { "type": "Polygon", "coordinates": [ [ [ -63.24138, -17.76834 ], [ -63.24125, -17.76831 ], [ -63.24128, -17.76927 ], [ -63.24213, -17.76903 ], [ -63.24201, -17.76884 ], [ -63.24187, -17.76869 ], [ -63.24154, -17.76842 ], [ -63.24138, -17.76834 ] ] ] } },
{ "type": "Feature", "properties": { "i": 134 }, "geometry": { "type": "Polygon", "coordinates": [ [ [ -63.25204, -17.77056 ], [ -63.25069, -17.77063 ], [ -63.25026, -17.77063 ], [ -63.24989, -17.77057 ], [ -63.24916, -17.7706 ], [ -63.24927, -17.76996 ], [ -63.24977, -17.76988 ], [ -63.25031, -17.76983 ], [ -63.25032, -17.76976 ], [ -63.24978, -17.7698 ], [ -63.24927, -17.76988 ], [ -63.24611, -17.77088 ], [ -63.24595, -17.77029 ], [ -63.24587, -17.77031 ], [ -63.24603, -17.7709 ], [ -63.24516, -17.77117 ], [ -63.24511, -17.77113 ], [ -63.24488, -17.77013 ], [ -63.246, -17.76964 ], [ -63.24596, -17.76956 ], [ -63.24481, -17.77003 ], [ -63.24457, -17.76909 ], [ -63.24523, -17.76851 ], [ -63.24552, -17.7682 ], [ -63.24594, -17.76749 ], [ -63.24615, -17.76719 ], [ -63.24638, -17.767 ], [ -63.2466, -17.76689 ], [ -63.24676, -17.76684 ], [ -63.24724, -17.76677 ], [ -63.24918, -17.76665 ], [ -63.24947, -17.76659 ], [ -63.24966, -17.76652 ], [ -63.24986, -17.76641 ], [ -63.25078, -17.76575 ], [ -63.25104, -17.76567 ], [ -63.25118, -17.76567 ], [ -63.25144, -17.76571 ], [ -63.2519, -17.76581 ], [ -63.25282, -17.76589 ], [ -63.25327, -17.76596 ], [ -63.25372, -17.7661 ], [ -63.25376, -17.76617 ], [ -63.25375, -17.76623 ], [ -63.25297, -17.76696 ], [ -63.25183, -17.76784 ], [ -63.25141, -17.76827 ], [ -63.25133, -17.76845 ], [ -63.25132, -17.7687 ], [ -63.25149, -17.7696 ], [ -63.25153, -17.76993 ], [ -63.25159, -17.77002 ], [ -63.2519, -17.77015 ], [ -63.25195, -17.77019 ], [ -63.25198, -17.77024 ], [ -63.25204, -17.77056 ] ] ] } },
{ "type": "Feature", "properties": { "i": 135 }, "geometry": { "type": "Polygon", "coordinates": [ [ [ -63.24541, -17.76803 ], [ -63.24524, -17.7678 ], [ -63.24521, -17.7678 ], [ -63.24417, -17.76852 ], [ -63.24444, -17.76898 ], [ -63.24447, -17.76899 ], [ -63.24528, -17.76828 ], [ -63.24541, -17.76803 ] ] ] } },
{ "type": "Feature", "properties": { "i": 136 }, "geometry": { "type": "Polygon", "coordinates": [ [ [ -63.23022, -17.77081 ], [ -63.23009, -17.77058 ], [ -63.22868, -17.77101 ], [ -63.2291, -17.77176 ], [ -63.22919, -17.77178 ], [ -63.22985, -17.77153 ], [ -63.23041, -17.77139 ], [ -63.23044, -17.7713 ], [ -63.23022, -17.77081 ] ] ] } },
{ "type": "Feature", "properties": { "i": 137 }, "geometry": { "type": "Polygon", "coordinates": [ [ [ -63.24032, -17.77052 ], [ -63.24027, -17.76765 ], [ -63.23997, -17.76745 ], [ -63.23995, -17.76746 ], [ -63.24007, -17.77065 ], [ -63.24014, -17.77065 ], [ -63.24025, -17.77061 ], [ -63.24032, -17.77052 ] ] ] } },
{ "type": "Feature", "properties": { "i": 138 }, "geometry": { "type": "Polygon", "coordinates": [ [ [ -63.24116, -17.76927 ], [ -63.24114, -17.76834 ], [ -63.24111, -17.76828 ], [ -63.24045, -17.76775 ], [ -63.24039, -17.76775 ], [ -63.24041, -17.76949 ], [ -63.24047, -17.76952 ], [ -63.24112, -17.76933 ], [ -63.24116, -17.76927 ] ] ] } },
{ "type": "Feature", "properties": { "i": 139 }, "geometry": { "type": "Polygon", "coordinates": [ [ [ -63.23066, -17.77037 ], [ -63.23059, -17.7703 ], [ -63.2302, -17.77056 ], [ -63.2304, -17.77092 ], [ -63.23054, -17.77132 ], [ -63.23057, -17.77134 ], [ -63.23083, -17.77127 ], [ -63.23132, -17.77101 ], [ -63.23132, -17.77095 ], [ -63.23088, -17.77038 ], [ -63.23084, -17.77036 ], [ -63.23075, -17.77039 ], [ -63.23066, -17.77037 ] ] ] } },
{ "type": "Feature", "properties": { "i": 140 }, "geometry": { "type": "Polygon", "coordinates": [ [ [ -63.24337, -17.7687 ], [ -63.24375, -17.76859 ], [ -63.24399, -17.76847 ], [ -63.24404, -17.76837 ], [ -63.24199, -17.76658 ], [ -63.24193, -17.76657 ], [ -63.24136, -17.76677 ], [ -63.24168, -17.76711 ], [ -63.24337, -17.7687 ] ] ] } },
{ "type": "Feature", "properties": { "i": 141 }, "geometry": { "type": "Polygon", "coordinates": [ [ [ -63.24225, -17.76778 ], [ -63.24118, -17.76683 ], [ -63.24014, -17.76712 ], [ -63.24005, -17.7673 ], [ -63.24058, -17.76773 ], [ -63.24111, -17.76811 ], [ -63.2413, -17.76822 ], [ -63.24143, -17.76824 ], [ -63.24166, -17.76836 ], [ -63.24198, -17.76864 ], [ -63.24221, -17.76895 ], [ -63.24228, -17.76899 ], [ -63.24237, -17.76899 ], [ -63.24322, -17.76876 ], [ -63.24323, -17.76872 ], [ -63.24225, -17.76778 ] ] ] } },
{ "type": "Feature", "properties": { "i": 142 }, "geometry": { "type": "Polygon", "coordinates": [ [ [ -63.24296, -17.76641 ], [ -63.24242, -17.76645 ], [ -63.24211, -17.76656 ], [ -63.24338, -17.76762 ], [ -63.24417, -17.76833 ], [ -63.2442, -17.76833 ], [ -63.24514, -17.76771 ], [ -63.24501, -17.76757 ], [ -63.24423, -17.76724 ], [ -63.24429, -17.76713 ], [ -63.24499, -17.76743 ], [ -63.24532, -17.76659 ], [ -63.24504, -17.76653 ], [ -63.2443, -17.76644 ], [ -63.24296, -17.76641 ] ] ] } },
{ "type": "Feature", "properties": { "i": 143 }, "geometry": { "type": "Polygon", "coordinates": [ [ [ -63.22423, -17.77264 ], [ -63.22506, -17.77158 ], [ -63.22499, -17.7715 ], [ -63.22498, -17.77141 ], [ -63.22469, -17.77128 ], [ -63.22408, -17.77001 ], [ -63.2219, -17.77051 ], [ -63.22194, -17.77082 ], [ -63.22231, -17.77121 ], [ -63.22423, -17.77264 ] ] ] } },
{ "type": "Feature", "properties": { "i": 144 }, "geometry": { "type": "Polygon", "coordinates": [ [ [ -63.23756, -17.76917 ], [ -63.23776, -17.76869 ], [ -63.23788, -17.76816 ], [ -63.23781, -17.76809 ], [ -63.23738, -17.7678 ], [ -63.23728, -17.76783 ], [ -63.23717, -17.76783 ], [ -63.23692, -17.76804 ], [ -63.23674, -17.76826 ], [ -63.23665, -17.76843 ], [ -63.23664, -17.76858 ], [ -63.23657, -17.76861 ], [ -63.23654, -17.7686 ], [ -63.23649, -17.76853 ], [ -63.23509, -17.76771 ], [ -63.235, -17.76768 ], [ -63.2349, -17.76771 ], [ -63.23482, -17.76764 ], [ -63.23484, -17.76758 ], [ -63.23488, -17.76756 ], [ -63.23494, -17.76756 ], [ -63.23498, -17.7676 ], [ -63.23508, -17.76763 ], [ -63.23633, -17.76732 ], [ -63.23655, -17.7673 ], [ -63.23675, -17.76733 ], [ -63.23704, -17.76751 ], [ -63.23709, -17.76752 ], [ -63.23711, -17.7675 ], [ -63.2371, -17.76743 ], [ -63.23694, -17.76696 ], [ -63.23687, -17.76698 ], [ -63.23677, -17.76691 ], [ -63.23417, -17.76752 ], [ -63.23715, -17.76927 ], [ -63.23956, -17.76924 ], [ -63.23955, -17.76884 ], [ -63.23882, -17.76896 ], [ -63.23852, -17.76903 ], [ -63.23832, -17.76918 ], [ -63.23821, -17.7692 ], [ -63.23764, -17.76921 ], [ -63.23756, -17.76917 ] ] ] } },
{ "type": "Feature", "properties": { "i": 145 }, "geometry": { "type": "Polygon", "coordinates": [ [ [ -63.23164, -17.76991 ], [ -63.23379, -17.7691 ], [ -63.23178, -17.76807 ], [ -63.23114, -17.76825 ], [ -63.23064, -17.76836 ], [ -63.23164, -17.76991 ] ] ] } },
{ "type": "Feature", "properties": { "i": 146 }, "geometry": { "type": "Polygon", "coordinates": [ [ [ -63.2227, -17.76829 ], [ -63.22286, -17.76977 ], [ -63.22231, -17.76979 ], [ -63.22231, -17.76986 ], [ -63.22287, -17.76983 ], [ -63.22288, -17.76999 ], [ -63.22235, -17.77013 ], [ -63.2216, -17.77025 ], [ -63.22142, -17.76839 ], [ -63.2227, -17.76829 ] ] ] } },
{ "type": "Feature", "properties": { "i": 147 }, "geometry": { "type": "Polygon", "coordinates": [ [ [ -63.23977, -17.76597 ], [ -63.23978, -17.76591 ], [ -63.2397, -17.76584 ], [ -63.23944, -17.76525 ], [ -63.23945, -17.76522 ], [ -63.23986, -17.76504 ], [ -63.23992, -17.76506 ], [ -63.24025, -17.7657 ], [ -63.24036, -17.76573 ], [ -63.24083, -17.76559 ], [ -63.24087, -17.76561 ], [ -63.2409, -17.76566 ], [ -63.24098, -17.76567 ], [ -63.24102, -17.76563 ], [ -63.24102, -17.76558 ], [ -63.24094, -17.76551 ], [ -63.24034, -17.76567 ], [ -63.2403, -17.76566 ], [ -63.24002, -17.76509 ], [ -63.24003, -17.76504 ], [ -63.24006, -17.76502 ], [ -63.24015, -17.76503 ], [ -63.24171, -17.76536 ], [ -63.24257, -17.76515 ], [ -63.24255, -17.76509 ], [ -63.2424, -17.76512 ], [ -63.24224, -17.76475 ], [ -63.24226, -17.76473 ], [ -63.24276, -17.76466 ], [ -63.24279, -17.76467 ], [ -63.24283, -17.76473 ], [ -63.2429, -17.76473 ], [ -63.24294, -17.76467 ], [ -63.24293, -17.76462 ], [ -63.24289, -17.76459 ], [ -63.24222, -17.76467 ], [ -63.24214, -17.76463 ], [ -63.24207, -17.76465 ], [ -63.24205, -17.76474 ], [ -63.24209, -17.76478 ], [ -63.24216, -17.76478 ], [ -63.24233, -17.76509 ], [ -63.24233, -17.76513 ], [ -63.2419, -17.76526 ], [ -63.24183, -17.76524 ], [ -63.2415, -17.76462 ], [ -63.24145, -17.76465 ], [ -63.24172, -17.76517 ], [ -63.24172, -17.76523 ], [ -63.24164, -17.76528 ], [ -63.24007, -17.76495 ], [ -63.23991, -17.76495 ], [ -63.23911, -17.76529 ], [ -63.23908, -17.76527 ], [ -63.239, -17.76528 ], [ -63.23898, -17.76537 ], [ -63.23904, -17.76542 ], [ -63.23912, -17.76541 ], [ -63.23917, -17.76535 ], [ -63.23931, -17.76529 ], [ -63.23935, -17.76529 ], [ -63.23941, -17.76541 ], [ -63.2394, -17.76546 ], [ -63.23903, -17.76564 ], [ -63.23867, -17.76513 ], [ -63.23973, -17.76494 ], [ -63.24284, -17.7643 ], [ -63.24303, -17.7648 ], [ -63.2431, -17.7653 ], [ -63.24015, -17.76598 ], [ -63.24031, -17.7666 ], [ -63.2403, -17.76662 ], [ -63.2399, -17.76672 ], [ -63.2398, -17.76672 ], [ -63.2396, -17.76662 ], [ -63.23904, -17.7659 ], [ -63.23944, -17.76558 ], [ -63.2395, -17.76559 ], [ -63.23963, -17.76585 ], [ -63.23964, -17.76597 ], [ -63.23969, -17.76601 ], [ -63.23977, -17.76597 ] ] ] } },
{ "type": "Feature", "properties": { "i": 148 }, "geometry": { "type": "Polygon", "coordinates": [ [ [ -63.23235, -17.76763 ], [ -63.23232, -17.76749 ], [ -63.23188, -17.76643 ], [ -63.23168, -17.76642 ], [ -63.23113, -17.76698 ], [ -63.23077, -17.76754 ], [ -63.23135, -17.76785 ], [ -63.23235, -17.76763 ] ] ] } },
{ "type": "Feature", "properties": { "i": 149 }, "geometry": { "type": "Polygon", "coordinates": [ [ [ -63.23556, -17.766 ], [ -63.23422, -17.76549 ], [ -63.23415, -17.76553 ], [ -63.23386, -17.76616 ], [ -63.23386, -17.76626 ], [ -63.23396, -17.7668 ], [ -63.234, -17.76685 ], [ -63.23403, -17.76686 ], [ -63.23564, -17.76648 ], [ -63.23566, -17.76644 ], [ -63.23558, -17.76602 ], [ -63.23556, -17.766 ] ] ] } },
{ "type": "Feature", "properties": { "i": 150 }, "geometry": { "type": "Polygon", "coordinates": [ [ [ -63.22491, -17.76822 ], [ -63.225, -17.76809 ], [ -63.2251, -17.76784 ], [ -63.22509, -17.7676 ], [ -63.22506, -17.76747 ], [ -63.22502, -17.76746 ], [ -63.22426, -17.76763 ], [ -63.22422, -17.76766 ], [ -63.2242, -17.76775 ], [ -63.22439, -17.76846 ], [ -63.22443, -17.76849 ], [ -63.22468, -17.7684 ], [ -63.22479, -17.76834 ], [ -63.22491, -17.76822 ] ] ] } },
{ "type": "Feature", "properties": { "i": 151 }, "geometry": { "type": "Polygon", "coordinates": [ [ [ -63.22662, -17.76904 ], [ -63.22816, -17.76864 ], [ -63.22767, -17.76671 ], [ -63.22586, -17.76569 ], [ -63.2258, -17.76572 ], [ -63.22662, -17.76904 ] ] ] } },
{ "type": "Feature", "properties": { "i": 152 }, "geometry": { "type": "Polygon", "coordinates": [ [ [ -63.24712, -17.76392 ], [ -63.24746, -17.76169 ], [ -63.24402, -17.76027 ], [ -63.24454, -17.76534 ], [ -63.24398, -17.76531 ], [ -63.24379, -17.76622 ], [ -63.24425, -17.7662 ], [ -63.24544, -17.76628 ], [ -63.2465, -17.76586 ], [ -63.24696, -17.7652 ], [ -63.24706, -17.76499 ], [ -63.24712, -17.7648 ], [ -63.24714, -17.76455 ], [ -63.24712, -17.76392 ] ] ] } },
{ "type": "Feature", "properties": { "i": 153 }, "geometry": { "type": "Polygon", "coordinates": [ [ [ -63.22426, -17.76857 ], [ -63.22431, -17.76849 ], [ -63.2241, -17.76775 ], [ -63.22411, -17.76767 ], [ -63.22407, -17.76762 ], [ -63.22373, -17.76745 ], [ -63.22349, -17.76768 ], [ -63.22346, -17.76774 ], [ -63.22356, -17.76868 ], [ -63.22361, -17.76873 ], [ -63.22364, -17.76873 ], [ -63.22426, -17.76857 ] ] ] } },
{ "type": "Feature", "properties": { "i": 154 }, "geometry": { "type": "Polygon", "coordinates": [ [ [ -63.22963, -17.76813 ], [ -63.22955, -17.76819 ], [ -63.22955, -17.76826 ], [ -63.22951, -17.76829 ], [ -63.22818, -17.76863 ], [ -63.22771, -17.76667 ], [ -63.22591, -17.76568 ], [ -63.2267, -17.76533 ], [ -63.22749, -17.76579 ], [ -63.22754, -17.76604 ], [ -63.22785, -17.76599 ], [ -63.22833, -17.76586 ], [ -63.22888, -17.76611 ], [ -63.22892, -17.76625 ], [ -63.22901, -17.76639 ], [ -63.22918, -17.76648 ], [ -63.22936, -17.76648 ], [ -63.22938, -17.7665 ], [ -63.22928, -17.76681 ], [ -63.22933, -17.76697 ], [ -63.22944, -17.76713 ], [ -63.22933, -17.76717 ], [ -63.22921, -17.7673 ], [ -63.2292, -17.76744 ], [ -63.22924, -17.76758 ], [ -63.22935, -17.76779 ], [ -63.22963, -17.76813 ] ] ] } },
{ "type": "Feature", "properties": { "i": 155 }, "geometry": { "type": "Polygon", "coordinates": [ [ [ -63.22507, -17.76703 ], [ -63.2252, -17.76761 ], [ -63.2252, -17.76784 ], [ -63.22511, -17.76813 ], [ -63.22513, -17.76816 ], [ -63.22557, -17.76842 ], [ -63.22562, -17.76842 ], [ -63.22566, -17.7684 ], [ -63.22573, -17.76827 ], [ -63.22583, -17.76782 ], [ -63.22581, -17.76742 ], [ -63.22568, -17.76692 ], [ -63.22563, -17.76688 ], [ -63.2255, -17.76693 ], [ -63.22511, -17.76699 ], [ -63.22507, -17.76703 ] ] ] } },
{ "type": "Feature", "properties": { "i": 156 }, "geometry": { "type": "Polygon", "coordinates": [ [ [ -63.23622, -17.76672 ], [ -63.2358, -17.76565 ], [ -63.23464, -17.7652 ], [ -63.23589, -17.7638 ], [ -63.23622, -17.76403 ], [ -63.23529, -17.76508 ], [ -63.23536, -17.76514 ], [ -63.23631, -17.76405 ], [ -63.23694, -17.7645 ], [ -63.23693, -17.76452 ], [ -63.23782, -17.76516 ], [ -63.2381, -17.76539 ], [ -63.23841, -17.76574 ], [ -63.23866, -17.76613 ], [ -63.23864, -17.76615 ], [ -63.23622, -17.76672 ] ] ] } },
{ "type": "Feature", "properties": { "i": 157 }, "geometry": { "type": "Polygon", "coordinates": [ [ [ -63.38366, -17.73714 ], [ -63.3817, -17.73517 ], [ -63.38063, -17.73472 ], [ -63.37988, -17.73477 ], [ -63.37972, -17.73481 ], [ -63.37961, -17.73489 ], [ -63.37954, -17.73534 ], [ -63.38256, -17.73823 ], [ -63.38264, -17.73823 ], [ -63.38366, -17.73714 ] ] ] } },
{ "type": "Feature", "properties": { "i": 158 }, "geometry": { "type": "Polygon", "coordinates": [ [ [ -63.23219, -17.7659 ], [ -63.23186, -17.76546 ], [ -63.23196, -17.76525 ], [ -63.23213, -17.76499 ], [ -63.23255, -17.76459 ], [ -63.23253, -17.76454 ], [ -63.23167, -17.76488 ], [ -63.23164, -17.76498 ], [ -63.23163, -17.76517 ], [ -63.23164, -17.76557 ], [ -63.23172, -17.76577 ], [ -63.23172, -17.76582 ], [ -63.23168, -17.7659 ], [ -63.23117, -17.76638 ], [ -63.23102, -17.76644 ], [ -63.23079, -17.76643 ], [ -63.23035, -17.7662 ], [ -63.23011, -17.76613 ], [ -63.2299, -17.76614 ], [ -63.22973, -17.76621 ], [ -63.22961, -17.76629 ], [ -63.22947, -17.76648 ], [ -63.22938, -17.76666 ], [ -63.22935, -17.76679 ], [ -63.22938, -17.76694 ], [ -63.22942, -17.76701 ], [ -63.22949, -17.76707 ], [ -63.23035, -17.76763 ], [ -63.23038, -17.76771 ], [ -63.2303, -17.76775 ], [ -63.23027, -17.76773 ], [ -63.23025, -17.76765 ], [ -63.22956, -17.76719 ], [ -63.22943, -17.76719 ], [ -63.22939, -17.7672 ], [ -63.22928, -17.7673 ], [ -63.22926, -17.76743 ], [ -63.22931, -17.7676 ], [ -63.2295, -17.7679 ], [ -63.22976, -17.76817 ], [ -63.22984, -17.76819 ], [ -63.23023, -17.76813 ], [ -63.23067, -17.76803 ], [ -63.2307, -17.76767 ], [ -63.23077, -17.76741 ], [ -63.22972, -17.76685 ], [ -63.22974, -17.7668 ], [ -63.23074, -17.76734 ], [ -63.23083, -17.76733 ], [ -63.23085, -17.76736 ], [ -63.23084, -17.76739 ], [ -63.23086, -17.7674 ], [ -63.23112, -17.76699 ], [ -63.23184, -17.76622 ], [ -63.23219, -17.7659 ] ] ] } },
{ "type": "Feature", "properties": { "i": 159 }, "geometry": { "type": "Polygon", "coordinates": [ [ [ -63.22406, -17.76657 ], [ -63.22392, -17.76661 ], [ -63.22367, -17.76689 ], [ -63.22361, -17.76711 ], [ -63.22355, -17.76723 ], [ -63.22345, -17.76734 ], [ -63.22295, -17.76759 ], [ -63.22308, -17.76873 ], [ -63.2231, -17.76876 ], [ -63.22319, -17.76877 ], [ -63.22345, -17.76874 ], [ -63.22349, -17.76868 ], [ -63.2234, -17.7678 ], [ -63.22345, -17.76763 ], [ -63.22403, -17.76707 ], [ -63.22431, -17.76691 ], [ -63.22446, -17.76688 ], [ -63.22462, -17.76688 ], [ -63.22501, -17.76693 ], [ -63.22523, -17.76692 ], [ -63.22561, -17.76682 ], [ -63.2257, -17.76684 ], [ -63.22575, -17.76692 ], [ -63.22578, -17.76703 ], [ -63.22614, -17.76848 ], [ -63.22608, -17.76849 ], [ -63.22593, -17.76789 ], [ -63.2259, -17.76787 ], [ -63.22582, -17.76818 ], [ -63.22565, -17.76855 ], [ -63.22538, -17.76885 ], [ -63.22522, -17.76897 ], [ -63.2252, -17.76892 ], [ -63.22538, -17.76877 ], [ -63.22557, -17.76852 ], [ -63.22553, -17.76846 ], [ -63.22511, -17.76821 ], [ -63.22502, -17.76823 ], [ -63.22496, -17.76831 ], [ -63.22484, -17.76841 ], [ -63.22469, -17.7685 ], [ -63.22442, -17.76859 ], [ -63.22441, -17.76865 ], [ -63.22447, -17.76884 ], [ -63.22441, -17.76885 ], [ -63.22435, -17.76865 ], [ -63.22428, -17.76863 ], [ -63.22362, -17.7688 ], [ -63.22358, -17.76885 ], [ -63.2236, -17.769 ], [ -63.22354, -17.76901 ], [ -63.22352, -17.76892 ], [ -63.22347, -17.76888 ], [ -63.22315, -17.76892 ], [ -63.22311, -17.76898 ], [ -63.2232, -17.76981 ], [ -63.22324, -17.76986 ], [ -63.2233, -17.76988 ], [ -63.22661, -17.76904 ], [ -63.22578, -17.76572 ], [ -63.22406, -17.76657 ] ] ] } },
{ "type": "Feature", "properties": { "i": 160 }, "geometry": { "type": "Polygon", "coordinates": [ [ [ -63.434, -17.72424 ], [ -63.43402, -17.72514 ], [ -63.43556, -17.72405 ], [ -63.43516, -17.72352 ], [ -63.434, -17.72424 ] ] ] } },
{ "type": "Feature", "properties": { "i": 161 }, "geometry": { "type": "Polygon", "coordinates": [ [ [ -63.24013, -17.76369 ], [ -63.24081, -17.76399 ], [ -63.24088, -17.76398 ], [ -63.24094, -17.76382 ], [ -63.24098, -17.76354 ], [ -63.24095, -17.7635 ], [ -63.24034, -17.76327 ], [ -63.2403, -17.76329 ], [ -63.24012, -17.76363 ], [ -63.24013, -17.76369 ] ] ] } },
{ "type": "Feature", "properties": { "i": 162 }, "geometry": { "type": "Polygon", "coordinates": [ [ [ -63.23335, -17.76608 ], [ -63.23214, -17.7658 ], [ -63.23188, -17.76546 ], [ -63.23197, -17.76526 ], [ -63.23215, -17.765 ], [ -63.23256, -17.76462 ], [ -63.23271, -17.76453 ], [ -63.23287, -17.7645 ], [ -63.23312, -17.76462 ], [ -63.23335, -17.76608 ] ] ] } },
{ "type": "Feature", "properties": { "i": 163 }, "geometry": { "type": "Polygon", "coordinates": [ [ [ -63.24926, -17.76566 ], [ -63.24917, -17.76629 ], [ -63.24923, -17.76633 ], [ -63.24936, -17.76631 ], [ -63.24968, -17.76618 ], [ -63.25019, -17.76583 ], [ -63.25078, -17.76548 ], [ -63.25106, -17.7654 ], [ -63.2514, -17.76542 ], [ -63.25171, -17.76551 ], [ -63.25208, -17.76558 ], [ -63.25248, -17.76559 ], [ -63.25302, -17.76565 ], [ -63.25347, -17.76574 ], [ -63.25382, -17.76584 ], [ -63.25383, -17.76586 ], [ -63.25399, -17.76578 ], [ -63.25449, -17.76512 ], [ -63.2549, -17.76453 ], [ -63.25494, -17.76357 ], [ -63.25473, -17.76304 ], [ -63.25421, -17.7623 ], [ -63.25412, -17.7622 ], [ -63.25405, -17.762 ], [ -63.25405, -17.76189 ], [ -63.2541, -17.76173 ], [ -63.25424, -17.76164 ], [ -63.25429, -17.76158 ], [ -63.25439, -17.76134 ], [ -63.25461, -17.76107 ], [ -63.25463, -17.76102 ], [ -63.25466, -17.7609 ], [ -63.25466, -17.76072 ], [ -63.25462, -17.76056 ], [ -63.25454, -17.76045 ], [ -63.25426, -17.76028 ], [ -63.25411, -17.76011 ], [ -63.25404, -17.75994 ], [ -63.25401, -17.75972 ], [ -63.25395, -17.75951 ], [ -63.25383, -17.75922 ], [ -63.25365, -17.75891 ], [ -63.25338, -17.75852 ], [ -63.25324, -17.75822 ], [ -63.25317, -17.75799 ], [ -63.25314, -17.75796 ], [ -63.25309, -17.75795 ], [ -63.25289, -17.758 ], [ -63.25265, -17.75801 ], [ -63.25241, -17.75798 ], [ -63.25211, -17.75788 ], [ -63.25195, -17.75779 ], [ -63.25169, -17.7576 ], [ -63.25098, -17.75694 ], [ -63.25087, -17.7567 ], [ -63.25086, -17.75659 ], [ -63.2509, -17.75649 ], [ -63.25105, -17.75631 ], [ -63.25121, -17.75619 ], [ -63.25135, -17.75612 ], [ -63.25135, -17.7561 ], [ -63.251, -17.75623 ], [ -63.25064, -17.75628 ], [ -63.25036, -17.75638 ], [ -63.24995, -17.75663 ], [ -63.24975, -17.75672 ], [ -63.24986, -17.75678 ], [ -63.24985, -17.7569 ], [ -63.24982, -17.75689 ], [ -63.24982, -17.7568 ], [ -63.2497, -17.75674 ], [ -63.24927, -17.75687 ], [ -63.24894, -17.75701 ], [ -63.24881, -17.75708 ], [ -63.24867, -17.75719 ], [ -63.24847, -17.75743 ], [ -63.24821, -17.75811 ], [ -63.25073, -17.75804 ], [ -63.25073, -17.75816 ], [ -63.24814, -17.75821 ], [ -63.24798, -17.75869 ], [ -63.24776, -17.761 ], [ -63.24821, -17.76098 ], [ -63.24822, -17.76101 ], [ -63.24775, -17.76104 ], [ -63.24768, -17.76171 ], [ -63.24828, -17.76188 ], [ -63.24884, -17.76189 ], [ -63.24988, -17.76184 ], [ -63.24989, -17.76192 ], [ -63.24866, -17.76199 ], [ -63.24819, -17.76196 ], [ -63.24768, -17.76183 ], [ -63.24732, -17.76416 ], [ -63.24734, -17.76422 ], [ -63.248, -17.76408 ], [ -63.24805, -17.76406 ], [ -63.24814, -17.76391 ], [ -63.24819, -17.76388 ], [ -63.2489, -17.76369 ], [ -63.24907, -17.76372 ], [ -63.24907, -17.76374 ], [ -63.24891, -17.76371 ], [ -63.24835, -17.76386 ], [ -63.24817, -17.76392 ], [ -63.24807, -17.76406 ], [ -63.25145, -17.76324 ], [ -63.25154, -17.76314 ], [ -63.25159, -17.76286 ], [ -63.2516, -17.76261 ], [ -63.25157, -17.76253 ], [ -63.25153, -17.76249 ], [ -63.25157, -17.76247 ], [ -63.25163, -17.76254 ], [ -63.25166, -17.76263 ], [ -63.25165, -17.76287 ], [ -63.25159, -17.76313 ], [ -63.2516, -17.76318 ], [ -63.25165, -17.76319 ], [ -63.25203, -17.76312 ], [ -63.25204, -17.76321 ], [ -63.24979, -17.76376 ], [ -63.2474, -17.76431 ], [ -63.24736, -17.76436 ], [ -63.24738, -17.76464 ], [ -63.24733, -17.76494 ], [ -63.2472, -17.76527 ], [ -63.24649, -17.76625 ], [ -63.24647, -17.76639 ], [ -63.2465, -17.76645 ], [ -63.24655, -17.76649 ], [ -63.24688, -17.76651 ], [ -63.24845, -17.76643 ], [ -63.24894, -17.76635 ], [ -63.24899, -17.76576 ], [ -63.24896, -17.76572 ], [ -63.24891, -17.76571 ], [ -63.24834, -17.76579 ], [ -63.24833, -17.76508 ], [ -63.24842, -17.76509 ], [ -63.24845, -17.76557 ], [ -63.2485, -17.76558 ], [ -63.24913, -17.7655 ], [ -63.25011, -17.76506 ], [ -63.25012, -17.76454 ], [ -63.25007, -17.76453 ], [ -63.25002, -17.76448 ], [ -63.24999, -17.7644 ], [ -63.25, -17.76432 ], [ -63.25007, -17.76423 ], [ -63.25065, -17.76415 ], [ -63.25067, -17.76406 ], [ -63.25064, -17.76397 ], [ -63.25068, -17.76391 ], [ -63.25072, -17.76389 ], [ -63.25079, -17.76391 ], [ -63.25084, -17.76397 ], [ -63.25082, -17.76404 ], [ -63.25083, -17.76414 ], [ -63.25104, -17.76411 ], [ -63.25135, -17.76388 ], [ -63.25147, -17.76376 ], [ -63.25186, -17.76366 ], [ -63.25192, -17.7636 ], [ -63.25198, -17.7636 ], [ -63.25204, -17.76364 ], [ -63.25206, -17.76371 ], [ -63.25203, -17.76378 ], [ -63.25198, -17.76381 ], [ -63.25189, -17.76379 ], [ -63.25179, -17.76381 ], [ -63.25154, -17.7639 ], [ -63.25122, -17.7642 ], [ -63.25102, -17.76427 ], [ -63.25072, -17.7643 ], [ -63.25034, -17.76438 ], [ -63.2503, -17.76445 ], [ -63.25033, -17.76503 ], [ -63.2511, -17.76497 ], [ -63.25204, -17.76481 ], [ -63.2523, -17.76474 ], [ -63.25294, -17.7645 ], [ -63.25297, -17.76446 ], [ -63.25297, -17.7644 ], [ -63.25285, -17.76413 ], [ -63.25282, -17.764 ], [ -63.25282, -17.76382 ], [ -63.25285, -17.76368 ], [ -63.25296, -17.76351 ], [ -63.25307, -17.76344 ], [ -63.25315, -17.76342 ], [ -63.25327, -17.76342 ], [ -63.25337, -17.76345 ], [ -63.2535, -17.76344 ], [ -63.25395, -17.76321 ], [ -63.25398, -17.76314 ], [ -63.25402, -17.76311 ], [ -63.2541, -17.76312 ], [ -63.25416, -17.76318 ], [ -63.25415, -17.76327 ], [ -63.25411, -17.76331 ], [ -63.25402, -17.76332 ], [ -63.25355, -17.76357 ], [ -63.25345, -17.76359 ], [ -63.25322, -17.76357 ], [ -63.25308, -17.76363 ], [ -63.25302, -17.76369 ], [ -63.25299, -17.76376 ], [ -63.25299, -17.76391 ], [ -63.25302, -17.76406 ], [ -63.25311, -17.76427 ], [ -63.25321, -17.76439 ], [ -63.25365, -17.76435 ], [ -63.25382, -17.76436 ], [ -63.25397, -17.76439 ], [ -63.25422, -17.76449 ], [ -63.25427, -17.76445 ], [ -63.25431, -17.76445 ], [ -63.25438, -17.7645 ], [ -63.2544, -17.76457 ], [ -63.25438, -17.76463 ], [ -63.2543, -17.76467 ], [ -63.25405, -17.76454 ], [ -63.25386, -17.76449 ], [ -63.25364, -17.76447 ], [ -63.25344, -17.76449 ], [ -63.25323, -17.76455 ], [ -63.25259, -17.76482 ], [ -63.24999, -17.76533 ], [ -63.24926, -17.76566 ] ] ] } },
{ "type": "Feature", "properties": { "i": 164 }, "geometry": { "type": "Polygon", "coordinates": [ [ [ -63.22912, -17.76553 ], [ -63.22876, -17.76566 ], [ -63.22886, -17.76586 ], [ -63.22902, -17.76632 ], [ -63.22915, -17.76642 ], [ -63.22928, -17.76644 ], [ -63.22942, -17.7664 ], [ -63.22958, -17.76623 ], [ -63.22963, -17.76615 ], [ -63.22967, -17.76599 ], [ -63.22962, -17.76583 ], [ -63.22949, -17.7657 ], [ -63.22912, -17.76553 ] ] ] } },
{ "type": "Feature", "properties": { "i": 165 }, "geometry": { "type": "Polygon", "coordinates": [ [ [ -63.23356, -17.76244 ], [ -63.2336, -17.76266 ], [ -63.23352, -17.76298 ], [ -63.23342, -17.763 ], [ -63.23326, -17.76295 ], [ -63.23324, -17.7629 ], [ -63.23318, -17.76287 ], [ -63.23311, -17.76289 ], [ -63.23309, -17.76293 ], [ -63.23309, -17.76298 ], [ -63.23315, -17.76303 ], [ -63.23319, -17.76303 ], [ -63.23323, -17.763 ], [ -63.2335, -17.76313 ], [ -63.23346, -17.76334 ], [ -63.23346, -17.76346 ], [ -63.23352, -17.76363 ], [ -63.23371, -17.7638 ], [ -63.23389, -17.76384 ], [ -63.23402, -17.76384 ], [ -63.23427, -17.76374 ], [ -63.23449, -17.76374 ], [ -63.23463, -17.76383 ], [ -63.23468, -17.76396 ], [ -63.23467, -17.76409 ], [ -63.23459, -17.76418 ], [ -63.23404, -17.76449 ], [ -63.23382, -17.76464 ], [ -63.23375, -17.76463 ], [ -63.23352, -17.76434 ], [ -63.23328, -17.76414 ], [ -63.2332, -17.76413 ], [ -63.23314, -17.7642 ], [ -63.23319, -17.76426 ], [ -63.23324, -17.76426 ], [ -63.23328, -17.76422 ], [ -63.23344, -17.76435 ], [ -63.23373, -17.76468 ], [ -63.23379, -17.7647 ], [ -63.23389, -17.76468 ], [ -63.23424, -17.76444 ], [ -63.23432, -17.76444 ], [ -63.23437, -17.76447 ], [ -63.23448, -17.76468 ], [ -63.23448, -17.76477 ], [ -63.23429, -17.76506 ], [ -63.23414, -17.76536 ], [ -63.23407, -17.76536 ], [ -63.2336, -17.76518 ], [ -63.23356, -17.76513 ], [ -63.2335, -17.76514 ], [ -63.23347, -17.76519 ], [ -63.23348, -17.76523 ], [ -63.23352, -17.76526 ], [ -63.23358, -17.76524 ], [ -63.23405, -17.76542 ], [ -63.23409, -17.76548 ], [ -63.23394, -17.76582 ], [ -63.23388, -17.76584 ], [ -63.23371, -17.76578 ], [ -63.2337, -17.76575 ], [ -63.23366, -17.76573 ], [ -63.23361, -17.76574 ], [ -63.23358, -17.7658 ], [ -63.23361, -17.76585 ], [ -63.23369, -17.76585 ], [ -63.23384, -17.76591 ], [ -63.23386, -17.76594 ], [ -63.23386, -17.766 ], [ -63.23379, -17.76618 ], [ -63.23392, -17.76693 ], [ -63.23394, -17.76696 ], [ -63.234, -17.76696 ], [ -63.23403, -17.76692 ], [ -63.23562, -17.76656 ], [ -63.23569, -17.76659 ], [ -63.23575, -17.76657 ], [ -63.23578, -17.76647 ], [ -63.23576, -17.76643 ], [ -63.23572, -17.76641 ], [ -63.23564, -17.766 ], [ -63.23561, -17.76596 ], [ -63.23555, -17.76592 ], [ -63.23428, -17.76544 ], [ -63.23424, -17.76539 ], [ -63.23424, -17.76534 ], [ -63.23435, -17.7651 ], [ -63.23453, -17.76481 ], [ -63.23456, -17.76482 ], [ -63.23464, -17.76476 ], [ -63.23462, -17.76468 ], [ -63.23459, -17.76465 ], [ -63.23455, -17.76465 ], [ -63.23444, -17.76446 ], [ -63.23442, -17.76442 ], [ -63.23443, -17.76436 ], [ -63.23471, -17.76418 ], [ -63.23476, -17.76418 ], [ -63.23497, -17.76428 ], [ -63.23506, -17.76435 ], [ -63.23511, -17.76434 ], [ -63.23514, -17.7643 ], [ -63.23511, -17.76423 ], [ -63.235, -17.76423 ], [ -63.23476, -17.7641 ], [ -63.2347, -17.76377 ], [ -63.23475, -17.76374 ], [ -63.23525, -17.76374 ], [ -63.23526, -17.76377 ], [ -63.23532, -17.7638 ], [ -63.23539, -17.76377 ], [ -63.23541, -17.76373 ], [ -63.2354, -17.76367 ], [ -63.23537, -17.76364 ], [ -63.23531, -17.76363 ], [ -63.23525, -17.76368 ], [ -63.23463, -17.76368 ], [ -63.23456, -17.76362 ], [ -63.23455, -17.76354 ], [ -63.23459, -17.76345 ], [ -63.23468, -17.7634 ], [ -63.23469, -17.76333 ], [ -63.23459, -17.76328 ], [ -63.23453, -17.76332 ], [ -63.23452, -17.76338 ], [ -63.23454, -17.76341 ], [ -63.23443, -17.76363 ], [ -63.2344, -17.76365 ], [ -63.23423, -17.76368 ], [ -63.23395, -17.76378 ], [ -63.23384, -17.76378 ], [ -63.23366, -17.76369 ], [ -63.2336, -17.76363 ], [ -63.23354, -17.76351 ], [ -63.23353, -17.76344 ], [ -63.23356, -17.7632 ], [ -63.23359, -17.76316 ], [ -63.23365, -17.76312 ], [ -63.23411, -17.76307 ], [ -63.2342, -17.76311 ], [ -63.23424, -17.76309 ], [ -63.23427, -17.76304 ], [ -63.23425, -17.76297 ], [ -63.23421, -17.76295 ], [ -63.23416, -17.76295 ], [ -63.23412, -17.76297 ], [ -63.23411, -17.763 ], [ -63.23373, -17.76305 ], [ -63.23369, -17.76305 ], [ -63.23363, -17.76301 ], [ -63.23362, -17.76293 ], [ -63.23373, -17.76241 ], [ -63.23395, -17.76241 ], [ -63.23586, -17.76378 ], [ -63.2346, -17.76519 ], [ -63.23578, -17.76566 ], [ -63.2362, -17.76673 ], [ -63.23366, -17.76733 ], [ -63.23315, -17.7646 ], [ -63.23286, -17.76446 ], [ -63.23275, -17.76409 ], [ -63.23278, -17.76338 ], [ -63.23289, -17.763 ], [ -63.23295, -17.76243 ], [ -63.23356, -17.76244 ] ] ] } },
{ "type": "Feature", "properties": { "i": 166 }, "geometry": { "type": "Polygon", "coordinates": [ [ [ -63.23996, -17.76375 ], [ -63.23977, -17.76412 ], [ -63.23971, -17.76413 ], [ -63.23918, -17.76383 ], [ -63.23854, -17.76343 ], [ -63.23853, -17.76338 ], [ -63.23874, -17.76305 ], [ -63.23883, -17.76303 ], [ -63.23995, -17.76371 ], [ -63.23996, -17.76375 ] ] ] } },
{ "type": "Feature", "properties": { "i": 167 }, "geometry": { "type": "Polygon", "coordinates": [ [ [ -63.24023, -17.76328 ], [ -63.24002, -17.76363 ], [ -63.23998, -17.76363 ], [ -63.23906, -17.76311 ], [ -63.23908, -17.76308 ], [ -63.23889, -17.76295 ], [ -63.23888, -17.76288 ], [ -63.23913, -17.76261 ], [ -63.23919, -17.7626 ], [ -63.23935, -17.76271 ], [ -63.24021, -17.76318 ], [ -63.24024, -17.76324 ], [ -63.24023, -17.76328 ] ] ] } },
{ "type": "Feature", "properties": { "i": 168 }, "geometry": { "type": "Polygon", "coordinates": [ [ [ -63.24109, -17.76352 ], [ -63.24108, -17.76347 ], [ -63.24105, -17.76345 ], [ -63.24098, -17.76346 ], [ -63.24055, -17.76328 ], [ -63.24038, -17.76305 ], [ -63.24012, -17.76276 ], [ -63.23962, -17.76228 ], [ -63.23962, -17.76222 ], [ -63.24003, -17.762 ], [ -63.24008, -17.76201 ], [ -63.24049, -17.76239 ], [ -63.24079, -17.76274 ], [ -63.24082, -17.76284 ], [ -63.24104, -17.76296 ], [ -63.24125, -17.76294 ], [ -63.24123, -17.76355 ], [ -63.24109, -17.76352 ] ] ] } },
{ "type": "Feature", "properties": { "i": 169 }, "geometry": { "type": "Polygon", "coordinates": [ [ [ -63.22248, -17.76638 ], [ -63.22242, -17.7656 ], [ -63.2217, -17.76572 ], [ -63.22194, -17.76792 ], [ -63.22265, -17.76784 ], [ -63.22249, -17.76645 ], [ -63.22182, -17.76652 ], [ -63.22182, -17.76646 ], [ -63.22248, -17.76638 ] ] ] } },
{ "type": "Feature", "properties": { "i": 170 }, "geometry": { "type": "Polygon", "coordinates": [ [ [ -63.23793, -17.76232 ], [ -63.2386, -17.76289 ], [ -63.2386, -17.76295 ], [ -63.2384, -17.76327 ], [ -63.2383, -17.76327 ], [ -63.23747, -17.76258 ], [ -63.23744, -17.76252 ], [ -63.23736, -17.76252 ], [ -63.23735, -17.76259 ], [ -63.23741, -17.76262 ], [ -63.23831, -17.76337 ], [ -63.23833, -17.76343 ], [ -63.23819, -17.76379 ], [ -63.23816, -17.76382 ], [ -63.2381, -17.76382 ], [ -63.23747, -17.76335 ], [ -63.23704, -17.76297 ], [ -63.23699, -17.76288 ], [ -63.23692, -17.76289 ], [ -63.2369, -17.76296 ], [ -63.2375, -17.76348 ], [ -63.23812, -17.76394 ], [ -63.23856, -17.76422 ], [ -63.23933, -17.76466 ], [ -63.23937, -17.76466 ], [ -63.2394, -17.76463 ], [ -63.23938, -17.76456 ], [ -63.23931, -17.76456 ], [ -63.23916, -17.76449 ], [ -63.23835, -17.764 ], [ -63.23834, -17.76393 ], [ -63.23845, -17.76356 ], [ -63.23852, -17.76354 ], [ -63.23936, -17.76402 ], [ -63.24015, -17.76442 ], [ -63.24019, -17.76437 ], [ -63.24017, -17.76432 ], [ -63.24009, -17.76431 ], [ -63.23988, -17.76422 ], [ -63.23985, -17.76417 ], [ -63.24003, -17.76379 ], [ -63.2401, -17.76376 ], [ -63.2408, -17.76406 ], [ -63.24083, -17.76413 ], [ -63.24072, -17.76431 ], [ -63.24064, -17.76437 ], [ -63.24061, -17.76444 ], [ -63.23902, -17.76476 ], [ -63.23843, -17.76443 ], [ -63.23765, -17.7639 ], [ -63.23718, -17.76352 ], [ -63.23668, -17.76307 ], [ -63.23667, -17.76294 ], [ -63.23675, -17.76261 ], [ -63.23697, -17.76238 ], [ -63.23746, -17.76203 ], [ -63.2381, -17.76171 ], [ -63.23817, -17.76171 ], [ -63.23825, -17.76174 ], [ -63.23881, -17.7623 ], [ -63.23898, -17.76244 ], [ -63.23899, -17.76248 ], [ -63.23896, -17.76255 ], [ -63.23875, -17.76279 ], [ -63.23871, -17.76282 ], [ -63.23866, -17.76282 ], [ -63.23844, -17.76267 ], [ -63.23797, -17.76228 ], [ -63.23797, -17.76223 ], [ -63.23794, -17.7622 ], [ -63.23789, -17.7622 ], [ -63.23786, -17.76222 ], [ -63.23785, -17.76228 ], [ -63.23788, -17.76232 ], [ -63.23793, -17.76232 ] ] ] } },
{ "type": "Feature", "properties": { "i": 171 }, "geometry": { "type": "Polygon", "coordinates": [ [ [ -63.24017, -17.76201 ], [ -63.24043, -17.76225 ], [ -63.24083, -17.76271 ], [ -63.24092, -17.76278 ], [ -63.24096, -17.76287 ], [ -63.24105, -17.76292 ], [ -63.24126, -17.7629 ], [ -63.24126, -17.76275 ], [ -63.2414, -17.76254 ], [ -63.24132, -17.76247 ], [ -63.24126, -17.76247 ], [ -63.24118, -17.76231 ], [ -63.24056, -17.7617 ], [ -63.24052, -17.7617 ], [ -63.24018, -17.76193 ], [ -63.24017, -17.76201 ] ] ] } },
{ "type": "Feature", "properties": { "i": 172 }, "geometry": { "type": "Polygon", "coordinates": [ [ [ -63.23637, -17.76355 ], [ -63.23644, -17.76355 ], [ -63.23649, -17.76346 ], [ -63.23652, -17.76322 ], [ -63.23646, -17.76299 ], [ -63.23634, -17.76283 ], [ -63.23617, -17.76271 ], [ -63.23588, -17.76265 ], [ -63.23571, -17.76267 ], [ -63.23556, -17.76273 ], [ -63.23543, -17.76282 ], [ -63.23542, -17.76288 ], [ -63.23544, -17.76292 ], [ -63.23637, -17.76355 ] ] ] } },
{ "type": "Feature", "properties": { "i": 173 }, "geometry": { "type": "Polygon", "coordinates": [ [ [ -63.22722, -17.7643 ], [ -63.22673, -17.76386 ], [ -63.2274, -17.76384 ], [ -63.22884, -17.7645 ], [ -63.22914, -17.76475 ], [ -63.2293, -17.76494 ], [ -63.22938, -17.76507 ], [ -63.22945, -17.7653 ], [ -63.22945, -17.76551 ], [ -63.22941, -17.76556 ], [ -63.22933, -17.76557 ], [ -63.22914, -17.76549 ], [ -63.22897, -17.76539 ], [ -63.22855, -17.76506 ], [ -63.22762, -17.7646 ], [ -63.22722, -17.7643 ] ] ] } },
{ "type": "Feature", "properties": { "i": 174 }, "geometry": { "type": "Polygon", "coordinates": [ [ [ -63.24135, -17.76245 ], [ -63.24135, -17.76238 ], [ -63.24129, -17.76235 ], [ -63.24097, -17.76198 ], [ -63.24063, -17.76164 ], [ -63.24063, -17.76159 ], [ -63.24086, -17.76129 ], [ -63.24094, -17.76129 ], [ -63.24131, -17.76163 ], [ -63.24149, -17.76183 ], [ -63.24151, -17.76189 ], [ -63.24154, -17.76191 ], [ -63.24162, -17.7619 ], [ -63.24169, -17.76195 ], [ -63.24141, -17.76251 ], [ -63.24135, -17.76245 ] ] ] } },
{ "type": "Feature", "properties": { "i": 175 }, "geometry": { "type": "Polygon", "coordinates": [ [ [ -63.22345, -17.7645 ], [ -63.2229, -17.76454 ], [ -63.2228, -17.76459 ], [ -63.22275, -17.76467 ], [ -63.22282, -17.76564 ], [ -63.22295, -17.76612 ], [ -63.22299, -17.76637 ], [ -63.22304, -17.76641 ], [ -63.22365, -17.76635 ], [ -63.22369, -17.76631 ], [ -63.22354, -17.76461 ], [ -63.22351, -17.76453 ], [ -63.22345, -17.7645 ] ] ] } },
{ "type": "Feature", "properties": { "i": 176 }, "geometry": { "type": "Polygon", "coordinates": [ [ [ -63.22289, -17.76638 ], [ -63.22278, -17.76575 ], [ -63.22268, -17.7645 ], [ -63.22346, -17.76443 ], [ -63.22357, -17.76451 ], [ -63.22359, -17.76456 ], [ -63.22371, -17.766 ], [ -63.22376, -17.76635 ], [ -63.22383, -17.76653 ], [ -63.22382, -17.76659 ], [ -63.22373, -17.76661 ], [ -63.22369, -17.76658 ], [ -63.22369, -17.76647 ], [ -63.22363, -17.76643 ], [ -63.22307, -17.76648 ], [ -63.22301, -17.76652 ], [ -63.223, -17.76708 ], [ -63.22312, -17.76731 ], [ -63.22311, -17.76737 ], [ -63.22307, -17.7674 ], [ -63.223, -17.76739 ], [ -63.22297, -17.76733 ], [ -63.22294, -17.76658 ], [ -63.22287, -17.76659 ], [ -63.22285, -17.76666 ], [ -63.22295, -17.76756 ], [ -63.22344, -17.76732 ], [ -63.22359, -17.7671 ], [ -63.22366, -17.76686 ], [ -63.22392, -17.76658 ], [ -63.22407, -17.76653 ], [ -63.2258, -17.76568 ], [ -63.22664, -17.76531 ], [ -63.22653, -17.76481 ], [ -63.22639, -17.76458 ], [ -63.22593, -17.76421 ], [ -63.22568, -17.76349 ], [ -63.22476, -17.76385 ], [ -63.2247, -17.76374 ], [ -63.22457, -17.76379 ], [ -63.22468, -17.76405 ], [ -63.2247, -17.76407 ], [ -63.2248, -17.76408 ], [ -63.22553, -17.76378 ], [ -63.22596, -17.76471 ], [ -63.22603, -17.76472 ], [ -63.22625, -17.76462 ], [ -63.22629, -17.76468 ], [ -63.22605, -17.76477 ], [ -63.22601, -17.76483 ], [ -63.22601, -17.76487 ], [ -63.22615, -17.76517 ], [ -63.22621, -17.76518 ], [ -63.22651, -17.76507 ], [ -63.22653, -17.76512 ], [ -63.22582, -17.76542 ], [ -63.22423, -17.76621 ], [ -63.22415, -17.76629 ], [ -63.22411, -17.76629 ], [ -63.22406, -17.76623 ], [ -63.2241, -17.76617 ], [ -63.22421, -17.76616 ], [ -63.22504, -17.76574 ], [ -63.22507, -17.7657 ], [ -63.22507, -17.76563 ], [ -63.22493, -17.76538 ], [ -63.22489, -17.76535 ], [ -63.22482, -17.76535 ], [ -63.22413, -17.7657 ], [ -63.2241, -17.76574 ], [ -63.22407, -17.76575 ], [ -63.22404, -17.76573 ], [ -63.22403, -17.76564 ], [ -63.2241, -17.76564 ], [ -63.22488, -17.76526 ], [ -63.22492, -17.7652 ], [ -63.22478, -17.7649 ], [ -63.22471, -17.76486 ], [ -63.2241, -17.76514 ], [ -63.22407, -17.7652 ], [ -63.22401, -17.76521 ], [ -63.22398, -17.76518 ], [ -63.224, -17.7651 ], [ -63.22408, -17.7651 ], [ -63.22474, -17.76477 ], [ -63.22476, -17.76474 ], [ -63.22476, -17.76468 ], [ -63.22459, -17.76438 ], [ -63.22452, -17.76438 ], [ -63.22445, -17.76441 ], [ -63.22409, -17.76459 ], [ -63.22402, -17.76467 ], [ -63.22396, -17.76467 ], [ -63.22396, -17.76455 ], [ -63.22406, -17.76454 ], [ -63.22454, -17.7643 ], [ -63.22457, -17.76426 ], [ -63.22456, -17.76419 ], [ -63.22443, -17.76397 ], [ -63.22438, -17.76393 ], [ -63.22433, -17.76392 ], [ -63.22403, -17.76406 ], [ -63.22398, -17.76413 ], [ -63.22393, -17.76413 ], [ -63.2239, -17.7641 ], [ -63.22392, -17.76402 ], [ -63.224, -17.76402 ], [ -63.22435, -17.76384 ], [ -63.22436, -17.76377 ], [ -63.22425, -17.76354 ], [ -63.22419, -17.76347 ], [ -63.22413, -17.76346 ], [ -63.22397, -17.76355 ], [ -63.22395, -17.76359 ], [ -63.2239, -17.7636 ], [ -63.22387, -17.76358 ], [ -63.22385, -17.76354 ], [ -63.22386, -17.7635 ], [ -63.2239, -17.76347 ], [ -63.22401, -17.76345 ], [ -63.22405, -17.76342 ], [ -63.22406, -17.76336 ], [ -63.22365, -17.76288 ], [ -63.22354, -17.76296 ], [ -63.22249, -17.76348 ], [ -63.22264, -17.76503 ], [ -63.22281, -17.76639 ], [ -63.22289, -17.76638 ] ] ] } },
{ "type": "Feature", "properties": { "i": 177 }, "geometry": { "type": "Polygon", "coordinates": [ [ [ -63.22523, -17.76565 ], [ -63.22606, -17.76524 ], [ -63.22608, -17.76516 ], [ -63.22551, -17.76392 ], [ -63.22542, -17.76389 ], [ -63.2248, -17.76413 ], [ -63.22468, -17.76411 ], [ -63.22463, -17.76417 ], [ -63.22462, -17.76425 ], [ -63.22463, -17.76432 ], [ -63.22481, -17.76463 ], [ -63.22481, -17.76481 ], [ -63.22483, -17.76488 ], [ -63.22498, -17.76516 ], [ -63.22497, -17.76533 ], [ -63.22512, -17.76562 ], [ -63.22523, -17.76565 ] ] ] } },
{ "type": "Feature", "properties": { "i": 178 }, "geometry": { "type": "Polygon", "coordinates": [ [ [ -63.4338, -17.72328 ], [ -63.43384, -17.72371 ], [ -63.43181, -17.72441 ], [ -63.43057, -17.72315 ], [ -63.43037, -17.72254 ], [ -63.43188, -17.72136 ], [ -63.43339, -17.72248 ], [ -63.43363, -17.72307 ], [ -63.4338, -17.72328 ] ] ] } },
{ "type": "Feature", "properties": { "i": 179 }, "geometry": { "type": "Polygon", "coordinates": [ [ [ -63.24164, -17.76186 ], [ -63.24165, -17.76183 ], [ -63.24162, -17.76178 ], [ -63.24157, -17.76177 ], [ -63.24094, -17.76116 ], [ -63.24101, -17.76085 ], [ -63.24109, -17.76076 ], [ -63.2412, -17.76075 ], [ -63.24124, -17.76077 ], [ -63.2416, -17.76112 ], [ -63.24166, -17.76113 ], [ -63.2417, -17.76109 ], [ -63.24187, -17.76112 ], [ -63.2417, -17.76189 ], [ -63.24164, -17.76186 ] ] ] } },
{ "type": "Feature", "properties": { "i": 180 }, "geometry": { "type": "Polygon", "coordinates": [ [ [ -63.4337, -17.72301 ], [ -63.43456, -17.72235 ], [ -63.43425, -17.72205 ], [ -63.43418, -17.72205 ], [ -63.43348, -17.72245 ], [ -63.43348, -17.72253 ], [ -63.4337, -17.72301 ] ] ] } },
{ "type": "Feature", "properties": { "i": 181 }, "geometry": { "type": "Polygon", "coordinates": [ [ [ -63.37961, -17.7324 ], [ -63.3784, -17.7319 ], [ -63.37835, -17.73194 ], [ -63.37888, -17.73319 ], [ -63.37909, -17.73352 ], [ -63.37941, -17.73385 ], [ -63.37953, -17.73376 ], [ -63.37947, -17.73338 ], [ -63.37947, -17.73306 ], [ -63.37961, -17.7324 ] ] ] } },
{ "type": "Feature", "properties": { "i": 182 }, "geometry": { "type": "Polygon", "coordinates": [ [ [ -63.38693, -17.73139 ], [ -63.38492, -17.73062 ], [ -63.38444, -17.73153 ], [ -63.38417, -17.7322 ], [ -63.38615, -17.73297 ], [ -63.38693, -17.73139 ] ] ] } },
{ "type": "Feature", "properties": { "i": 183 }, "geometry": { "type": "Polygon", "coordinates": [ [ [ -63.43431, -17.72199 ], [ -63.43465, -17.72229 ], [ -63.43541, -17.72171 ], [ -63.43506, -17.72141 ], [ -63.43431, -17.72196 ], [ -63.43431, -17.72199 ] ] ] } },
{ "type": "Feature", "properties": { "i": 184 }, "geometry": { "type": "Polygon", "coordinates": [ [ [ -63.37904, -17.73463 ], [ -63.37896, -17.73461 ], [ -63.3787, -17.73461 ], [ -63.37846, -17.73466 ], [ -63.37826, -17.73475 ], [ -63.37811, -17.73485 ], [ -63.37791, -17.73505 ], [ -63.37776, -17.73531 ], [ -63.37769, -17.73554 ], [ -63.37767, -17.73572 ], [ -63.37768, -17.7359 ], [ -63.37773, -17.7361 ], [ -63.37796, -17.73643 ], [ -63.37794, -17.73654 ], [ -63.37785, -17.73661 ], [ -63.37773, -17.7366 ], [ -63.37748, -17.73646 ], [ -63.3773, -17.73629 ], [ -63.37714, -17.7361 ], [ -63.37688, -17.73591 ], [ -63.37672, -17.73583 ], [ -63.37636, -17.73573 ], [ -63.37624, -17.73573 ], [ -63.37609, -17.73579 ], [ -63.37599, -17.73589 ], [ -63.37593, -17.73603 ], [ -63.37593, -17.73618 ], [ -63.37617, -17.73722 ], [ -63.37615, -17.73748 ], [ -63.37606, -17.7377 ], [ -63.37599, -17.73775 ], [ -63.37588, -17.73775 ], [ -63.37524, -17.73737 ], [ -63.37504, -17.73739 ], [ -63.37484, -17.73748 ], [ -63.37471, -17.73759 ], [ -63.37451, -17.7379 ], [ -63.37441, -17.7382 ], [ -63.37432, -17.73871 ], [ -63.37325, -17.73907 ], [ -63.37279, -17.73899 ], [ -63.3727, -17.73899 ], [ -63.37261, -17.73904 ], [ -63.3725, -17.73914 ], [ -63.37244, -17.73928 ], [ -63.37248, -17.73973 ], [ -63.3724, -17.73991 ], [ -63.37227, -17.74006 ], [ -63.37203, -17.74019 ], [ -63.3719, -17.74021 ], [ -63.37098, -17.73971 ], [ -63.36995, -17.73928 ], [ -63.36944, -17.73923 ], [ -63.36929, -17.73793 ], [ -63.36872, -17.738 ], [ -63.36784, -17.73842 ], [ -63.3677, -17.73858 ], [ -63.3676, -17.73891 ], [ -63.36728, -17.73894 ], [ -63.36691, -17.73892 ], [ -63.36633, -17.73924 ], [ -63.36609, -17.73992 ], [ -63.36591, -17.74008 ], [ -63.36548, -17.74029 ], [ -63.3653, -17.74051 ], [ -63.36526, -17.74059 ], [ -63.36353, -17.74041 ], [ -63.36312, -17.74032 ], [ -63.36307, -17.74029 ], [ -63.36287, -17.73979 ], [ -63.36273, -17.73935 ], [ -63.36272, -17.73902 ], [ -63.3632, -17.7377 ], [ -63.36355, -17.73784 ], [ -63.36358, -17.73774 ], [ -63.36324, -17.7376 ], [ -63.36357, -17.7368 ], [ -63.36375, -17.73661 ], [ -63.36486, -17.73585 ], [ -63.36662, -17.73431 ], [ -63.36721, -17.73376 ], [ -63.36795, -17.73315 ], [ -63.36898, -17.73239 ], [ -63.369, -17.73242 ], [ -63.36898, -17.73302 ], [ -63.36907, -17.73299 ], [ -63.36909, -17.73236 ], [ -63.36905, -17.73231 ], [ -63.37111, -17.73091 ], [ -63.37213, -17.73019 ], [ -63.37422, -17.72852 ], [ -63.37444, -17.72829 ], [ -63.37441, -17.72838 ], [ -63.37425, -17.72864 ], [ -63.37408, -17.72898 ], [ -63.374, -17.72971 ], [ -63.37408, -17.72971 ], [ -63.37414, -17.729 ], [ -63.37446, -17.72842 ], [ -63.3745, -17.72824 ], [ -63.37479, -17.72794 ], [ -63.37506, -17.72761 ], [ -63.37508, -17.72761 ], [ -63.3751, -17.72765 ], [ -63.37516, -17.72785 ], [ -63.37522, -17.72791 ], [ -63.37576, -17.72811 ], [ -63.37556, -17.72859 ], [ -63.37561, -17.7286 ], [ -63.37581, -17.72813 ], [ -63.37683, -17.72864 ], [ -63.37697, -17.72867 ], [ -63.37745, -17.72965 ], [ -63.37772, -17.73033 ], [ -63.37745, -17.73043 ], [ -63.37747, -17.73047 ], [ -63.37774, -17.73037 ], [ -63.37812, -17.73159 ], [ -63.37756, -17.73138 ], [ -63.3775, -17.73145 ], [ -63.37819, -17.73177 ], [ -63.37879, -17.73331 ], [ -63.37898, -17.73359 ], [ -63.37932, -17.73396 ], [ -63.37936, -17.7341 ], [ -63.37936, -17.73424 ], [ -63.37933, -17.73435 ], [ -63.37926, -17.73447 ], [ -63.37917, -17.73456 ], [ -63.37904, -17.73463 ] ] ] } },
{ "type": "Feature", "properties": { "i": 185 }, "geometry": { "type": "Polygon", "coordinates": [ [ [ -63.22003, -17.76642 ], [ -63.22075, -17.76622 ], [ -63.22099, -17.76591 ], [ -63.22114, -17.7658 ], [ -63.22088, -17.76564 ], [ -63.22077, -17.76563 ], [ -63.22076, -17.76558 ], [ -63.2209, -17.76559 ], [ -63.22116, -17.76576 ], [ -63.22141, -17.76574 ], [ -63.22153, -17.76567 ], [ -63.22158, -17.76559 ], [ -63.22151, -17.76462 ], [ -63.22139, -17.76446 ], [ -63.22124, -17.76376 ], [ -63.21938, -17.76468 ], [ -63.22003, -17.76642 ] ] ] } },
{ "type": "Feature", "properties": { "i": 186 }, "geometry": { "type": "Polygon", "coordinates": [ [ [ -63.23987, -17.76042 ], [ -63.23979, -17.76044 ], [ -63.23979, -17.7605 ], [ -63.23982, -17.76053 ], [ -63.23988, -17.76053 ], [ -63.24013, -17.76067 ], [ -63.24071, -17.76108 ], [ -63.24072, -17.76117 ], [ -63.24051, -17.76146 ], [ -63.24043, -17.76148 ], [ -63.24001, -17.76119 ], [ -63.23963, -17.76097 ], [ -63.23965, -17.76095 ], [ -63.23957, -17.7609 ], [ -63.23951, -17.76089 ], [ -63.23947, -17.76093 ], [ -63.23949, -17.76101 ], [ -63.23957, -17.76102 ], [ -63.24017, -17.76139 ], [ -63.24033, -17.76152 ], [ -63.24033, -17.7616 ], [ -63.24002, -17.76183 ], [ -63.23997, -17.76183 ], [ -63.23922, -17.76138 ], [ -63.2392, -17.76135 ], [ -63.23912, -17.76135 ], [ -63.2391, -17.7614 ], [ -63.23913, -17.76144 ], [ -63.2392, -17.76145 ], [ -63.2398, -17.76181 ], [ -63.23983, -17.76185 ], [ -63.23981, -17.76193 ], [ -63.23941, -17.76214 ], [ -63.23912, -17.76197 ], [ -63.23858, -17.76173 ], [ -63.23848, -17.76164 ], [ -63.23842, -17.76154 ], [ -63.23843, -17.76151 ], [ -63.23887, -17.76111 ], [ -63.23922, -17.76067 ], [ -63.23943, -17.76033 ], [ -63.23963, -17.75986 ], [ -63.23966, -17.75983 ], [ -63.2403, -17.76012 ], [ -63.2408, -17.76044 ], [ -63.24085, -17.7606 ], [ -63.24085, -17.76078 ], [ -63.24081, -17.76096 ], [ -63.24073, -17.76099 ], [ -63.24006, -17.76055 ], [ -63.23991, -17.76048 ], [ -63.23987, -17.76042 ] ] ] } },
{ "type": "Feature", "properties": { "i": 187 }, "geometry": { "type": "Polygon", "coordinates": [ [ [ -63.22921, -17.76183 ], [ -63.22863, -17.76171 ], [ -63.22851, -17.7624 ], [ -63.22847, -17.7624 ], [ -63.22859, -17.7617 ], [ -63.22751, -17.76145 ], [ -63.2275, -17.76159 ], [ -63.22738, -17.7617 ], [ -63.22734, -17.76188 ], [ -63.22741, -17.76267 ], [ -63.22743, -17.76272 ], [ -63.22767, -17.7629 ], [ -63.2282, -17.7631 ], [ -63.22839, -17.76351 ], [ -63.22943, -17.76388 ], [ -63.23053, -17.76369 ], [ -63.23064, -17.76373 ], [ -63.23084, -17.76438 ], [ -63.23106, -17.76445 ], [ -63.23184, -17.76398 ], [ -63.23273, -17.76333 ], [ -63.23284, -17.76299 ], [ -63.2329, -17.76242 ], [ -63.23021, -17.76204 ], [ -63.23014, -17.76273 ], [ -63.23007, -17.76273 ], [ -63.23016, -17.762 ], [ -63.2293, -17.76185 ], [ -63.22918, -17.76268 ], [ -63.22908, -17.76267 ], [ -63.22921, -17.76183 ] ] ] } },
{ "type": "Feature", "properties": { "i": 188 }, "geometry": { "type": "Polygon", "coordinates": [ [ [ -63.43361, -17.7223 ], [ -63.43412, -17.72199 ], [ -63.43412, -17.72195 ], [ -63.43348, -17.72139 ], [ -63.43342, -17.72138 ], [ -63.43279, -17.72186 ], [ -63.43279, -17.7219 ], [ -63.4334, -17.72237 ], [ -63.43361, -17.7223 ] ] ] } },
{ "type": "Feature", "properties": { "i": 189 }, "geometry": { "type": "Polygon", "coordinates": [ [ [ -63.22169, -17.76561 ], [ -63.22148, -17.76366 ], [ -63.22201, -17.76345 ], [ -63.22211, -17.76345 ], [ -63.22219, -17.76356 ], [ -63.2224, -17.76548 ], [ -63.22169, -17.76561 ] ] ] } },
{ "type": "Feature", "properties": { "i": 190 }, "geometry": { "type": "Polygon", "coordinates": [ [ [ -63.23613, -17.76231 ], [ -63.23634, -17.76218 ], [ -63.23656, -17.76243 ], [ -63.23668, -17.76233 ], [ -63.237, -17.76199 ], [ -63.23735, -17.76156 ], [ -63.23781, -17.76119 ], [ -63.23781, -17.76113 ], [ -63.23773, -17.76087 ], [ -63.23755, -17.76064 ], [ -63.23743, -17.76054 ], [ -63.23673, -17.76014 ], [ -63.23666, -17.76016 ], [ -63.23642, -17.76037 ], [ -63.23638, -17.76041 ], [ -63.23638, -17.76048 ], [ -63.23706, -17.76087 ], [ -63.23729, -17.76098 ], [ -63.23737, -17.76099 ], [ -63.2374, -17.76103 ], [ -63.23738, -17.7611 ], [ -63.23733, -17.76112 ], [ -63.23729, -17.76111 ], [ -63.23726, -17.76107 ], [ -63.23677, -17.76082 ], [ -63.23627, -17.76053 ], [ -63.23618, -17.76055 ], [ -63.23591, -17.76076 ], [ -63.2359, -17.76082 ], [ -63.23591, -17.76085 ], [ -63.23635, -17.76112 ], [ -63.23686, -17.7614 ], [ -63.23693, -17.76141 ], [ -63.23696, -17.76145 ], [ -63.23694, -17.76152 ], [ -63.23687, -17.76153 ], [ -63.23683, -17.76151 ], [ -63.23683, -17.76149 ], [ -63.23635, -17.76124 ], [ -63.2358, -17.7609 ], [ -63.23575, -17.7609 ], [ -63.23546, -17.76116 ], [ -63.23546, -17.76122 ], [ -63.2358, -17.76145 ], [ -63.23648, -17.76184 ], [ -63.23656, -17.76185 ], [ -63.23658, -17.76188 ], [ -63.23656, -17.76195 ], [ -63.23649, -17.76196 ], [ -63.23626, -17.76184 ], [ -63.23536, -17.76128 ], [ -63.23528, -17.76132 ], [ -63.23505, -17.76157 ], [ -63.23505, -17.76164 ], [ -63.23552, -17.76195 ], [ -63.23613, -17.76231 ] ] ] } },
{ "type": "Feature", "properties": { "i": 191 }, "geometry": { "type": "Polygon", "coordinates": [ [ [ -63.38265, -17.73086 ], [ -63.38279, -17.7311 ], [ -63.38299, -17.73136 ], [ -63.38284, -17.73151 ], [ -63.38278, -17.73175 ], [ -63.38283, -17.73212 ], [ -63.38293, -17.73256 ], [ -63.38307, -17.73277 ], [ -63.38318, -17.73301 ], [ -63.38321, -17.73329 ], [ -63.38314, -17.73347 ], [ -63.3831, -17.73382 ], [ -63.383, -17.73414 ], [ -63.38289, -17.73435 ], [ -63.38275, -17.73455 ], [ -63.38263, -17.73468 ], [ -63.38236, -17.7349 ], [ -63.38223, -17.73479 ], [ -63.38184, -17.73456 ], [ -63.38146, -17.73441 ], [ -63.38106, -17.73432 ], [ -63.38051, -17.7343 ], [ -63.38011, -17.73436 ], [ -63.37985, -17.73444 ], [ -63.37976, -17.73406 ], [ -63.37961, -17.73366 ], [ -63.37956, -17.73336 ], [ -63.37957, -17.73307 ], [ -63.37971, -17.73245 ], [ -63.38058, -17.73273 ], [ -63.38071, -17.73251 ], [ -63.38072, -17.73237 ], [ -63.38066, -17.73237 ], [ -63.38065, -17.73249 ], [ -63.38055, -17.73265 ], [ -63.37972, -17.73239 ], [ -63.37976, -17.73221 ], [ -63.3799, -17.73054 ], [ -63.38002, -17.73012 ], [ -63.38005, -17.72986 ], [ -63.38007, -17.72903 ], [ -63.38047, -17.72937 ], [ -63.38106, -17.72973 ], [ -63.38085, -17.73055 ], [ -63.38091, -17.73057 ], [ -63.38112, -17.72976 ], [ -63.38169, -17.73009 ], [ -63.38208, -17.73021 ], [ -63.38218, -17.7302 ], [ -63.38265, -17.73086 ] ] ] } },
{ "type": "Feature", "properties": { "i": 192 }, "geometry": { "type": "Polygon", "coordinates": [ [ [ -63.42987, -17.72349 ], [ -63.43036, -17.72309 ], [ -63.43036, -17.72285 ], [ -63.43029, -17.72256 ], [ -63.43012, -17.72269 ], [ -63.43011, -17.72267 ], [ -63.43028, -17.72255 ], [ -63.42975, -17.72212 ], [ -63.42952, -17.72233 ], [ -63.4295, -17.72231 ], [ -63.42972, -17.7221 ], [ -63.42911, -17.72161 ], [ -63.42867, -17.72207 ], [ -63.42867, -17.7224 ], [ -63.42878, -17.72277 ], [ -63.42888, -17.72294 ], [ -63.42901, -17.7231 ], [ -63.42927, -17.72331 ], [ -63.42955, -17.72344 ], [ -63.42987, -17.72349 ] ] ] } },
{ "type": "Feature", "properties": { "i": 193 }, "geometry": { "type": "Polygon", "coordinates": [ [ [ -63.43421, -17.72191 ], [ -63.43495, -17.72137 ], [ -63.43494, -17.72134 ], [ -63.43429, -17.72077 ], [ -63.43424, -17.72077 ], [ -63.43354, -17.72129 ], [ -63.43355, -17.72132 ], [ -63.43421, -17.72191 ] ] ] } },
{ "type": "Feature", "properties": { "i": 194 }, "geometry": { "type": "Polygon", "coordinates": [ [ [ -63.43106, -17.72189 ], [ -63.43106, -17.72185 ], [ -63.43057, -17.72147 ], [ -63.43052, -17.72147 ], [ -63.42987, -17.72206 ], [ -63.42985, -17.7221 ], [ -63.43032, -17.72246 ], [ -63.43036, -17.72246 ], [ -63.43106, -17.72189 ] ] ] } },
{ "type": "Feature", "properties": { "i": 195 }, "geometry": { "type": "Polygon", "coordinates": [ [ [ -63.43495, -17.72122 ], [ -63.43586, -17.72201 ], [ -63.43622, -17.72171 ], [ -63.43471, -17.72041 ], [ -63.43437, -17.72067 ], [ -63.43436, -17.7207 ], [ -63.43492, -17.7212 ], [ -63.43506, -17.72115 ], [ -63.43508, -17.72118 ], [ -63.43495, -17.72122 ] ] ] } },
{ "type": "Feature", "properties": { "i": 196 }, "geometry": { "type": "Polygon", "coordinates": [ [ [ -63.23603, -17.76234 ], [ -63.23475, -17.76154 ], [ -63.23405, -17.76096 ], [ -63.23358, -17.76052 ], [ -63.23345, -17.76074 ], [ -63.23391, -17.76117 ], [ -63.23457, -17.76171 ], [ -63.23511, -17.76209 ], [ -63.23565, -17.76242 ], [ -63.23593, -17.76238 ], [ -63.23603, -17.76234 ] ] ] } },
{ "type": "Feature", "properties": { "i": 197 }, "geometry": { "type": "Polygon", "coordinates": [ [ [ -63.43272, -17.72182 ], [ -63.43336, -17.72131 ], [ -63.43334, -17.72127 ], [ -63.43267, -17.72074 ], [ -63.43197, -17.7213 ], [ -63.43268, -17.72183 ], [ -63.43272, -17.72182 ] ] ] } },
{ "type": "Feature", "properties": { "i": 198 }, "geometry": { "type": "Polygon", "coordinates": [ [ [ -63.24747, -17.76165 ], [ -63.24765, -17.75943 ], [ -63.24776, -17.75867 ], [ -63.24774, -17.75862 ], [ -63.24743, -17.75844 ], [ -63.24665, -17.75824 ], [ -63.24591, -17.7583 ], [ -63.24583, -17.75837 ], [ -63.24579, -17.75871 ], [ -63.24515, -17.75914 ], [ -63.24511, -17.75919 ], [ -63.24513, -17.75926 ], [ -63.24516, -17.75928 ], [ -63.24556, -17.75942 ], [ -63.24574, -17.75941 ], [ -63.246, -17.75944 ], [ -63.24612, -17.7596 ], [ -63.24616, -17.75991 ], [ -63.24618, -17.75993 ], [ -63.24705, -17.76023 ], [ -63.24717, -17.76019 ], [ -63.24722, -17.76023 ], [ -63.24722, -17.76027 ], [ -63.24716, -17.76032 ], [ -63.24614, -17.76 ], [ -63.2461, -17.75995 ], [ -63.24606, -17.75963 ], [ -63.24595, -17.75948 ], [ -63.24551, -17.75947 ], [ -63.24527, -17.75939 ], [ -63.24521, -17.75942 ], [ -63.24496, -17.7599 ], [ -63.24496, -17.75995 ], [ -63.24512, -17.76023 ], [ -63.24719, -17.76096 ], [ -63.2472, -17.76108 ], [ -63.24725, -17.76113 ], [ -63.24723, -17.76121 ], [ -63.24718, -17.76123 ], [ -63.24713, -17.7612 ], [ -63.24712, -17.76105 ], [ -63.24708, -17.761 ], [ -63.24517, -17.76034 ], [ -63.24516, -17.76039 ], [ -63.24527, -17.76064 ], [ -63.24525, -17.76065 ], [ -63.24486, -17.7599 ], [ -63.24477, -17.7599 ], [ -63.24426, -17.76014 ], [ -63.24422, -17.76014 ], [ -63.24419, -17.7601 ], [ -63.24421, -17.76002 ], [ -63.24429, -17.76001 ], [ -63.24434, -17.76003 ], [ -63.24498, -17.75975 ], [ -63.24513, -17.75943 ], [ -63.24511, -17.75933 ], [ -63.24399, -17.75893 ], [ -63.2438, -17.75882 ], [ -63.24375, -17.75882 ], [ -63.24318, -17.75929 ], [ -63.24317, -17.75938 ], [ -63.24373, -17.75961 ], [ -63.24382, -17.75961 ], [ -63.24386, -17.75965 ], [ -63.24382, -17.75972 ], [ -63.24376, -17.75972 ], [ -63.24369, -17.75965 ], [ -63.24311, -17.75944 ], [ -63.24303, -17.75945 ], [ -63.24298, -17.75941 ], [ -63.24298, -17.75937 ], [ -63.24302, -17.75932 ], [ -63.24306, -17.75931 ], [ -63.24364, -17.75883 ], [ -63.24366, -17.75877 ], [ -63.24365, -17.75874 ], [ -63.24341, -17.75855 ], [ -63.24333, -17.75818 ], [ -63.24295, -17.75793 ], [ -63.24268, -17.75704 ], [ -63.24258, -17.75629 ], [ -63.24255, -17.7562 ], [ -63.24248, -17.75615 ], [ -63.24246, -17.75609 ], [ -63.24252, -17.75604 ], [ -63.24257, -17.75605 ], [ -63.24259, -17.75608 ], [ -63.24266, -17.75639 ], [ -63.24273, -17.75694 ], [ -63.24288, -17.75745 ], [ -63.24293, -17.7575 ], [ -63.24376, -17.75733 ], [ -63.24425, -17.75676 ], [ -63.24425, -17.75655 ], [ -63.24393, -17.75632 ], [ -63.24389, -17.75635 ], [ -63.24381, -17.75649 ], [ -63.24328, -17.75687 ], [ -63.24324, -17.75693 ], [ -63.24318, -17.75694 ], [ -63.24314, -17.7569 ], [ -63.24317, -17.75682 ], [ -63.24324, -17.75681 ], [ -63.24376, -17.75645 ], [ -63.2438, -17.7564 ], [ -63.24383, -17.7563 ], [ -63.24382, -17.75625 ], [ -63.24337, -17.75589 ], [ -63.24307, -17.75578 ], [ -63.24282, -17.75562 ], [ -63.24269, -17.75574 ], [ -63.24233, -17.75585 ], [ -63.24203, -17.75604 ], [ -63.24188, -17.75567 ], [ -63.24158, -17.75579 ], [ -63.24155, -17.75582 ], [ -63.24162, -17.75672 ], [ -63.24179, -17.7571 ], [ -63.24227, -17.75792 ], [ -63.24243, -17.75833 ], [ -63.24237, -17.75958 ], [ -63.24274, -17.75969 ], [ -63.2436, -17.76003 ], [ -63.2441, -17.76028 ], [ -63.24747, -17.76165 ] ] ] } },
{ "type": "Feature", "properties": { "i": 199 }, "geometry": { "type": "Polygon", "coordinates": [ [ [ -63.43418, -17.72072 ], [ -63.43418, -17.72066 ], [ -63.43348, -17.7201 ], [ -63.43345, -17.7201 ], [ -63.43276, -17.72065 ], [ -63.43276, -17.72069 ], [ -63.43345, -17.72124 ], [ -63.4335, -17.72123 ], [ -63.43418, -17.72072 ] ] ] } },
{ "type": "Feature", "properties": { "i": 200 }, "geometry": { "type": "Polygon", "coordinates": [ [ [ -63.23293, -17.76117 ], [ -63.23313, -17.76071 ], [ -63.23312, -17.76066 ], [ -63.23295, -17.76054 ], [ -63.2329, -17.76054 ], [ -63.23287, -17.76055 ], [ -63.23274, -17.76079 ], [ -63.23213, -17.76176 ], [ -63.23213, -17.7618 ], [ -63.23216, -17.76182 ], [ -63.23273, -17.76191 ], [ -63.23282, -17.76151 ], [ -63.23293, -17.76117 ] ] ] } },
{ "type": "Feature", "properties": { "i": 201 }, "geometry": { "type": "Polygon", "coordinates": [ [ [ -63.2344, -17.76115 ], [ -63.23364, -17.76046 ], [ -63.23396, -17.76012 ], [ -63.23484, -17.7609 ], [ -63.23517, -17.76115 ], [ -63.23517, -17.76117 ], [ -63.23487, -17.76149 ], [ -63.23484, -17.76149 ], [ -63.2344, -17.76115 ] ] ] } },
{ "type": "Feature", "properties": { "i": 202 }, "geometry": { "type": "Polygon", "coordinates": [ [ [ -63.36491, -17.73542 ], [ -63.36568, -17.73476 ], [ -63.36551, -17.73449 ], [ -63.36527, -17.73426 ], [ -63.36538, -17.73419 ], [ -63.3656, -17.73441 ], [ -63.36577, -17.73468 ], [ -63.36704, -17.73359 ], [ -63.36624, -17.73261 ], [ -63.36422, -17.73411 ], [ -63.36491, -17.73542 ] ] ] } },
{ "type": "Feature", "properties": { "i": 203 }, "geometry": { "type": "Polygon", "coordinates": [ [ [ -63.22706, -17.76138 ], [ -63.22733, -17.76142 ], [ -63.22734, -17.76145 ], [ -63.22728, -17.76181 ], [ -63.22733, -17.76239 ], [ -63.22639, -17.76251 ], [ -63.22605, -17.76282 ], [ -63.22645, -17.76323 ], [ -63.22653, -17.76334 ], [ -63.22657, -17.76346 ], [ -63.22644, -17.76357 ], [ -63.22588, -17.76391 ], [ -63.22571, -17.76344 ], [ -63.22478, -17.76378 ], [ -63.22386, -17.76269 ], [ -63.22485, -17.76199 ], [ -63.22545, -17.7626 ], [ -63.22554, -17.76295 ], [ -63.22558, -17.76295 ], [ -63.22549, -17.76262 ], [ -63.22487, -17.76199 ], [ -63.22531, -17.76166 ], [ -63.22706, -17.76138 ] ] ] } },
{ "type": "Feature", "properties": { "i": 204 }, "geometry": { "type": "Polygon", "coordinates": [ [ [ -63.23873, -17.75972 ], [ -63.23873, -17.75965 ], [ -63.23868, -17.75962 ], [ -63.23829, -17.75921 ], [ -63.23792, -17.75889 ], [ -63.23795, -17.75883 ], [ -63.23825, -17.75861 ], [ -63.2383, -17.75861 ], [ -63.23844, -17.7587 ], [ -63.23899, -17.75921 ], [ -63.23925, -17.75937 ], [ -63.23926, -17.75943 ], [ -63.239, -17.75996 ], [ -63.23879, -17.76031 ], [ -63.23846, -17.76071 ], [ -63.23821, -17.76094 ], [ -63.2381, -17.76095 ], [ -63.23771, -17.76028 ], [ -63.23752, -17.76006 ], [ -63.23714, -17.7597 ], [ -63.23715, -17.75966 ], [ -63.23741, -17.75938 ], [ -63.23745, -17.75937 ], [ -63.23798, -17.75985 ], [ -63.2382, -17.7601 ], [ -63.2383, -17.76026 ], [ -63.23835, -17.76028 ], [ -63.2384, -17.76025 ], [ -63.23842, -17.76019 ], [ -63.23836, -17.76015 ], [ -63.23813, -17.75986 ], [ -63.23752, -17.75929 ], [ -63.23752, -17.75925 ], [ -63.23779, -17.75896 ], [ -63.23783, -17.75895 ], [ -63.23805, -17.75912 ], [ -63.23844, -17.7595 ], [ -63.23858, -17.75966 ], [ -63.23856, -17.75969 ], [ -63.2386, -17.75974 ], [ -63.23862, -17.75972 ], [ -63.23871, -17.75974 ], [ -63.23873, -17.75972 ] ] ] } },
{ "type": "Feature", "properties": { "i": 205 }, "geometry": { "type": "Polygon", "coordinates": [ [ [ -63.43196, -17.72018 ], [ -63.4319, -17.72018 ], [ -63.43129, -17.72078 ], [ -63.4313, -17.72081 ], [ -63.43186, -17.72123 ], [ -63.4319, -17.72123 ], [ -63.43257, -17.7207 ], [ -63.43256, -17.72064 ], [ -63.43196, -17.72018 ] ] ] } },
{ "type": "Feature", "properties": { "i": 206 }, "geometry": { "type": "Polygon", "coordinates": [ [ [ -63.43041, -17.72025 ], [ -63.43027, -17.71958 ], [ -63.43052, -17.71934 ], [ -63.43071, -17.71927 ], [ -63.43087, -17.71927 ], [ -63.43113, -17.71937 ], [ -63.43122, -17.71943 ], [ -63.43138, -17.71959 ], [ -63.43153, -17.71978 ], [ -63.43166, -17.72006 ], [ -63.43171, -17.72025 ], [ -63.42978, -17.72203 ], [ -63.42916, -17.72155 ], [ -63.43041, -17.72025 ] ] ] } },
{ "type": "Feature", "properties": { "i": 207 }, "geometry": { "type": "Polygon", "coordinates": [ [ [ -63.23557, -17.76074 ], [ -63.23441, -17.75975 ], [ -63.23404, -17.76006 ], [ -63.23467, -17.76064 ], [ -63.23522, -17.76106 ], [ -63.23531, -17.76104 ], [ -63.23555, -17.76082 ], [ -63.23557, -17.76074 ] ] ] } },
{ "type": "Feature", "properties": { "i": 208 }, "geometry": { "type": "Polygon", "coordinates": [ [ [ -63.23137, -17.76107 ], [ -63.23183, -17.76029 ], [ -63.23224, -17.75967 ], [ -63.23288, -17.76048 ], [ -63.23197, -17.76185 ], [ -63.23096, -17.76171 ], [ -63.23137, -17.76107 ] ] ] } },
{ "type": "Feature", "properties": { "i": 209 }, "geometry": { "type": "Polygon", "coordinates": [ [ [ -63.23555, -17.76001 ], [ -63.23499, -17.75951 ], [ -63.2345, -17.75969 ], [ -63.235, -17.76017 ], [ -63.23527, -17.76039 ], [ -63.23564, -17.76066 ], [ -63.2357, -17.76069 ], [ -63.23573, -17.76068 ], [ -63.23602, -17.76045 ], [ -63.23603, -17.76037 ], [ -63.23555, -17.76001 ] ] ] } },
{ "type": "Feature", "properties": { "i": 210 }, "geometry": { "type": "Polygon", "coordinates": [ [ [ -63.43327, -17.71923 ], [ -63.43289, -17.71948 ], [ -63.4329, -17.71952 ], [ -63.43428, -17.72064 ], [ -63.43465, -17.72033 ], [ -63.43327, -17.71923 ] ] ] } },
{ "type": "Feature", "properties": { "i": 211 }, "geometry": { "type": "Polygon", "coordinates": [ [ [ -63.23524, -17.75962 ], [ -63.23596, -17.7602 ], [ -63.23614, -17.76032 ], [ -63.23619, -17.76031 ], [ -63.23647, -17.76007 ], [ -63.23649, -17.76003 ], [ -63.23647, -17.75997 ], [ -63.23615, -17.75975 ], [ -63.23561, -17.75929 ], [ -63.23509, -17.75947 ], [ -63.23524, -17.75962 ] ] ] } },
{ "type": "Feature", "properties": { "i": 212 }, "geometry": { "type": "Polygon", "coordinates": [ [ [ -63.43264, -17.72062 ], [ -63.43268, -17.72062 ], [ -63.43339, -17.72006 ], [ -63.43338, -17.72003 ], [ -63.43278, -17.71955 ], [ -63.43271, -17.71955 ], [ -63.43201, -17.7201 ], [ -63.43201, -17.72014 ], [ -63.43264, -17.72062 ] ] ] } },
{ "type": "Feature", "properties": { "i": 213 }, "geometry": { "type": "Polygon", "coordinates": [ [ [ -63.24113, -17.75719 ], [ -63.24076, -17.7567 ], [ -63.2413, -17.75581 ], [ -63.24135, -17.75582 ], [ -63.2415, -17.75579 ], [ -63.24157, -17.75673 ], [ -63.24174, -17.75711 ], [ -63.24188, -17.75733 ], [ -63.24205, -17.75803 ], [ -63.242, -17.7596 ], [ -63.24201, -17.75986 ], [ -63.24196, -17.76 ], [ -63.24191, -17.76006 ], [ -63.24155, -17.7603 ], [ -63.24182, -17.76067 ], [ -63.24187, -17.76109 ], [ -63.24173, -17.76107 ], [ -63.24168, -17.76104 ], [ -63.24132, -17.76072 ], [ -63.24063, -17.76023 ], [ -63.24032, -17.76005 ], [ -63.23972, -17.75975 ], [ -63.23969, -17.75965 ], [ -63.23973, -17.75941 ], [ -63.23971, -17.75925 ], [ -63.23975, -17.75916 ], [ -63.24018, -17.75904 ], [ -63.24104, -17.75896 ], [ -63.24131, -17.75889 ], [ -63.24137, -17.75884 ], [ -63.24139, -17.75877 ], [ -63.24137, -17.75868 ], [ -63.24116, -17.75823 ], [ -63.24092, -17.75785 ], [ -63.24069, -17.75758 ], [ -63.24113, -17.75719 ] ] ] } },
{ "type": "Feature", "properties": { "i": 214 }, "geometry": { "type": "Polygon", "coordinates": [ [ [ -63.21937, -17.76422 ], [ -63.21928, -17.76411 ], [ -63.21908, -17.76363 ], [ -63.21897, -17.76344 ], [ -63.21835, -17.76272 ], [ -63.21822, -17.76271 ], [ -63.21715, -17.76341 ], [ -63.21712, -17.76349 ], [ -63.21713, -17.76353 ], [ -63.21751, -17.76404 ], [ -63.21765, -17.7642 ], [ -63.21792, -17.7644 ], [ -63.21791, -17.76443 ], [ -63.21765, -17.76424 ], [ -63.21741, -17.76397 ], [ -63.21708, -17.76352 ], [ -63.21701, -17.76348 ], [ -63.21686, -17.76357 ], [ -63.21701, -17.76385 ], [ -63.21725, -17.76398 ], [ -63.21781, -17.76494 ], [ -63.21897, -17.76465 ], [ -63.21942, -17.76445 ], [ -63.21981, -17.76422 ], [ -63.21993, -17.76411 ], [ -63.22033, -17.76392 ], [ -63.22068, -17.7638 ], [ -63.22149, -17.76341 ], [ -63.22207, -17.76318 ], [ -63.22209, -17.76233 ], [ -63.222, -17.76214 ], [ -63.22181, -17.76201 ], [ -63.22178, -17.76194 ], [ -63.22175, -17.76168 ], [ -63.22173, -17.76108 ], [ -63.22181, -17.76085 ], [ -63.22182, -17.76073 ], [ -63.22157, -17.76071 ], [ -63.22128, -17.76085 ], [ -63.22102, -17.7612 ], [ -63.22095, -17.76151 ], [ -63.22118, -17.76203 ], [ -63.22136, -17.76266 ], [ -63.2213, -17.763 ], [ -63.2205, -17.76323 ], [ -63.22007, -17.76354 ], [ -63.22001, -17.7636 ], [ -63.21997, -17.76369 ], [ -63.21988, -17.76374 ], [ -63.21983, -17.76373 ], [ -63.21975, -17.76362 ], [ -63.2198, -17.76354 ], [ -63.21916, -17.76284 ], [ -63.21904, -17.76284 ], [ -63.219, -17.76276 ], [ -63.21905, -17.76269 ], [ -63.21911, -17.76268 ], [ -63.21994, -17.76354 ], [ -63.22038, -17.7632 ], [ -63.22038, -17.76317 ], [ -63.22007, -17.76277 ], [ -63.21992, -17.76261 ], [ -63.21974, -17.76248 ], [ -63.21927, -17.76223 ], [ -63.21918, -17.7622 ], [ -63.21904, -17.76219 ], [ -63.21893, -17.76222 ], [ -63.21841, -17.76257 ], [ -63.2184, -17.76264 ], [ -63.21842, -17.76268 ], [ -63.21862, -17.76296 ], [ -63.21901, -17.76338 ], [ -63.21914, -17.76359 ], [ -63.21931, -17.76402 ], [ -63.21938, -17.76404 ], [ -63.21942, -17.7641 ], [ -63.21942, -17.76416 ], [ -63.21937, -17.76422 ] ] ] } },
{ "type": "Feature", "properties": { "i": 215 }, "geometry": { "type": "Polygon", "coordinates": [ [ [ -63.24684, -17.75732 ], [ -63.24766, -17.75754 ], [ -63.2477, -17.75751 ], [ -63.24797, -17.75707 ], [ -63.24809, -17.75654 ], [ -63.24803, -17.75648 ], [ -63.24738, -17.75647 ], [ -63.24735, -17.75649 ], [ -63.2473, -17.7566 ], [ -63.2471, -17.75675 ], [ -63.24702, -17.75684 ], [ -63.24681, -17.75724 ], [ -63.24684, -17.75732 ] ] ] } },
{ "type": "Feature", "properties": { "i": 216 }, "geometry": { "type": "Polygon", "coordinates": [ [ [ -63.23674, -17.7589 ], [ -63.2365, -17.75878 ], [ -63.23625, -17.75897 ], [ -63.23603, -17.7591 ], [ -63.23697, -17.75957 ], [ -63.23725, -17.75925 ], [ -63.23674, -17.7589 ] ] ] } },
{ "type": "Feature", "properties": { "i": 217 }, "geometry": { "type": "Polygon", "coordinates": [ [ [ -63.23937, -17.7588 ], [ -63.23903, -17.75847 ], [ -63.23885, -17.75833 ], [ -63.23844, -17.7585 ], [ -63.23843, -17.75853 ], [ -63.23844, -17.75858 ], [ -63.23904, -17.75914 ], [ -63.23929, -17.7593 ], [ -63.23953, -17.75916 ], [ -63.23955, -17.75913 ], [ -63.23955, -17.75907 ], [ -63.23937, -17.7588 ] ] ] } },
{ "type": "Feature", "properties": { "i": 218 }, "geometry": { "type": "Polygon", "coordinates": [ [ [ -63.24132, -17.75877 ], [ -63.24099, -17.75808 ], [ -63.2408, -17.75783 ], [ -63.24051, -17.75751 ], [ -63.24043, -17.7575 ], [ -63.24007, -17.75761 ], [ -63.24002, -17.75766 ], [ -63.24003, -17.75772 ], [ -63.24054, -17.75831 ], [ -63.24082, -17.75887 ], [ -63.24088, -17.75891 ], [ -63.24126, -17.75884 ], [ -63.24132, -17.75877 ] ] ] } },
{ "type": "Feature", "properties": { "i": 219 }, "geometry": { "type": "Polygon", "coordinates": [ [ [ -63.24011, -17.7589 ], [ -63.2399, -17.75855 ], [ -63.23974, -17.75836 ], [ -63.23934, -17.75798 ], [ -63.23927, -17.75798 ], [ -63.23897, -17.75815 ], [ -63.23895, -17.75819 ], [ -63.23896, -17.75828 ], [ -63.2394, -17.75872 ], [ -63.23965, -17.75907 ], [ -63.23975, -17.75909 ], [ -63.24008, -17.75898 ], [ -63.24011, -17.7589 ] ] ] } },
{ "type": "Feature", "properties": { "i": 220 }, "geometry": { "type": "Polygon", "coordinates": [ [ [ -63.24038, -17.75822 ], [ -63.23989, -17.75769 ], [ -63.23948, -17.75787 ], [ -63.23946, -17.7579 ], [ -63.23947, -17.75797 ], [ -63.23989, -17.7584 ], [ -63.24001, -17.75856 ], [ -63.24022, -17.75894 ], [ -63.24029, -17.75896 ], [ -63.24067, -17.75893 ], [ -63.24072, -17.7589 ], [ -63.24073, -17.75882 ], [ -63.24057, -17.75851 ], [ -63.24038, -17.75822 ] ] ] } },
{ "type": "Feature", "properties": { "i": 221 }, "geometry": { "type": "Polygon", "coordinates": [ [ [ -63.37859, -17.72963 ], [ -63.37891, -17.72969 ], [ -63.37876, -17.73074 ], [ -63.37846, -17.73072 ], [ -63.378, -17.73075 ], [ -63.37787, -17.73033 ], [ -63.37764, -17.72981 ], [ -63.37859, -17.72963 ] ] ] } },
{ "type": "Feature", "properties": { "i": 222 }, "geometry": { "type": "Polygon", "coordinates": [ [ [ -63.22008, -17.76149 ], [ -63.21911, -17.762 ], [ -63.21919, -17.76213 ], [ -63.21926, -17.76214 ], [ -63.21952, -17.76225 ], [ -63.22002, -17.76258 ], [ -63.22011, -17.76267 ], [ -63.22036, -17.76304 ], [ -63.22043, -17.76309 ], [ -63.22068, -17.76301 ], [ -63.22076, -17.76265 ], [ -63.22072, -17.76227 ], [ -63.22065, -17.76209 ], [ -63.22046, -17.76182 ], [ -63.22029, -17.76164 ], [ -63.22008, -17.76149 ] ] ] } },
{ "type": "Feature", "properties": { "i": 223 }, "geometry": { "type": "Polygon", "coordinates": [ [ [ -63.23694, -17.75835 ], [ -63.23762, -17.75879 ], [ -63.23763, -17.75885 ], [ -63.23736, -17.75913 ], [ -63.23729, -17.75913 ], [ -63.23689, -17.75888 ], [ -63.23658, -17.75872 ], [ -63.23694, -17.75835 ] ] ] } },
{ "type": "Feature", "properties": { "i": 224 }, "geometry": { "type": "Polygon", "coordinates": [ [ [ -63.22917, -17.7611 ], [ -63.22922, -17.76116 ], [ -63.22931, -17.76121 ], [ -63.2294, -17.76123 ], [ -63.22956, -17.76122 ], [ -63.22961, -17.76119 ], [ -63.23021, -17.76022 ], [ -63.23042, -17.75984 ], [ -63.23041, -17.75978 ], [ -63.22937, -17.75913 ], [ -63.22929, -17.75915 ], [ -63.22881, -17.75961 ], [ -63.22876, -17.75968 ], [ -63.2288, -17.75984 ], [ -63.22894, -17.76014 ], [ -63.22917, -17.7611 ] ] ] } },
{ "type": "Feature", "properties": { "i": 225 }, "geometry": { "type": "Polygon", "coordinates": [ [ [ -63.23094, -17.76053 ], [ -63.23094, -17.7606 ], [ -63.23091, -17.76063 ], [ -63.23085, -17.76063 ], [ -63.23075, -17.76054 ], [ -63.23032, -17.7603 ], [ -63.23026, -17.7603 ], [ -63.22997, -17.76077 ], [ -63.22997, -17.7608 ], [ -63.23044, -17.76108 ], [ -63.23055, -17.76109 ], [ -63.23059, -17.76113 ], [ -63.23059, -17.76119 ], [ -63.23055, -17.76123 ], [ -63.23048, -17.76123 ], [ -63.23042, -17.76115 ], [ -63.22994, -17.76088 ], [ -63.2299, -17.76088 ], [ -63.22971, -17.76122 ], [ -63.22961, -17.7613 ], [ -63.22947, -17.76133 ], [ -63.22942, -17.76142 ], [ -63.22943, -17.76145 ], [ -63.22948, -17.7615 ], [ -63.2304, -17.76161 ], [ -63.23083, -17.76169 ], [ -63.23086, -17.76168 ], [ -63.23214, -17.75959 ], [ -63.23214, -17.75955 ], [ -63.23142, -17.75864 ], [ -63.23008, -17.75779 ], [ -63.22901, -17.75891 ], [ -63.22862, -17.75929 ], [ -63.22841, -17.75943 ], [ -63.22874, -17.76091 ], [ -63.22889, -17.76148 ], [ -63.22895, -17.76151 ], [ -63.22916, -17.76142 ], [ -63.22921, -17.76138 ], [ -63.22924, -17.76128 ], [ -63.2291, -17.76111 ], [ -63.22887, -17.76011 ], [ -63.22869, -17.75972 ], [ -63.22872, -17.75961 ], [ -63.22921, -17.75914 ], [ -63.22921, -17.75905 ], [ -63.22914, -17.75904 ], [ -63.2291, -17.75899 ], [ -63.22911, -17.75894 ], [ -63.22915, -17.75891 ], [ -63.22922, -17.75892 ], [ -63.22924, -17.75897 ], [ -63.22928, -17.759 ], [ -63.23042, -17.75972 ], [ -63.23047, -17.75973 ], [ -63.23052, -17.75971 ], [ -63.23078, -17.75929 ], [ -63.23077, -17.75923 ], [ -63.23074, -17.75919 ], [ -63.23027, -17.75892 ], [ -63.23019, -17.75892 ], [ -63.23015, -17.75887 ], [ -63.23016, -17.75881 ], [ -63.23021, -17.75878 ], [ -63.23026, -17.75879 ], [ -63.2303, -17.75886 ], [ -63.23074, -17.75913 ], [ -63.23085, -17.75916 ], [ -63.2312, -17.75881 ], [ -63.23121, -17.75875 ], [ -63.23125, -17.7587 ], [ -63.23133, -17.7587 ], [ -63.23136, -17.75874 ], [ -63.23135, -17.75881 ], [ -63.23131, -17.75884 ], [ -63.23125, -17.75884 ], [ -63.23094, -17.75915 ], [ -63.23069, -17.75957 ], [ -63.23072, -17.75963 ], [ -63.23105, -17.75982 ], [ -63.23109, -17.75981 ], [ -63.23127, -17.75952 ], [ -63.23127, -17.75944 ], [ -63.23134, -17.75941 ], [ -63.2314, -17.75944 ], [ -63.2314, -17.75951 ], [ -63.23132, -17.75956 ], [ -63.23102, -17.76005 ], [ -63.23102, -17.76016 ], [ -63.23093, -17.76018 ], [ -63.23089, -17.76013 ], [ -63.2309, -17.76007 ], [ -63.23094, -17.76005 ], [ -63.23101, -17.75994 ], [ -63.231, -17.75988 ], [ -63.23069, -17.75971 ], [ -63.23063, -17.7597 ], [ -63.2306, -17.75971 ], [ -63.23029, -17.7602 ], [ -63.23079, -17.76048 ], [ -63.2309, -17.7605 ], [ -63.23094, -17.76053 ] ] ] } },
{ "type": "Feature", "properties": { "i": 226 }, "geometry": { "type": "Polygon", "coordinates": [ [ [ -63.22283, -17.76193 ], [ -63.22274, -17.76193 ], [ -63.2227, -17.76188 ], [ -63.2227, -17.76181 ], [ -63.22273, -17.76178 ], [ -63.22258, -17.76045 ], [ -63.22255, -17.76043 ], [ -63.22229, -17.76049 ], [ -63.22227, -17.76047 ], [ -63.22228, -17.76045 ], [ -63.22295, -17.76028 ], [ -63.22298, -17.76026 ], [ -63.22298, -17.76022 ], [ -63.22272, -17.7599 ], [ -63.22243, -17.75964 ], [ -63.22216, -17.75951 ], [ -63.22209, -17.75951 ], [ -63.22207, -17.75952 ], [ -63.22235, -17.76173 ], [ -63.22246, -17.76283 ], [ -63.22256, -17.76294 ], [ -63.22263, -17.76294 ], [ -63.22315, -17.7627 ], [ -63.22324, -17.76264 ], [ -63.2235, -17.76234 ], [ -63.22354, -17.76238 ], [ -63.22357, -17.76234 ], [ -63.22353, -17.76231 ], [ -63.22414, -17.76162 ], [ -63.22409, -17.76154 ], [ -63.22458, -17.76107 ], [ -63.22458, -17.76087 ], [ -63.22452, -17.76042 ], [ -63.22445, -17.7603 ], [ -63.22365, -17.75981 ], [ -63.22339, -17.76019 ], [ -63.22405, -17.76061 ], [ -63.22407, -17.76073 ], [ -63.22395, -17.76093 ], [ -63.22376, -17.76111 ], [ -63.22316, -17.76152 ], [ -63.22291, -17.76177 ], [ -63.22288, -17.76181 ], [ -63.22287, -17.76189 ], [ -63.22283, -17.76193 ] ] ] } },
{ "type": "Feature", "properties": { "i": 227 }, "geometry": { "type": "Polygon", "coordinates": [ [ [ -63.21981, -17.75543 ], [ -63.21836, -17.75534 ], [ -63.21808, -17.75537 ], [ -63.21779, -17.75549 ], [ -63.21758, -17.75563 ], [ -63.21746, -17.75577 ], [ -63.21742, -17.75587 ], [ -63.21773, -17.75631 ], [ -63.21777, -17.75632 ], [ -63.21785, -17.7563 ], [ -63.21794, -17.75616 ], [ -63.21803, -17.75607 ], [ -63.21813, -17.756 ], [ -63.21825, -17.75596 ], [ -63.2188, -17.75597 ], [ -63.22004, -17.75608 ], [ -63.22021, -17.75616 ], [ -63.22026, -17.75622 ], [ -63.22032, -17.75636 ], [ -63.22033, -17.75654 ], [ -63.22031, -17.75661 ], [ -63.22018, -17.7568 ], [ -63.21992, -17.75697 ], [ -63.21978, -17.7571 ], [ -63.21957, -17.75755 ], [ -63.21946, -17.75802 ], [ -63.21949, -17.75809 ], [ -63.21981, -17.75833 ], [ -63.21992, -17.75839 ], [ -63.21999, -17.75839 ], [ -63.22004, -17.75835 ], [ -63.22013, -17.75792 ], [ -63.22034, -17.75745 ], [ -63.2206, -17.75728 ], [ -63.22076, -17.75712 ], [ -63.22093, -17.75681 ], [ -63.22098, -17.75658 ], [ -63.22096, -17.75626 ], [ -63.22089, -17.75604 ], [ -63.22077, -17.75582 ], [ -63.22061, -17.75565 ], [ -63.22044, -17.75553 ], [ -63.21981, -17.75543 ] ] ] } },
{ "type": "Feature", "properties": { "i": 228 }, "geometry": { "type": "Polygon", "coordinates": [ [ [ -63.23736, -17.75794 ], [ -63.23724, -17.75789 ], [ -63.237, -17.75827 ], [ -63.23774, -17.75873 ], [ -63.23778, -17.75872 ], [ -63.23808, -17.75849 ], [ -63.23808, -17.7584 ], [ -63.23736, -17.75794 ] ] ] } },
{ "type": "Feature", "properties": { "i": 229 }, "geometry": { "type": "Polygon", "coordinates": [ [ [ -63.22836, -17.75947 ], [ -63.22691, -17.75992 ], [ -63.22651, -17.76002 ], [ -63.2263, -17.76015 ], [ -63.22535, -17.76107 ], [ -63.22513, -17.76121 ], [ -63.22513, -17.76127 ], [ -63.22622, -17.76111 ], [ -63.2268, -17.761 ], [ -63.22717, -17.76099 ], [ -63.22879, -17.76133 ], [ -63.22836, -17.75947 ] ] ] } },
{ "type": "Feature", "properties": { "i": 230 }, "geometry": { "type": "Polygon", "coordinates": [ [ [ -63.22193, -17.76077 ], [ -63.22182, -17.76108 ], [ -63.22181, -17.76132 ], [ -63.22187, -17.76193 ], [ -63.22215, -17.76213 ], [ -63.22198, -17.76075 ], [ -63.22193, -17.76077 ] ] ] } },
{ "type": "Feature", "properties": { "i": 231 }, "geometry": { "type": "Polygon", "coordinates": [ [ [ -63.24289, -17.75554 ], [ -63.24263, -17.75543 ], [ -63.24263, -17.75536 ], [ -63.24278, -17.75532 ], [ -63.24344, -17.75557 ], [ -63.24459, -17.75528 ], [ -63.24475, -17.75525 ], [ -63.24486, -17.75527 ], [ -63.24542, -17.75572 ], [ -63.24573, -17.75591 ], [ -63.24573, -17.75604 ], [ -63.24571, -17.75608 ], [ -63.24511, -17.75631 ], [ -63.24489, -17.75632 ], [ -63.24475, -17.75623 ], [ -63.24469, -17.75628 ], [ -63.24468, -17.75632 ], [ -63.24473, -17.75637 ], [ -63.24478, -17.75638 ], [ -63.2451, -17.75638 ], [ -63.24568, -17.75617 ], [ -63.24572, -17.7562 ], [ -63.24572, -17.7565 ], [ -63.24566, -17.75658 ], [ -63.24565, -17.75665 ], [ -63.24569, -17.75669 ], [ -63.24574, -17.75669 ], [ -63.24579, -17.75661 ], [ -63.2458, -17.75594 ], [ -63.24585, -17.75592 ], [ -63.24609, -17.75594 ], [ -63.24622, -17.75598 ], [ -63.24627, -17.75595 ], [ -63.24628, -17.75591 ], [ -63.24627, -17.75588 ], [ -63.24621, -17.75584 ], [ -63.2461, -17.75588 ], [ -63.24595, -17.75587 ], [ -63.24579, -17.75583 ], [ -63.24564, -17.75576 ], [ -63.2454, -17.75559 ], [ -63.2454, -17.75557 ], [ -63.24597, -17.75511 ], [ -63.24658, -17.75536 ], [ -63.24671, -17.75544 ], [ -63.2469, -17.75562 ], [ -63.24725, -17.75624 ], [ -63.24729, -17.75638 ], [ -63.24728, -17.75649 ], [ -63.24725, -17.75657 ], [ -63.24705, -17.75671 ], [ -63.24673, -17.75725 ], [ -63.24663, -17.75727 ], [ -63.24631, -17.75718 ], [ -63.24627, -17.7572 ], [ -63.24626, -17.75728 ], [ -63.24628, -17.75731 ], [ -63.24635, -17.75732 ], [ -63.24643, -17.75727 ], [ -63.24763, -17.7576 ], [ -63.24769, -17.75771 ], [ -63.24775, -17.75772 ], [ -63.2478, -17.75767 ], [ -63.24776, -17.75754 ], [ -63.24798, -17.75717 ], [ -63.24806, -17.75699 ], [ -63.24823, -17.75618 ], [ -63.24821, -17.75603 ], [ -63.24817, -17.75593 ], [ -63.248, -17.75566 ], [ -63.24685, -17.75427 ], [ -63.2469, -17.75413 ], [ -63.24686, -17.75407 ], [ -63.24681, -17.75406 ], [ -63.24675, -17.75412 ], [ -63.24678, -17.75422 ], [ -63.24666, -17.75444 ], [ -63.24536, -17.75549 ], [ -63.24527, -17.75549 ], [ -63.24523, -17.75544 ], [ -63.24521, -17.75535 ], [ -63.24511, -17.75522 ], [ -63.24504, -17.75526 ], [ -63.24527, -17.75508 ], [ -63.24525, -17.75503 ], [ -63.24635, -17.75415 ], [ -63.24669, -17.75354 ], [ -63.24827, -17.75543 ], [ -63.24852, -17.75585 ], [ -63.24855, -17.75593 ], [ -63.24861, -17.75632 ], [ -63.24847, -17.7565 ], [ -63.24841, -17.75672 ], [ -63.24844, -17.75696 ], [ -63.24848, -17.75705 ], [ -63.24832, -17.7574 ], [ -63.24806, -17.75779 ], [ -63.24796, -17.75799 ], [ -63.24784, -17.75839 ], [ -63.24776, -17.75841 ], [ -63.2476, -17.7584 ], [ -63.24663, -17.75816 ], [ -63.24585, -17.75823 ], [ -63.24578, -17.75829 ], [ -63.24575, -17.75837 ], [ -63.24573, -17.75865 ], [ -63.24571, -17.75869 ], [ -63.24504, -17.75911 ], [ -63.24484, -17.75914 ], [ -63.24475, -17.75913 ], [ -63.24405, -17.75889 ], [ -63.24393, -17.75883 ], [ -63.24357, -17.75859 ], [ -63.24346, -17.75848 ], [ -63.24344, -17.75831 ], [ -63.24348, -17.75826 ], [ -63.24389, -17.75825 ], [ -63.24418, -17.75818 ], [ -63.24453, -17.75803 ], [ -63.24459, -17.75794 ], [ -63.24454, -17.75791 ], [ -63.2445, -17.75793 ], [ -63.24443, -17.75789 ], [ -63.24436, -17.75756 ], [ -63.24437, -17.75744 ], [ -63.24429, -17.75741 ], [ -63.24426, -17.75743 ], [ -63.24424, -17.7575 ], [ -63.2443, -17.75756 ], [ -63.24438, -17.758 ], [ -63.24435, -17.75805 ], [ -63.2441, -17.75814 ], [ -63.24391, -17.75818 ], [ -63.2435, -17.75818 ], [ -63.24342, -17.75816 ], [ -63.24301, -17.75789 ], [ -63.24296, -17.75768 ], [ -63.24299, -17.75761 ], [ -63.24383, -17.75742 ], [ -63.24433, -17.75683 ], [ -63.24435, -17.7566 ], [ -63.24433, -17.75652 ], [ -63.24316, -17.75564 ], [ -63.24302, -17.75555 ], [ -63.24289, -17.75554 ] ] ] } },
{ "type": "Feature", "properties": { "i": 232 }, "geometry": { "type": "Polygon", "coordinates": [ [ [ -63.37991, -17.72991 ], [ -63.37994, -17.72989 ], [ -63.37998, -17.72898 ], [ -63.37915, -17.72856 ], [ -63.37913, -17.72858 ], [ -63.37911, -17.72925 ], [ -63.37902, -17.7296 ], [ -63.37991, -17.72991 ] ] ] } },
{ "type": "Feature", "properties": { "i": 233 }, "geometry": { "type": "Polygon", "coordinates": [ [ [ -63.23827, -17.75785 ], [ -63.23765, -17.75747 ], [ -63.2374, -17.75767 ], [ -63.2373, -17.75783 ], [ -63.23824, -17.7584 ], [ -63.23863, -17.7582 ], [ -63.23863, -17.75813 ], [ -63.23856, -17.75807 ], [ -63.23827, -17.75785 ] ] ] } },
{ "type": "Feature", "properties": { "i": 234 }, "geometry": { "type": "Polygon", "coordinates": [ [ [ -63.43162, -17.71831 ], [ -63.43276, -17.71936 ], [ -63.43256, -17.71948 ], [ -63.43192, -17.72 ], [ -63.43132, -17.71942 ], [ -63.43103, -17.71922 ], [ -63.4309, -17.71918 ], [ -63.43071, -17.71918 ], [ -63.43063, -17.71921 ], [ -63.43056, -17.71886 ], [ -63.43162, -17.71831 ] ] ] } },
{ "type": "Feature", "properties": { "i": 235 }, "geometry": { "type": "Polygon", "coordinates": [ [ [ -63.22313, -17.76142 ], [ -63.22301, -17.76033 ], [ -63.22274, -17.76038 ], [ -63.22268, -17.76043 ], [ -63.22283, -17.7617 ], [ -63.22285, -17.76172 ], [ -63.22313, -17.76142 ] ] ] } },
{ "type": "Feature", "properties": { "i": 236 }, "geometry": { "type": "Polygon", "coordinates": [ [ [ -63.22512, -17.76098 ], [ -63.22465, -17.76178 ], [ -63.22453, -17.76186 ], [ -63.22437, -17.76161 ], [ -63.22424, -17.76169 ], [ -63.22417, -17.76161 ], [ -63.22473, -17.76108 ], [ -63.22465, -17.76032 ], [ -63.22345, -17.75956 ], [ -63.22348, -17.75925 ], [ -63.22349, -17.75929 ], [ -63.22354, -17.75932 ], [ -63.22361, -17.75929 ], [ -63.22364, -17.75925 ], [ -63.22384, -17.75926 ], [ -63.2246, -17.75935 ], [ -63.22468, -17.75941 ], [ -63.2248, -17.76003 ], [ -63.22449, -17.75982 ], [ -63.2244, -17.75984 ], [ -63.2243, -17.76002 ], [ -63.22433, -17.76004 ], [ -63.22443, -17.75986 ], [ -63.22448, -17.75985 ], [ -63.22481, -17.76009 ], [ -63.22488, -17.76048 ], [ -63.22519, -17.76093 ], [ -63.22515, -17.76096 ], [ -63.22497, -17.76075 ], [ -63.22491, -17.76075 ], [ -63.2249, -17.76078 ], [ -63.22496, -17.76079 ], [ -63.22512, -17.76098 ] ] ] } },
{ "type": "Feature", "properties": { "i": 237 }, "geometry": { "type": "Polygon", "coordinates": [ [ [ -63.37202, -17.73004 ], [ -63.37276, -17.72942 ], [ -63.37277, -17.72938 ], [ -63.37148, -17.72881 ], [ -63.37067, -17.72963 ], [ -63.37013, -17.7299 ], [ -63.37002, -17.72999 ], [ -63.36971, -17.73048 ], [ -63.36943, -17.73075 ], [ -63.36911, -17.73095 ], [ -63.36814, -17.73273 ], [ -63.36923, -17.73191 ], [ -63.37072, -17.73089 ], [ -63.37202, -17.73004 ] ] ] } },
{ "type": "Feature", "properties": { "i": 238 }, "geometry": { "type": "Polygon", "coordinates": [ [ [ -63.23782, -17.75745 ], [ -63.23777, -17.75739 ], [ -63.23836, -17.75692 ], [ -63.23834, -17.75698 ], [ -63.23831, -17.75769 ], [ -63.23824, -17.75771 ], [ -63.23782, -17.75745 ] ] ] } },
{ "type": "Feature", "properties": { "i": 239 }, "geometry": { "type": "Polygon", "coordinates": [ [ [ -63.2252, -17.75876 ], [ -63.22528, -17.75897 ], [ -63.22562, -17.75909 ], [ -63.22582, -17.75944 ], [ -63.22608, -17.76013 ], [ -63.22564, -17.76058 ], [ -63.22541, -17.76078 ], [ -63.22526, -17.76088 ], [ -63.22495, -17.76044 ], [ -63.22477, -17.75948 ], [ -63.22478, -17.75932 ], [ -63.22471, -17.75891 ], [ -63.2252, -17.75876 ] ] ] } },
{ "type": "Feature", "properties": { "i": 240 }, "geometry": { "type": "Polygon", "coordinates": [ [ [ -63.24812, -17.75639 ], [ -63.24816, -17.75624 ], [ -63.24814, -17.75602 ], [ -63.24811, -17.75596 ], [ -63.24791, -17.75566 ], [ -63.24687, -17.75441 ], [ -63.2468, -17.7544 ], [ -63.24607, -17.75499 ], [ -63.24607, -17.75505 ], [ -63.24672, -17.75536 ], [ -63.24688, -17.7555 ], [ -63.2471, -17.7558 ], [ -63.24732, -17.75623 ], [ -63.24735, -17.75636 ], [ -63.2474, -17.7564 ], [ -63.24809, -17.75642 ], [ -63.24812, -17.75639 ] ] ] } },
{ "type": "Feature", "properties": { "i": 241 }, "geometry": { "type": "Polygon", "coordinates": [ [ [ -63.24122, -17.75578 ], [ -63.2406, -17.75678 ], [ -63.24073, -17.75681 ], [ -63.241, -17.75718 ], [ -63.24065, -17.75755 ], [ -63.24051, -17.75744 ], [ -63.24039, -17.75743 ], [ -63.23997, -17.75757 ], [ -63.2395, -17.75777 ], [ -63.23888, -17.75808 ], [ -63.23873, -17.75807 ], [ -63.23841, -17.75784 ], [ -63.2384, -17.757 ], [ -63.23844, -17.75694 ], [ -63.23925, -17.75628 ], [ -63.23941, -17.75625 ], [ -63.23955, -17.75629 ], [ -63.23967, -17.75635 ], [ -63.24004, -17.75662 ], [ -63.24008, -17.75667 ], [ -63.24014, -17.75668 ], [ -63.24018, -17.75664 ], [ -63.24018, -17.75659 ], [ -63.24008, -17.75655 ], [ -63.23969, -17.75627 ], [ -63.23949, -17.75617 ], [ -63.23947, -17.75608 ], [ -63.24, -17.75569 ], [ -63.24007, -17.75572 ], [ -63.24052, -17.75605 ], [ -63.24058, -17.75612 ], [ -63.24064, -17.75611 ], [ -63.24066, -17.75603 ], [ -63.24058, -17.75601 ], [ -63.24004, -17.75563 ], [ -63.23999, -17.75555 ], [ -63.24054, -17.75518 ], [ -63.24063, -17.75516 ], [ -63.24073, -17.75523 ], [ -63.24085, -17.75536 ], [ -63.24109, -17.7557 ], [ -63.24122, -17.75578 ] ] ] } },
{ "type": "Feature", "properties": { "i": 242 }, "geometry": { "type": "Polygon", "coordinates": [ [ [ -63.37905, -17.7292 ], [ -63.37908, -17.72853 ], [ -63.37874, -17.72834 ], [ -63.3786, -17.72805 ], [ -63.37809, -17.72748 ], [ -63.37746, -17.72755 ], [ -63.37741, -17.72791 ], [ -63.37708, -17.72862 ], [ -63.3776, -17.72972 ], [ -63.37868, -17.72952 ], [ -63.37896, -17.72958 ], [ -63.37905, -17.7292 ] ] ] } },
{ "type": "Feature", "properties": { "i": 243 }, "geometry": { "type": "Polygon", "coordinates": [ [ [ -63.38221, -17.73005 ], [ -63.38115, -17.72965 ], [ -63.3813, -17.72918 ], [ -63.38142, -17.72916 ], [ -63.38141, -17.72909 ], [ -63.38124, -17.72911 ], [ -63.38109, -17.72962 ], [ -63.38106, -17.72964 ], [ -63.38054, -17.72932 ], [ -63.38015, -17.72896 ], [ -63.38011, -17.72877 ], [ -63.38005, -17.72791 ], [ -63.38011, -17.72728 ], [ -63.37982, -17.72675 ], [ -63.37981, -17.72587 ], [ -63.38017, -17.72516 ], [ -63.38021, -17.72453 ], [ -63.38027, -17.7245 ], [ -63.38114, -17.72455 ], [ -63.38256, -17.72467 ], [ -63.38309, -17.72474 ], [ -63.38341, -17.72494 ], [ -63.38335, -17.72514 ], [ -63.38272, -17.7257 ], [ -63.38274, -17.72572 ], [ -63.38338, -17.72515 ], [ -63.38344, -17.72496 ], [ -63.38364, -17.72511 ], [ -63.3836, -17.72545 ], [ -63.38326, -17.72581 ], [ -63.38272, -17.72578 ], [ -63.38212, -17.72588 ], [ -63.38153, -17.72586 ], [ -63.38147, -17.72584 ], [ -63.38087, -17.72536 ], [ -63.38083, -17.72535 ], [ -63.38073, -17.7254 ], [ -63.38057, -17.72581 ], [ -63.38059, -17.72608 ], [ -63.38068, -17.72637 ], [ -63.38076, -17.72652 ], [ -63.3811, -17.72697 ], [ -63.38239, -17.72838 ], [ -63.38406, -17.72985 ], [ -63.38413, -17.72992 ], [ -63.38414, -17.73 ], [ -63.38408, -17.73018 ], [ -63.38399, -17.73034 ], [ -63.38388, -17.73049 ], [ -63.38373, -17.73064 ], [ -63.3836, -17.73074 ], [ -63.38337, -17.73086 ], [ -63.38315, -17.73093 ], [ -63.38294, -17.73096 ], [ -63.38289, -17.73096 ], [ -63.38221, -17.73005 ] ] ] } },
{ "type": "Feature", "properties": { "i": 244 }, "geometry": { "type": "Polygon", "coordinates": [ [ [ -63.22332, -17.76018 ], [ -63.22358, -17.75979 ], [ -63.22327, -17.75959 ], [ -63.22286, -17.75913 ], [ -63.22253, -17.75946 ], [ -63.22273, -17.75965 ], [ -63.22302, -17.75999 ], [ -63.22332, -17.76018 ] ] ] } },
{ "type": "Feature", "properties": { "i": 245 }, "geometry": { "type": "Polygon", "coordinates": [ [ [ -63.23152, -17.75579 ], [ -63.23165, -17.75569 ], [ -63.23223, -17.75599 ], [ -63.23245, -17.75605 ], [ -63.23286, -17.75627 ], [ -63.23288, -17.75622 ], [ -63.23247, -17.75601 ], [ -63.23224, -17.75594 ], [ -63.23169, -17.75566 ], [ -63.23264, -17.75525 ], [ -63.23279, -17.75521 ], [ -63.23387, -17.75524 ], [ -63.23456, -17.75569 ], [ -63.23732, -17.75717 ], [ -63.23732, -17.75719 ], [ -63.23673, -17.75803 ], [ -63.23622, -17.75858 ], [ -63.23618, -17.75858 ], [ -63.23606, -17.75841 ], [ -63.23607, -17.75831 ], [ -63.23612, -17.75823 ], [ -63.23648, -17.75788 ], [ -63.2369, -17.75719 ], [ -63.23699, -17.75714 ], [ -63.23699, -17.75708 ], [ -63.23691, -17.75705 ], [ -63.23686, -17.75709 ], [ -63.23686, -17.75717 ], [ -63.23643, -17.75786 ], [ -63.23603, -17.75826 ], [ -63.23584, -17.75826 ], [ -63.23561, -17.75816 ], [ -63.23559, -17.75808 ], [ -63.23632, -17.75686 ], [ -63.23639, -17.75683 ], [ -63.2364, -17.75678 ], [ -63.23637, -17.75674 ], [ -63.23632, -17.75673 ], [ -63.23628, -17.75675 ], [ -63.23627, -17.75686 ], [ -63.23554, -17.75805 ], [ -63.23547, -17.75807 ], [ -63.23501, -17.75785 ], [ -63.23499, -17.75776 ], [ -63.23572, -17.75656 ], [ -63.23579, -17.75653 ], [ -63.23581, -17.75647 ], [ -63.23578, -17.75643 ], [ -63.23575, -17.75643 ], [ -63.23568, -17.75647 ], [ -63.23569, -17.75654 ], [ -63.23495, -17.75774 ], [ -63.23489, -17.75777 ], [ -63.23481, -17.75774 ], [ -63.23442, -17.75752 ], [ -63.23441, -17.75744 ], [ -63.23511, -17.7563 ], [ -63.2352, -17.7563 ], [ -63.23522, -17.75628 ], [ -63.23523, -17.7562 ], [ -63.23519, -17.75613 ], [ -63.23515, -17.75612 ], [ -63.23508, -17.75617 ], [ -63.23508, -17.75626 ], [ -63.23434, -17.75744 ], [ -63.2343, -17.75745 ], [ -63.23387, -17.75721 ], [ -63.23384, -17.75713 ], [ -63.23452, -17.75598 ], [ -63.23461, -17.75592 ], [ -63.23461, -17.75583 ], [ -63.23453, -17.75582 ], [ -63.23449, -17.75586 ], [ -63.23449, -17.75595 ], [ -63.23421, -17.75641 ], [ -63.23417, -17.75647 ], [ -63.23416, -17.75646 ], [ -63.23362, -17.75739 ], [ -63.23291, -17.75697 ], [ -63.23287, -17.75689 ], [ -63.2328, -17.75689 ], [ -63.23277, -17.75693 ], [ -63.23278, -17.75699 ], [ -63.23283, -17.75702 ], [ -63.23289, -17.75701 ], [ -63.23353, -17.7574 ], [ -63.23355, -17.75743 ], [ -63.23356, -17.75748 ], [ -63.2335, -17.75758 ], [ -63.23346, -17.7576 ], [ -63.2333, -17.75761 ], [ -63.23253, -17.75716 ], [ -63.23246, -17.75726 ], [ -63.2332, -17.7577 ], [ -63.23324, -17.75774 ], [ -63.2333, -17.7579 ], [ -63.23327, -17.75797 ], [ -63.2332, -17.75804 ], [ -63.23315, -17.75803 ], [ -63.23251, -17.75765 ], [ -63.23245, -17.75756 ], [ -63.23237, -17.75757 ], [ -63.23235, -17.75764 ], [ -63.23241, -17.75769 ], [ -63.23248, -17.75769 ], [ -63.23314, -17.75808 ], [ -63.2332, -17.75809 ], [ -63.23326, -17.75807 ], [ -63.23335, -17.75794 ], [ -63.23346, -17.75792 ], [ -63.23356, -17.75785 ], [ -63.23359, -17.75779 ], [ -63.2336, -17.75765 ], [ -63.23377, -17.75738 ], [ -63.23385, -17.75734 ], [ -63.23457, -17.75775 ], [ -63.23563, -17.75829 ], [ -63.23573, -17.75838 ], [ -63.2357, -17.75846 ], [ -63.23418, -17.759 ], [ -63.23409, -17.75899 ], [ -63.23404, -17.75904 ], [ -63.23406, -17.7591 ], [ -63.23411, -17.75912 ], [ -63.23414, -17.75911 ], [ -63.23421, -17.75904 ], [ -63.2357, -17.75853 ], [ -63.23585, -17.75856 ], [ -63.23597, -17.75871 ], [ -63.23596, -17.75876 ], [ -63.23422, -17.75936 ], [ -63.23417, -17.75957 ], [ -63.23384, -17.75978 ], [ -63.2334, -17.76026 ], [ -63.23317, -17.7606 ], [ -63.23298, -17.76044 ], [ -63.23304, -17.76035 ], [ -63.23311, -17.76005 ], [ -63.23309, -17.75992 ], [ -63.23292, -17.75971 ], [ -63.23288, -17.75975 ], [ -63.23302, -17.75993 ], [ -63.23303, -17.76005 ], [ -63.23297, -17.76027 ], [ -63.23292, -17.76036 ], [ -63.23246, -17.75979 ], [ -63.23285, -17.7595 ], [ -63.23281, -17.75945 ], [ -63.23242, -17.75973 ], [ -63.23216, -17.75943 ], [ -63.23148, -17.75856 ], [ -63.23014, -17.7577 ], [ -63.23152, -17.75579 ] ] ] } },
{ "type": "Feature", "properties": { "i": 246 }, "geometry": { "type": "Polygon", "coordinates": [ [ [ -63.22329, -17.75894 ], [ -63.22325, -17.75935 ], [ -63.22337, -17.75952 ], [ -63.22343, -17.75956 ], [ -63.22347, -17.75917 ], [ -63.22467, -17.75931 ], [ -63.22468, -17.75918 ], [ -63.22465, -17.7591 ], [ -63.22329, -17.75894 ] ] ] } },
{ "type": "Feature", "properties": { "i": 247 }, "geometry": { "type": "Polygon", "coordinates": [ [ [ -63.37733, -17.7279 ], [ -63.37739, -17.72753 ], [ -63.37673, -17.72754 ], [ -63.37672, -17.72756 ], [ -63.37702, -17.72853 ], [ -63.37704, -17.72853 ], [ -63.37733, -17.7279 ] ] ] } },
{ "type": "Feature", "properties": { "i": 248 }, "geometry": { "type": "Polygon", "coordinates": [ [ [ -63.23998, -17.75555 ], [ -63.24052, -17.75517 ], [ -63.24055, -17.75513 ], [ -63.24017, -17.75481 ], [ -63.2401, -17.75481 ], [ -63.23977, -17.75459 ], [ -63.23918, -17.7543 ], [ -63.23852, -17.75546 ], [ -63.23907, -17.75585 ], [ -63.23903, -17.7559 ], [ -63.23849, -17.75551 ], [ -63.23776, -17.75671 ], [ -63.23771, -17.75709 ], [ -63.23763, -17.75725 ], [ -63.23747, -17.75745 ], [ -63.2374, -17.75766 ], [ -63.23993, -17.75562 ], [ -63.23998, -17.75555 ] ] ] } },
{ "type": "Feature", "properties": { "i": 249 }, "geometry": { "type": "Polygon", "coordinates": [ [ [ -63.22716, -17.75961 ], [ -63.22697, -17.75928 ], [ -63.22688, -17.75904 ], [ -63.22743, -17.7588 ], [ -63.22669, -17.75685 ], [ -63.22556, -17.75728 ], [ -63.22528, -17.75736 ], [ -63.22531, -17.75749 ], [ -63.22545, -17.75765 ], [ -63.22552, -17.75781 ], [ -63.22551, -17.75791 ], [ -63.22544, -17.75802 ], [ -63.22513, -17.75816 ], [ -63.2251, -17.75823 ], [ -63.22534, -17.75889 ], [ -63.2256, -17.75886 ], [ -63.22566, -17.7589 ], [ -63.22599, -17.7595 ], [ -63.22615, -17.75996 ], [ -63.22619, -17.76 ], [ -63.22643, -17.75984 ], [ -63.22716, -17.75961 ] ] ] } },
{ "type": "Feature", "properties": { "i": 250 }, "geometry": { "type": "Polygon", "coordinates": [ [ [ -63.37292, -17.72757 ], [ -63.37227, -17.72806 ], [ -63.37186, -17.72844 ], [ -63.37159, -17.72872 ], [ -63.37159, -17.72875 ], [ -63.37287, -17.7293 ], [ -63.37293, -17.72929 ], [ -63.37408, -17.72843 ], [ -63.37408, -17.7284 ], [ -63.37296, -17.72756 ], [ -63.37292, -17.72757 ] ] ] } },
{ "type": "Feature", "properties": { "i": 251 }, "geometry": { "type": "Polygon", "coordinates": [ [ [ -63.22464, -17.75905 ], [ -63.2246, -17.75885 ], [ -63.22456, -17.75881 ], [ -63.22331, -17.75866 ], [ -63.22329, -17.75888 ], [ -63.22464, -17.75905 ] ] ] } },
{ "type": "Feature", "properties": { "i": 252 }, "geometry": { "type": "Polygon", "coordinates": [ [ [ -63.22128, -17.76071 ], [ -63.2217, -17.76053 ], [ -63.2217, -17.76043 ], [ -63.22137, -17.76027 ], [ -63.22116, -17.76005 ], [ -63.2211, -17.76004 ], [ -63.22107, -17.76006 ], [ -63.22095, -17.76033 ], [ -63.22073, -17.7605 ], [ -63.22061, -17.76054 ], [ -63.22048, -17.76055 ], [ -63.22029, -17.76052 ], [ -63.22019, -17.76046 ], [ -63.2201, -17.76037 ], [ -63.22005, -17.76026 ], [ -63.22003, -17.75997 ], [ -63.22008, -17.75969 ], [ -63.22016, -17.75943 ], [ -63.22047, -17.7587 ], [ -63.22055, -17.75811 ], [ -63.22059, -17.75807 ], [ -63.22066, -17.75806 ], [ -63.22126, -17.75842 ], [ -63.22134, -17.75848 ], [ -63.22138, -17.75854 ], [ -63.22139, -17.75861 ], [ -63.22133, -17.75875 ], [ -63.22111, -17.75898 ], [ -63.22102, -17.75924 ], [ -63.22098, -17.75962 ], [ -63.221, -17.75969 ], [ -63.22115, -17.75993 ], [ -63.22138, -17.76018 ], [ -63.22163, -17.76032 ], [ -63.22173, -17.76034 ], [ -63.22193, -17.76033 ], [ -63.22168, -17.75822 ], [ -63.22151, -17.7581 ], [ -63.22084, -17.75774 ], [ -63.22043, -17.75754 ], [ -63.22037, -17.75753 ], [ -63.2202, -17.75797 ], [ -63.22017, -17.75812 ], [ -63.22016, -17.75847 ], [ -63.22007, -17.75866 ], [ -63.21998, -17.75909 ], [ -63.21979, -17.75956 ], [ -63.21965, -17.76008 ], [ -63.21947, -17.76049 ], [ -63.21927, -17.76082 ], [ -63.21979, -17.76115 ], [ -63.22031, -17.761 ], [ -63.22115, -17.76082 ], [ -63.22128, -17.76071 ] ] ] } },
{ "type": "Feature", "properties": { "i": 253 }, "geometry": { "type": "Polygon", "coordinates": [ [ [ -63.22132, -17.7586 ], [ -63.2213, -17.75869 ], [ -63.22109, -17.75891 ], [ -63.22097, -17.7592 ], [ -63.22091, -17.75953 ], [ -63.22092, -17.75963 ], [ -63.22102, -17.75993 ], [ -63.22097, -17.76012 ], [ -63.2209, -17.76026 ], [ -63.22079, -17.76038 ], [ -63.22062, -17.76047 ], [ -63.22042, -17.76048 ], [ -63.22023, -17.76041 ], [ -63.22016, -17.76034 ], [ -63.22011, -17.76024 ], [ -63.2201, -17.76002 ], [ -63.22013, -17.75976 ], [ -63.22025, -17.7594 ], [ -63.22051, -17.75879 ], [ -63.22062, -17.75831 ], [ -63.22069, -17.75826 ], [ -63.22079, -17.75826 ], [ -63.22128, -17.75851 ], [ -63.22132, -17.7586 ] ] ] } },
{ "type": "Feature", "properties": { "i": 254 }, "geometry": { "type": "Polygon", "coordinates": [ [ [ -63.37303, -17.72748 ], [ -63.37421, -17.72833 ], [ -63.37487, -17.72759 ], [ -63.37487, -17.72753 ], [ -63.37483, -17.7275 ], [ -63.37372, -17.7271 ], [ -63.37357, -17.72711 ], [ -63.3735, -17.72714 ], [ -63.37303, -17.72748 ] ] ] } },
{ "type": "Feature", "properties": { "i": 255 }, "geometry": { "type": "Polygon", "coordinates": [ [ [ -63.37601, -17.72745 ], [ -63.37526, -17.72723 ], [ -63.37513, -17.7276 ], [ -63.37519, -17.72782 ], [ -63.37524, -17.72787 ], [ -63.37577, -17.72806 ], [ -63.37601, -17.72745 ] ] ] } },
{ "type": "Feature", "properties": { "i": 256 }, "geometry": { "type": "Polygon", "coordinates": [ [ [ -63.21911, -17.75818 ], [ -63.21907, -17.75814 ], [ -63.21901, -17.75814 ], [ -63.21869, -17.75824 ], [ -63.21837, -17.75825 ], [ -63.21832, -17.75817 ], [ -63.21809, -17.75831 ], [ -63.21777, -17.75856 ], [ -63.21778, -17.75863 ], [ -63.21816, -17.75908 ], [ -63.21841, -17.75956 ], [ -63.21865, -17.76039 ], [ -63.21867, -17.76043 ], [ -63.21875, -17.76047 ], [ -63.21884, -17.76046 ], [ -63.2189, -17.76042 ], [ -63.21904, -17.76022 ], [ -63.21918, -17.75992 ], [ -63.21929, -17.75943 ], [ -63.21931, -17.75908 ], [ -63.21929, -17.75882 ], [ -63.21921, -17.75844 ], [ -63.21911, -17.75818 ] ] ] } },
{ "type": "Feature", "properties": { "i": 257 }, "geometry": { "type": "Polygon", "coordinates": [ [ [ -63.21924, -17.7583 ], [ -63.21936, -17.75876 ], [ -63.21939, -17.75913 ], [ -63.21936, -17.75949 ], [ -63.2193, -17.7598 ], [ -63.2192, -17.7601 ], [ -63.21912, -17.76025 ], [ -63.21927, -17.76032 ], [ -63.21944, -17.76033 ], [ -63.21955, -17.76027 ], [ -63.21977, -17.75952 ], [ -63.21978, -17.75886 ], [ -63.21968, -17.75844 ], [ -63.21931, -17.7582 ], [ -63.21927, -17.7582 ], [ -63.21924, -17.75823 ], [ -63.21924, -17.7583 ] ] ] } },
{ "type": "Feature", "properties": { "i": 258 }, "geometry": { "type": "Polygon", "coordinates": [ [ [ -63.22284, -17.75897 ], [ -63.22269, -17.75883 ], [ -63.22193, -17.75838 ], [ -63.22203, -17.7592 ], [ -63.22245, -17.75936 ], [ -63.22284, -17.75897 ] ] ] } },
{ "type": "Feature", "properties": { "i": 259 }, "geometry": { "type": "Polygon", "coordinates": [ [ [ -63.23718, -17.75449 ], [ -63.23713, -17.7545 ], [ -63.23671, -17.75523 ], [ -63.23673, -17.75528 ], [ -63.23692, -17.75539 ], [ -63.23696, -17.75546 ], [ -63.23654, -17.75626 ], [ -63.23693, -17.75649 ], [ -63.23702, -17.75647 ], [ -63.23738, -17.7558 ], [ -63.23786, -17.755 ], [ -63.23783, -17.75491 ], [ -63.23765, -17.75476 ], [ -63.23718, -17.75449 ] ] ] } },
{ "type": "Feature", "properties": { "i": 260 }, "geometry": { "type": "Polygon", "coordinates": [ [ [ -63.22434, -17.75869 ], [ -63.22423, -17.75826 ], [ -63.22428, -17.75825 ], [ -63.22442, -17.7587 ], [ -63.22458, -17.75875 ], [ -63.22465, -17.75879 ], [ -63.2247, -17.75885 ], [ -63.22517, -17.75872 ], [ -63.22506, -17.75836 ], [ -63.2246, -17.75849 ], [ -63.22448, -17.75805 ], [ -63.22527, -17.75779 ], [ -63.22515, -17.75737 ], [ -63.2251, -17.75743 ], [ -63.22502, -17.75746 ], [ -63.22329, -17.75803 ], [ -63.22322, -17.75807 ], [ -63.22322, -17.75833 ], [ -63.22327, -17.75856 ], [ -63.22343, -17.75861 ], [ -63.22432, -17.75871 ], [ -63.22434, -17.75869 ] ] ] } },
{ "type": "Feature", "properties": { "i": 261 }, "geometry": { "type": "Polygon", "coordinates": [ [ [ -63.36971, -17.72754 ], [ -63.36858, -17.72875 ], [ -63.37001, -17.72978 ], [ -63.37054, -17.72956 ], [ -63.37169, -17.72841 ], [ -63.37108, -17.7277 ], [ -63.37109, -17.72757 ], [ -63.37159, -17.72703 ], [ -63.37159, -17.727 ], [ -63.37066, -17.72673 ], [ -63.37043, -17.72684 ], [ -63.37041, -17.72696 ], [ -63.37032, -17.72704 ], [ -63.3698, -17.72737 ], [ -63.36971, -17.72754 ] ] ] } },
{ "type": "Feature", "properties": { "i": 262 }, "geometry": { "type": "Polygon", "coordinates": [ [ [ -63.37641, -17.72737 ], [ -63.37645, -17.72743 ], [ -63.37691, -17.72745 ], [ -63.37735, -17.72745 ], [ -63.37737, -17.72741 ], [ -63.37698, -17.72645 ], [ -63.37662, -17.72636 ], [ -63.3766, -17.72638 ], [ -63.37641, -17.72737 ] ] ] } },
{ "type": "Feature", "properties": { "i": 263 }, "geometry": { "type": "Polygon", "coordinates": [ [ [ -63.38011, -17.72454 ], [ -63.37992, -17.72468 ], [ -63.37977, -17.72475 ], [ -63.37967, -17.72478 ], [ -63.37946, -17.7248 ], [ -63.378, -17.72448 ], [ -63.37778, -17.72506 ], [ -63.37772, -17.72504 ], [ -63.37792, -17.72446 ], [ -63.3776, -17.72441 ], [ -63.37746, -17.72441 ], [ -63.37723, -17.7245 ], [ -63.37675, -17.72495 ], [ -63.37669, -17.7251 ], [ -63.37666, -17.72525 ], [ -63.37667, -17.7255 ], [ -63.37753, -17.72743 ], [ -63.37814, -17.72739 ], [ -63.3787, -17.728 ], [ -63.37881, -17.72824 ], [ -63.37996, -17.72881 ], [ -63.37999, -17.72879 ], [ -63.37993, -17.72814 ], [ -63.37995, -17.72772 ], [ -63.38001, -17.7273 ], [ -63.37969, -17.72677 ], [ -63.37971, -17.72582 ], [ -63.37985, -17.72556 ], [ -63.37885, -17.72536 ], [ -63.37886, -17.7253 ], [ -63.37988, -17.72549 ], [ -63.38, -17.72519 ], [ -63.38011, -17.72454 ] ] ] } },
{ "type": "Feature", "properties": { "i": 264 }, "geometry": { "type": "Polygon", "coordinates": [ [ [ -63.37116, -17.72759 ], [ -63.37115, -17.72768 ], [ -63.37175, -17.72835 ], [ -63.37179, -17.72835 ], [ -63.37243, -17.72774 ], [ -63.37307, -17.72729 ], [ -63.37307, -17.72727 ], [ -63.37174, -17.72699 ], [ -63.3717, -17.72701 ], [ -63.37116, -17.72759 ] ] ] } },
{ "type": "Feature", "properties": { "i": 265 }, "geometry": { "type": "Polygon", "coordinates": [ [ [ -63.24486, -17.75267 ], [ -63.24482, -17.75268 ], [ -63.24464, -17.75302 ], [ -63.24443, -17.75358 ], [ -63.24445, -17.75365 ], [ -63.24459, -17.7538 ], [ -63.24489, -17.75432 ], [ -63.24495, -17.75433 ], [ -63.2454, -17.75397 ], [ -63.2454, -17.75394 ], [ -63.24488, -17.75269 ], [ -63.24486, -17.75267 ] ] ] } },
{ "type": "Feature", "properties": { "i": 266 }, "geometry": { "type": "Polygon", "coordinates": [ [ [ -63.37531, -17.72711 ], [ -63.37628, -17.7274 ], [ -63.37631, -17.72738 ], [ -63.37652, -17.72634 ], [ -63.37568, -17.72613 ], [ -63.37565, -17.72615 ], [ -63.3753, -17.72708 ], [ -63.37531, -17.72711 ] ] ] } },
{ "type": "Feature", "properties": { "i": 267 }, "geometry": { "type": "Polygon", "coordinates": [ [ [ -63.2168, -17.75869 ], [ -63.21803, -17.76016 ], [ -63.21808, -17.76026 ], [ -63.21819, -17.76107 ], [ -63.21821, -17.76179 ], [ -63.21826, -17.76178 ], [ -63.21869, -17.76156 ], [ -63.21866, -17.76077 ], [ -63.21834, -17.75963 ], [ -63.21806, -17.75907 ], [ -63.21789, -17.75886 ], [ -63.21773, -17.75868 ], [ -63.21748, -17.75845 ], [ -63.21716, -17.75823 ], [ -63.21689, -17.75795 ], [ -63.21676, -17.75773 ], [ -63.21664, -17.75739 ], [ -63.21662, -17.75712 ], [ -63.21665, -17.75697 ], [ -63.21678, -17.7567 ], [ -63.2169, -17.75656 ], [ -63.21713, -17.75639 ], [ -63.21737, -17.75626 ], [ -63.21709, -17.75578 ], [ -63.217, -17.75587 ], [ -63.21693, -17.7561 ], [ -63.21666, -17.75631 ], [ -63.21646, -17.75643 ], [ -63.2162, -17.7568 ], [ -63.21602, -17.75726 ], [ -63.21619, -17.75768 ], [ -63.2166, -17.75839 ], [ -63.2168, -17.75869 ] ] ] } },
{ "type": "Feature", "properties": { "i": 268 }, "geometry": { "type": "Polygon", "coordinates": [ [ [ -63.22316, -17.75857 ], [ -63.22282, -17.75588 ], [ -63.22279, -17.75583 ], [ -63.22274, -17.75581 ], [ -63.22172, -17.75596 ], [ -63.22167, -17.75599 ], [ -63.22163, -17.75606 ], [ -63.22163, -17.75612 ], [ -63.22193, -17.75834 ], [ -63.2227, -17.7588 ], [ -63.22314, -17.75921 ], [ -63.22319, -17.7586 ], [ -63.22316, -17.75857 ] ] ] } },
{ "type": "Feature", "properties": { "i": 269 }, "geometry": { "type": "Polygon", "coordinates": [ [ [ -63.24093, -17.75215 ], [ -63.2407, -17.75159 ], [ -63.24046, -17.75161 ], [ -63.23912, -17.75413 ], [ -63.23913, -17.75416 ], [ -63.23973, -17.75444 ], [ -63.24006, -17.75462 ], [ -63.24057, -17.75501 ], [ -63.24083, -17.75524 ], [ -63.24114, -17.75563 ], [ -63.24125, -17.7557 ], [ -63.24133, -17.75572 ], [ -63.24143, -17.75571 ], [ -63.24266, -17.75522 ], [ -63.24269, -17.75478 ], [ -63.24093, -17.75215 ] ] ] } },
{ "type": "Feature", "properties": { "i": 270 }, "geometry": { "type": "Polygon", "coordinates": [ [ [ -63.2371, -17.75645 ], [ -63.23711, -17.7565 ], [ -63.23708, -17.75659 ], [ -63.23715, -17.75685 ], [ -63.23708, -17.75687 ], [ -63.23702, -17.75661 ], [ -63.23643, -17.7563 ], [ -63.23687, -17.75554 ], [ -63.23689, -17.75546 ], [ -63.23687, -17.75543 ], [ -63.23635, -17.75514 ], [ -63.23627, -17.75507 ], [ -63.23625, -17.755 ], [ -63.23634, -17.75482 ], [ -63.23633, -17.75475 ], [ -63.23559, -17.75429 ], [ -63.23554, -17.75429 ], [ -63.23549, -17.75436 ], [ -63.23549, -17.75443 ], [ -63.23546, -17.75447 ], [ -63.2354, -17.75448 ], [ -63.23535, -17.75443 ], [ -63.23536, -17.75437 ], [ -63.23545, -17.75432 ], [ -63.2358, -17.75383 ], [ -63.23582, -17.7537 ], [ -63.23591, -17.75365 ], [ -63.23599, -17.75367 ], [ -63.23604, -17.75374 ], [ -63.23766, -17.7547 ], [ -63.23796, -17.75495 ], [ -63.23818, -17.75509 ], [ -63.23824, -17.7551 ], [ -63.23836, -17.75507 ], [ -63.23895, -17.754 ], [ -63.2364, -17.7527 ], [ -63.23567, -17.75253 ], [ -63.23562, -17.75257 ], [ -63.23561, -17.75261 ], [ -63.23575, -17.75301 ], [ -63.23575, -17.75336 ], [ -63.23507, -17.7543 ], [ -63.23469, -17.75466 ], [ -63.23552, -17.75517 ], [ -63.23549, -17.75521 ], [ -63.23465, -17.7547 ], [ -63.23427, -17.75506 ], [ -63.23403, -17.75521 ], [ -63.23401, -17.75524 ], [ -63.23402, -17.75528 ], [ -63.23447, -17.75561 ], [ -63.23471, -17.75575 ], [ -63.23717, -17.75708 ], [ -63.23732, -17.75688 ], [ -63.23823, -17.75529 ], [ -63.23822, -17.75527 ], [ -63.23791, -17.7551 ], [ -63.23786, -17.75512 ], [ -63.2371, -17.75645 ] ] ] } },
{ "type": "Feature", "properties": { "i": 271 }, "geometry": { "type": "Polygon", "coordinates": [ [ [ -63.23665, -17.75521 ], [ -63.23708, -17.75446 ], [ -63.23707, -17.75443 ], [ -63.23597, -17.7538 ], [ -63.2359, -17.7538 ], [ -63.23562, -17.75419 ], [ -63.23562, -17.75423 ], [ -63.23638, -17.75471 ], [ -63.23641, -17.7548 ], [ -63.23632, -17.75498 ], [ -63.23633, -17.75506 ], [ -63.23662, -17.75522 ], [ -63.23665, -17.75521 ] ] ] } },
{ "type": "Feature", "properties": { "i": 272 }, "geometry": { "type": "Polygon", "coordinates": [ [ [ -63.37661, -17.72511 ], [ -63.37656, -17.72532 ], [ -63.37657, -17.72548 ], [ -63.37693, -17.72633 ], [ -63.37691, -17.72635 ], [ -63.37582, -17.72609 ], [ -63.37577, -17.72604 ], [ -63.37577, -17.72598 ], [ -63.37612, -17.72554 ], [ -63.37658, -17.72507 ], [ -63.37661, -17.72511 ] ] ] } },
{ "type": "Feature", "properties": { "i": 273 }, "geometry": { "type": "Polygon", "coordinates": [ [ [ -63.24401, -17.75077 ], [ -63.24309, -17.75028 ], [ -63.24284, -17.75022 ], [ -63.24256, -17.75012 ], [ -63.24216, -17.75005 ], [ -63.24189, -17.75003 ], [ -63.24169, -17.75006 ], [ -63.2414, -17.75019 ], [ -63.24133, -17.75031 ], [ -63.24114, -17.75053 ], [ -63.24104, -17.75088 ], [ -63.24083, -17.75127 ], [ -63.24104, -17.75183 ], [ -63.24272, -17.7543 ], [ -63.24308, -17.75488 ], [ -63.24326, -17.75537 ], [ -63.24344, -17.75544 ], [ -63.24493, -17.75502 ], [ -63.24554, -17.75453 ], [ -63.24555, -17.75449 ], [ -63.2455, -17.75429 ], [ -63.24549, -17.75415 ], [ -63.24547, -17.75411 ], [ -63.2454, -17.75409 ], [ -63.24489, -17.7545 ], [ -63.24465, -17.7548 ], [ -63.24463, -17.75489 ], [ -63.24455, -17.75491 ], [ -63.24451, -17.75488 ], [ -63.24451, -17.75481 ], [ -63.2446, -17.75476 ], [ -63.24483, -17.75448 ], [ -63.24484, -17.75443 ], [ -63.24482, -17.75439 ], [ -63.24448, -17.7538 ], [ -63.24435, -17.75367 ], [ -63.24407, -17.75356 ], [ -63.24366, -17.75312 ], [ -63.24362, -17.7531 ], [ -63.24356, -17.75313 ], [ -63.24302, -17.75369 ], [ -63.24318, -17.75412 ], [ -63.24325, -17.75414 ], [ -63.24329, -17.75418 ], [ -63.24329, -17.75423 ], [ -63.24325, -17.75427 ], [ -63.24319, -17.75427 ], [ -63.24314, -17.7542 ], [ -63.2427, -17.75305 ], [ -63.24265, -17.75297 ], [ -63.24243, -17.7528 ], [ -63.2422, -17.75271 ], [ -63.24208, -17.75271 ], [ -63.24204, -17.75263 ], [ -63.2421, -17.75257 ], [ -63.24215, -17.75258 ], [ -63.2422, -17.75265 ], [ -63.24254, -17.75279 ], [ -63.2427, -17.75293 ], [ -63.24276, -17.75303 ], [ -63.24296, -17.75356 ], [ -63.24299, -17.75359 ], [ -63.24302, -17.75359 ], [ -63.24355, -17.75307 ], [ -63.24356, -17.75301 ], [ -63.24242, -17.75193 ], [ -63.24195, -17.75199 ], [ -63.24187, -17.75205 ], [ -63.24181, -17.75204 ], [ -63.24178, -17.75199 ], [ -63.24182, -17.75195 ], [ -63.24237, -17.75187 ], [ -63.24251, -17.75187 ], [ -63.24254, -17.75195 ], [ -63.24342, -17.75279 ], [ -63.24378, -17.75315 ], [ -63.24408, -17.75349 ], [ -63.24429, -17.75358 ], [ -63.24435, -17.75356 ], [ -63.24437, -17.75353 ], [ -63.24456, -17.753 ], [ -63.24455, -17.75296 ], [ -63.24396, -17.75232 ], [ -63.24337, -17.75184 ], [ -63.24329, -17.75178 ], [ -63.2432, -17.75175 ], [ -63.24318, -17.75168 ], [ -63.24323, -17.75164 ], [ -63.2433, -17.75165 ], [ -63.24333, -17.75174 ], [ -63.24396, -17.75224 ], [ -63.24458, -17.7529 ], [ -63.24461, -17.7529 ], [ -63.24484, -17.75249 ], [ -63.24477, -17.75214 ], [ -63.24473, -17.75204 ], [ -63.24443, -17.75173 ], [ -63.24385, -17.75126 ], [ -63.24301, -17.75072 ], [ -63.24291, -17.75074 ], [ -63.24159, -17.75147 ], [ -63.24156, -17.75157 ], [ -63.24151, -17.75159 ], [ -63.24146, -17.75158 ], [ -63.24143, -17.75154 ], [ -63.24146, -17.75147 ], [ -63.2415, -17.75144 ], [ -63.24286, -17.7507 ], [ -63.24284, -17.75066 ], [ -63.24228, -17.75045 ], [ -63.24189, -17.75056 ], [ -63.24109, -17.75103 ], [ -63.24107, -17.75098 ], [ -63.24191, -17.75048 ], [ -63.24229, -17.75039 ], [ -63.24298, -17.75064 ], [ -63.24385, -17.75118 ], [ -63.2445, -17.75171 ], [ -63.24479, -17.75201 ], [ -63.2449, -17.75245 ], [ -63.24549, -17.75385 ], [ -63.24558, -17.75387 ], [ -63.24574, -17.75374 ], [ -63.24596, -17.75338 ], [ -63.24596, -17.75332 ], [ -63.24549, -17.75269 ], [ -63.24541, -17.75265 ], [ -63.2454, -17.75258 ], [ -63.24542, -17.75256 ], [ -63.24548, -17.75254 ], [ -63.24553, -17.75257 ], [ -63.24553, -17.75264 ], [ -63.24578, -17.75299 ], [ -63.246, -17.75326 ], [ -63.24609, -17.75329 ], [ -63.24611, -17.75333 ], [ -63.24609, -17.7534 ], [ -63.246, -17.75343 ], [ -63.24581, -17.75375 ], [ -63.24555, -17.75399 ], [ -63.24572, -17.75437 ], [ -63.24618, -17.754 ], [ -63.2465, -17.75332 ], [ -63.24609, -17.75284 ], [ -63.24473, -17.75138 ], [ -63.24444, -17.75111 ], [ -63.24401, -17.75077 ] ] ] } },
{ "type": "Feature", "properties": { "i": 274 }, "geometry": { "type": "Polygon", "coordinates": [ [ [ -63.38343, -17.72486 ], [ -63.383, -17.72425 ], [ -63.38293, -17.72419 ], [ -63.38285, -17.72415 ], [ -63.38172, -17.72382 ], [ -63.38167, -17.72382 ], [ -63.38163, -17.72387 ], [ -63.3815, -17.72421 ], [ -63.38144, -17.72448 ], [ -63.38227, -17.72456 ], [ -63.38311, -17.72467 ], [ -63.38343, -17.72486 ] ] ] } },
{ "type": "Feature", "properties": { "i": 275 }, "geometry": { "type": "Polygon", "coordinates": [ [ [ -63.37704, -17.7245 ], [ -63.37605, -17.72545 ], [ -63.37563, -17.72595 ], [ -63.37557, -17.72607 ], [ -63.37521, -17.72591 ], [ -63.37519, -17.72595 ], [ -63.37554, -17.72611 ], [ -63.37533, -17.72651 ], [ -63.37463, -17.72626 ], [ -63.37531, -17.72654 ], [ -63.37514, -17.72691 ], [ -63.37478, -17.72676 ], [ -63.37476, -17.72679 ], [ -63.37512, -17.72694 ], [ -63.37494, -17.72738 ], [ -63.3749, -17.7274 ], [ -63.37376, -17.72699 ], [ -63.37353, -17.72701 ], [ -63.37326, -17.72716 ], [ -63.3712, -17.72674 ], [ -63.37138, -17.72648 ], [ -63.37302, -17.72629 ], [ -63.37355, -17.72612 ], [ -63.37413, -17.72577 ], [ -63.37458, -17.72538 ], [ -63.37501, -17.72492 ], [ -63.37536, -17.72472 ], [ -63.3763, -17.72431 ], [ -63.37642, -17.72427 ], [ -63.37654, -17.72426 ], [ -63.37701, -17.72432 ], [ -63.37707, -17.72439 ], [ -63.37707, -17.72445 ], [ -63.37704, -17.7245 ] ] ] } },
{ "type": "Feature", "properties": { "i": 276 }, "geometry": { "type": "Polygon", "coordinates": [ [ [ -63.25116, -17.75174 ], [ -63.25227, -17.75041 ], [ -63.25168, -17.75001 ], [ -63.25068, -17.75124 ], [ -63.25116, -17.75174 ] ] ] } },
{ "type": "Feature", "properties": { "i": 277 }, "geometry": { "type": "Polygon", "coordinates": [ [ [ -63.2241, -17.75502 ], [ -63.22415, -17.75505 ], [ -63.22417, -17.75509 ], [ -63.22425, -17.75566 ], [ -63.22423, -17.75568 ], [ -63.22379, -17.75574 ], [ -63.2238, -17.7558 ], [ -63.22423, -17.75576 ], [ -63.22426, -17.75578 ], [ -63.22433, -17.75626 ], [ -63.22387, -17.75631 ], [ -63.22387, -17.75637 ], [ -63.22434, -17.75631 ], [ -63.2244, -17.7568 ], [ -63.22438, -17.75684 ], [ -63.22394, -17.75689 ], [ -63.22395, -17.75695 ], [ -63.2244, -17.75691 ], [ -63.22449, -17.75749 ], [ -63.22445, -17.75758 ], [ -63.22361, -17.75784 ], [ -63.22354, -17.75783 ], [ -63.2235, -17.75779 ], [ -63.22341, -17.75705 ], [ -63.22344, -17.75701 ], [ -63.22385, -17.75696 ], [ -63.22384, -17.75689 ], [ -63.2234, -17.75694 ], [ -63.22336, -17.75692 ], [ -63.22332, -17.75647 ], [ -63.22334, -17.75644 ], [ -63.22378, -17.75638 ], [ -63.22377, -17.75633 ], [ -63.22332, -17.75639 ], [ -63.22329, -17.75634 ], [ -63.22326, -17.75612 ], [ -63.22325, -17.75587 ], [ -63.22328, -17.75585 ], [ -63.2237, -17.7558 ], [ -63.22369, -17.75576 ], [ -63.22322, -17.7558 ], [ -63.22313, -17.75503 ], [ -63.2232, -17.75496 ], [ -63.2241, -17.75502 ] ] ] } },
{ "type": "Feature", "properties": { "i": 278 }, "geometry": { "type": "Polygon", "coordinates": [ [ [ -63.21931, -17.75797 ], [ -63.21938, -17.75794 ], [ -63.2195, -17.75753 ], [ -63.21969, -17.7571 ], [ -63.21982, -17.75695 ], [ -63.22013, -17.75675 ], [ -63.22021, -17.75665 ], [ -63.22025, -17.75654 ], [ -63.22025, -17.75642 ], [ -63.2202, -17.75628 ], [ -63.22014, -17.7562 ], [ -63.22005, -17.75616 ], [ -63.2198, -17.75613 ], [ -63.21839, -17.75603 ], [ -63.2182, -17.75606 ], [ -63.21811, -17.75611 ], [ -63.21803, -17.75617 ], [ -63.21791, -17.75636 ], [ -63.21784, -17.75642 ], [ -63.21785, -17.75708 ], [ -63.21783, -17.75736 ], [ -63.21786, -17.7576 ], [ -63.21796, -17.75777 ], [ -63.21807, -17.75788 ], [ -63.21816, -17.75793 ], [ -63.21827, -17.75796 ], [ -63.21836, -17.75794 ], [ -63.21871, -17.75692 ], [ -63.21879, -17.75681 ], [ -63.21897, -17.75664 ], [ -63.21911, -17.75658 ], [ -63.21913, -17.75651 ], [ -63.21918, -17.75646 ], [ -63.2193, -17.75645 ], [ -63.21935, -17.75647 ], [ -63.21939, -17.75652 ], [ -63.21939, -17.75665 ], [ -63.21931, -17.75672 ], [ -63.21927, -17.75673 ], [ -63.21916, -17.75671 ], [ -63.21913, -17.75668 ], [ -63.21906, -17.75671 ], [ -63.219, -17.75675 ], [ -63.21884, -17.75694 ], [ -63.21863, -17.75752 ], [ -63.21859, -17.75754 ], [ -63.21846, -17.7579 ], [ -63.21845, -17.75799 ], [ -63.21848, -17.75803 ], [ -63.2186, -17.75803 ], [ -63.21909, -17.75796 ], [ -63.21931, -17.75797 ] ] ] } },
{ "type": "Feature", "properties": { "i": 279 }, "geometry": { "type": "Polygon", "coordinates": [ [ [ -63.21684, -17.75675 ], [ -63.21675, -17.75692 ], [ -63.21672, -17.75706 ], [ -63.2167, -17.75738 ], [ -63.21675, -17.75755 ], [ -63.21699, -17.75797 ], [ -63.21708, -17.75807 ], [ -63.21764, -17.7585 ], [ -63.21769, -17.75851 ], [ -63.21809, -17.75824 ], [ -63.21813, -17.75816 ], [ -63.21809, -17.75808 ], [ -63.21799, -17.75801 ], [ -63.2178, -17.7578 ], [ -63.21773, -17.75768 ], [ -63.21768, -17.75753 ], [ -63.21766, -17.75739 ], [ -63.21768, -17.75712 ], [ -63.21766, -17.75662 ], [ -63.21763, -17.75646 ], [ -63.21757, -17.75641 ], [ -63.21749, -17.75641 ], [ -63.21719, -17.75648 ], [ -63.21707, -17.75655 ], [ -63.21684, -17.75675 ] ] ] } },
{ "type": "Feature", "properties": { "i": 280 }, "geometry": { "type": "Polygon", "coordinates": [ [ [ -63.23066, -17.75664 ], [ -63.23136, -17.75564 ], [ -63.23073, -17.75503 ], [ -63.22985, -17.75609 ], [ -63.22908, -17.75712 ], [ -63.2293, -17.75736 ], [ -63.22898, -17.75765 ], [ -63.22945, -17.75818 ], [ -63.2298, -17.75783 ], [ -63.23013, -17.75734 ], [ -63.23066, -17.75664 ] ] ] } },
{ "type": "Feature", "properties": { "i": 281 }, "geometry": { "type": "Polygon", "coordinates": [ [ [ -63.25161, -17.74997 ], [ -63.251, -17.74962 ], [ -63.25014, -17.75069 ], [ -63.25058, -17.75116 ], [ -63.25062, -17.75116 ], [ -63.25161, -17.74997 ] ] ] } },
{ "type": "Feature", "properties": { "i": 282 }, "geometry": { "type": "Polygon", "coordinates": [ [ [ -63.228, -17.75484 ], [ -63.22692, -17.75515 ], [ -63.22679, -17.75485 ], [ -63.23032, -17.75407 ], [ -63.23038, -17.7541 ], [ -63.23045, -17.75427 ], [ -63.23045, -17.7543 ], [ -63.228, -17.75484 ] ] ] } },
{ "type": "Feature", "properties": { "i": 283 }, "geometry": { "type": "Polygon", "coordinates": [ [ [ -63.38162, -17.72366 ], [ -63.38032, -17.72311 ], [ -63.38018, -17.72439 ], [ -63.3813, -17.72447 ], [ -63.38162, -17.72366 ] ] ] } },
{ "type": "Feature", "properties": { "i": 284 }, "geometry": { "type": "Polygon", "coordinates": [ [ [ -63.23189, -17.75533 ], [ -63.23266, -17.755 ], [ -63.23392, -17.75501 ], [ -63.23437, -17.75464 ], [ -63.23495, -17.75401 ], [ -63.23494, -17.75398 ], [ -63.23368, -17.75335 ], [ -63.2337, -17.75333 ], [ -63.23397, -17.75345 ], [ -63.23495, -17.75394 ], [ -63.23499, -17.75394 ], [ -63.23513, -17.75377 ], [ -63.23535, -17.75344 ], [ -63.23542, -17.75329 ], [ -63.23545, -17.75312 ], [ -63.23545, -17.75301 ], [ -63.23539, -17.75281 ], [ -63.23516, -17.75228 ], [ -63.23152, -17.75169 ], [ -63.23158, -17.752 ], [ -63.23158, -17.75223 ], [ -63.23151, -17.75256 ], [ -63.23143, -17.75277 ], [ -63.23083, -17.75304 ], [ -63.23023, -17.75323 ], [ -63.22996, -17.75329 ], [ -63.22993, -17.75331 ], [ -63.22992, -17.75337 ], [ -63.23021, -17.75372 ], [ -63.2304, -17.75399 ], [ -63.23053, -17.75428 ], [ -63.23058, -17.75453 ], [ -63.23079, -17.75488 ], [ -63.23096, -17.75508 ], [ -63.2314, -17.7555 ], [ -63.23189, -17.75533 ] ] ] } },
{ "type": "Feature", "properties": { "i": 285 }, "geometry": { "type": "Polygon", "coordinates": [ [ [ -63.38255, -17.72027 ], [ -63.3821, -17.7213 ], [ -63.38176, -17.72371 ], [ -63.38179, -17.72375 ], [ -63.38301, -17.72411 ], [ -63.3831, -17.72418 ], [ -63.38357, -17.72485 ], [ -63.38394, -17.72511 ], [ -63.38554, -17.72339 ], [ -63.3857, -17.72124 ], [ -63.38547, -17.72078 ], [ -63.38503, -17.72033 ], [ -63.38482, -17.72054 ], [ -63.384, -17.72087 ], [ -63.38255, -17.72027 ] ] ] } },
{ "type": "Feature", "properties": { "i": 286 }, "geometry": { "type": "Polygon", "coordinates": [ [ [ -63.24964, -17.7506 ], [ -63.24962, -17.75062 ], [ -63.24982, -17.75086 ], [ -63.25004, -17.75067 ], [ -63.24917, -17.74949 ], [ -63.249, -17.74966 ], [ -63.24964, -17.7506 ] ] ] } },
{ "type": "Feature", "properties": { "i": 287 }, "geometry": { "type": "Polygon", "coordinates": [ [ [ -63.22694, -17.75557 ], [ -63.22679, -17.7553 ], [ -63.22653, -17.75453 ], [ -63.2264, -17.75402 ], [ -63.22552, -17.75397 ], [ -63.22569, -17.7542 ], [ -63.22568, -17.75432 ], [ -63.22554, -17.75489 ], [ -63.22553, -17.75517 ], [ -63.22563, -17.75551 ], [ -63.22694, -17.75557 ] ] ] } },
{ "type": "Feature", "properties": { "i": 288 }, "geometry": { "type": "Polygon", "coordinates": [ [ [ -63.25056, -17.75005 ], [ -63.24973, -17.74891 ], [ -63.24921, -17.74947 ], [ -63.25005, -17.7506 ], [ -63.25011, -17.7506 ], [ -63.25056, -17.75005 ] ] ] } },
{ "type": "Feature", "properties": { "i": 289 }, "geometry": { "type": "Polygon", "coordinates": [ [ [ -63.23024, -17.75392 ], [ -63.22979, -17.75337 ], [ -63.22663, -17.75404 ], [ -63.22658, -17.75413 ], [ -63.22673, -17.75468 ], [ -63.22676, -17.75472 ], [ -63.22682, -17.75473 ], [ -63.22989, -17.75406 ], [ -63.23021, -17.75397 ], [ -63.23024, -17.75395 ], [ -63.23024, -17.75392 ] ] ] } },
{ "type": "Feature", "properties": { "i": 290 }, "geometry": { "type": "Polygon", "coordinates": [ [ [ -63.25165, -17.74908 ], [ -63.25149, -17.74902 ], [ -63.25062, -17.74851 ], [ -63.25027, -17.74827 ], [ -63.24979, -17.74882 ], [ -63.25143, -17.74975 ], [ -63.25186, -17.74997 ], [ -63.2522, -17.75 ], [ -63.25231, -17.74916 ], [ -63.25227, -17.74912 ], [ -63.25165, -17.74908 ] ] ] } },
{ "type": "Feature", "properties": { "i": 291 }, "geometry": { "type": "Polygon", "coordinates": [ [ [ -63.22531, -17.75503 ], [ -63.22535, -17.75482 ], [ -63.22554, -17.75431 ], [ -63.22553, -17.75421 ], [ -63.22549, -17.75413 ], [ -63.22543, -17.75407 ], [ -63.22532, -17.75402 ], [ -63.22424, -17.75391 ], [ -63.22385, -17.75491 ], [ -63.22446, -17.75496 ], [ -63.2245, -17.75497 ], [ -63.22454, -17.75508 ], [ -63.22531, -17.75503 ] ] ] } },
{ "type": "Feature", "properties": { "i": 292 }, "geometry": { "type": "Polygon", "coordinates": [ [ [ -63.38167, -17.72354 ], [ -63.38171, -17.72348 ], [ -63.38185, -17.72219 ], [ -63.38182, -17.72216 ], [ -63.38099, -17.72178 ], [ -63.38096, -17.7218 ], [ -63.38034, -17.72298 ], [ -63.38167, -17.72354 ] ] ] } },
{ "type": "Feature", "properties": { "i": 293 }, "geometry": { "type": "Polygon", "coordinates": [ [ [ -63.52472, -17.69575 ], [ -63.52466, -17.69535 ], [ -63.52464, -17.69492 ], [ -63.52455, -17.69473 ], [ -63.52448, -17.69465 ], [ -63.5239, -17.69421 ], [ -63.52365, -17.69391 ], [ -63.52303, -17.69471 ], [ -63.52324, -17.69522 ], [ -63.52338, -17.69538 ], [ -63.52379, -17.69559 ], [ -63.52438, -17.69577 ], [ -63.52472, -17.69575 ] ] ] } },
{ "type": "Feature", "properties": { "i": 294 }, "geometry": { "type": "Polygon", "coordinates": [ [ [ -63.23826, -17.74976 ], [ -63.23833, -17.74971 ], [ -63.23837, -17.74974 ], [ -63.23838, -17.7498 ], [ -63.23828, -17.74991 ], [ -63.23813, -17.75022 ], [ -63.23909, -17.75066 ], [ -63.23957, -17.75056 ], [ -63.23959, -17.75052 ], [ -63.23957, -17.75029 ], [ -63.23935, -17.75 ], [ -63.23872, -17.74928 ], [ -63.23864, -17.74924 ], [ -63.23862, -17.74919 ], [ -63.23864, -17.74913 ], [ -63.23869, -17.74911 ], [ -63.23874, -17.74914 ], [ -63.23876, -17.74921 ], [ -63.23912, -17.74961 ], [ -63.23945, -17.74953 ], [ -63.23968, -17.7496 ], [ -63.23969, -17.74967 ], [ -63.23964, -17.74971 ], [ -63.23956, -17.74968 ], [ -63.23952, -17.74962 ], [ -63.23943, -17.74962 ], [ -63.23923, -17.74967 ], [ -63.23921, -17.74971 ], [ -63.23963, -17.75021 ], [ -63.23966, -17.7503 ], [ -63.23966, -17.75055 ], [ -63.2397, -17.75064 ], [ -63.23982, -17.75077 ], [ -63.24023, -17.75104 ], [ -63.24036, -17.75118 ], [ -63.24041, -17.75118 ], [ -63.24088, -17.75027 ], [ -63.24089, -17.75016 ], [ -63.24086, -17.75009 ], [ -63.24071, -17.74986 ], [ -63.24055, -17.74981 ], [ -63.24041, -17.74982 ], [ -63.24027, -17.74989 ], [ -63.24014, -17.75006 ], [ -63.24008, -17.75032 ], [ -63.2401, -17.75041 ], [ -63.24005, -17.75045 ], [ -63.24001, -17.75045 ], [ -63.23998, -17.75043 ], [ -63.23996, -17.75037 ], [ -63.24001, -17.75033 ], [ -63.24012, -17.74996 ], [ -63.24027, -17.74981 ], [ -63.24041, -17.74975 ], [ -63.24062, -17.74976 ], [ -63.24076, -17.74982 ], [ -63.24084, -17.74992 ], [ -63.24093, -17.75008 ], [ -63.24096, -17.75018 ], [ -63.24094, -17.75027 ], [ -63.24015, -17.7518 ], [ -63.23998, -17.75199 ], [ -63.23997, -17.75203 ], [ -63.24, -17.7521 ], [ -63.24101, -17.75019 ], [ -63.24103, -17.75008 ], [ -63.24102, -17.74997 ], [ -63.24099, -17.74989 ], [ -63.24081, -17.74964 ], [ -63.23984, -17.7491 ], [ -63.23835, -17.74842 ], [ -63.23808, -17.74899 ], [ -63.23634, -17.75232 ], [ -63.23906, -17.75375 ], [ -63.23912, -17.75373 ], [ -63.2399, -17.7523 ], [ -63.23981, -17.75205 ], [ -63.23965, -17.75195 ], [ -63.23961, -17.7519 ], [ -63.23959, -17.75172 ], [ -63.23964, -17.75163 ], [ -63.23964, -17.75159 ], [ -63.23947, -17.75141 ], [ -63.23942, -17.75139 ], [ -63.23941, -17.7513 ], [ -63.23946, -17.75126 ], [ -63.23951, -17.75127 ], [ -63.23955, -17.75133 ], [ -63.23955, -17.7514 ], [ -63.2397, -17.75152 ], [ -63.23972, -17.75164 ], [ -63.23967, -17.75173 ], [ -63.23968, -17.75185 ], [ -63.23972, -17.75191 ], [ -63.23986, -17.75198 ], [ -63.23995, -17.75193 ], [ -63.24006, -17.75181 ], [ -63.24032, -17.75132 ], [ -63.24032, -17.75128 ], [ -63.24028, -17.75119 ], [ -63.24018, -17.75108 ], [ -63.2398, -17.75084 ], [ -63.23965, -17.75067 ], [ -63.23959, -17.75063 ], [ -63.23907, -17.75073 ], [ -63.23811, -17.7503 ], [ -63.23807, -17.75031 ], [ -63.238, -17.75042 ], [ -63.23798, -17.75052 ], [ -63.23839, -17.75103 ], [ -63.23846, -17.75107 ], [ -63.23847, -17.7511 ], [ -63.23843, -17.75116 ], [ -63.23838, -17.75117 ], [ -63.23835, -17.75115 ], [ -63.23832, -17.75107 ], [ -63.23793, -17.75059 ], [ -63.23789, -17.75048 ], [ -63.23826, -17.74981 ], [ -63.23826, -17.74976 ] ] ] } },
{ "type": "Feature", "properties": { "i": 295 }, "geometry": { "type": "Polygon", "coordinates": [ [ [ -63.22157, -17.75567 ], [ -63.2214, -17.75426 ], [ -63.22146, -17.75373 ], [ -63.22163, -17.75364 ], [ -63.22413, -17.7539 ], [ -63.22374, -17.75486 ], [ -63.22367, -17.7549 ], [ -63.22317, -17.75487 ], [ -63.22312, -17.75485 ], [ -63.22306, -17.75465 ], [ -63.22315, -17.75438 ], [ -63.22313, -17.75425 ], [ -63.22305, -17.75418 ], [ -63.22296, -17.75415 ], [ -63.22284, -17.75416 ], [ -63.22274, -17.75422 ], [ -63.2227, -17.75434 ], [ -63.22284, -17.75554 ], [ -63.22279, -17.75563 ], [ -63.22166, -17.75576 ], [ -63.2216, -17.75573 ], [ -63.22157, -17.75567 ] ] ] } },
{ "type": "Feature", "properties": { "i": 296 }, "geometry": { "type": "Polygon", "coordinates": [ [ [ -63.22966, -17.75324 ], [ -63.22908, -17.7526 ], [ -63.22896, -17.75262 ], [ -63.22719, -17.75301 ], [ -63.22719, -17.75299 ], [ -63.22702, -17.75303 ], [ -63.22702, -17.75305 ], [ -63.22678, -17.7531 ], [ -63.2268, -17.75338 ], [ -63.22673, -17.75384 ], [ -63.22676, -17.75387 ], [ -63.22965, -17.75327 ], [ -63.22966, -17.75324 ] ] ] } },
{ "type": "Feature", "properties": { "i": 297 }, "geometry": { "type": "Polygon", "coordinates": [ [ [ -63.2239, -17.75319 ], [ -63.22393, -17.75312 ], [ -63.22378, -17.753 ], [ -63.22371, -17.75299 ], [ -63.22354, -17.75305 ], [ -63.22342, -17.75302 ], [ -63.22308, -17.75281 ], [ -63.22292, -17.75276 ], [ -63.22274, -17.75275 ], [ -63.22249, -17.75277 ], [ -63.22231, -17.75283 ], [ -63.22206, -17.753 ], [ -63.22202, -17.75305 ], [ -63.22205, -17.75313 ], [ -63.22233, -17.75316 ], [ -63.22274, -17.753 ], [ -63.22287, -17.75299 ], [ -63.22299, -17.75303 ], [ -63.22324, -17.7532 ], [ -63.22342, -17.75328 ], [ -63.22354, -17.75329 ], [ -63.22367, -17.75327 ], [ -63.2239, -17.75319 ] ] ] } },
{ "type": "Feature", "properties": { "i": 298 }, "geometry": { "type": "Polygon", "coordinates": [ [ [ -63.21757, -17.75553 ], [ -63.21759, -17.75546 ], [ -63.21747, -17.75542 ], [ -63.21745, -17.75527 ], [ -63.21738, -17.75515 ], [ -63.21712, -17.75505 ], [ -63.21707, -17.75505 ], [ -63.21702, -17.75508 ], [ -63.21701, -17.75517 ], [ -63.21703, -17.75522 ], [ -63.21731, -17.75569 ], [ -63.21739, -17.75571 ], [ -63.21757, -17.75553 ] ] ] } },
{ "type": "Feature", "properties": { "i": 299 }, "geometry": { "type": "Polygon", "coordinates": [ [ [ -63.37771, -17.72053 ], [ -63.37739, -17.72051 ], [ -63.37698, -17.72139 ], [ -63.37678, -17.72163 ], [ -63.37638, -17.72189 ], [ -63.37626, -17.72315 ], [ -63.37504, -17.72478 ], [ -63.37629, -17.72423 ], [ -63.37646, -17.72418 ], [ -63.37725, -17.72426 ], [ -63.37949, -17.7247 ], [ -63.37962, -17.72469 ], [ -63.37976, -17.72465 ], [ -63.3799, -17.72457 ], [ -63.38003, -17.72445 ], [ -63.38021, -17.72302 ], [ -63.3802, -17.723 ], [ -63.37978, -17.7229 ], [ -63.37969, -17.72312 ], [ -63.37966, -17.72311 ], [ -63.37977, -17.72287 ], [ -63.38018, -17.72297 ], [ -63.38, -17.72269 ], [ -63.37991, -17.72227 ], [ -63.37989, -17.722 ], [ -63.37992, -17.72175 ], [ -63.38006, -17.7214 ], [ -63.37934, -17.72112 ], [ -63.37833, -17.72056 ], [ -63.37824, -17.72041 ], [ -63.37771, -17.72053 ] ] ] } },
{ "type": "Feature", "properties": { "i": 300 }, "geometry": { "type": "Polygon", "coordinates": [ [ [ -63.25238, -17.7483 ], [ -63.25232, -17.74903 ], [ -63.2523, -17.74905 ], [ -63.25169, -17.74901 ], [ -63.25152, -17.74896 ], [ -63.25032, -17.74825 ], [ -63.25031, -17.74821 ], [ -63.25095, -17.74752 ], [ -63.2511, -17.74771 ], [ -63.25167, -17.74806 ], [ -63.25189, -17.74815 ], [ -63.2523, -17.74821 ], [ -63.25238, -17.7483 ] ] ] } },
{ "type": "Feature", "properties": { "i": 301 }, "geometry": { "type": "Polygon", "coordinates": [ [ [ -63.38026, -17.7229 ], [ -63.38029, -17.72289 ], [ -63.38088, -17.72175 ], [ -63.3802, -17.72141 ], [ -63.38016, -17.72141 ], [ -63.38001, -17.72176 ], [ -63.37998, -17.722 ], [ -63.37998, -17.72226 ], [ -63.3801, -17.72266 ], [ -63.38014, -17.72275 ], [ -63.38026, -17.7229 ] ] ] } },
{ "type": "Feature", "properties": { "i": 302 }, "geometry": { "type": "Polygon", "coordinates": [ [ [ -63.2171, -17.75473 ], [ -63.2171, -17.75491 ], [ -63.21716, -17.75496 ], [ -63.21774, -17.75518 ], [ -63.21787, -17.75518 ], [ -63.21792, -17.75513 ], [ -63.21793, -17.75498 ], [ -63.21785, -17.75498 ], [ -63.21777, -17.75495 ], [ -63.21772, -17.75487 ], [ -63.21772, -17.7548 ], [ -63.21776, -17.75473 ], [ -63.21786, -17.75469 ], [ -63.21794, -17.7547 ], [ -63.21792, -17.75454 ], [ -63.21785, -17.75447 ], [ -63.21778, -17.75446 ], [ -63.21716, -17.75465 ], [ -63.2171, -17.75473 ] ] ] } },
{ "type": "Feature", "properties": { "i": 303 }, "geometry": { "type": "Polygon", "coordinates": [ [ [ -63.38146, -17.72093 ], [ -63.38104, -17.72169 ], [ -63.3818, -17.72203 ], [ -63.38186, -17.72203 ], [ -63.38188, -17.72202 ], [ -63.38199, -17.72124 ], [ -63.38146, -17.72093 ] ] ] } },
{ "type": "Feature", "properties": { "i": 304 }, "geometry": { "type": "Polygon", "coordinates": [ [ [ -63.2273, -17.75287 ], [ -63.22898, -17.7525 ], [ -63.229, -17.75245 ], [ -63.2284, -17.75181 ], [ -63.22836, -17.7518 ], [ -63.22788, -17.75232 ], [ -63.2275, -17.75264 ], [ -63.22724, -17.75281 ], [ -63.22724, -17.75283 ], [ -63.2273, -17.75287 ] ] ] } },
{ "type": "Feature", "properties": { "i": 305 }, "geometry": { "type": "Polygon", "coordinates": [ [ [ -63.22274, -17.75321 ], [ -63.22276, -17.75331 ], [ -63.22272, -17.75335 ], [ -63.22264, -17.75335 ], [ -63.22259, -17.75326 ], [ -63.22255, -17.75325 ], [ -63.22197, -17.75319 ], [ -63.22192, -17.75321 ], [ -63.22181, -17.7534 ], [ -63.22184, -17.75344 ], [ -63.22402, -17.75365 ], [ -63.22645, -17.75392 ], [ -63.22648, -17.7539 ], [ -63.22651, -17.75336 ], [ -63.22638, -17.75283 ], [ -63.22635, -17.75251 ], [ -63.22638, -17.75235 ], [ -63.22353, -17.75212 ], [ -63.22296, -17.75211 ], [ -63.22293, -17.75231 ], [ -63.2223, -17.75266 ], [ -63.22201, -17.75269 ], [ -63.22176, -17.75282 ], [ -63.22151, -17.7533 ], [ -63.22156, -17.75338 ], [ -63.22163, -17.75338 ], [ -63.22192, -17.75289 ], [ -63.22229, -17.75274 ], [ -63.2226, -17.75266 ], [ -63.2229, -17.75266 ], [ -63.22326, -17.7528 ], [ -63.22348, -17.75293 ], [ -63.22357, -17.75294 ], [ -63.22362, -17.75293 ], [ -63.22399, -17.75267 ], [ -63.22458, -17.75249 ], [ -63.22482, -17.75247 ], [ -63.22607, -17.75256 ], [ -63.22612, -17.75267 ], [ -63.22615, -17.7529 ], [ -63.22626, -17.75308 ], [ -63.22625, -17.75313 ], [ -63.22621, -17.75317 ], [ -63.2261, -17.75318 ], [ -63.22607, -17.75316 ], [ -63.22606, -17.75308 ], [ -63.2261, -17.75304 ], [ -63.22604, -17.75271 ], [ -63.22597, -17.75264 ], [ -63.22583, -17.75263 ], [ -63.22579, -17.75267 ], [ -63.22576, -17.75299 ], [ -63.22578, -17.75305 ], [ -63.22575, -17.7531 ], [ -63.22567, -17.75311 ], [ -63.22562, -17.75307 ], [ -63.22561, -17.753 ], [ -63.22563, -17.75296 ], [ -63.22567, -17.75294 ], [ -63.22568, -17.75266 ], [ -63.22563, -17.75262 ], [ -63.22525, -17.75259 ], [ -63.22519, -17.75262 ], [ -63.22517, -17.75266 ], [ -63.22514, -17.7529 ], [ -63.22518, -17.75295 ], [ -63.22518, -17.75301 ], [ -63.22513, -17.75307 ], [ -63.22505, -17.75307 ], [ -63.22502, -17.75305 ], [ -63.225, -17.75299 ], [ -63.22501, -17.75295 ], [ -63.22507, -17.75291 ], [ -63.22508, -17.75259 ], [ -63.22472, -17.75255 ], [ -63.22446, -17.75261 ], [ -63.22403, -17.75276 ], [ -63.22385, -17.7529 ], [ -63.22385, -17.75293 ], [ -63.22432, -17.75335 ], [ -63.22436, -17.75334 ], [ -63.22442, -17.75337 ], [ -63.22443, -17.75345 ], [ -63.22437, -17.7535 ], [ -63.22431, -17.75349 ], [ -63.22427, -17.75341 ], [ -63.22411, -17.75327 ], [ -63.22406, -17.75326 ], [ -63.22364, -17.75335 ], [ -63.22343, -17.75336 ], [ -63.22323, -17.75328 ], [ -63.22289, -17.75307 ], [ -63.22283, -17.75306 ], [ -63.22272, -17.75309 ], [ -63.22265, -17.75315 ], [ -63.22266, -17.75318 ], [ -63.22274, -17.75321 ] ] ] } },
{ "type": "Feature", "properties": { "i": 306 }, "geometry": { "type": "Polygon", "coordinates": [ [ [ -63.23153, -17.75049 ], [ -63.2315, -17.75153 ], [ -63.2345, -17.752 ], [ -63.23418, -17.75095 ], [ -63.23325, -17.75086 ], [ -63.2326, -17.75075 ], [ -63.23201, -17.75047 ], [ -63.23164, -17.75047 ], [ -63.23153, -17.75049 ] ] ] } },
{ "type": "Feature", "properties": { "i": 307 }, "geometry": { "type": "Polygon", "coordinates": [ [ [ -63.22983, -17.75233 ], [ -63.23051, -17.75211 ], [ -63.23054, -17.75203 ], [ -63.23046, -17.75134 ], [ -63.23042, -17.7513 ], [ -63.23035, -17.75128 ], [ -63.22935, -17.75161 ], [ -63.22916, -17.75164 ], [ -63.22881, -17.75164 ], [ -63.2285, -17.75158 ], [ -63.22846, -17.75163 ], [ -63.22847, -17.7517 ], [ -63.22917, -17.75246 ], [ -63.22931, -17.75243 ], [ -63.22928, -17.75243 ], [ -63.22925, -17.75219 ], [ -63.22942, -17.75215 ], [ -63.22943, -17.75222 ], [ -63.2293, -17.75225 ], [ -63.22933, -17.75244 ], [ -63.22983, -17.75233 ] ] ] } },
{ "type": "Feature", "properties": { "i": 308 }, "geometry": { "type": "Polygon", "coordinates": [ [ [ -63.23141, -17.75124 ], [ -63.2311, -17.75071 ], [ -63.2307, -17.7506 ], [ -63.23055, -17.75059 ], [ -63.23053, -17.75104 ], [ -63.23064, -17.75198 ], [ -63.2306, -17.75215 ], [ -63.23054, -17.75222 ], [ -63.22933, -17.75255 ], [ -63.2293, -17.75258 ], [ -63.22931, -17.75264 ], [ -63.2298, -17.75324 ], [ -63.23038, -17.7531 ], [ -63.23084, -17.75295 ], [ -63.23105, -17.75286 ], [ -63.23105, -17.75282 ], [ -63.23095, -17.75264 ], [ -63.23108, -17.75258 ], [ -63.2311, -17.75262 ], [ -63.23103, -17.75266 ], [ -63.23112, -17.75282 ], [ -63.23127, -17.75276 ], [ -63.23138, -17.75263 ], [ -63.2315, -17.75218 ], [ -63.23148, -17.75215 ], [ -63.23124, -17.75217 ], [ -63.23124, -17.75212 ], [ -63.23147, -17.75209 ], [ -63.2315, -17.75201 ], [ -63.23145, -17.75181 ], [ -63.23122, -17.75185 ], [ -63.23121, -17.75179 ], [ -63.23143, -17.75175 ], [ -63.2314, -17.7516 ], [ -63.23141, -17.75124 ] ] ] } },
{ "type": "Feature", "properties": { "i": 309 }, "geometry": { "type": "Polygon", "coordinates": [ [ [ -63.23351, -17.7498 ], [ -63.2335, -17.74995 ], [ -63.23374, -17.75044 ], [ -63.23385, -17.7505 ], [ -63.23423, -17.75052 ], [ -63.23448, -17.7516 ], [ -63.23456, -17.75184 ], [ -63.2347, -17.75202 ], [ -63.23507, -17.75209 ], [ -63.23493, -17.75165 ], [ -63.23487, -17.7513 ], [ -63.23496, -17.75059 ], [ -63.23497, -17.75028 ], [ -63.23488, -17.74968 ], [ -63.2334, -17.7494 ], [ -63.2331, -17.74929 ], [ -63.23308, -17.74931 ], [ -63.23308, -17.74961 ], [ -63.2331, -17.74967 ], [ -63.23351, -17.7498 ] ] ] } },
{ "type": "Feature", "properties": { "i": 310 }, "geometry": { "type": "Polygon", "coordinates": [ [ [ -63.25086, -17.74745 ], [ -63.25056, -17.7471 ], [ -63.25051, -17.74735 ], [ -63.25072, -17.74759 ], [ -63.25086, -17.74745 ] ] ] } },
{ "type": "Feature", "properties": { "i": 311 }, "geometry": { "type": "Polygon", "coordinates": [ [ [ -63.38244, -17.72022 ], [ -63.38201, -17.72 ], [ -63.38152, -17.72085 ], [ -63.38203, -17.72115 ], [ -63.38207, -17.72114 ], [ -63.38244, -17.72022 ] ] ] } },
{ "type": "Feature", "properties": { "i": 312 }, "geometry": { "type": "Polygon", "coordinates": [ [ [ -63.23766, -17.74952 ], [ -63.2368, -17.74877 ], [ -63.23592, -17.74824 ], [ -63.23557, -17.74818 ], [ -63.23487, -17.7482 ], [ -63.23494, -17.74865 ], [ -63.23498, -17.74869 ], [ -63.23618, -17.74867 ], [ -63.23619, -17.74872 ], [ -63.23619, -17.74874 ], [ -63.23573, -17.74878 ], [ -63.23502, -17.74881 ], [ -63.23498, -17.74887 ], [ -63.23514, -17.74975 ], [ -63.23521, -17.75028 ], [ -63.23521, -17.75049 ], [ -63.23513, -17.75134 ], [ -63.23528, -17.75192 ], [ -63.23538, -17.75215 ], [ -63.23628, -17.75227 ], [ -63.23768, -17.74957 ], [ -63.23766, -17.74952 ] ] ] } },
{ "type": "Feature", "properties": { "i": 313 }, "geometry": { "type": "Polygon", "coordinates": [ [ [ -63.24823, -17.7466 ], [ -63.2478, -17.74709 ], [ -63.24891, -17.748 ], [ -63.24949, -17.74761 ], [ -63.24823, -17.7466 ] ] ] } },
{ "type": "Feature", "properties": { "i": 314 }, "geometry": { "type": "Polygon", "coordinates": [ [ [ -63.52266, -17.69368 ], [ -63.52297, -17.69324 ], [ -63.52162, -17.69229 ], [ -63.52127, -17.69274 ], [ -63.52266, -17.69368 ] ] ] } },
{ "type": "Feature", "properties": { "i": 315 }, "geometry": { "type": "Polygon", "coordinates": [ [ [ -63.52195, -17.69331 ], [ -63.52063, -17.69242 ], [ -63.5204, -17.6926 ], [ -63.52027, -17.69277 ], [ -63.52093, -17.69312 ], [ -63.52168, -17.69367 ], [ -63.52195, -17.69331 ] ] ] } },
{ "type": "Feature", "properties": { "i": 316 }, "geometry": { "type": "Polygon", "coordinates": [ [ [ -63.22169, -17.7529 ], [ -63.22152, -17.75266 ], [ -63.22147, -17.75271 ], [ -63.22143, -17.75271 ], [ -63.22138, -17.75267 ], [ -63.22138, -17.7526 ], [ -63.22143, -17.75256 ], [ -63.22133, -17.75187 ], [ -63.22103, -17.75189 ], [ -63.2211, -17.75234 ], [ -63.22115, -17.75304 ], [ -63.22121, -17.75351 ], [ -63.22124, -17.75354 ], [ -63.22135, -17.75356 ], [ -63.22139, -17.75354 ], [ -63.22169, -17.7529 ] ] ] } },
{ "type": "Feature", "properties": { "i": 317 }, "geometry": { "type": "Polygon", "coordinates": [ [ [ -63.21903, -17.75355 ], [ -63.21964, -17.75345 ], [ -63.21986, -17.75335 ], [ -63.21999, -17.75324 ], [ -63.22027, -17.75294 ], [ -63.22028, -17.75287 ], [ -63.22026, -17.75282 ], [ -63.22022, -17.75279 ], [ -63.22011, -17.75278 ], [ -63.21906, -17.75284 ], [ -63.21817, -17.75277 ], [ -63.21832, -17.75364 ], [ -63.21848, -17.75363 ], [ -63.21901, -17.75351 ], [ -63.21903, -17.75355 ] ] ] } },
{ "type": "Feature", "properties": { "i": 318 }, "geometry": { "type": "Polygon", "coordinates": [ [ [ -63.24998, -17.74722 ], [ -63.24851, -17.74672 ], [ -63.2485, -17.74674 ], [ -63.24962, -17.74763 ], [ -63.24998, -17.74722 ] ] ] } },
{ "type": "Feature", "properties": { "i": 319 }, "geometry": { "type": "Polygon", "coordinates": [ [ [ -63.22199, -17.75267 ], [ -63.22227, -17.75262 ], [ -63.22286, -17.75232 ], [ -63.22258, -17.75214 ], [ -63.22252, -17.75219 ], [ -63.22192, -17.75242 ], [ -63.22152, -17.7526 ], [ -63.2217, -17.75289 ], [ -63.22175, -17.75278 ], [ -63.22199, -17.75267 ] ] ] } },
{ "type": "Feature", "properties": { "i": 320 }, "geometry": { "type": "Polygon", "coordinates": [ [ [ -63.38285, -17.71958 ], [ -63.38275, -17.71988 ], [ -63.3826, -17.72021 ], [ -63.38344, -17.72055 ], [ -63.38358, -17.72034 ], [ -63.38361, -17.72036 ], [ -63.38348, -17.72057 ], [ -63.38399, -17.72078 ], [ -63.38478, -17.72048 ], [ -63.38492, -17.72031 ], [ -63.38494, -17.72021 ], [ -63.38464, -17.71998 ], [ -63.38449, -17.71981 ], [ -63.3844, -17.71954 ], [ -63.38439, -17.71936 ], [ -63.38443, -17.71907 ], [ -63.38448, -17.71894 ], [ -63.38455, -17.71887 ], [ -63.38484, -17.71873 ], [ -63.38473, -17.71865 ], [ -63.38469, -17.71864 ], [ -63.38401, -17.71874 ], [ -63.38372, -17.71883 ], [ -63.38333, -17.71899 ], [ -63.38308, -17.71917 ], [ -63.38302, -17.71924 ], [ -63.38294, -17.71935 ], [ -63.38287, -17.71954 ], [ -63.38291, -17.71953 ], [ -63.3831, -17.71933 ], [ -63.38312, -17.71935 ], [ -63.38297, -17.71953 ], [ -63.38334, -17.71956 ], [ -63.38334, -17.7196 ], [ -63.38293, -17.71956 ], [ -63.38285, -17.71958 ] ] ] } },
{ "type": "Feature", "properties": { "i": 321 }, "geometry": { "type": "Polygon", "coordinates": [ [ [ -63.38102, -17.71957 ], [ -63.38071, -17.72025 ], [ -63.38069, -17.72031 ], [ -63.3807, -17.72036 ], [ -63.38075, -17.72041 ], [ -63.38141, -17.72081 ], [ -63.38144, -17.72081 ], [ -63.38191, -17.71998 ], [ -63.38106, -17.71956 ], [ -63.38102, -17.71957 ] ] ] } },
{ "type": "Feature", "properties": { "i": 322 }, "geometry": { "type": "Polygon", "coordinates": [ [ [ -63.37817, -17.71993 ], [ -63.37844, -17.7205 ], [ -63.37897, -17.7208 ], [ -63.37905, -17.72056 ], [ -63.37908, -17.72057 ], [ -63.379, -17.72081 ], [ -63.3795, -17.72106 ], [ -63.38011, -17.72128 ], [ -63.38053, -17.7204 ], [ -63.38053, -17.72037 ], [ -63.37972, -17.71995 ], [ -63.37903, -17.71944 ], [ -63.37856, -17.71993 ], [ -63.37846, -17.71998 ], [ -63.37817, -17.71993 ] ] ] } },
{ "type": "Feature", "properties": { "i": 323 }, "geometry": { "type": "Polygon", "coordinates": [ [ [ -63.24843, -17.74663 ], [ -63.25044, -17.74731 ], [ -63.25051, -17.74675 ], [ -63.25048, -17.74669 ], [ -63.24866, -17.74607 ], [ -63.24831, -17.7465 ], [ -63.24843, -17.74663 ] ] ] } },
{ "type": "Feature", "properties": { "i": 324 }, "geometry": { "type": "Polygon", "coordinates": [ [ [ -63.52342, -17.69339 ], [ -63.52432, -17.69226 ], [ -63.52364, -17.6918 ], [ -63.52357, -17.69179 ], [ -63.52353, -17.69181 ], [ -63.52306, -17.69238 ], [ -63.52215, -17.69176 ], [ -63.52209, -17.69176 ], [ -63.52173, -17.69221 ], [ -63.52173, -17.69224 ], [ -63.52342, -17.69339 ] ] ] } },
{ "type": "Feature", "properties": { "i": 325 }, "geometry": { "type": "Polygon", "coordinates": [ [ [ -63.22736, -17.75049 ], [ -63.22726, -17.75054 ], [ -63.22721, -17.75061 ], [ -63.22722, -17.75112 ], [ -63.22719, -17.75185 ], [ -63.22723, -17.75187 ], [ -63.22786, -17.751 ], [ -63.22793, -17.75086 ], [ -63.22802, -17.7505 ], [ -63.228, -17.75043 ], [ -63.22794, -17.75038 ], [ -63.22736, -17.75049 ] ] ] } },
{ "type": "Feature", "properties": { "i": 326 }, "geometry": { "type": "Polygon", "coordinates": [ [ [ -63.38275, -17.7197 ], [ -63.38288, -17.7193 ], [ -63.38304, -17.71912 ], [ -63.38323, -17.71897 ], [ -63.38321, -17.71893 ], [ -63.38271, -17.71874 ], [ -63.38268, -17.71875 ], [ -63.38207, -17.7199 ], [ -63.38207, -17.71994 ], [ -63.38252, -17.72016 ], [ -63.38255, -17.72014 ], [ -63.38275, -17.7197 ] ] ] } },
{ "type": "Feature", "properties": { "i": 327 }, "geometry": { "type": "Polygon", "coordinates": [ [ [ -63.23151, -17.7504 ], [ -63.23201, -17.75041 ], [ -63.2321, -17.75043 ], [ -63.23263, -17.75069 ], [ -63.23327, -17.75079 ], [ -63.23336, -17.75026 ], [ -63.23311, -17.74991 ], [ -63.233, -17.74962 ], [ -63.233, -17.74925 ], [ -63.23177, -17.74875 ], [ -63.23173, -17.74877 ], [ -63.23162, -17.74964 ], [ -63.23225, -17.74968 ], [ -63.23223, -17.74975 ], [ -63.23198, -17.74974 ], [ -63.23195, -17.74976 ], [ -63.23187, -17.75026 ], [ -63.2318, -17.75026 ], [ -63.23187, -17.74975 ], [ -63.23185, -17.74973 ], [ -63.2316, -17.74972 ], [ -63.23151, -17.75028 ], [ -63.23151, -17.7504 ] ] ] } },
{ "type": "Feature", "properties": { "i": 328 }, "geometry": { "type": "Polygon", "coordinates": [ [ [ -63.22638, -17.75217 ], [ -63.22641, -17.75167 ], [ -63.2264, -17.75081 ], [ -63.22637, -17.75042 ], [ -63.2263, -17.75019 ], [ -63.2255, -17.75023 ], [ -63.22441, -17.75021 ], [ -63.22352, -17.75004 ], [ -63.22297, -17.74983 ], [ -63.22266, -17.75013 ], [ -63.22269, -17.75025 ], [ -63.22267, -17.75031 ], [ -63.22224, -17.75054 ], [ -63.22221, -17.75081 ], [ -63.22304, -17.75192 ], [ -63.22638, -17.75217 ] ] ] } },
{ "type": "Feature", "properties": { "i": 329 }, "geometry": { "type": "Polygon", "coordinates": [ [ [ -63.22814, -17.75055 ], [ -63.22819, -17.7498 ], [ -63.22882, -17.74966 ], [ -63.22884, -17.74967 ], [ -63.22882, -17.75047 ], [ -63.22875, -17.7509 ], [ -63.22845, -17.75151 ], [ -63.22839, -17.75154 ], [ -63.22834, -17.75154 ], [ -63.22816, -17.75136 ], [ -63.2279, -17.75119 ], [ -63.22802, -17.75095 ], [ -63.22814, -17.75055 ] ] ] } },
{ "type": "Feature", "properties": { "i": 330 }, "geometry": { "type": "Polygon", "coordinates": [ [ [ -63.22279, -17.75174 ], [ -63.22244, -17.75137 ], [ -63.22224, -17.75156 ], [ -63.22252, -17.75186 ], [ -63.2226, -17.75198 ], [ -63.2226, -17.75209 ], [ -63.22291, -17.75229 ], [ -63.22292, -17.75199 ], [ -63.22279, -17.75174 ] ] ] } },
{ "type": "Feature", "properties": { "i": 331 }, "geometry": { "type": "Polygon", "coordinates": [ [ [ -63.22209, -17.75222 ], [ -63.22251, -17.75208 ], [ -63.2225, -17.75201 ], [ -63.22235, -17.75178 ], [ -63.22215, -17.75158 ], [ -63.22198, -17.75146 ], [ -63.22191, -17.75145 ], [ -63.22142, -17.75162 ], [ -63.22139, -17.75166 ], [ -63.22152, -17.75248 ], [ -63.22209, -17.75222 ] ] ] } },
{ "type": "Feature", "properties": { "i": 332 }, "geometry": { "type": "Polygon", "coordinates": [ [ [ -63.22663, -17.75114 ], [ -63.22663, -17.75254 ], [ -63.22665, -17.75277 ], [ -63.22671, -17.75299 ], [ -63.22673, -17.753 ], [ -63.22678, -17.75299 ], [ -63.22689, -17.75259 ], [ -63.22705, -17.75179 ], [ -63.22708, -17.75135 ], [ -63.22708, -17.75064 ], [ -63.227, -17.75054 ], [ -63.227, -17.75046 ], [ -63.22705, -17.75039 ], [ -63.22713, -17.75035 ], [ -63.22729, -17.75041 ], [ -63.22798, -17.75025 ], [ -63.22807, -17.75015 ], [ -63.22807, -17.74979 ], [ -63.22661, -17.75015 ], [ -63.22659, -17.75023 ], [ -63.22663, -17.75114 ] ] ] } },
{ "type": "Feature", "properties": { "i": 333 }, "geometry": { "type": "Polygon", "coordinates": [ [ [ -63.21804, -17.7519 ], [ -63.21815, -17.75265 ], [ -63.2182, -17.75267 ], [ -63.21875, -17.75274 ], [ -63.21911, -17.75275 ], [ -63.2202, -17.75268 ], [ -63.22038, -17.75276 ], [ -63.22043, -17.75276 ], [ -63.22054, -17.75265 ], [ -63.22057, -17.75257 ], [ -63.22049, -17.75189 ], [ -63.22047, -17.75185 ], [ -63.22041, -17.75184 ], [ -63.21965, -17.75198 ], [ -63.21932, -17.752 ], [ -63.21872, -17.75196 ], [ -63.21806, -17.75186 ], [ -63.21804, -17.7519 ] ] ] } },
{ "type": "Feature", "properties": { "i": 334 }, "geometry": { "type": "Polygon", "coordinates": [ [ [ -63.52046, -17.69233 ], [ -63.51962, -17.69176 ], [ -63.51924, -17.69228 ], [ -63.52002, -17.69279 ], [ -63.52015, -17.69262 ], [ -63.52033, -17.69248 ], [ -63.52046, -17.69233 ] ] ] } },
{ "type": "Feature", "properties": { "i": 335 }, "geometry": { "type": "Polygon", "coordinates": [ [ [ -63.21602, -17.75143 ], [ -63.2152, -17.75148 ], [ -63.2153, -17.75378 ], [ -63.21548, -17.75404 ], [ -63.21576, -17.7543 ], [ -63.21607, -17.75474 ], [ -63.21615, -17.75457 ], [ -63.21637, -17.75434 ], [ -63.21621, -17.75369 ], [ -63.21612, -17.75308 ], [ -63.21604, -17.75202 ], [ -63.21602, -17.75143 ] ] ] } },
{ "type": "Feature", "properties": { "i": 336 }, "geometry": { "type": "Polygon", "coordinates": [ [ [ -63.52308, -17.69217 ], [ -63.52345, -17.6917 ], [ -63.52343, -17.69168 ], [ -63.52266, -17.69116 ], [ -63.52262, -17.69117 ], [ -63.52224, -17.69166 ], [ -63.523, -17.69218 ], [ -63.52304, -17.69219 ], [ -63.52308, -17.69217 ] ] ] } },
{ "type": "Feature", "properties": { "i": 337 }, "geometry": { "type": "Polygon", "coordinates": [ [ [ -63.23482, -17.74956 ], [ -63.23486, -17.74952 ], [ -63.23468, -17.74846 ], [ -63.23407, -17.74853 ], [ -63.23403, -17.74858 ], [ -63.23415, -17.74941 ], [ -63.23482, -17.74956 ] ] ] } },
{ "type": "Feature", "properties": { "i": 338 }, "geometry": { "type": "Polygon", "coordinates": [ [ [ -63.23045, -17.75042 ], [ -63.23058, -17.74958 ], [ -63.23053, -17.74954 ], [ -63.22966, -17.7499 ], [ -63.22964, -17.75061 ], [ -63.23006, -17.75055 ], [ -63.23041, -17.75046 ], [ -63.23045, -17.75042 ] ] ] } },
{ "type": "Feature", "properties": { "i": 339 }, "geometry": { "type": "Polygon", "coordinates": [ [ [ -63.38059, -17.72029 ], [ -63.38095, -17.71944 ], [ -63.37976, -17.71873 ], [ -63.37972, -17.71873 ], [ -63.3795, -17.71967 ], [ -63.37979, -17.71989 ], [ -63.38059, -17.72029 ] ] ] } },
{ "type": "Feature", "properties": { "i": 340 }, "geometry": { "type": "Polygon", "coordinates": [ [ [ -63.23141, -17.74881 ], [ -63.23138, -17.74872 ], [ -63.2313, -17.74866 ], [ -63.23091, -17.74862 ], [ -63.23086, -17.74865 ], [ -63.23057, -17.75042 ], [ -63.2306, -17.75046 ], [ -63.23074, -17.75048 ], [ -63.23112, -17.7506 ], [ -63.23141, -17.74881 ] ] ] } },
{ "type": "Feature", "properties": { "i": 341 }, "geometry": { "type": "Polygon", "coordinates": [ [ [ -63.52202, -17.69169 ], [ -63.52158, -17.69137 ], [ -63.52114, -17.69186 ], [ -63.52159, -17.69215 ], [ -63.52163, -17.69215 ], [ -63.52202, -17.69169 ] ] ] } },
{ "type": "Feature", "properties": { "i": 342 }, "geometry": { "type": "Polygon", "coordinates": [ [ [ -63.2167, -17.74999 ], [ -63.21648, -17.75017 ], [ -63.21625, -17.7503 ], [ -63.21625, -17.75208 ], [ -63.21629, -17.75261 ], [ -63.21641, -17.75356 ], [ -63.21655, -17.75426 ], [ -63.21661, -17.75433 ], [ -63.21686, -17.75439 ], [ -63.21702, -17.75452 ], [ -63.21779, -17.75429 ], [ -63.21742, -17.75158 ], [ -63.21704, -17.75042 ], [ -63.21688, -17.75006 ], [ -63.21679, -17.74999 ], [ -63.2167, -17.74999 ] ] ] } },
{ "type": "Feature", "properties": { "i": 343 }, "geometry": { "type": "Polygon", "coordinates": [ [ [ -63.52097, -17.69187 ], [ -63.5201, -17.69128 ], [ -63.51976, -17.69173 ], [ -63.52061, -17.6923 ], [ -63.52097, -17.69187 ] ] ] } },
{ "type": "Feature", "properties": { "i": 344 }, "geometry": { "type": "Polygon", "coordinates": [ [ [ -63.22143, -17.75151 ], [ -63.22198, -17.75136 ], [ -63.22204, -17.75139 ], [ -63.22196, -17.75111 ], [ -63.22138, -17.75121 ], [ -63.22136, -17.75145 ], [ -63.2214, -17.75151 ], [ -63.22143, -17.75151 ] ] ] } },
{ "type": "Feature", "properties": { "i": 345 }, "geometry": { "type": "Polygon", "coordinates": [ [ [ -63.38461, -17.71858 ], [ -63.38462, -17.71854 ], [ -63.38459, -17.7185 ], [ -63.38402, -17.71837 ], [ -63.38308, -17.71797 ], [ -63.38299, -17.71802 ], [ -63.38273, -17.71862 ], [ -63.38273, -17.71866 ], [ -63.38277, -17.71871 ], [ -63.38331, -17.71891 ], [ -63.38366, -17.71877 ], [ -63.38398, -17.71867 ], [ -63.38461, -17.71858 ] ] ] } },
{ "type": "Feature", "properties": { "i": 346 }, "geometry": { "type": "Polygon", "coordinates": [ [ [ -63.23397, -17.7494 ], [ -63.23402, -17.74937 ], [ -63.23402, -17.74935 ], [ -63.23392, -17.74858 ], [ -63.23386, -17.74817 ], [ -63.2338, -17.74814 ], [ -63.23352, -17.74827 ], [ -63.23324, -17.74835 ], [ -63.23324, -17.74923 ], [ -63.23397, -17.7494 ] ] ] } },
{ "type": "Feature", "properties": { "i": 347 }, "geometry": { "type": "Polygon", "coordinates": [ [ [ -63.52357, -17.69161 ], [ -63.52404, -17.69102 ], [ -63.52347, -17.69064 ], [ -63.52299, -17.69121 ], [ -63.52352, -17.6916 ], [ -63.52357, -17.69161 ] ] ] } },
{ "type": "Feature", "properties": { "i": 348 }, "geometry": { "type": "Polygon", "coordinates": [ [ [ -63.22019, -17.74886 ], [ -63.22055, -17.75148 ], [ -63.22067, -17.7526 ], [ -63.22063, -17.75269 ], [ -63.22016, -17.75318 ], [ -63.2199, -17.7534 ], [ -63.21976, -17.75347 ], [ -63.21951, -17.75354 ], [ -63.2189, -17.75363 ], [ -63.21886, -17.75361 ], [ -63.21841, -17.75372 ], [ -63.21834, -17.75372 ], [ -63.21826, -17.75368 ], [ -63.21823, -17.75364 ], [ -63.21792, -17.75166 ], [ -63.21789, -17.75159 ], [ -63.21784, -17.75155 ], [ -63.21765, -17.75155 ], [ -63.2176, -17.75158 ], [ -63.2179, -17.7536 ], [ -63.21796, -17.75374 ], [ -63.21812, -17.75392 ], [ -63.21819, -17.75396 ], [ -63.21829, -17.75401 ], [ -63.21845, -17.75405 ], [ -63.21863, -17.75405 ], [ -63.21906, -17.75395 ], [ -63.21969, -17.75385 ], [ -63.21989, -17.75378 ], [ -63.22006, -17.75369 ], [ -63.22028, -17.75351 ], [ -63.22098, -17.7527 ], [ -63.22095, -17.75235 ], [ -63.22045, -17.74882 ], [ -63.22019, -17.74886 ] ] ] } },
{ "type": "Feature", "properties": { "i": 349 }, "geometry": { "type": "Polygon", "coordinates": [ [ [ -63.23066, -17.74875 ], [ -63.2307, -17.74877 ], [ -63.23066, -17.74902 ], [ -63.23068, -17.74903 ], [ -63.23061, -17.74938 ], [ -63.22963, -17.74978 ], [ -63.22954, -17.74985 ], [ -63.22951, -17.75056 ], [ -63.22946, -17.75059 ], [ -63.22897, -17.75057 ], [ -63.22895, -17.75054 ], [ -63.22899, -17.74953 ], [ -63.22937, -17.74932 ], [ -63.23022, -17.74896 ], [ -63.23066, -17.74875 ] ] ] } },
{ "type": "Feature", "properties": { "i": 350 }, "geometry": { "type": "Polygon", "coordinates": [ [ [ -63.21885, -17.75192 ], [ -63.21968, -17.75191 ], [ -63.22024, -17.75179 ], [ -63.22046, -17.7517 ], [ -63.22038, -17.75114 ], [ -63.22035, -17.75111 ], [ -63.22029, -17.7511 ], [ -63.21979, -17.75123 ], [ -63.21931, -17.75127 ], [ -63.21854, -17.75121 ], [ -63.2182, -17.75114 ], [ -63.21797, -17.75106 ], [ -63.21788, -17.75108 ], [ -63.21786, -17.75112 ], [ -63.21787, -17.75119 ], [ -63.21803, -17.75177 ], [ -63.21835, -17.75185 ], [ -63.21885, -17.75192 ] ] ] } },
{ "type": "Feature", "properties": { "i": 351 }, "geometry": { "type": "Polygon", "coordinates": [ [ [ -63.52255, -17.69108 ], [ -63.52226, -17.69086 ], [ -63.52177, -17.69131 ], [ -63.52213, -17.69158 ], [ -63.52255, -17.69108 ] ] ] } },
{ "type": "Feature", "properties": { "i": 352 }, "geometry": { "type": "Polygon", "coordinates": [ [ [ -63.52144, -17.69129 ], [ -63.52091, -17.69089 ], [ -63.5205, -17.6914 ], [ -63.52102, -17.69177 ], [ -63.52105, -17.69177 ], [ -63.52144, -17.69129 ] ] ] } },
{ "type": "Feature", "properties": { "i": 353 }, "geometry": { "type": "Polygon", "coordinates": [ [ [ -63.23307, -17.74839 ], [ -63.23175, -17.74835 ], [ -63.23171, -17.7484 ], [ -63.23173, -17.74858 ], [ -63.23177, -17.74863 ], [ -63.2324, -17.74893 ], [ -63.23309, -17.74917 ], [ -63.23312, -17.74914 ], [ -63.23311, -17.74843 ], [ -63.23307, -17.74839 ] ] ] } },
{ "type": "Feature", "properties": { "i": 354 }, "geometry": { "type": "Polygon", "coordinates": [ [ [ -63.23464, -17.7483 ], [ -63.23456, -17.74782 ], [ -63.23398, -17.74802 ], [ -63.23396, -17.74805 ], [ -63.23401, -17.74839 ], [ -63.23464, -17.7483 ] ] ] } },
{ "type": "Feature", "properties": { "i": 355 }, "geometry": { "type": "Polygon", "coordinates": [ [ [ -63.38497, -17.71863 ], [ -63.38465, -17.71841 ], [ -63.38403, -17.71826 ], [ -63.38469, -17.71744 ], [ -63.38499, -17.71765 ], [ -63.38507, -17.71784 ], [ -63.38511, -17.71782 ], [ -63.38502, -17.71763 ], [ -63.38471, -17.71741 ], [ -63.38572, -17.71643 ], [ -63.38588, -17.71721 ], [ -63.38565, -17.71813 ], [ -63.38513, -17.71858 ], [ -63.38497, -17.71863 ] ] ] } },
{ "type": "Feature", "properties": { "i": 356 }, "geometry": { "type": "Polygon", "coordinates": [ [ [ -63.3781, -17.71985 ], [ -63.37808, -17.71981 ], [ -63.3781, -17.71861 ], [ -63.37816, -17.7186 ], [ -63.37899, -17.71936 ], [ -63.37851, -17.71987 ], [ -63.37842, -17.7199 ], [ -63.3781, -17.71985 ] ] ] } },
{ "type": "Feature", "properties": { "i": 357 }, "geometry": { "type": "Polygon", "coordinates": [ [ [ -63.22187, -17.75 ], [ -63.22185, -17.74993 ], [ -63.22177, -17.74992 ], [ -63.22131, -17.75018 ], [ -63.22086, -17.75046 ], [ -63.22084, -17.75049 ], [ -63.22103, -17.75187 ], [ -63.22132, -17.75184 ], [ -63.22129, -17.75156 ], [ -63.22128, -17.75104 ], [ -63.22119, -17.7507 ], [ -63.2212, -17.75063 ], [ -63.22122, -17.75059 ], [ -63.22166, -17.75026 ], [ -63.22187, -17.75 ] ] ] } },
{ "type": "Feature", "properties": { "i": 358 }, "geometry": { "type": "Polygon", "coordinates": [ [ [ -63.38296, -17.71776 ], [ -63.38288, -17.71726 ], [ -63.38264, -17.71666 ], [ -63.38239, -17.71635 ], [ -63.3823, -17.71631 ], [ -63.38223, -17.71631 ], [ -63.38221, -17.71632 ], [ -63.38217, -17.71655 ], [ -63.38163, -17.7176 ], [ -63.38111, -17.71948 ], [ -63.38196, -17.71989 ], [ -63.38241, -17.7191 ], [ -63.38261, -17.71868 ], [ -63.38292, -17.71801 ], [ -63.38296, -17.71776 ] ] ] } },
{ "type": "Feature", "properties": { "i": 359 }, "geometry": { "type": "Polygon", "coordinates": [ [ [ -63.23565, -17.74738 ], [ -63.23569, -17.7481 ], [ -63.23486, -17.74812 ], [ -63.23484, -17.7481 ], [ -63.23475, -17.7474 ], [ -63.23565, -17.74738 ] ] ] } },
{ "type": "Feature", "properties": { "i": 360 }, "geometry": { "type": "Polygon", "coordinates": [ [ [ -63.22194, -17.75109 ], [ -63.22192, -17.7501 ], [ -63.22191, -17.7501 ], [ -63.22167, -17.75036 ], [ -63.22152, -17.75049 ], [ -63.2213, -17.75063 ], [ -63.22128, -17.7507 ], [ -63.22138, -17.75098 ], [ -63.2214, -17.75119 ], [ -63.22194, -17.75109 ] ] ] } },
{ "type": "Feature", "properties": { "i": 361 }, "geometry": { "type": "Polygon", "coordinates": [ [ [ -63.5229, -17.69023 ], [ -63.52288, -17.69022 ], [ -63.52255, -17.69052 ], [ -63.52232, -17.69077 ], [ -63.52263, -17.69098 ], [ -63.52285, -17.6906 ], [ -63.52289, -17.69042 ], [ -63.5229, -17.69023 ] ] ] } },
{ "type": "Feature", "properties": { "i": 362 }, "geometry": { "type": "Polygon", "coordinates": [ [ [ -63.22921, -17.74927 ], [ -63.22914, -17.7493 ], [ -63.22903, -17.74895 ], [ -63.22908, -17.74892 ], [ -63.22922, -17.74926 ], [ -63.23028, -17.74879 ], [ -63.23019, -17.74855 ], [ -63.23004, -17.74854 ], [ -63.23003, -17.7485 ], [ -63.2301, -17.74848 ], [ -63.23024, -17.74853 ], [ -63.23033, -17.74876 ], [ -63.23029, -17.74879 ], [ -63.23089, -17.74853 ], [ -63.23137, -17.74857 ], [ -63.23142, -17.74853 ], [ -63.23141, -17.74847 ], [ -63.23136, -17.74832 ], [ -63.23131, -17.74829 ], [ -63.23104, -17.74834 ], [ -63.231, -17.74826 ], [ -63.23089, -17.74831 ], [ -63.23067, -17.74836 ], [ -63.23052, -17.7483 ], [ -63.23048, -17.74836 ], [ -63.23046, -17.74836 ], [ -63.23039, -17.74831 ], [ -63.23046, -17.74821 ], [ -63.23071, -17.74827 ], [ -63.23094, -17.74819 ], [ -63.23106, -17.74819 ], [ -63.23112, -17.74825 ], [ -63.2313, -17.74818 ], [ -63.23099, -17.74777 ], [ -63.22889, -17.74897 ], [ -63.22895, -17.74941 ], [ -63.22921, -17.74927 ] ] ] } },
{ "type": "Feature", "properties": { "i": 363 }, "geometry": { "type": "Polygon", "coordinates": [ [ [ -63.22736, -17.74937 ], [ -63.22758, -17.74937 ], [ -63.22799, -17.74915 ], [ -63.22838, -17.74884 ], [ -63.22869, -17.74854 ], [ -63.22871, -17.74847 ], [ -63.2288, -17.74848 ], [ -63.22869, -17.74895 ], [ -63.22862, -17.74912 ], [ -63.22852, -17.74927 ], [ -63.22837, -17.74941 ], [ -63.22825, -17.74946 ], [ -63.22662, -17.74985 ], [ -63.22656, -17.74919 ], [ -63.2266, -17.74916 ], [ -63.22705, -17.74896 ], [ -63.22712, -17.74897 ], [ -63.22736, -17.74937 ] ] ] } },
{ "type": "Feature", "properties": { "i": 364 }, "geometry": { "type": "Polygon", "coordinates": [ [ [ -63.52325, -17.69012 ], [ -63.52308, -17.69002 ], [ -63.52294, -17.69017 ], [ -63.52295, -17.69043 ], [ -63.5229, -17.69063 ], [ -63.5227, -17.69102 ], [ -63.52294, -17.69118 ], [ -63.52343, -17.6906 ], [ -63.52317, -17.6904 ], [ -63.52317, -17.69025 ], [ -63.52325, -17.69012 ] ] ] } },
{ "type": "Feature", "properties": { "i": 365 }, "geometry": { "type": "Polygon", "coordinates": [ [ [ -63.52212, -17.69078 ], [ -63.52212, -17.69073 ], [ -63.52077, -17.68971 ], [ -63.52072, -17.68977 ], [ -63.52088, -17.69061 ], [ -63.52092, -17.69072 ], [ -63.52095, -17.69077 ], [ -63.52156, -17.69127 ], [ -63.52212, -17.69078 ] ] ] } },
{ "type": "Feature", "properties": { "i": 366 }, "geometry": { "type": "Polygon", "coordinates": [ [ [ -63.38392, -17.71822 ], [ -63.38398, -17.7182 ], [ -63.38454, -17.71744 ], [ -63.38414, -17.71718 ], [ -63.38394, -17.71702 ], [ -63.38375, -17.71674 ], [ -63.38284, -17.7168 ], [ -63.38281, -17.71682 ], [ -63.38298, -17.71722 ], [ -63.38309, -17.71786 ], [ -63.38392, -17.71822 ] ] ] } },
{ "type": "Feature", "properties": { "i": 367 }, "geometry": { "type": "Polygon", "coordinates": [ [ [ -63.22602, -17.74931 ], [ -63.22524, -17.74932 ], [ -63.22491, -17.74936 ], [ -63.22459, -17.74943 ], [ -63.22413, -17.74958 ], [ -63.22417, -17.74983 ], [ -63.22526, -17.74995 ], [ -63.22554, -17.74993 ], [ -63.22604, -17.74983 ], [ -63.22612, -17.74976 ], [ -63.22607, -17.74933 ], [ -63.22602, -17.74931 ] ] ] } },
{ "type": "Feature", "properties": { "i": 368 }, "geometry": { "type": "Polygon", "coordinates": [ [ [ -63.21957, -17.75117 ], [ -63.22, -17.75111 ], [ -63.22036, -17.751 ], [ -63.22037, -17.75095 ], [ -63.2203, -17.75042 ], [ -63.22028, -17.75039 ], [ -63.22021, -17.75037 ], [ -63.2199, -17.75047 ], [ -63.21951, -17.75055 ], [ -63.21895, -17.75057 ], [ -63.21844, -17.75048 ], [ -63.21784, -17.75027 ], [ -63.21774, -17.75026 ], [ -63.21762, -17.75029 ], [ -63.21756, -17.75033 ], [ -63.2175, -17.75039 ], [ -63.21745, -17.75049 ], [ -63.21744, -17.75057 ], [ -63.2176, -17.75121 ], [ -63.21764, -17.75125 ], [ -63.21773, -17.75124 ], [ -63.2178, -17.7512 ], [ -63.2178, -17.75108 ], [ -63.21787, -17.751 ], [ -63.21795, -17.751 ], [ -63.21813, -17.75106 ], [ -63.21874, -17.75117 ], [ -63.21916, -17.7512 ], [ -63.21957, -17.75117 ] ] ] } },
{ "type": "Feature", "properties": { "i": 369 }, "geometry": { "type": "Polygon", "coordinates": [ [ [ -63.23392, -17.74792 ], [ -63.23347, -17.74818 ], [ -63.23333, -17.74822 ], [ -63.23322, -17.74822 ], [ -63.23322, -17.74743 ], [ -63.23325, -17.74741 ], [ -63.23449, -17.74729 ], [ -63.23453, -17.74772 ], [ -63.23392, -17.74792 ] ] ] } },
{ "type": "Feature", "properties": { "i": 370 }, "geometry": { "type": "Polygon", "coordinates": [ [ [ -63.23305, -17.74744 ], [ -63.23244, -17.74753 ], [ -63.23244, -17.74823 ], [ -63.23249, -17.74827 ], [ -63.23258, -17.74828 ], [ -63.23303, -17.74829 ], [ -63.23309, -17.74827 ], [ -63.23311, -17.74824 ], [ -63.23309, -17.74747 ], [ -63.23305, -17.74744 ] ] ] } },
{ "type": "Feature", "properties": { "i": 371 }, "geometry": { "type": "Polygon", "coordinates": [ [ [ -63.23225, -17.74753 ], [ -63.23137, -17.74763 ], [ -63.23134, -17.74768 ], [ -63.23169, -17.74822 ], [ -63.23226, -17.74825 ], [ -63.23232, -17.7482 ], [ -63.23231, -17.74758 ], [ -63.23225, -17.74753 ] ] ] } },
{ "type": "Feature", "properties": { "i": 372 }, "geometry": { "type": "Polygon", "coordinates": [ [ [ -63.52281, -17.69016 ], [ -63.52234, -17.68985 ], [ -63.52185, -17.69036 ], [ -63.52223, -17.69068 ], [ -63.52281, -17.69016 ] ] ] } },
{ "type": "Feature", "properties": { "i": 373 }, "geometry": { "type": "Polygon", "coordinates": [ [ [ -63.37803, -17.71848 ], [ -63.37763, -17.7181 ], [ -63.37675, -17.7174 ], [ -63.37632, -17.71787 ], [ -63.37581, -17.71799 ], [ -63.37547, -17.71801 ], [ -63.37522, -17.71893 ], [ -63.37571, -17.71928 ], [ -63.37651, -17.71955 ], [ -63.378, -17.71956 ], [ -63.37803, -17.71848 ] ] ] } },
{ "type": "Feature", "properties": { "i": 374 }, "geometry": { "type": "Polygon", "coordinates": [ [ [ -63.52078, -17.6905 ], [ -63.52065, -17.6898 ], [ -63.52024, -17.68954 ], [ -63.5197, -17.69031 ], [ -63.5194, -17.69066 ], [ -63.51994, -17.69109 ], [ -63.51993, -17.6911 ], [ -63.52037, -17.69138 ], [ -63.52078, -17.69088 ], [ -63.52081, -17.69079 ], [ -63.52078, -17.6905 ] ] ] } },
{ "type": "Feature", "properties": { "i": 375 }, "geometry": { "type": "Polygon", "coordinates": [ [ [ -63.2212, -17.75 ], [ -63.22117, -17.74981 ], [ -63.22113, -17.74978 ], [ -63.22104, -17.7498 ], [ -63.22099, -17.74975 ], [ -63.221, -17.74969 ], [ -63.22103, -17.74967 ], [ -63.22102, -17.7496 ], [ -63.22072, -17.74964 ], [ -63.22078, -17.75011 ], [ -63.22081, -17.75017 ], [ -63.22084, -17.75019 ], [ -63.22091, -17.75019 ], [ -63.2212, -17.75 ] ] ] } },
{ "type": "Feature", "properties": { "i": 376 }, "geometry": { "type": "Polygon", "coordinates": [ [ [ -63.22882, -17.74832 ], [ -63.22879, -17.74783 ], [ -63.22873, -17.74757 ], [ -63.2286, -17.74727 ], [ -63.22853, -17.74735 ], [ -63.22854, -17.74743 ], [ -63.22848, -17.74746 ], [ -63.22813, -17.74809 ], [ -63.22782, -17.74843 ], [ -63.22722, -17.74891 ], [ -63.22721, -17.74896 ], [ -63.22739, -17.74926 ], [ -63.2275, -17.74928 ], [ -63.22775, -17.74917 ], [ -63.22816, -17.74891 ], [ -63.22838, -17.74871 ], [ -63.22855, -17.74852 ], [ -63.22854, -17.74846 ], [ -63.22858, -17.74841 ], [ -63.22867, -17.7484 ], [ -63.2287, -17.74843 ], [ -63.2288, -17.74844 ], [ -63.22882, -17.74832 ] ] ] } },
{ "type": "Feature", "properties": { "i": 377 }, "geometry": { "type": "Polygon", "coordinates": [ [ [ -63.22635, -17.74838 ], [ -63.22631, -17.74911 ], [ -63.22625, -17.74918 ], [ -63.22584, -17.74924 ], [ -63.22499, -17.74926 ], [ -63.22467, -17.74932 ], [ -63.22445, -17.74939 ], [ -63.22439, -17.74939 ], [ -63.22436, -17.74936 ], [ -63.2242, -17.74882 ], [ -63.22412, -17.74845 ], [ -63.22448, -17.74842 ], [ -63.22522, -17.74848 ], [ -63.22577, -17.7485 ], [ -63.22611, -17.74845 ], [ -63.22635, -17.74838 ] ] ] } },
{ "type": "Feature", "properties": { "i": 378 }, "geometry": { "type": "Polygon", "coordinates": [ [ [ -63.23569, -17.74554 ], [ -63.23563, -17.747 ], [ -63.23543, -17.747 ], [ -63.23522, -17.74696 ], [ -63.23495, -17.74688 ], [ -63.23473, -17.74677 ], [ -63.23478, -17.74584 ], [ -63.23485, -17.74551 ], [ -63.23493, -17.74538 ], [ -63.23507, -17.74525 ], [ -63.23569, -17.74554 ] ] ] } },
{ "type": "Feature", "properties": { "i": 379 }, "geometry": { "type": "Polygon", "coordinates": [ [ [ -63.21603, -17.75118 ], [ -63.21606, -17.75029 ], [ -63.21603, -17.7502 ], [ -63.21513, -17.75022 ], [ -63.21515, -17.75121 ], [ -63.21603, -17.75118 ] ] ] } },
{ "type": "Feature", "properties": { "i": 380 }, "geometry": { "type": "Polygon", "coordinates": [ [ [ -63.22281, -17.74962 ], [ -63.22253, -17.75003 ], [ -63.22226, -17.75028 ], [ -63.22197, -17.75001 ], [ -63.22209, -17.74985 ], [ -63.22211, -17.74978 ], [ -63.22185, -17.74914 ], [ -63.22158, -17.74859 ], [ -63.222, -17.74839 ], [ -63.22251, -17.74929 ], [ -63.22279, -17.74948 ], [ -63.22281, -17.74952 ], [ -63.22281, -17.74962 ] ] ] } },
{ "type": "Feature", "properties": { "i": 381 }, "geometry": { "type": "Polygon", "coordinates": [ [ [ -63.22028, -17.75024 ], [ -63.2202, -17.74963 ], [ -63.22018, -17.74961 ], [ -63.22013, -17.74961 ], [ -63.21993, -17.74971 ], [ -63.21959, -17.74981 ], [ -63.21936, -17.74984 ], [ -63.21904, -17.74984 ], [ -63.21864, -17.74978 ], [ -63.21806, -17.74958 ], [ -63.21777, -17.74955 ], [ -63.21743, -17.7496 ], [ -63.21715, -17.74975 ], [ -63.2171, -17.7498 ], [ -63.2171, -17.74984 ], [ -63.21734, -17.75042 ], [ -63.21736, -17.75043 ], [ -63.21751, -17.75027 ], [ -63.21762, -17.75021 ], [ -63.21773, -17.75018 ], [ -63.21789, -17.75019 ], [ -63.21815, -17.7503 ], [ -63.21871, -17.75044 ], [ -63.2192, -17.75049 ], [ -63.21941, -17.75048 ], [ -63.2198, -17.75042 ], [ -63.22018, -17.7503 ], [ -63.22028, -17.75024 ] ] ] } },
{ "type": "Feature", "properties": { "i": 382 }, "geometry": { "type": "Polygon", "coordinates": [ [ [ -63.37989, -17.71648 ], [ -63.37969, -17.71846 ], [ -63.37972, -17.71855 ], [ -63.381, -17.71935 ], [ -63.38154, -17.71755 ], [ -63.38209, -17.71652 ], [ -63.38215, -17.71619 ], [ -63.38191, -17.71531 ], [ -63.38169, -17.71503 ], [ -63.38142, -17.71478 ], [ -63.38117, -17.71464 ], [ -63.38095, -17.71468 ], [ -63.38034, -17.71509 ], [ -63.38009, -17.71515 ], [ -63.37989, -17.71648 ] ] ] } },
{ "type": "Feature", "properties": { "i": 383 }, "geometry": { "type": "Polygon", "coordinates": [ [ [ -63.52223, -17.68983 ], [ -63.52113, -17.68909 ], [ -63.52072, -17.6896 ], [ -63.52176, -17.69032 ], [ -63.52223, -17.68983 ] ] ] } },
{ "type": "Feature", "properties": { "i": 384 }, "geometry": { "type": "Polygon", "coordinates": [ [ [ -63.3828, -17.71672 ], [ -63.38372, -17.71667 ], [ -63.38363, -17.71622 ], [ -63.38356, -17.71619 ], [ -63.38266, -17.71619 ], [ -63.3826, -17.71622 ], [ -63.38256, -17.7163 ], [ -63.38257, -17.71638 ], [ -63.3828, -17.71672 ] ] ] } },
{ "type": "Feature", "properties": { "i": 385 }, "geometry": { "type": "Polygon", "coordinates": [ [ [ -63.22102, -17.74959 ], [ -63.22089, -17.74871 ], [ -63.22059, -17.74876 ], [ -63.22072, -17.74963 ], [ -63.22102, -17.74959 ] ] ] } },
{ "type": "Feature", "properties": { "i": 386 }, "geometry": { "type": "Polygon", "coordinates": [ [ [ -63.22648, -17.74836 ], [ -63.22651, -17.7483 ], [ -63.22681, -17.74814 ], [ -63.22706, -17.74795 ], [ -63.22726, -17.74773 ], [ -63.22757, -17.7473 ], [ -63.22786, -17.74703 ], [ -63.22796, -17.74696 ], [ -63.22804, -17.74696 ], [ -63.22808, -17.74692 ], [ -63.22808, -17.74687 ], [ -63.22814, -17.74682 ], [ -63.22823, -17.74693 ], [ -63.22854, -17.74716 ], [ -63.22859, -17.74722 ], [ -63.2285, -17.74731 ], [ -63.22843, -17.74731 ], [ -63.2284, -17.74733 ], [ -63.22838, -17.74738 ], [ -63.2284, -17.74744 ], [ -63.22821, -17.74776 ], [ -63.2281, -17.74793 ], [ -63.22784, -17.74825 ], [ -63.22734, -17.74869 ], [ -63.2269, -17.74896 ], [ -63.22653, -17.74912 ], [ -63.22646, -17.7491 ], [ -63.22643, -17.74906 ], [ -63.22648, -17.74836 ] ] ] } },
{ "type": "Feature", "properties": { "i": 387 }, "geometry": { "type": "Polygon", "coordinates": [ [ [ -63.22122, -17.75 ], [ -63.22159, -17.7498 ], [ -63.2219, -17.74955 ], [ -63.22175, -17.7491 ], [ -63.22142, -17.7485 ], [ -63.22118, -17.74856 ], [ -63.22107, -17.74861 ], [ -63.22094, -17.74862 ], [ -63.22109, -17.74966 ], [ -63.22114, -17.7497 ], [ -63.22122, -17.75 ] ] ] } },
{ "type": "Feature", "properties": { "i": 388 }, "geometry": { "type": "Polygon", "coordinates": [ [ [ -63.22392, -17.74738 ], [ -63.22384, -17.74734 ], [ -63.22333, -17.7474 ], [ -63.2232, -17.74758 ], [ -63.22309, -17.74762 ], [ -63.22281, -17.74763 ], [ -63.22269, -17.74761 ], [ -63.22245, -17.74751 ], [ -63.22245, -17.74753 ], [ -63.22257, -17.74762 ], [ -63.22268, -17.74774 ], [ -63.22282, -17.74793 ], [ -63.22289, -17.74807 ], [ -63.22309, -17.74865 ], [ -63.22336, -17.74919 ], [ -63.22355, -17.74943 ], [ -63.22363, -17.74949 ], [ -63.22379, -17.74955 ], [ -63.2239, -17.74955 ], [ -63.22407, -17.74951 ], [ -63.22426, -17.7494 ], [ -63.22406, -17.74879 ], [ -63.22396, -17.74831 ], [ -63.22392, -17.7479 ], [ -63.22392, -17.74738 ] ] ] } },
{ "type": "Feature", "properties": { "i": 389 }, "geometry": { "type": "Polygon", "coordinates": [ [ [ -63.3857, -17.71635 ], [ -63.3855, -17.7161 ], [ -63.38528, -17.71595 ], [ -63.38485, -17.71582 ], [ -63.38446, -17.71561 ], [ -63.38409, -17.71515 ], [ -63.38358, -17.71467 ], [ -63.38316, -17.71438 ], [ -63.38284, -17.71424 ], [ -63.38234, -17.71415 ], [ -63.38262, -17.71612 ], [ -63.38366, -17.71613 ], [ -63.38382, -17.71671 ], [ -63.38387, -17.7168 ], [ -63.38464, -17.71638 ], [ -63.38466, -17.71616 ], [ -63.3847, -17.71616 ], [ -63.38468, -17.71641 ], [ -63.38389, -17.71683 ], [ -63.38398, -17.71696 ], [ -63.38462, -17.7174 ], [ -63.3857, -17.71635 ] ] ] } },
{ "type": "Feature", "properties": { "i": 390 }, "geometry": { "type": "Polygon", "coordinates": [ [ [ -63.22417, -17.74832 ], [ -63.22472, -17.7483 ], [ -63.22501, -17.74831 ], [ -63.22554, -17.74837 ], [ -63.22589, -17.74837 ], [ -63.22625, -17.74829 ], [ -63.22627, -17.74828 ], [ -63.22618, -17.74748 ], [ -63.22614, -17.7474 ], [ -63.22603, -17.74745 ], [ -63.22582, -17.7475 ], [ -63.22553, -17.74751 ], [ -63.22542, -17.7475 ], [ -63.22505, -17.74739 ], [ -63.22448, -17.74731 ], [ -63.22411, -17.74732 ], [ -63.22408, -17.74737 ], [ -63.22415, -17.7483 ], [ -63.22417, -17.74832 ] ] ] } },
{ "type": "Feature", "properties": { "i": 391 }, "geometry": { "type": "Polygon", "coordinates": [ [ [ -63.37487, -17.71799 ], [ -63.37359, -17.71735 ], [ -63.37476, -17.71574 ], [ -63.37504, -17.7157 ], [ -63.37524, -17.71572 ], [ -63.37572, -17.71601 ], [ -63.3762, -17.71643 ], [ -63.37647, -17.71677 ], [ -63.37669, -17.71734 ], [ -63.37624, -17.7178 ], [ -63.37583, -17.7179 ], [ -63.37487, -17.71799 ] ] ] } },
{ "type": "Feature", "properties": { "i": 392 }, "geometry": { "type": "Polygon", "coordinates": [ [ [ -63.22165, -17.74754 ], [ -63.22178, -17.74764 ], [ -63.22213, -17.748 ], [ -63.22243, -17.74848 ], [ -63.22255, -17.7488 ], [ -63.22263, -17.74893 ], [ -63.22292, -17.74915 ], [ -63.22325, -17.74952 ], [ -63.2234, -17.74942 ], [ -63.22309, -17.7489 ], [ -63.22293, -17.7485 ], [ -63.22285, -17.7482 ], [ -63.22277, -17.74803 ], [ -63.22252, -17.74773 ], [ -63.22228, -17.74756 ], [ -63.22216, -17.74744 ], [ -63.22187, -17.74695 ], [ -63.22172, -17.7471 ], [ -63.22159, -17.74732 ], [ -63.2216, -17.74746 ], [ -63.22165, -17.74754 ] ] ] } },
{ "type": "Feature", "properties": { "i": 393 }, "geometry": { "type": "Polygon", "coordinates": [ [ [ -63.22804, -17.74683 ], [ -63.22797, -17.74683 ], [ -63.22793, -17.74689 ], [ -63.22764, -17.74711 ], [ -63.22744, -17.7473 ], [ -63.22729, -17.74747 ], [ -63.22708, -17.74777 ], [ -63.22695, -17.7479 ], [ -63.2267, -17.74809 ], [ -63.22658, -17.74816 ], [ -63.22656, -17.74815 ], [ -63.22641, -17.74725 ], [ -63.22671, -17.74694 ], [ -63.22695, -17.74675 ], [ -63.22723, -17.74659 ], [ -63.2276, -17.74647 ], [ -63.22786, -17.74647 ], [ -63.22789, -17.74644 ], [ -63.2279, -17.74636 ], [ -63.22787, -17.74631 ], [ -63.22781, -17.74629 ], [ -63.22782, -17.74622 ], [ -63.22788, -17.7462 ], [ -63.22795, -17.74613 ], [ -63.22797, -17.7465 ], [ -63.228, -17.74659 ], [ -63.22812, -17.74678 ], [ -63.22804, -17.74683 ] ] ] } },
{ "type": "Feature", "properties": { "i": 394 }, "geometry": { "type": "Polygon", "coordinates": [ [ [ -63.22007, -17.74869 ], [ -63.21998, -17.74861 ], [ -63.2197, -17.74854 ], [ -63.21961, -17.74856 ], [ -63.21956, -17.74864 ], [ -63.21948, -17.74902 ], [ -63.21943, -17.74916 ], [ -63.21928, -17.74935 ], [ -63.21916, -17.74944 ], [ -63.2191, -17.74946 ], [ -63.21896, -17.74948 ], [ -63.21886, -17.74947 ], [ -63.2187, -17.74941 ], [ -63.21855, -17.7493 ], [ -63.21816, -17.74894 ], [ -63.21799, -17.74886 ], [ -63.21786, -17.74883 ], [ -63.21744, -17.74884 ], [ -63.21708, -17.74894 ], [ -63.21683, -17.74908 ], [ -63.21667, -17.74922 ], [ -63.21662, -17.74928 ], [ -63.21662, -17.74938 ], [ -63.21677, -17.74964 ], [ -63.21696, -17.74975 ], [ -63.217, -17.74975 ], [ -63.21715, -17.74964 ], [ -63.21733, -17.74955 ], [ -63.21758, -17.74948 ], [ -63.21772, -17.74947 ], [ -63.21803, -17.74949 ], [ -63.21874, -17.74972 ], [ -63.2191, -17.74976 ], [ -63.21941, -17.74976 ], [ -63.21965, -17.74972 ], [ -63.22, -17.74961 ], [ -63.22018, -17.7495 ], [ -63.22007, -17.74869 ] ] ] } },
{ "type": "Feature", "properties": { "i": 395 }, "geometry": { "type": "Polygon", "coordinates": [ [ [ -63.22125, -17.74826 ], [ -63.22103, -17.74806 ], [ -63.22096, -17.74806 ], [ -63.2209, -17.74813 ], [ -63.22096, -17.74861 ], [ -63.22141, -17.74847 ], [ -63.22125, -17.74826 ] ] ] } },
{ "type": "Feature", "properties": { "i": 396 }, "geometry": { "type": "Polygon", "coordinates": [ [ [ -63.38251, -17.71617 ], [ -63.38238, -17.71519 ], [ -63.38237, -17.71518 ], [ -63.38203, -17.71531 ], [ -63.38222, -17.71606 ], [ -63.38235, -17.71622 ], [ -63.38251, -17.71617 ] ] ] } },
{ "type": "Feature", "properties": { "i": 397 }, "geometry": { "type": "Polygon", "coordinates": [ [ [ -63.21933, -17.74809 ], [ -63.21906, -17.74831 ], [ -63.21893, -17.74851 ], [ -63.21887, -17.74865 ], [ -63.21924, -17.7493 ], [ -63.21936, -17.74915 ], [ -63.21942, -17.74899 ], [ -63.21949, -17.74863 ], [ -63.21952, -17.74855 ], [ -63.21957, -17.7485 ], [ -63.21964, -17.74847 ], [ -63.21972, -17.74847 ], [ -63.22, -17.74854 ], [ -63.22014, -17.74865 ], [ -63.2204, -17.74852 ], [ -63.22036, -17.74823 ], [ -63.22012, -17.74815 ], [ -63.21971, -17.74808 ], [ -63.21944, -17.74807 ], [ -63.21933, -17.74809 ] ] ] } },
{ "type": "Feature", "properties": { "i": 398 }, "geometry": { "type": "Polygon", "coordinates": [ [ [ -63.22083, -17.74722 ], [ -63.22074, -17.74733 ], [ -63.22074, -17.7475 ], [ -63.22081, -17.74768 ], [ -63.22134, -17.74823 ], [ -63.22157, -17.74856 ], [ -63.22199, -17.74836 ], [ -63.22141, -17.74767 ], [ -63.22127, -17.74758 ], [ -63.22118, -17.74748 ], [ -63.22113, -17.74738 ], [ -63.22113, -17.74731 ], [ -63.22118, -17.74722 ], [ -63.22083, -17.74722 ] ] ] } },
{ "type": "Feature", "properties": { "i": 399 }, "geometry": { "type": "Polygon", "coordinates": [ [ [ -63.21794, -17.74842 ], [ -63.21783, -17.74877 ], [ -63.21765, -17.74876 ], [ -63.2173, -17.74881 ], [ -63.21701, -17.74891 ], [ -63.21683, -17.749 ], [ -63.21654, -17.74925 ], [ -63.21621, -17.74919 ], [ -63.21621, -17.74916 ], [ -63.21635, -17.74896 ], [ -63.21649, -17.74885 ], [ -63.21694, -17.74858 ], [ -63.21739, -17.74845 ], [ -63.21794, -17.74842 ] ] ] } },
{ "type": "Feature", "properties": { "i": 400 }, "geometry": { "type": "Polygon", "coordinates": [ [ [ -63.22478, -17.74727 ], [ -63.22542, -17.74741 ], [ -63.2258, -17.74741 ], [ -63.22607, -17.74736 ], [ -63.2259, -17.74638 ], [ -63.22546, -17.74636 ], [ -63.22514, -17.7463 ], [ -63.2248, -17.74616 ], [ -63.22471, -17.74618 ], [ -63.22469, -17.74621 ], [ -63.22469, -17.74636 ], [ -63.22473, -17.74722 ], [ -63.22478, -17.74727 ] ] ] } },
{ "type": "Feature", "properties": { "i": 401 }, "geometry": { "type": "Polygon", "coordinates": [ [ [ -63.22068, -17.74726 ], [ -63.22066, -17.74723 ], [ -63.22067, -17.74715 ], [ -63.22051, -17.74687 ], [ -63.22034, -17.74688 ], [ -63.22046, -17.74792 ], [ -63.22059, -17.74875 ], [ -63.22089, -17.7487 ], [ -63.22075, -17.74784 ], [ -63.22066, -17.7475 ], [ -63.22065, -17.74737 ], [ -63.22068, -17.74726 ] ] ] } },
{ "type": "Feature", "properties": { "i": 402 }, "geometry": { "type": "Polygon", "coordinates": [ [ [ -63.23447, -17.74716 ], [ -63.23447, -17.74712 ], [ -63.23422, -17.74708 ], [ -63.23423, -17.74703 ], [ -63.23448, -17.74707 ], [ -63.2345, -17.74637 ], [ -63.2346, -17.7456 ], [ -63.23468, -17.74534 ], [ -63.23485, -17.74513 ], [ -63.23602, -17.74411 ], [ -63.23536, -17.74337 ], [ -63.23502, -17.74294 ], [ -63.23393, -17.74349 ], [ -63.23392, -17.74354 ], [ -63.23405, -17.74381 ], [ -63.23404, -17.74384 ], [ -63.23335, -17.74418 ], [ -63.23331, -17.74423 ], [ -63.23324, -17.74424 ], [ -63.2332, -17.74421 ], [ -63.23319, -17.74416 ], [ -63.23322, -17.74411 ], [ -63.23331, -17.74411 ], [ -63.23385, -17.74385 ], [ -63.23386, -17.74379 ], [ -63.23375, -17.74363 ], [ -63.23367, -17.74362 ], [ -63.23256, -17.74418 ], [ -63.23255, -17.74421 ], [ -63.23275, -17.74461 ], [ -63.23299, -17.74482 ], [ -63.23307, -17.74497 ], [ -63.23325, -17.74522 ], [ -63.23336, -17.74527 ], [ -63.23338, -17.7453 ], [ -63.23367, -17.74526 ], [ -63.23368, -17.7453 ], [ -63.23338, -17.74534 ], [ -63.23336, -17.7454 ], [ -63.23332, -17.74542 ], [ -63.23326, -17.74541 ], [ -63.23322, -17.74537 ], [ -63.23322, -17.74534 ], [ -63.23318, -17.74534 ], [ -63.2317, -17.74552 ], [ -63.23166, -17.74551 ], [ -63.23165, -17.74542 ], [ -63.23188, -17.74518 ], [ -63.23193, -17.74522 ], [ -63.23175, -17.74539 ], [ -63.23175, -17.74545 ], [ -63.23316, -17.74527 ], [ -63.23317, -17.74523 ], [ -63.233, -17.74497 ], [ -63.23286, -17.74479 ], [ -63.23268, -17.74462 ], [ -63.23244, -17.74427 ], [ -63.23239, -17.74426 ], [ -63.23224, -17.74433 ], [ -63.23191, -17.74455 ], [ -63.23111, -17.74541 ], [ -63.23103, -17.7456 ], [ -63.23099, -17.74625 ], [ -63.231, -17.747 ], [ -63.23103, -17.74717 ], [ -63.23123, -17.74754 ], [ -63.23227, -17.74741 ], [ -63.23228, -17.74639 ], [ -63.23239, -17.7464 ], [ -63.23239, -17.7474 ], [ -63.23312, -17.7473 ], [ -63.23311, -17.74666 ], [ -63.23315, -17.74665 ], [ -63.23317, -17.74729 ], [ -63.23447, -17.74716 ] ] ] } },
{ "type": "Feature", "properties": { "i": 403 }, "geometry": { "type": "Polygon", "coordinates": [ [ [ -63.2187, -17.74719 ], [ -63.21835, -17.74822 ], [ -63.21644, -17.74831 ], [ -63.21619, -17.74875 ], [ -63.21622, -17.74887 ], [ -63.21628, -17.74891 ], [ -63.21617, -17.74912 ], [ -63.21601, -17.74921 ], [ -63.21595, -17.74904 ], [ -63.21592, -17.74887 ], [ -63.21594, -17.74861 ], [ -63.21599, -17.74845 ], [ -63.21646, -17.7476 ], [ -63.21671, -17.74699 ], [ -63.21702, -17.74673 ], [ -63.2187, -17.74719 ] ] ] } },
{ "type": "Feature", "properties": { "i": 404 }, "geometry": { "type": "Polygon", "coordinates": [ [ [ -63.2158, -17.74974 ], [ -63.21579, -17.7494 ], [ -63.21571, -17.74926 ], [ -63.21562, -17.74901 ], [ -63.2156, -17.74865 ], [ -63.21569, -17.74826 ], [ -63.21617, -17.74751 ], [ -63.21621, -17.74732 ], [ -63.21532, -17.74702 ], [ -63.21525, -17.74708 ], [ -63.2152, -17.74737 ], [ -63.21509, -17.7477 ], [ -63.21495, -17.74804 ], [ -63.21482, -17.74824 ], [ -63.21483, -17.74883 ], [ -63.21467, -17.74978 ], [ -63.2158, -17.74974 ] ] ] } },
{ "type": "Feature", "properties": { "i": 405 }, "geometry": { "type": "Polygon", "coordinates": [ [ [ -63.23082, -17.74522 ], [ -63.22921, -17.74588 ], [ -63.22918, -17.74595 ], [ -63.22934, -17.74647 ], [ -63.22945, -17.74642 ], [ -63.22931, -17.74601 ], [ -63.22931, -17.74596 ], [ -63.22934, -17.74593 ], [ -63.22975, -17.74578 ], [ -63.23066, -17.74539 ], [ -63.23072, -17.74539 ], [ -63.23066, -17.74662 ], [ -63.23068, -17.74706 ], [ -63.23092, -17.74764 ], [ -63.22917, -17.74861 ], [ -63.22871, -17.74711 ], [ -63.22862, -17.74705 ], [ -63.22846, -17.74686 ], [ -63.22835, -17.74665 ], [ -63.2283, -17.74646 ], [ -63.22829, -17.74617 ], [ -63.22835, -17.74592 ], [ -63.22854, -17.7456 ], [ -63.22867, -17.74548 ], [ -63.22834, -17.743 ], [ -63.23132, -17.7424 ], [ -63.23135, -17.74242 ], [ -63.23272, -17.7437 ], [ -63.23285, -17.74386 ], [ -63.23285, -17.74389 ], [ -63.23217, -17.74424 ], [ -63.23205, -17.74417 ], [ -63.23202, -17.74413 ], [ -63.23117, -17.7438 ], [ -63.23013, -17.74383 ], [ -63.22969, -17.74392 ], [ -63.22961, -17.74398 ], [ -63.22958, -17.74402 ], [ -63.22956, -17.7443 ], [ -63.22946, -17.74439 ], [ -63.22922, -17.7444 ], [ -63.22916, -17.74434 ], [ -63.2291, -17.74434 ], [ -63.22907, -17.74437 ], [ -63.22907, -17.74443 ], [ -63.22909, -17.74445 ], [ -63.2295, -17.74443 ], [ -63.22962, -17.74432 ], [ -63.22963, -17.74409 ], [ -63.22966, -17.74401 ], [ -63.22973, -17.74396 ], [ -63.23014, -17.74388 ], [ -63.23111, -17.74384 ], [ -63.23138, -17.74394 ], [ -63.23172, -17.7441 ], [ -63.23177, -17.74422 ], [ -63.2317, -17.74426 ], [ -63.23151, -17.74445 ], [ -63.2309, -17.74517 ], [ -63.23082, -17.74522 ] ] ] } },
{ "type": "Feature", "properties": { "i": 406 }, "geometry": { "type": "Polygon", "coordinates": [ [ [ -63.22623, -17.74623 ], [ -63.2268, -17.74613 ], [ -63.22775, -17.74605 ], [ -63.22777, -17.74603 ], [ -63.22798, -17.74603 ], [ -63.22809, -17.74578 ], [ -63.228, -17.74571 ], [ -63.22791, -17.74569 ], [ -63.22788, -17.74563 ], [ -63.2276, -17.74552 ], [ -63.2272, -17.74541 ], [ -63.22622, -17.74528 ], [ -63.22615, -17.74533 ], [ -63.22615, -17.74618 ], [ -63.22623, -17.74623 ] ] ] } },
{ "type": "Feature", "properties": { "i": 407 }, "geometry": { "type": "Polygon", "coordinates": [ [ [ -63.22068, -17.74713 ], [ -63.22077, -17.74711 ], [ -63.22081, -17.74713 ], [ -63.22083, -17.7472 ], [ -63.22122, -17.74719 ], [ -63.22133, -17.74703 ], [ -63.22135, -17.74694 ], [ -63.22134, -17.74681 ], [ -63.22053, -17.74687 ], [ -63.22068, -17.74713 ] ] ] } },
{ "type": "Feature", "properties": { "i": 408 }, "geometry": { "type": "Polygon", "coordinates": [ [ [ -63.21462, -17.74978 ], [ -63.21477, -17.74884 ], [ -63.21478, -17.74833 ], [ -63.21463, -17.74841 ], [ -63.2145, -17.7484 ], [ -63.21437, -17.74831 ], [ -63.21428, -17.7483 ], [ -63.21426, -17.74821 ], [ -63.21431, -17.74816 ], [ -63.21438, -17.74816 ], [ -63.21443, -17.74822 ], [ -63.21442, -17.74828 ], [ -63.21448, -17.74833 ], [ -63.21459, -17.74834 ], [ -63.21466, -17.7483 ], [ -63.21492, -17.74782 ], [ -63.2149, -17.74779 ], [ -63.21458, -17.74766 ], [ -63.21456, -17.74768 ], [ -63.21447, -17.74767 ], [ -63.21444, -17.74763 ], [ -63.21444, -17.74758 ], [ -63.21449, -17.74753 ], [ -63.21457, -17.74753 ], [ -63.21465, -17.74761 ], [ -63.2149, -17.74771 ], [ -63.21496, -17.7477 ], [ -63.21509, -17.74736 ], [ -63.21514, -17.74708 ], [ -63.21508, -17.747 ], [ -63.21406, -17.74685 ], [ -63.21397, -17.74689 ], [ -63.21384, -17.74768 ], [ -63.21379, -17.74851 ], [ -63.21379, -17.74965 ], [ -63.21393, -17.7498 ], [ -63.21462, -17.74978 ] ] ] } },
{ "type": "Feature", "properties": { "i": 409 }, "geometry": { "type": "Polygon", "coordinates": [ [ [ -63.22598, -17.74627 ], [ -63.22598, -17.74608 ], [ -63.22592, -17.74578 ], [ -63.22599, -17.74546 ], [ -63.226, -17.74533 ], [ -63.22596, -17.74528 ], [ -63.22573, -17.74527 ], [ -63.2254, -17.74529 ], [ -63.22496, -17.7454 ], [ -63.22463, -17.74555 ], [ -63.22446, -17.74565 ], [ -63.22442, -17.74571 ], [ -63.22442, -17.74579 ], [ -63.22449, -17.74587 ], [ -63.22468, -17.74599 ], [ -63.22501, -17.74614 ], [ -63.2254, -17.74625 ], [ -63.22557, -17.74627 ], [ -63.22598, -17.74627 ] ] ] } },
{ "type": "Feature", "properties": { "i": 410 }, "geometry": { "type": "Polygon", "coordinates": [ [ [ -63.22829, -17.74451 ], [ -63.22819, -17.74456 ], [ -63.22812, -17.74457 ], [ -63.22806, -17.74453 ], [ -63.22737, -17.74454 ], [ -63.22696, -17.74452 ], [ -63.22637, -17.74443 ], [ -63.22622, -17.7452 ], [ -63.227, -17.74528 ], [ -63.22731, -17.74535 ], [ -63.22775, -17.74549 ], [ -63.22795, -17.74559 ], [ -63.22798, -17.74558 ], [ -63.22803, -17.7456 ], [ -63.22805, -17.74567 ], [ -63.22812, -17.74573 ], [ -63.22842, -17.74524 ], [ -63.22835, -17.745 ], [ -63.22829, -17.74451 ] ] ] } },
{ "type": "Feature", "properties": { "i": 411 }, "geometry": { "type": "Polygon", "coordinates": [ [ [ -63.236, -17.7436 ], [ -63.23578, -17.74335 ], [ -63.23607, -17.74309 ], [ -63.23604, -17.74306 ], [ -63.23574, -17.74329 ], [ -63.23578, -17.74334 ], [ -63.23517, -17.74264 ], [ -63.2367, -17.74142 ], [ -63.23767, -17.74344 ], [ -63.2374, -17.74356 ], [ -63.23684, -17.74372 ], [ -63.23634, -17.74399 ], [ -63.23601, -17.74361 ], [ -63.23644, -17.74325 ], [ -63.23641, -17.74322 ], [ -63.23597, -17.74356 ], [ -63.236, -17.7436 ] ] ] } },
{ "type": "Feature", "properties": { "i": 412 }, "geometry": { "type": "Polygon", "coordinates": [ [ [ -63.21955, -17.74701 ], [ -63.2195, -17.74652 ], [ -63.21933, -17.74643 ], [ -63.21921, -17.74633 ], [ -63.21901, -17.74608 ], [ -63.21895, -17.74604 ], [ -63.21886, -17.74604 ], [ -63.21877, -17.74612 ], [ -63.21808, -17.74634 ], [ -63.21794, -17.74634 ], [ -63.21783, -17.74631 ], [ -63.21756, -17.74616 ], [ -63.21752, -17.74617 ], [ -63.21746, -17.74624 ], [ -63.2174, -17.74668 ], [ -63.2177, -17.74681 ], [ -63.21919, -17.74718 ], [ -63.21955, -17.74701 ] ] ] } },
{ "type": "Feature", "properties": { "i": 413 }, "geometry": { "type": "Polygon", "coordinates": [ [ [ -63.22256, -17.74486 ], [ -63.22013, -17.74506 ], [ -63.22031, -17.74661 ], [ -63.22033, -17.74664 ], [ -63.22039, -17.74666 ], [ -63.22159, -17.74659 ], [ -63.22165, -17.74655 ], [ -63.22175, -17.74641 ], [ -63.22198, -17.74583 ], [ -63.22206, -17.74569 ], [ -63.22245, -17.74518 ], [ -63.22252, -17.74503 ], [ -63.22256, -17.74486 ] ] ] } },
{ "type": "Feature", "properties": { "i": 414 }, "geometry": { "type": "Polygon", "coordinates": [ [ [ -63.22475, -17.74422 ], [ -63.22443, -17.74432 ], [ -63.22414, -17.74448 ], [ -63.22354, -17.74498 ], [ -63.22354, -17.74505 ], [ -63.22422, -17.74562 ], [ -63.2243, -17.74562 ], [ -63.22461, -17.74543 ], [ -63.22498, -17.74527 ], [ -63.22551, -17.74516 ], [ -63.22593, -17.74516 ], [ -63.22607, -17.74439 ], [ -63.22542, -17.7442 ], [ -63.22497, -17.74418 ], [ -63.22475, -17.74422 ] ] ] } },
{ "type": "Feature", "properties": { "i": 415 }, "geometry": { "type": "Polygon", "coordinates": [ [ [ -63.21672, -17.74557 ], [ -63.2167, -17.74552 ], [ -63.21649, -17.74545 ], [ -63.21614, -17.7454 ], [ -63.21584, -17.74538 ], [ -63.21521, -17.74543 ], [ -63.21527, -17.74607 ], [ -63.21585, -17.74609 ], [ -63.21589, -17.74611 ], [ -63.21592, -17.74616 ], [ -63.21592, -17.74624 ], [ -63.21587, -17.74629 ], [ -63.21579, -17.74629 ], [ -63.21573, -17.7462 ], [ -63.21527, -17.7462 ], [ -63.21526, -17.74689 ], [ -63.21529, -17.74692 ], [ -63.21554, -17.74698 ], [ -63.21626, -17.74723 ], [ -63.21635, -17.74721 ], [ -63.21644, -17.74698 ], [ -63.21656, -17.74655 ], [ -63.21672, -17.74557 ] ] ] } },
{ "type": "Feature", "properties": { "i": 416 }, "geometry": { "type": "Polygon", "coordinates": [ [ [ -63.21971, -17.74627 ], [ -63.21967, -17.74641 ], [ -63.2196, -17.74646 ], [ -63.21963, -17.74687 ], [ -63.21992, -17.74736 ], [ -63.22002, -17.74733 ], [ -63.22023, -17.74722 ], [ -63.21993, -17.74458 ], [ -63.21953, -17.74462 ], [ -63.21971, -17.74627 ] ] ] } },
{ "type": "Feature", "properties": { "i": 417 }, "geometry": { "type": "Polygon", "coordinates": [ [ [ -63.21743, -17.74569 ], [ -63.21723, -17.74557 ], [ -63.21701, -17.74552 ], [ -63.2168, -17.74656 ], [ -63.2173, -17.74666 ], [ -63.21749, -17.74594 ], [ -63.21747, -17.74576 ], [ -63.21743, -17.74569 ] ] ] } },
{ "type": "Feature", "properties": { "i": 418 }, "geometry": { "type": "Polygon", "coordinates": [ [ [ -63.22711, -17.74371 ], [ -63.22661, -17.74373 ], [ -63.22647, -17.74437 ], [ -63.22693, -17.74444 ], [ -63.22733, -17.74447 ], [ -63.22805, -17.74447 ], [ -63.2281, -17.74442 ], [ -63.22818, -17.74443 ], [ -63.22821, -17.74448 ], [ -63.22828, -17.74447 ], [ -63.22821, -17.74366 ], [ -63.22815, -17.74329 ], [ -63.22799, -17.74334 ], [ -63.22771, -17.74352 ], [ -63.22746, -17.74362 ], [ -63.22711, -17.74371 ] ] ] } },
{ "type": "Feature", "properties": { "i": 419 }, "geometry": { "type": "Polygon", "coordinates": [ [ [ -63.22577, -17.74416 ], [ -63.22618, -17.74429 ], [ -63.22633, -17.74371 ], [ -63.22632, -17.74368 ], [ -63.226, -17.74358 ], [ -63.22533, -17.74348 ], [ -63.22496, -17.74349 ], [ -63.22488, -17.74352 ], [ -63.22486, -17.74359 ], [ -63.22493, -17.74407 ], [ -63.22542, -17.74409 ], [ -63.22577, -17.74416 ] ] ] } },
{ "type": "Feature", "properties": { "i": 420 }, "geometry": { "type": "Polygon", "coordinates": [ [ [ -63.21895, -17.74592 ], [ -63.21907, -17.74597 ], [ -63.21924, -17.74623 ], [ -63.21941, -17.74637 ], [ -63.2195, -17.74638 ], [ -63.21959, -17.74632 ], [ -63.21962, -17.74623 ], [ -63.2196, -17.74601 ], [ -63.21942, -17.7447 ], [ -63.21939, -17.74466 ], [ -63.21875, -17.74465 ], [ -63.21872, -17.74468 ], [ -63.21872, -17.74527 ], [ -63.21853, -17.74541 ], [ -63.21849, -17.74535 ], [ -63.21865, -17.74523 ], [ -63.21864, -17.74467 ], [ -63.2186, -17.74464 ], [ -63.21785, -17.7446 ], [ -63.21781, -17.74464 ], [ -63.21759, -17.74588 ], [ -63.21761, -17.74599 ], [ -63.21766, -17.74609 ], [ -63.21772, -17.74616 ], [ -63.21782, -17.74622 ], [ -63.21789, -17.74624 ], [ -63.21806, -17.74624 ], [ -63.21883, -17.74594 ], [ -63.21895, -17.74592 ] ] ] } },
{ "type": "Feature", "properties": { "i": 421 }, "geometry": { "type": "Polygon", "coordinates": [ [ [ -63.224, -17.74356 ], [ -63.22377, -17.74353 ], [ -63.22366, -17.74355 ], [ -63.22345, -17.74364 ], [ -63.22328, -17.74378 ], [ -63.22319, -17.7439 ], [ -63.22313, -17.74404 ], [ -63.22311, -17.74413 ], [ -63.22311, -17.74437 ], [ -63.22314, -17.7445 ], [ -63.22318, -17.74461 ], [ -63.22341, -17.74491 ], [ -63.22415, -17.74432 ], [ -63.22434, -17.74422 ], [ -63.22475, -17.7441 ], [ -63.22469, -17.74356 ], [ -63.22467, -17.74354 ], [ -63.224, -17.74356 ] ] ] } },
{ "type": "Feature", "properties": { "i": 422 }, "geometry": { "type": "Polygon", "coordinates": [ [ [ -63.2151, -17.74693 ], [ -63.21516, -17.7469 ], [ -63.21519, -17.74636 ], [ -63.21516, -17.74621 ], [ -63.21468, -17.74617 ], [ -63.21465, -17.7462 ], [ -63.21457, -17.7462 ], [ -63.21452, -17.74615 ], [ -63.21453, -17.74608 ], [ -63.21457, -17.74605 ], [ -63.21465, -17.74605 ], [ -63.21469, -17.7461 ], [ -63.21508, -17.74613 ], [ -63.21513, -17.74611 ], [ -63.21508, -17.74545 ], [ -63.21501, -17.74541 ], [ -63.21459, -17.74544 ], [ -63.21452, -17.74549 ], [ -63.21442, -17.74545 ], [ -63.21368, -17.74549 ], [ -63.21375, -17.74615 ], [ -63.21396, -17.74672 ], [ -63.21402, -17.74674 ], [ -63.21406, -17.74679 ], [ -63.2151, -17.74693 ] ] ] } },
{ "type": "Feature", "properties": { "i": 423 }, "geometry": { "type": "Polygon", "coordinates": [ [ [ -63.22788, -17.74331 ], [ -63.22789, -17.74321 ], [ -63.22795, -17.74316 ], [ -63.22801, -17.74316 ], [ -63.22805, -17.74319 ], [ -63.22812, -17.74317 ], [ -63.22796, -17.74249 ], [ -63.2279, -17.7425 ], [ -63.22789, -17.74256 ], [ -63.22783, -17.7426 ], [ -63.22771, -17.74258 ], [ -63.22669, -17.74282 ], [ -63.22659, -17.74364 ], [ -63.2269, -17.74364 ], [ -63.22721, -17.7436 ], [ -63.22742, -17.74354 ], [ -63.22785, -17.74334 ], [ -63.22788, -17.74331 ] ] ] } },
{ "type": "Feature", "properties": { "i": 424 }, "geometry": { "type": "Polygon", "coordinates": [ [ [ -63.22972, -17.74193 ], [ -63.22905, -17.74203 ], [ -63.22901, -17.7421 ], [ -63.22905, -17.74237 ], [ -63.2291, -17.74244 ], [ -63.22905, -17.7425 ], [ -63.229, -17.74249 ], [ -63.22897, -17.74245 ], [ -63.22898, -17.74236 ], [ -63.22895, -17.74216 ], [ -63.22891, -17.74212 ], [ -63.2288, -17.74211 ], [ -63.22877, -17.74208 ], [ -63.22877, -17.74201 ], [ -63.22884, -17.74197 ], [ -63.22941, -17.74192 ], [ -63.22983, -17.74184 ], [ -63.23035, -17.7417 ], [ -63.23062, -17.74168 ], [ -63.23105, -17.74174 ], [ -63.23113, -17.7417 ], [ -63.23135, -17.74101 ], [ -63.23113, -17.74104 ], [ -63.23093, -17.74093 ], [ -63.23086, -17.74093 ], [ -63.23075, -17.74099 ], [ -63.23078, -17.74115 ], [ -63.23081, -17.7412 ], [ -63.23081, -17.74123 ], [ -63.23078, -17.74125 ], [ -63.23046, -17.74126 ], [ -63.23008, -17.74131 ], [ -63.22953, -17.74148 ], [ -63.22832, -17.74172 ], [ -63.22832, -17.74177 ], [ -63.22842, -17.74195 ], [ -63.22856, -17.74208 ], [ -63.22867, -17.74225 ], [ -63.22881, -17.74286 ], [ -63.23135, -17.74236 ], [ -63.23251, -17.74344 ], [ -63.23275, -17.7437 ], [ -63.23358, -17.74332 ], [ -63.23316, -17.74261 ], [ -63.2331, -17.74261 ], [ -63.23263, -17.74284 ], [ -63.2326, -17.74289 ], [ -63.23262, -17.74296 ], [ -63.23268, -17.74301 ], [ -63.23279, -17.74302 ], [ -63.23283, -17.74306 ], [ -63.23282, -17.74313 ], [ -63.23274, -17.74316 ], [ -63.23207, -17.74255 ], [ -63.23177, -17.74232 ], [ -63.23143, -17.74201 ], [ -63.23123, -17.74189 ], [ -63.23098, -17.7418 ], [ -63.23086, -17.74178 ], [ -63.23079, -17.74183 ], [ -63.23079, -17.74217 ], [ -63.23072, -17.74216 ], [ -63.23072, -17.74181 ], [ -63.23067, -17.74175 ], [ -63.23039, -17.74176 ], [ -63.22991, -17.74189 ], [ -63.22987, -17.74194 ], [ -63.22987, -17.74198 ], [ -63.22991, -17.74217 ], [ -63.22996, -17.74224 ], [ -63.22996, -17.7423 ], [ -63.22991, -17.74234 ], [ -63.22983, -17.74232 ], [ -63.22981, -17.74228 ], [ -63.22983, -17.74221 ], [ -63.2298, -17.74197 ], [ -63.22972, -17.74193 ] ] ] } },
{ "type": "Feature", "properties": { "i": 425 }, "geometry": { "type": "Polygon", "coordinates": [ [ [ -63.22288, -17.74349 ], [ -63.22003, -17.74378 ], [ -63.22013, -17.74503 ], [ -63.22258, -17.74482 ], [ -63.22263, -17.7446 ], [ -63.22265, -17.7444 ], [ -63.22264, -17.7442 ], [ -63.22268, -17.74392 ], [ -63.22277, -17.74366 ], [ -63.22288, -17.74349 ] ] ] } },
{ "type": "Feature", "properties": { "i": 426 }, "geometry": { "type": "Polygon", "coordinates": [ [ [ -63.2249, -17.74265 ], [ -63.22483, -17.74266 ], [ -63.22478, -17.74272 ], [ -63.22474, -17.74338 ], [ -63.22556, -17.74341 ], [ -63.2263, -17.74354 ], [ -63.22642, -17.7429 ], [ -63.2254, -17.7427 ], [ -63.2249, -17.74265 ] ] ] } },
{ "type": "Feature", "properties": { "i": 427 }, "geometry": { "type": "Polygon", "coordinates": [ [ [ -63.21758, -17.74562 ], [ -63.21802, -17.74323 ], [ -63.218, -17.74321 ], [ -63.21747, -17.74328 ], [ -63.21743, -17.74332 ], [ -63.21701, -17.74535 ], [ -63.21702, -17.74541 ], [ -63.21724, -17.74547 ], [ -63.21735, -17.74553 ], [ -63.21751, -17.74566 ], [ -63.21755, -17.74566 ], [ -63.21758, -17.74562 ] ] ] } },
{ "type": "Feature", "properties": { "i": 428 }, "geometry": { "type": "Polygon", "coordinates": [ [ [ -63.21953, -17.74457 ], [ -63.2194, -17.74337 ], [ -63.2198, -17.74333 ], [ -63.21993, -17.74453 ], [ -63.21953, -17.74457 ] ] ] } },
{ "type": "Feature", "properties": { "i": 429 }, "geometry": { "type": "Polygon", "coordinates": [ [ [ -63.2336, -17.74064 ], [ -63.23353, -17.74 ], [ -63.23345, -17.74 ], [ -63.23343, -17.74002 ], [ -63.23343, -17.74009 ], [ -63.2335, -17.74017 ], [ -63.23354, -17.74054 ], [ -63.23352, -17.74069 ], [ -63.2334, -17.74087 ], [ -63.23302, -17.74133 ], [ -63.23282, -17.74153 ], [ -63.23229, -17.74198 ], [ -63.23187, -17.74225 ], [ -63.23182, -17.74224 ], [ -63.23151, -17.74195 ], [ -63.23139, -17.74186 ], [ -63.23131, -17.74183 ], [ -63.23123, -17.74173 ], [ -63.23145, -17.74099 ], [ -63.2327, -17.74048 ], [ -63.23283, -17.74033 ], [ -63.23308, -17.74021 ], [ -63.2331, -17.74018 ], [ -63.23305, -17.73998 ], [ -63.23317, -17.7398 ], [ -63.23358, -17.73956 ], [ -63.23361, -17.7404 ], [ -63.23371, -17.74093 ], [ -63.23383, -17.74131 ], [ -63.23405, -17.74186 ], [ -63.23475, -17.74273 ], [ -63.23366, -17.74327 ], [ -63.23322, -17.74258 ], [ -63.23327, -17.74255 ], [ -63.23331, -17.74261 ], [ -63.23336, -17.74261 ], [ -63.23343, -17.74266 ], [ -63.23339, -17.74261 ], [ -63.23332, -17.7426 ], [ -63.23329, -17.74255 ], [ -63.23329, -17.74248 ], [ -63.23325, -17.74243 ], [ -63.23315, -17.74242 ], [ -63.2331, -17.74248 ], [ -63.2331, -17.74253 ], [ -63.23254, -17.74282 ], [ -63.2325, -17.74282 ], [ -63.23245, -17.7428 ], [ -63.23196, -17.74234 ], [ -63.23198, -17.74227 ], [ -63.23206, -17.7422 ], [ -63.23239, -17.74197 ], [ -63.2329, -17.74154 ], [ -63.23296, -17.74153 ], [ -63.23332, -17.74172 ], [ -63.23363, -17.74183 ], [ -63.23392, -17.7419 ], [ -63.23406, -17.74231 ], [ -63.23407, -17.74256 ], [ -63.23404, -17.74264 ], [ -63.23409, -17.7427 ], [ -63.23416, -17.74268 ], [ -63.23417, -17.74261 ], [ -63.23414, -17.74257 ], [ -63.2341, -17.7422 ], [ -63.23399, -17.74189 ], [ -63.23392, -17.74182 ], [ -63.23358, -17.74175 ], [ -63.2334, -17.74168 ], [ -63.23306, -17.74151 ], [ -63.23302, -17.74145 ], [ -63.23302, -17.74142 ], [ -63.23353, -17.74082 ], [ -63.2336, -17.74064 ] ] ] } },
{ "type": "Feature", "properties": { "i": 430 }, "geometry": { "type": "Polygon", "coordinates": [ [ [ -63.22675, -17.74273 ], [ -63.22773, -17.74249 ], [ -63.22778, -17.74243 ], [ -63.22785, -17.74243 ], [ -63.22789, -17.74247 ], [ -63.22796, -17.74246 ], [ -63.22786, -17.74191 ], [ -63.22778, -17.74191 ], [ -63.22778, -17.74194 ], [ -63.22772, -17.74199 ], [ -63.22764, -17.74198 ], [ -63.22759, -17.74193 ], [ -63.22719, -17.7419 ], [ -63.22683, -17.7419 ], [ -63.22665, -17.74193 ], [ -63.22665, -17.74266 ], [ -63.22669, -17.74272 ], [ -63.22675, -17.74273 ] ] ] } },
{ "type": "Feature", "properties": { "i": 431 }, "geometry": { "type": "Polygon", "coordinates": [ [ [ -63.21945, -17.74453 ], [ -63.21929, -17.74316 ], [ -63.21835, -17.74295 ], [ -63.21825, -17.74299 ], [ -63.21816, -17.7431 ], [ -63.21791, -17.74452 ], [ -63.21829, -17.74456 ], [ -63.21863, -17.74456 ], [ -63.21864, -17.7441 ], [ -63.21861, -17.74408 ], [ -63.21861, -17.74402 ], [ -63.21864, -17.74399 ], [ -63.2187, -17.74399 ], [ -63.21873, -17.74402 ], [ -63.21873, -17.74408 ], [ -63.2187, -17.7441 ], [ -63.21871, -17.74454 ], [ -63.21873, -17.74456 ], [ -63.21943, -17.74456 ], [ -63.21945, -17.74453 ] ] ] } },
{ "type": "Feature", "properties": { "i": 432 }, "geometry": { "type": "Polygon", "coordinates": [ [ [ -63.22648, -17.74275 ], [ -63.22635, -17.74276 ], [ -63.22577, -17.74265 ], [ -63.22577, -17.74192 ], [ -63.22569, -17.7416 ], [ -63.22647, -17.74156 ], [ -63.22648, -17.74275 ] ] ] } },
{ "type": "Feature", "properties": { "i": 433 }, "geometry": { "type": "Polygon", "coordinates": [ [ [ -63.2162, -17.74531 ], [ -63.21676, -17.74536 ], [ -63.2168, -17.74536 ], [ -63.21684, -17.74533 ], [ -63.21723, -17.74329 ], [ -63.21721, -17.74326 ], [ -63.21614, -17.74331 ], [ -63.21613, -17.74336 ], [ -63.21619, -17.74376 ], [ -63.21625, -17.74452 ], [ -63.21626, -17.74479 ], [ -63.2162, -17.74528 ], [ -63.2162, -17.74531 ] ] ] } },
{ "type": "Feature", "properties": { "i": 434 }, "geometry": { "type": "Polygon", "coordinates": [ [ [ -63.21517, -17.74325 ], [ -63.21523, -17.74378 ], [ -63.21517, -17.74532 ], [ -63.21567, -17.74529 ], [ -63.21612, -17.74529 ], [ -63.21617, -17.74493 ], [ -63.21618, -17.74448 ], [ -63.21609, -17.74366 ], [ -63.21603, -17.74335 ], [ -63.21601, -17.74333 ], [ -63.21517, -17.74325 ] ] ] } },
{ "type": "Feature", "properties": { "i": 435 }, "geometry": { "type": "Polygon", "coordinates": [ [ [ -63.22483, -17.74253 ], [ -63.22561, -17.74258 ], [ -63.22565, -17.74219 ], [ -63.22564, -17.742 ], [ -63.22556, -17.74158 ], [ -63.22532, -17.74151 ], [ -63.22503, -17.74138 ], [ -63.22496, -17.74137 ], [ -63.22488, -17.74141 ], [ -63.22485, -17.74153 ], [ -63.22479, -17.74231 ], [ -63.22479, -17.74249 ], [ -63.22483, -17.74253 ] ] ] } },
{ "type": "Feature", "properties": { "i": 436 }, "geometry": { "type": "Polygon", "coordinates": [ [ [ -63.2278, -17.74187 ], [ -63.22785, -17.74186 ], [ -63.22772, -17.74114 ], [ -63.22765, -17.74115 ], [ -63.22765, -17.74118 ], [ -63.22759, -17.74123 ], [ -63.22751, -17.74122 ], [ -63.22712, -17.74137 ], [ -63.22666, -17.74148 ], [ -63.22662, -17.74154 ], [ -63.22663, -17.74174 ], [ -63.22665, -17.74179 ], [ -63.2267, -17.74182 ], [ -63.22733, -17.74183 ], [ -63.22762, -17.74186 ], [ -63.22768, -17.74182 ], [ -63.22774, -17.74182 ], [ -63.2278, -17.74187 ] ] ] } },
{ "type": "Feature", "properties": { "i": 437 }, "geometry": { "type": "Polygon", "coordinates": [ [ [ -63.22159, -17.73214 ], [ -63.22156, -17.73191 ], [ -63.22151, -17.73188 ], [ -63.22151, -17.73181 ], [ -63.22155, -17.73177 ], [ -63.22162, -17.73177 ], [ -63.22166, -17.73182 ], [ -63.22166, -17.73186 ], [ -63.22163, -17.73189 ], [ -63.22164, -17.73202 ], [ -63.22166, -17.73209 ], [ -63.2217, -17.73212 ], [ -63.22221, -17.73202 ], [ -63.22225, -17.73199 ], [ -63.2222, -17.73147 ], [ -63.22211, -17.73108 ], [ -63.22207, -17.73105 ], [ -63.22056, -17.73135 ], [ -63.21964, -17.73149 ], [ -63.21922, -17.73153 ], [ -63.21918, -17.73155 ], [ -63.21916, -17.7316 ], [ -63.21924, -17.73246 ], [ -63.21929, -17.73251 ], [ -63.22043, -17.73238 ], [ -63.22046, -17.73232 ], [ -63.22043, -17.73206 ], [ -63.22038, -17.73202 ], [ -63.22038, -17.73196 ], [ -63.22043, -17.73191 ], [ -63.2205, -17.73191 ], [ -63.22054, -17.73195 ], [ -63.22054, -17.73201 ], [ -63.2205, -17.73205 ], [ -63.22056, -17.73234 ], [ -63.22058, -17.73236 ], [ -63.221, -17.73229 ], [ -63.22102, -17.73227 ], [ -63.22099, -17.73199 ], [ -63.22094, -17.73195 ], [ -63.22095, -17.73187 ], [ -63.221, -17.73184 ], [ -63.22105, -17.73184 ], [ -63.22109, -17.73187 ], [ -63.2211, -17.73193 ], [ -63.22107, -17.73197 ], [ -63.22111, -17.73222 ], [ -63.22114, -17.73225 ], [ -63.22157, -17.73218 ], [ -63.22159, -17.73214 ] ] ] } },
{ "type": "Feature", "properties": { "i": 438 }, "geometry": { "type": "Polygon", "coordinates": [ [ [ -63.22111, -17.74169 ], [ -63.2211, -17.74227 ], [ -63.22122, -17.74235 ], [ -63.22131, -17.7425 ], [ -63.22148, -17.74262 ], [ -63.22151, -17.74293 ], [ -63.22157, -17.74313 ], [ -63.22162, -17.7432 ], [ -63.22177, -17.7433 ], [ -63.2219, -17.74335 ], [ -63.22197, -17.74335 ], [ -63.222, -17.74333 ], [ -63.22207, -17.74335 ], [ -63.22209, -17.74339 ], [ -63.22208, -17.74345 ], [ -63.22204, -17.74348 ], [ -63.22198, -17.74348 ], [ -63.22194, -17.74343 ], [ -63.22161, -17.7433 ], [ -63.22157, -17.74334 ], [ -63.2215, -17.74335 ], [ -63.22142, -17.74329 ], [ -63.22142, -17.74327 ], [ -63.22135, -17.74328 ], [ -63.22134, -17.74321 ], [ -63.22145, -17.7432 ], [ -63.22149, -17.74313 ], [ -63.22149, -17.74302 ], [ -63.22144, -17.74289 ], [ -63.22142, -17.74268 ], [ -63.22122, -17.74251 ], [ -63.22109, -17.74249 ], [ -63.22038, -17.7432 ], [ -63.22037, -17.74325 ], [ -63.22041, -17.74331 ], [ -63.22071, -17.74328 ], [ -63.22072, -17.74337 ], [ -63.22027, -17.74341 ], [ -63.22023, -17.74339 ], [ -63.22021, -17.74332 ], [ -63.22028, -17.74324 ], [ -63.22027, -17.74317 ], [ -63.22001, -17.74346 ], [ -63.22003, -17.74375 ], [ -63.22289, -17.74346 ], [ -63.22291, -17.7434 ], [ -63.22281, -17.7432 ], [ -63.22261, -17.74295 ], [ -63.22243, -17.74281 ], [ -63.22187, -17.74245 ], [ -63.22171, -17.74231 ], [ -63.22164, -17.74219 ], [ -63.22158, -17.74195 ], [ -63.22159, -17.74178 ], [ -63.22169, -17.74171 ], [ -63.22154, -17.74131 ], [ -63.21979, -17.74142 ], [ -63.21981, -17.74179 ], [ -63.22111, -17.74169 ] ] ] } },
{ "type": "Feature", "properties": { "i": 439 }, "geometry": { "type": "Polygon", "coordinates": [ [ [ -63.21464, -17.74458 ], [ -63.21503, -17.74463 ], [ -63.21508, -17.74462 ], [ -63.2151, -17.74459 ], [ -63.21511, -17.74401 ], [ -63.21507, -17.74398 ], [ -63.21475, -17.74399 ], [ -63.21467, -17.74404 ], [ -63.21459, -17.74399 ], [ -63.21459, -17.74394 ], [ -63.21463, -17.7439 ], [ -63.21507, -17.74392 ], [ -63.2151, -17.74389 ], [ -63.21509, -17.74354 ], [ -63.21504, -17.74323 ], [ -63.21497, -17.74319 ], [ -63.21393, -17.74305 ], [ -63.2139, -17.74309 ], [ -63.21382, -17.74309 ], [ -63.21379, -17.74305 ], [ -63.21324, -17.74308 ], [ -63.21345, -17.74399 ], [ -63.21349, -17.74425 ], [ -63.21357, -17.74442 ], [ -63.21368, -17.74451 ], [ -63.2145, -17.74457 ], [ -63.21452, -17.74454 ], [ -63.21458, -17.74453 ], [ -63.21464, -17.74458 ] ] ] } },
{ "type": "Feature", "properties": { "i": 440 }, "geometry": { "type": "Polygon", "coordinates": [ [ [ -63.22057, -17.74281 ], [ -63.22102, -17.74239 ], [ -63.22099, -17.74198 ], [ -63.22102, -17.74187 ], [ -63.221, -17.74177 ], [ -63.22089, -17.74176 ], [ -63.22022, -17.74183 ], [ -63.21982, -17.74183 ], [ -63.21992, -17.74269 ], [ -63.21996, -17.74328 ], [ -63.22013, -17.74317 ], [ -63.22046, -17.74284 ], [ -63.22013, -17.74252 ], [ -63.22011, -17.74241 ], [ -63.22014, -17.74237 ], [ -63.22021, -17.74236 ], [ -63.22025, -17.74239 ], [ -63.22025, -17.74246 ], [ -63.22022, -17.74251 ], [ -63.22057, -17.74281 ] ] ] } },
{ "type": "Feature", "properties": { "i": 441 }, "geometry": { "type": "Polygon", "coordinates": [ [ [ -63.21979, -17.74329 ], [ -63.21969, -17.74229 ], [ -63.21928, -17.74244 ], [ -63.21938, -17.74333 ], [ -63.21979, -17.74329 ] ] ] } },
{ "type": "Feature", "properties": { "i": 442 }, "geometry": { "type": "Polygon", "coordinates": [ [ [ -63.22634, -17.74148 ], [ -63.22664, -17.74142 ], [ -63.22729, -17.74124 ], [ -63.22748, -17.74116 ], [ -63.22753, -17.7411 ], [ -63.22761, -17.7411 ], [ -63.22765, -17.74114 ], [ -63.22772, -17.74113 ], [ -63.22762, -17.74056 ], [ -63.22698, -17.74096 ], [ -63.22636, -17.7411 ], [ -63.22514, -17.74115 ], [ -63.22483, -17.74118 ], [ -63.22483, -17.74121 ], [ -63.22495, -17.74127 ], [ -63.22539, -17.74144 ], [ -63.22569, -17.74151 ], [ -63.22634, -17.74148 ] ] ] } },
{ "type": "Feature", "properties": { "i": 443 }, "geometry": { "type": "Polygon", "coordinates": [ [ [ -63.21925, -17.74301 ], [ -63.21918, -17.74246 ], [ -63.21909, -17.74233 ], [ -63.21892, -17.74214 ], [ -63.21828, -17.7419 ], [ -63.21826, -17.74192 ], [ -63.21831, -17.7423 ], [ -63.2182, -17.74284 ], [ -63.21925, -17.74301 ] ] ] } },
{ "type": "Feature", "properties": { "i": 444 }, "geometry": { "type": "Polygon", "coordinates": [ [ [ -63.22316, -17.7416 ], [ -63.22329, -17.74176 ], [ -63.22347, -17.74185 ], [ -63.22384, -17.74187 ], [ -63.22402, -17.74185 ], [ -63.22469, -17.74172 ], [ -63.2247, -17.74158 ], [ -63.22475, -17.74143 ], [ -63.22482, -17.74133 ], [ -63.2249, -17.74129 ], [ -63.22474, -17.74119 ], [ -63.22445, -17.74121 ], [ -63.22397, -17.74136 ], [ -63.22349, -17.74141 ], [ -63.22315, -17.74149 ], [ -63.22316, -17.7416 ] ] ] } },
{ "type": "Feature", "properties": { "i": 445 }, "geometry": { "type": "Polygon", "coordinates": [ [ [ -63.23077, -17.74029 ], [ -63.23107, -17.74037 ], [ -63.23139, -17.74037 ], [ -63.23172, -17.74028 ], [ -63.23177, -17.74023 ], [ -63.23177, -17.74017 ], [ -63.23158, -17.73986 ], [ -63.2312, -17.73927 ], [ -63.23114, -17.73923 ], [ -63.23108, -17.73924 ], [ -63.23097, -17.73937 ], [ -63.23081, -17.73971 ], [ -63.23075, -17.74001 ], [ -63.23075, -17.74025 ], [ -63.23077, -17.74029 ] ] ] } },
{ "type": "Feature", "properties": { "i": 446 }, "geometry": { "type": "Polygon", "coordinates": [ [ [ -63.23119, -17.74101 ], [ -63.23109, -17.741 ], [ -63.23094, -17.7409 ], [ -63.23087, -17.7409 ], [ -63.23078, -17.74095 ], [ -63.23071, -17.74095 ], [ -63.23057, -17.74084 ], [ -63.23036, -17.74079 ], [ -63.23022, -17.74079 ], [ -63.22978, -17.74088 ], [ -63.22966, -17.74088 ], [ -63.22952, -17.74082 ], [ -63.22943, -17.74082 ], [ -63.22916, -17.74091 ], [ -63.22908, -17.7409 ], [ -63.22893, -17.74082 ], [ -63.22884, -17.74082 ], [ -63.22875, -17.74085 ], [ -63.22871, -17.74081 ], [ -63.22872, -17.74066 ], [ -63.22868, -17.74038 ], [ -63.22871, -17.74029 ], [ -63.22871, -17.7402 ], [ -63.22865, -17.74012 ], [ -63.22857, -17.73992 ], [ -63.22852, -17.73987 ], [ -63.22842, -17.73986 ], [ -63.2284, -17.73979 ], [ -63.22852, -17.7397 ], [ -63.22854, -17.73957 ], [ -63.22858, -17.73952 ], [ -63.22862, -17.7395 ], [ -63.22895, -17.73951 ], [ -63.22902, -17.73958 ], [ -63.22904, -17.73981 ], [ -63.22908, -17.73998 ], [ -63.22916, -17.74024 ], [ -63.22923, -17.74034 ], [ -63.2293, -17.74038 ], [ -63.23069, -17.7404 ], [ -63.23086, -17.74041 ], [ -63.23104, -17.74045 ], [ -63.23123, -17.7406 ], [ -63.23133, -17.74076 ], [ -63.23136, -17.74086 ], [ -63.23136, -17.74096 ], [ -63.23119, -17.74101 ] ] ] } },
{ "type": "Feature", "properties": { "i": 447 }, "geometry": { "type": "Polygon", "coordinates": [ [ [ -63.22762, -17.74053 ], [ -63.22759, -17.74045 ], [ -63.22735, -17.74045 ], [ -63.22714, -17.74048 ], [ -63.22693, -17.74056 ], [ -63.22672, -17.74071 ], [ -63.22653, -17.74079 ], [ -63.22601, -17.74089 ], [ -63.22569, -17.74087 ], [ -63.22513, -17.74075 ], [ -63.22485, -17.74075 ], [ -63.22454, -17.7408 ], [ -63.22425, -17.7409 ], [ -63.22415, -17.7409 ], [ -63.22411, -17.74087 ], [ -63.22272, -17.74156 ], [ -63.22195, -17.74191 ], [ -63.22188, -17.74199 ], [ -63.22188, -17.7421 ], [ -63.22191, -17.74213 ], [ -63.22195, -17.74212 ], [ -63.22197, -17.74203 ], [ -63.22203, -17.74197 ], [ -63.22294, -17.74153 ], [ -63.2233, -17.74139 ], [ -63.22394, -17.74134 ], [ -63.22441, -17.74119 ], [ -63.22541, -17.74111 ], [ -63.22635, -17.74109 ], [ -63.22696, -17.74094 ], [ -63.22762, -17.74053 ] ] ] } },
{ "type": "Feature", "properties": { "i": 448 }, "geometry": { "type": "Polygon", "coordinates": [ [ [ -63.23062, -17.74033 ], [ -63.22998, -17.74031 ], [ -63.22995, -17.74026 ], [ -63.22993, -17.73958 ], [ -63.23001, -17.73907 ], [ -63.23009, -17.73877 ], [ -63.23015, -17.73871 ], [ -63.23032, -17.7387 ], [ -63.23059, -17.73864 ], [ -63.23078, -17.73864 ], [ -63.23083, -17.73868 ], [ -63.23106, -17.73905 ], [ -63.23107, -17.73912 ], [ -63.23091, -17.73933 ], [ -63.23073, -17.7397 ], [ -63.23068, -17.73998 ], [ -63.23068, -17.74027 ], [ -63.23062, -17.74033 ] ] ] } },
{ "type": "Feature", "properties": { "i": 449 }, "geometry": { "type": "Polygon", "coordinates": [ [ [ -63.21745, -17.74191 ], [ -63.21757, -17.74258 ], [ -63.2175, -17.74314 ], [ -63.21799, -17.74308 ], [ -63.21806, -17.74302 ], [ -63.21824, -17.74224 ], [ -63.21824, -17.74212 ], [ -63.21818, -17.74197 ], [ -63.21804, -17.74184 ], [ -63.21788, -17.74163 ], [ -63.2178, -17.74037 ], [ -63.21773, -17.74033 ], [ -63.21729, -17.74033 ], [ -63.21732, -17.74154 ], [ -63.21745, -17.74191 ] ] ] } },
{ "type": "Feature", "properties": { "i": 450 }, "geometry": { "type": "Polygon", "coordinates": [ [ [ -63.2194, -17.74098 ], [ -63.21894, -17.74038 ], [ -63.21888, -17.74013 ], [ -63.21884, -17.7401 ], [ -63.21878, -17.7401 ], [ -63.21871, -17.74016 ], [ -63.21854, -17.74023 ], [ -63.218, -17.74027 ], [ -63.21793, -17.74029 ], [ -63.21789, -17.74033 ], [ -63.21788, -17.7404 ], [ -63.21794, -17.74107 ], [ -63.21799, -17.7416 ], [ -63.21801, -17.74164 ], [ -63.21812, -17.74174 ], [ -63.219, -17.74209 ], [ -63.21916, -17.74222 ], [ -63.21924, -17.74234 ], [ -63.21967, -17.74221 ], [ -63.21955, -17.74104 ], [ -63.2194, -17.74098 ] ] ] } },
{ "type": "Feature", "properties": { "i": 451 }, "geometry": { "type": "Polygon", "coordinates": [ [ [ -63.23202, -17.73766 ], [ -63.23291, -17.73934 ], [ -63.23306, -17.73961 ], [ -63.23327, -17.73949 ], [ -63.23262, -17.73782 ], [ -63.23208, -17.73716 ], [ -63.23149, -17.73723 ], [ -63.23156, -17.73745 ], [ -63.23202, -17.73766 ] ] ] } },
{ "type": "Feature", "properties": { "i": 452 }, "geometry": { "type": "Polygon", "coordinates": [ [ [ -63.22277, -17.73974 ], [ -63.2228, -17.73965 ], [ -63.22273, -17.73927 ], [ -63.22275, -17.73919 ], [ -63.22282, -17.73915 ], [ -63.22306, -17.73915 ], [ -63.22326, -17.73924 ], [ -63.22338, -17.7394 ], [ -63.22347, -17.74093 ], [ -63.2218, -17.74171 ], [ -63.22174, -17.74163 ], [ -63.22157, -17.74126 ], [ -63.22173, -17.74102 ], [ -63.22181, -17.74069 ], [ -63.22202, -17.74038 ], [ -63.22231, -17.74011 ], [ -63.22277, -17.73974 ] ] ] } },
{ "type": "Feature", "properties": { "i": 453 }, "geometry": { "type": "Polygon", "coordinates": [ [ [ -63.21485, -17.7421 ], [ -63.21478, -17.74134 ], [ -63.21476, -17.74132 ], [ -63.21433, -17.74134 ], [ -63.21426, -17.74139 ], [ -63.21418, -17.74137 ], [ -63.21401, -17.7414 ], [ -63.21402, -17.74157 ], [ -63.21393, -17.74194 ], [ -63.21389, -17.74245 ], [ -63.21391, -17.74296 ], [ -63.21397, -17.743 ], [ -63.21501, -17.74313 ], [ -63.21488, -17.74223 ], [ -63.2148, -17.74219 ], [ -63.21445, -17.7422 ], [ -63.21442, -17.74224 ], [ -63.21435, -17.74224 ], [ -63.21431, -17.7422 ], [ -63.21432, -17.74213 ], [ -63.21436, -17.7421 ], [ -63.2144, -17.7421 ], [ -63.21445, -17.74214 ], [ -63.21485, -17.7421 ] ] ] } },
{ "type": "Feature", "properties": { "i": 454 }, "geometry": { "type": "Polygon", "coordinates": [ [ [ -63.2173, -17.74232 ], [ -63.21709, -17.74188 ], [ -63.21702, -17.7411 ], [ -63.217, -17.74029 ], [ -63.21655, -17.74022 ], [ -63.21567, -17.74017 ], [ -63.21565, -17.74027 ], [ -63.21576, -17.7405 ], [ -63.21582, -17.74103 ], [ -63.21611, -17.74103 ], [ -63.21615, -17.74098 ], [ -63.21623, -17.74098 ], [ -63.21628, -17.74102 ], [ -63.21628, -17.74109 ], [ -63.21622, -17.74114 ], [ -63.21614, -17.74114 ], [ -63.2161, -17.74109 ], [ -63.21587, -17.7411 ], [ -63.21584, -17.74112 ], [ -63.21592, -17.74184 ], [ -63.21607, -17.74186 ], [ -63.21624, -17.74185 ], [ -63.21625, -17.74182 ], [ -63.21632, -17.7418 ], [ -63.21639, -17.74186 ], [ -63.21638, -17.74192 ], [ -63.21632, -17.74196 ], [ -63.21626, -17.74195 ], [ -63.21622, -17.74191 ], [ -63.21595, -17.74191 ], [ -63.21591, -17.74193 ], [ -63.21589, -17.74198 ], [ -63.21598, -17.74268 ], [ -63.21602, -17.74272 ], [ -63.21614, -17.74273 ], [ -63.21635, -17.74273 ], [ -63.21642, -17.74268 ], [ -63.21646, -17.74268 ], [ -63.21652, -17.74272 ], [ -63.21652, -17.74279 ], [ -63.21646, -17.74283 ], [ -63.21638, -17.74281 ], [ -63.21636, -17.74278 ], [ -63.21608, -17.74278 ], [ -63.21603, -17.74282 ], [ -63.21602, -17.74288 ], [ -63.21609, -17.7432 ], [ -63.21613, -17.74323 ], [ -63.21667, -17.74322 ], [ -63.21724, -17.74317 ], [ -63.21727, -17.74313 ], [ -63.21734, -17.74275 ], [ -63.2173, -17.74232 ] ] ] } },
{ "type": "Feature", "properties": { "i": 455 }, "geometry": { "type": "Polygon", "coordinates": [ [ [ -63.22137, -17.74088 ], [ -63.22141, -17.74045 ], [ -63.22016, -17.74068 ], [ -63.22007, -17.74105 ], [ -63.22137, -17.74088 ] ] ] } },
{ "type": "Feature", "properties": { "i": 456 }, "geometry": { "type": "Polygon", "coordinates": [ [ [ -63.21564, -17.74057 ], [ -63.21558, -17.7404 ], [ -63.2155, -17.74032 ], [ -63.21543, -17.74032 ], [ -63.21529, -17.74038 ], [ -63.21514, -17.74039 ], [ -63.21505, -17.74037 ], [ -63.21494, -17.74031 ], [ -63.21487, -17.74031 ], [ -63.21477, -17.74045 ], [ -63.21481, -17.74084 ], [ -63.21488, -17.7412 ], [ -63.21499, -17.74245 ], [ -63.21513, -17.74313 ], [ -63.21515, -17.74315 ], [ -63.21587, -17.74321 ], [ -63.216, -17.74319 ], [ -63.21585, -17.74243 ], [ -63.21577, -17.7415 ], [ -63.21564, -17.74057 ] ] ] } },
{ "type": "Feature", "properties": { "i": 457 }, "geometry": { "type": "Polygon", "coordinates": [ [ [ -63.22356, -17.74089 ], [ -63.22428, -17.74055 ], [ -63.22452, -17.74046 ], [ -63.22476, -17.74041 ], [ -63.22516, -17.74041 ], [ -63.22539, -17.74047 ], [ -63.22559, -17.74056 ], [ -63.22587, -17.74061 ], [ -63.22617, -17.74058 ], [ -63.22635, -17.74052 ], [ -63.22662, -17.74035 ], [ -63.22708, -17.73989 ], [ -63.22725, -17.73976 ], [ -63.22732, -17.73973 ], [ -63.22727, -17.73898 ], [ -63.22724, -17.73895 ], [ -63.22719, -17.73895 ], [ -63.22661, -17.739 ], [ -63.22656, -17.73904 ], [ -63.2266, -17.73983 ], [ -63.22663, -17.73987 ], [ -63.22662, -17.73993 ], [ -63.22658, -17.73997 ], [ -63.22651, -17.73997 ], [ -63.22647, -17.73992 ], [ -63.22648, -17.73985 ], [ -63.22652, -17.73982 ], [ -63.22652, -17.73976 ], [ -63.22649, -17.73914 ], [ -63.22646, -17.73905 ], [ -63.2264, -17.73904 ], [ -63.22583, -17.73921 ], [ -63.22572, -17.73926 ], [ -63.22568, -17.7393 ], [ -63.22567, -17.73936 ], [ -63.22571, -17.7395 ], [ -63.22575, -17.73981 ], [ -63.22578, -17.74023 ], [ -63.22581, -17.74024 ], [ -63.22583, -17.74028 ], [ -63.22581, -17.74036 ], [ -63.22574, -17.74038 ], [ -63.22569, -17.74033 ], [ -63.22569, -17.74025 ], [ -63.22571, -17.74023 ], [ -63.22565, -17.7396 ], [ -63.22561, -17.73939 ], [ -63.22549, -17.73913 ], [ -63.2253, -17.73861 ], [ -63.22523, -17.73856 ], [ -63.22517, -17.73857 ], [ -63.22482, -17.73884 ], [ -63.22451, -17.73918 ], [ -63.22452, -17.73924 ], [ -63.22472, -17.73942 ], [ -63.22481, -17.73955 ], [ -63.22499, -17.73986 ], [ -63.22503, -17.73988 ], [ -63.22504, -17.73995 ], [ -63.225, -17.73999 ], [ -63.22495, -17.73999 ], [ -63.22491, -17.73996 ], [ -63.2249, -17.73989 ], [ -63.22483, -17.73974 ], [ -63.22472, -17.73957 ], [ -63.22447, -17.73931 ], [ -63.22438, -17.73932 ], [ -63.22413, -17.73955 ], [ -63.22387, -17.73975 ], [ -63.22388, -17.73982 ], [ -63.22396, -17.74 ], [ -63.22416, -17.74024 ], [ -63.22416, -17.7403 ], [ -63.22413, -17.74033 ], [ -63.22407, -17.74034 ], [ -63.22402, -17.74031 ], [ -63.22402, -17.74019 ], [ -63.22383, -17.73986 ], [ -63.22369, -17.73982 ], [ -63.22362, -17.73987 ], [ -63.22346, -17.7399 ], [ -63.22353, -17.74043 ], [ -63.22356, -17.74089 ] ] ] } },
{ "type": "Feature", "properties": { "i": 458 }, "geometry": { "type": "Polygon", "coordinates": [ [ [ -63.23141, -17.74078 ], [ -63.2313, -17.74056 ], [ -63.2313, -17.74049 ], [ -63.23133, -17.74045 ], [ -63.23161, -17.74039 ], [ -63.23199, -17.74027 ], [ -63.23215, -17.74032 ], [ -63.23218, -17.7403 ], [ -63.23218, -17.74026 ], [ -63.23206, -17.74021 ], [ -63.23189, -17.74022 ], [ -63.23186, -17.7402 ], [ -63.23089, -17.73865 ], [ -63.23071, -17.73841 ], [ -63.23065, -17.73841 ], [ -63.2302, -17.73769 ], [ -63.23008, -17.7374 ], [ -63.23005, -17.73725 ], [ -63.23004, -17.73689 ], [ -63.23011, -17.73653 ], [ -63.23014, -17.73649 ], [ -63.23022, -17.73645 ], [ -63.23024, -17.73641 ], [ -63.23023, -17.73635 ], [ -63.23012, -17.73631 ], [ -63.23012, -17.73628 ], [ -63.23022, -17.73597 ], [ -63.23026, -17.73595 ], [ -63.23046, -17.73602 ], [ -63.23075, -17.73599 ], [ -63.23079, -17.736 ], [ -63.23084, -17.73606 ], [ -63.23089, -17.73629 ], [ -63.23097, -17.73649 ], [ -63.23113, -17.73666 ], [ -63.23117, -17.73674 ], [ -63.23126, -17.73684 ], [ -63.23153, -17.7375 ], [ -63.23167, -17.73759 ], [ -63.23182, -17.73764 ], [ -63.23194, -17.73788 ], [ -63.23206, -17.73799 ], [ -63.23218, -17.73815 ], [ -63.23222, -17.73832 ], [ -63.23231, -17.73843 ], [ -63.2324, -17.73862 ], [ -63.23267, -17.73899 ], [ -63.23293, -17.73955 ], [ -63.23305, -17.73972 ], [ -63.23305, -17.73985 ], [ -63.23301, -17.73991 ], [ -63.23304, -17.74013 ], [ -63.23303, -17.74019 ], [ -63.23284, -17.74027 ], [ -63.23266, -17.74044 ], [ -63.23143, -17.74094 ], [ -63.23141, -17.74078 ] ] ] } },
{ "type": "Feature", "properties": { "i": 459 }, "geometry": { "type": "Polygon", "coordinates": [ [ [ -63.23377, -17.73936 ], [ -63.23252, -17.73605 ], [ -63.23102, -17.73591 ], [ -63.23146, -17.73713 ], [ -63.23205, -17.73709 ], [ -63.23177, -17.73644 ], [ -63.23175, -17.73634 ], [ -63.23162, -17.73631 ], [ -63.2316, -17.73633 ], [ -63.23154, -17.73633 ], [ -63.23151, -17.73631 ], [ -63.23152, -17.73625 ], [ -63.23222, -17.73632 ], [ -63.23232, -17.73636 ], [ -63.23236, -17.7364 ], [ -63.23251, -17.73713 ], [ -63.23247, -17.73724 ], [ -63.23231, -17.73734 ], [ -63.23239, -17.73746 ], [ -63.23262, -17.73771 ], [ -63.2327, -17.73784 ], [ -63.23337, -17.73948 ], [ -63.2334, -17.7395 ], [ -63.23348, -17.7395 ], [ -63.23356, -17.73947 ], [ -63.23361, -17.7395 ], [ -63.23376, -17.73941 ], [ -63.23377, -17.73936 ] ] ] } },
{ "type": "Feature", "properties": { "i": 460 }, "geometry": { "type": "Polygon", "coordinates": [ [ [ -63.22925, -17.73863 ], [ -63.22924, -17.73868 ], [ -63.22918, -17.73874 ], [ -63.22914, -17.73887 ], [ -63.22908, -17.73925 ], [ -63.22909, -17.73966 ], [ -63.22916, -17.74003 ], [ -63.22926, -17.74027 ], [ -63.22933, -17.74031 ], [ -63.22985, -17.74032 ], [ -63.22989, -17.74024 ], [ -63.22986, -17.74002 ], [ -63.22985, -17.73959 ], [ -63.22992, -17.73907 ], [ -63.23003, -17.73871 ], [ -63.22989, -17.7386 ], [ -63.22978, -17.73848 ], [ -63.22968, -17.73819 ], [ -63.22962, -17.73815 ], [ -63.22962, -17.73807 ], [ -63.22966, -17.73804 ], [ -63.22974, -17.73806 ], [ -63.22976, -17.7381 ], [ -63.22975, -17.73815 ], [ -63.2299, -17.73848 ], [ -63.22998, -17.73857 ], [ -63.23007, -17.73862 ], [ -63.2302, -17.73864 ], [ -63.23053, -17.73856 ], [ -63.23058, -17.73853 ], [ -63.2306, -17.73848 ], [ -63.23039, -17.73817 ], [ -63.23014, -17.73773 ], [ -63.22999, -17.73735 ], [ -63.22996, -17.73715 ], [ -63.22997, -17.73681 ], [ -63.23007, -17.7364 ], [ -63.23002, -17.73639 ], [ -63.22941, -17.73779 ], [ -63.22927, -17.73801 ], [ -63.22913, -17.73814 ], [ -63.2289, -17.7383 ], [ -63.2288, -17.7384 ], [ -63.22873, -17.73853 ], [ -63.22871, -17.73862 ], [ -63.22873, -17.7392 ], [ -63.22879, -17.73929 ], [ -63.22895, -17.73934 ], [ -63.22901, -17.73931 ], [ -63.22903, -17.73904 ], [ -63.22911, -17.73872 ], [ -63.22911, -17.73861 ], [ -63.22915, -17.73857 ], [ -63.22921, -17.73857 ], [ -63.22925, -17.73863 ] ] ] } },
{ "type": "Feature", "properties": { "i": 461 }, "geometry": { "type": "Polygon", "coordinates": [ [ [ -63.22153, -17.74036 ], [ -63.2215, -17.74093 ], [ -63.22165, -17.74093 ], [ -63.22173, -17.74057 ], [ -63.2218, -17.74042 ], [ -63.22191, -17.74027 ], [ -63.22208, -17.74011 ], [ -63.22269, -17.73964 ], [ -63.2227, -17.73954 ], [ -63.22264, -17.73923 ], [ -63.22265, -17.73914 ], [ -63.22268, -17.73909 ], [ -63.22272, -17.73906 ], [ -63.22304, -17.73896 ], [ -63.22266, -17.7386 ], [ -63.22257, -17.73858 ], [ -63.22241, -17.73859 ], [ -63.2223, -17.73864 ], [ -63.22222, -17.73872 ], [ -63.2222, -17.73878 ], [ -63.22224, -17.73923 ], [ -63.22216, -17.73936 ], [ -63.22184, -17.73942 ], [ -63.22132, -17.73947 ], [ -63.22126, -17.73952 ], [ -63.22121, -17.73971 ], [ -63.22117, -17.73978 ], [ -63.22108, -17.73987 ], [ -63.22101, -17.73991 ], [ -63.22063, -17.73998 ], [ -63.22061, -17.74 ], [ -63.22069, -17.74046 ], [ -63.22073, -17.7405 ], [ -63.22153, -17.74036 ] ] ] } },
{ "type": "Feature", "properties": { "i": 462 }, "geometry": { "type": "Polygon", "coordinates": [ [ [ -63.21457, -17.73957 ], [ -63.21432, -17.7397 ], [ -63.21431, -17.73975 ], [ -63.21426, -17.73979 ], [ -63.21419, -17.73979 ], [ -63.21415, -17.73975 ], [ -63.21299, -17.73984 ], [ -63.21296, -17.74045 ], [ -63.21288, -17.74132 ], [ -63.21323, -17.74296 ], [ -63.21383, -17.74293 ], [ -63.21381, -17.74217 ], [ -63.21384, -17.74196 ], [ -63.21393, -17.74167 ], [ -63.21396, -17.74133 ], [ -63.21416, -17.7413 ], [ -63.2142, -17.74124 ], [ -63.21424, -17.74123 ], [ -63.21432, -17.74126 ], [ -63.21477, -17.74122 ], [ -63.21473, -17.74084 ], [ -63.21465, -17.74058 ], [ -63.21458, -17.74052 ], [ -63.21448, -17.74049 ], [ -63.21428, -17.74051 ], [ -63.21424, -17.74055 ], [ -63.21415, -17.74055 ], [ -63.21411, -17.7405 ], [ -63.21413, -17.74043 ], [ -63.21417, -17.74041 ], [ -63.21422, -17.74041 ], [ -63.21427, -17.74045 ], [ -63.21453, -17.74043 ], [ -63.21462, -17.74047 ], [ -63.21467, -17.74047 ], [ -63.21482, -17.74026 ], [ -63.21483, -17.74022 ], [ -63.21476, -17.74006 ], [ -63.21475, -17.73987 ], [ -63.21478, -17.73978 ], [ -63.21485, -17.73969 ], [ -63.21486, -17.73963 ], [ -63.21483, -17.73958 ], [ -63.21475, -17.73955 ], [ -63.21457, -17.73957 ] ] ] } },
{ "type": "Feature", "properties": { "i": 463 }, "geometry": { "type": "Polygon", "coordinates": [ [ [ -63.22568, -17.73919 ], [ -63.22609, -17.73904 ], [ -63.2266, -17.73892 ], [ -63.22723, -17.73886 ], [ -63.22727, -17.73882 ], [ -63.22728, -17.73875 ], [ -63.22722, -17.73806 ], [ -63.22719, -17.73803 ], [ -63.22711, -17.73802 ], [ -63.22658, -17.73806 ], [ -63.22627, -17.73812 ], [ -63.22581, -17.73826 ], [ -63.22538, -17.73846 ], [ -63.22535, -17.7385 ], [ -63.22535, -17.73857 ], [ -63.22556, -17.73909 ], [ -63.22563, -17.73918 ], [ -63.22568, -17.73919 ] ] ] } },
{ "type": "Feature", "properties": { "i": 464 }, "geometry": { "type": "Polygon", "coordinates": [ [ [ -63.21993, -17.73935 ], [ -63.21989, -17.73876 ], [ -63.21986, -17.73873 ], [ -63.21942, -17.7387 ], [ -63.2197, -17.74105 ], [ -63.21995, -17.74102 ], [ -63.22006, -17.74076 ], [ -63.22001, -17.74071 ], [ -63.22001, -17.74064 ], [ -63.22004, -17.7406 ], [ -63.22062, -17.74051 ], [ -63.22055, -17.74003 ], [ -63.22053, -17.74001 ], [ -63.2204, -17.74003 ], [ -63.22022, -17.74002 ], [ -63.2201, -17.73996 ], [ -63.22, -17.73985 ], [ -63.21993, -17.73935 ] ] ] } },
{ "type": "Feature", "properties": { "i": 465 }, "geometry": { "type": "Polygon", "coordinates": [ [ [ -63.21954, -17.74095 ], [ -63.21926, -17.73865 ], [ -63.21907, -17.73866 ], [ -63.21898, -17.73873 ], [ -63.21894, -17.73882 ], [ -63.21894, -17.73974 ], [ -63.21898, -17.74026 ], [ -63.21913, -17.74055 ], [ -63.21948, -17.74095 ], [ -63.21954, -17.74095 ] ] ] } },
{ "type": "Feature", "properties": { "i": 466 }, "geometry": { "type": "Polygon", "coordinates": [ [ [ -63.22049, -17.73897 ], [ -63.22001, -17.73877 ], [ -63.21998, -17.73881 ], [ -63.22007, -17.73974 ], [ -63.22012, -17.73983 ], [ -63.22027, -17.73994 ], [ -63.22036, -17.73995 ], [ -63.22098, -17.73983 ], [ -63.22107, -17.73975 ], [ -63.22115, -17.73957 ], [ -63.22116, -17.73952 ], [ -63.22094, -17.73946 ], [ -63.22049, -17.73897 ] ] ] } },
{ "type": "Feature", "properties": { "i": 467 }, "geometry": { "type": "Polygon", "coordinates": [ [ [ -63.23225, -17.7364 ], [ -63.23184, -17.73636 ], [ -63.23213, -17.73708 ], [ -63.23223, -17.73723 ], [ -63.23227, -17.73723 ], [ -63.23244, -17.73712 ], [ -63.23231, -17.73645 ], [ -63.23225, -17.7364 ] ] ] } },
{ "type": "Feature", "properties": { "i": 468 }, "geometry": { "type": "Polygon", "coordinates": [ [ [ -63.22743, -17.73689 ], [ -63.2271, -17.7367 ], [ -63.22649, -17.73612 ], [ -63.22651, -17.73584 ], [ -63.22649, -17.73575 ], [ -63.22638, -17.73558 ], [ -63.22623, -17.73546 ], [ -63.22614, -17.73591 ], [ -63.22619, -17.73597 ], [ -63.22618, -17.73602 ], [ -63.22614, -17.73606 ], [ -63.22614, -17.73614 ], [ -63.2262, -17.73643 ], [ -63.22694, -17.7372 ], [ -63.22716, -17.73752 ], [ -63.22726, -17.73777 ], [ -63.22732, -17.73822 ], [ -63.22738, -17.73925 ], [ -63.22743, -17.73947 ], [ -63.22752, -17.73971 ], [ -63.22764, -17.73974 ], [ -63.22796, -17.73973 ], [ -63.22814, -17.73966 ], [ -63.22808, -17.73945 ], [ -63.22797, -17.73933 ], [ -63.22794, -17.73922 ], [ -63.22793, -17.73908 ], [ -63.22796, -17.73874 ], [ -63.22789, -17.73854 ], [ -63.22786, -17.73828 ], [ -63.22782, -17.73819 ], [ -63.2279, -17.73786 ], [ -63.2279, -17.73768 ], [ -63.22786, -17.73749 ], [ -63.22776, -17.73727 ], [ -63.22756, -17.737 ], [ -63.22743, -17.73689 ] ] ] } },
{ "type": "Feature", "properties": { "i": 469 }, "geometry": { "type": "Polygon", "coordinates": [ [ [ -63.22525, -17.73747 ], [ -63.22541, -17.737 ], [ -63.22556, -17.73667 ], [ -63.22581, -17.73635 ], [ -63.22609, -17.73641 ], [ -63.22616, -17.73653 ], [ -63.22655, -17.73692 ], [ -63.22655, -17.73699 ], [ -63.2265, -17.73704 ], [ -63.22624, -17.73709 ], [ -63.22596, -17.73707 ], [ -63.22592, -17.73709 ], [ -63.22591, -17.73717 ], [ -63.22594, -17.7372 ], [ -63.22603, -17.7372 ], [ -63.22606, -17.73717 ], [ -63.22642, -17.73713 ], [ -63.22664, -17.73708 ], [ -63.22671, -17.73709 ], [ -63.22695, -17.73734 ], [ -63.22706, -17.73749 ], [ -63.22713, -17.73764 ], [ -63.22718, -17.73782 ], [ -63.22718, -17.73791 ], [ -63.22713, -17.73795 ], [ -63.22666, -17.73797 ], [ -63.22621, -17.73805 ], [ -63.22574, -17.7382 ], [ -63.22542, -17.73835 ], [ -63.22505, -17.73858 ], [ -63.22477, -17.7388 ], [ -63.2243, -17.73927 ], [ -63.22386, -17.73965 ], [ -63.22364, -17.73978 ], [ -63.22364, -17.73982 ], [ -63.22346, -17.73984 ], [ -63.2234, -17.73938 ], [ -63.22331, -17.73921 ], [ -63.22347, -17.73901 ], [ -63.22352, -17.73878 ], [ -63.22525, -17.73747 ] ] ] } },
{ "type": "Feature", "properties": { "i": 470 }, "geometry": { "type": "Polygon", "coordinates": [ [ [ -63.22202, -17.73933 ], [ -63.22208, -17.73931 ], [ -63.22214, -17.73923 ], [ -63.22212, -17.73883 ], [ -63.22217, -17.73871 ], [ -63.22227, -17.7386 ], [ -63.22245, -17.73852 ], [ -63.22279, -17.73853 ], [ -63.22287, -17.73848 ], [ -63.22289, -17.73841 ], [ -63.22283, -17.73802 ], [ -63.22279, -17.73796 ], [ -63.22273, -17.73792 ], [ -63.22256, -17.73792 ], [ -63.22231, -17.738 ], [ -63.22209, -17.738 ], [ -63.22155, -17.73811 ], [ -63.22168, -17.7383 ], [ -63.22165, -17.73832 ], [ -63.2215, -17.73812 ], [ -63.22139, -17.73814 ], [ -63.22134, -17.73819 ], [ -63.22134, -17.73832 ], [ -63.22158, -17.73864 ], [ -63.22155, -17.73867 ], [ -63.22132, -17.73836 ], [ -63.22128, -17.73841 ], [ -63.22128, -17.73846 ], [ -63.22125, -17.73851 ], [ -63.22105, -17.73867 ], [ -63.22094, -17.73873 ], [ -63.22078, -17.73878 ], [ -63.22054, -17.7388 ], [ -63.22052, -17.73882 ], [ -63.22053, -17.73885 ], [ -63.22067, -17.73894 ], [ -63.22089, -17.73928 ], [ -63.22096, -17.73934 ], [ -63.22105, -17.73938 ], [ -63.22119, -17.7394 ], [ -63.22154, -17.73937 ], [ -63.22148, -17.73931 ], [ -63.2214, -17.73928 ], [ -63.22142, -17.73925 ], [ -63.22156, -17.73932 ], [ -63.22158, -17.73936 ], [ -63.22198, -17.73933 ], [ -63.22198, -17.73922 ], [ -63.2219, -17.73911 ], [ -63.22193, -17.73909 ], [ -63.222, -17.73918 ], [ -63.22202, -17.73933 ] ] ] } },
{ "type": "Feature", "properties": { "i": 471 }, "geometry": { "type": "Polygon", "coordinates": [ [ [ -63.21887, -17.7388 ], [ -63.21894, -17.73867 ], [ -63.21901, -17.73862 ], [ -63.21901, -17.73859 ], [ -63.21882, -17.73846 ], [ -63.21876, -17.73836 ], [ -63.21862, -17.73732 ], [ -63.21859, -17.7373 ], [ -63.21836, -17.73739 ], [ -63.21824, -17.73749 ], [ -63.21811, -17.73772 ], [ -63.21796, -17.73818 ], [ -63.21788, -17.7388 ], [ -63.21788, -17.74015 ], [ -63.2179, -17.74018 ], [ -63.21847, -17.74016 ], [ -63.21869, -17.74009 ], [ -63.21877, -17.74001 ], [ -63.21885, -17.73983 ], [ -63.21886, -17.73895 ], [ -63.21887, -17.7388 ] ] ] } },
{ "type": "Feature", "properties": { "i": 472 }, "geometry": { "type": "Polygon", "coordinates": [ [ [ -63.2234, -17.73876 ], [ -63.22441, -17.73793 ], [ -63.22422, -17.73777 ], [ -63.22413, -17.73784 ], [ -63.22395, -17.73789 ], [ -63.22372, -17.73787 ], [ -63.22357, -17.73779 ], [ -63.22348, -17.73769 ], [ -63.2234, -17.73755 ], [ -63.22338, -17.73727 ], [ -63.22323, -17.737 ], [ -63.2232, -17.73698 ], [ -63.22282, -17.73697 ], [ -63.22276, -17.73699 ], [ -63.22265, -17.73708 ], [ -63.22253, -17.73711 ], [ -63.22184, -17.73716 ], [ -63.2216, -17.7372 ], [ -63.22053, -17.7374 ], [ -63.22008, -17.73752 ], [ -63.21994, -17.73752 ], [ -63.21983, -17.73747 ], [ -63.21977, -17.73741 ], [ -63.2197, -17.73724 ], [ -63.21961, -17.73717 ], [ -63.21952, -17.73717 ], [ -63.21942, -17.73721 ], [ -63.21935, -17.7373 ], [ -63.21932, -17.73738 ], [ -63.21941, -17.73861 ], [ -63.21984, -17.73865 ], [ -63.21987, -17.73861 ], [ -63.21986, -17.73849 ], [ -63.21988, -17.73844 ], [ -63.21995, -17.73835 ], [ -63.22005, -17.73829 ], [ -63.22106, -17.73814 ], [ -63.22252, -17.73785 ], [ -63.22271, -17.73785 ], [ -63.22282, -17.7379 ], [ -63.22289, -17.738 ], [ -63.22294, -17.73849 ], [ -63.2234, -17.73876 ] ] ] } },
{ "type": "Feature", "properties": { "i": 473 }, "geometry": { "type": "Polygon", "coordinates": [ [ [ -63.21729, -17.7402 ], [ -63.21731, -17.73876 ], [ -63.21738, -17.73818 ], [ -63.21744, -17.73792 ], [ -63.21758, -17.73755 ], [ -63.21778, -17.73716 ], [ -63.21809, -17.73678 ], [ -63.21819, -17.73671 ], [ -63.21827, -17.7367 ], [ -63.21832, -17.73672 ], [ -63.21839, -17.73679 ], [ -63.21848, -17.73691 ], [ -63.21857, -17.73708 ], [ -63.21857, -17.73716 ], [ -63.21854, -17.73721 ], [ -63.21842, -17.73726 ], [ -63.21825, -17.73737 ], [ -63.21813, -17.73754 ], [ -63.21796, -17.73791 ], [ -63.21783, -17.73835 ], [ -63.2178, -17.73887 ], [ -63.2178, -17.74013 ], [ -63.21775, -17.74019 ], [ -63.2177, -17.74021 ], [ -63.21729, -17.7402 ] ] ] } },
{ "type": "Feature", "properties": { "i": 474 }, "geometry": { "type": "Polygon", "coordinates": [ [ [ -63.21566, -17.73851 ], [ -63.21566, -17.73836 ], [ -63.21564, -17.73835 ], [ -63.21556, -17.73846 ], [ -63.21541, -17.73859 ], [ -63.21485, -17.73866 ], [ -63.214, -17.73883 ], [ -63.21365, -17.73885 ], [ -63.21338, -17.73895 ], [ -63.21323, -17.73906 ], [ -63.21305, -17.73937 ], [ -63.213, -17.73978 ], [ -63.21413, -17.73971 ], [ -63.21414, -17.73967 ], [ -63.21419, -17.73963 ], [ -63.21426, -17.73963 ], [ -63.2143, -17.73966 ], [ -63.21462, -17.73949 ], [ -63.21484, -17.73951 ], [ -63.21495, -17.73958 ], [ -63.21501, -17.73958 ], [ -63.21511, -17.73953 ], [ -63.21519, -17.73952 ], [ -63.21538, -17.73955 ], [ -63.21545, -17.73948 ], [ -63.21555, -17.73915 ], [ -63.21529, -17.7391 ], [ -63.2153, -17.73904 ], [ -63.21557, -17.73909 ], [ -63.21566, -17.73851 ] ] ] } },
{ "type": "Feature", "properties": { "i": 475 }, "geometry": { "type": "Polygon", "coordinates": [ [ [ -63.2244, -17.73691 ], [ -63.22433, -17.73683 ], [ -63.22409, -17.73673 ], [ -63.22388, -17.73659 ], [ -63.22386, -17.7366 ], [ -63.22385, -17.73683 ], [ -63.22377, -17.73683 ], [ -63.22378, -17.73653 ], [ -63.22369, -17.73646 ], [ -63.22361, -17.73643 ], [ -63.2234, -17.73642 ], [ -63.22332, -17.73647 ], [ -63.22326, -17.73658 ], [ -63.22325, -17.73674 ], [ -63.22328, -17.73689 ], [ -63.22351, -17.73726 ], [ -63.22362, -17.73735 ], [ -63.22372, -17.73739 ], [ -63.22385, -17.7374 ], [ -63.224, -17.73737 ], [ -63.22416, -17.73731 ], [ -63.22436, -17.7372 ], [ -63.22442, -17.73712 ], [ -63.22444, -17.73703 ], [ -63.2244, -17.73691 ] ] ] } },
{ "type": "Feature", "properties": { "i": 476 }, "geometry": { "type": "Polygon", "coordinates": [ [ [ -63.21749, -17.73709 ], [ -63.21782, -17.73661 ], [ -63.21782, -17.73658 ], [ -63.21763, -17.73634 ], [ -63.21758, -17.73635 ], [ -63.21723, -17.73667 ], [ -63.21691, -17.737 ], [ -63.21577, -17.73827 ], [ -63.21566, -17.73909 ], [ -63.21569, -17.73912 ], [ -63.21601, -17.73916 ], [ -63.21632, -17.73917 ], [ -63.21634, -17.73879 ], [ -63.21644, -17.7388 ], [ -63.21647, -17.73884 ], [ -63.21647, -17.73892 ], [ -63.21643, -17.73895 ], [ -63.21642, -17.73921 ], [ -63.21638, -17.73925 ], [ -63.21627, -17.73926 ], [ -63.21567, -17.73922 ], [ -63.2155, -17.73963 ], [ -63.21562, -17.7398 ], [ -63.21566, -17.73994 ], [ -63.21566, -17.74002 ], [ -63.21695, -17.74015 ], [ -63.217, -17.7395 ], [ -63.21699, -17.73926 ], [ -63.21702, -17.7385 ], [ -63.21716, -17.73788 ], [ -63.21749, -17.73709 ] ] ] } },
{ "type": "Feature", "properties": { "i": 477 }, "geometry": { "type": "Polygon", "coordinates": [ [ [ -63.22436, -17.73676 ], [ -63.22478, -17.73688 ], [ -63.2249, -17.73687 ], [ -63.22508, -17.73681 ], [ -63.22517, -17.73673 ], [ -63.22523, -17.73659 ], [ -63.22526, -17.73645 ], [ -63.22524, -17.73627 ], [ -63.22516, -17.7362 ], [ -63.22504, -17.73617 ], [ -63.22476, -17.73619 ], [ -63.22462, -17.73623 ], [ -63.22433, -17.73641 ], [ -63.22404, -17.73654 ], [ -63.22404, -17.73659 ], [ -63.22408, -17.73662 ], [ -63.22436, -17.73676 ] ] ] } },
{ "type": "Feature", "properties": { "i": 478 }, "geometry": { "type": "Polygon", "coordinates": [ [ [ -63.22952, -17.73575 ], [ -63.22947, -17.73597 ], [ -63.22945, -17.73599 ], [ -63.22939, -17.73599 ], [ -63.22887, -17.7358 ], [ -63.2288, -17.73574 ], [ -63.22872, -17.7352 ], [ -63.22899, -17.73478 ], [ -63.22921, -17.7346 ], [ -63.22929, -17.7346 ], [ -63.22933, -17.73465 ], [ -63.22938, -17.73505 ], [ -63.22942, -17.73507 ], [ -63.22952, -17.73575 ] ] ] } },
{ "type": "Feature", "properties": { "i": 479 }, "geometry": { "type": "Polygon", "coordinates": [ [ [ -63.22257, -17.73701 ], [ -63.22266, -17.73694 ], [ -63.22272, -17.73681 ], [ -63.22273, -17.73661 ], [ -63.2227, -17.73649 ], [ -63.22267, -17.73643 ], [ -63.22252, -17.73629 ], [ -63.22237, -17.73621 ], [ -63.22224, -17.73617 ], [ -63.22109, -17.73635 ], [ -63.22013, -17.73659 ], [ -63.22003, -17.73657 ], [ -63.21979, -17.73657 ], [ -63.21972, -17.7366 ], [ -63.21967, -17.73669 ], [ -63.21973, -17.7371 ], [ -63.21984, -17.73734 ], [ -63.21989, -17.7374 ], [ -63.21997, -17.73743 ], [ -63.22157, -17.73711 ], [ -63.22257, -17.73701 ] ] ] } },
{ "type": "Feature", "properties": { "i": 480 }, "geometry": { "type": "Polygon", "coordinates": [ [ [ -63.23039, -17.73454 ], [ -63.2305, -17.73404 ], [ -63.23073, -17.73345 ], [ -63.23074, -17.7334 ], [ -63.23071, -17.73333 ], [ -63.23066, -17.73331 ], [ -63.23058, -17.73331 ], [ -63.23032, -17.73344 ], [ -63.23021, -17.73372 ], [ -63.23004, -17.73432 ], [ -63.23003, -17.7345 ], [ -63.23017, -17.73527 ], [ -63.23025, -17.73527 ], [ -63.23029, -17.7352 ], [ -63.23037, -17.73515 ], [ -63.2304, -17.73509 ], [ -63.23039, -17.73454 ] ] ] } },
{ "type": "Feature", "properties": { "i": 481 }, "geometry": { "type": "Polygon", "coordinates": [ [ [ -63.2239, -17.73593 ], [ -63.22407, -17.73612 ], [ -63.22374, -17.73629 ], [ -63.22373, -17.73638 ], [ -63.22375, -17.73642 ], [ -63.22385, -17.73646 ], [ -63.22401, -17.73645 ], [ -63.22428, -17.73633 ], [ -63.22444, -17.7362 ], [ -63.22451, -17.73602 ], [ -63.22454, -17.73579 ], [ -63.22448, -17.73551 ], [ -63.22438, -17.73535 ], [ -63.22421, -17.73528 ], [ -63.22399, -17.73531 ], [ -63.22333, -17.73574 ], [ -63.22327, -17.7358 ], [ -63.22322, -17.73591 ], [ -63.22321, -17.73609 ], [ -63.22323, -17.73621 ], [ -63.2233, -17.73631 ], [ -63.22336, -17.73634 ], [ -63.2235, -17.73633 ], [ -63.22394, -17.73611 ], [ -63.22394, -17.73608 ], [ -63.22385, -17.73598 ], [ -63.2239, -17.73593 ] ] ] } },
{ "type": "Feature", "properties": { "i": 482 }, "geometry": { "type": "Polygon", "coordinates": [ [ [ -63.22737, -17.73381 ], [ -63.22735, -17.73373 ], [ -63.22751, -17.73373 ], [ -63.22801, -17.73366 ], [ -63.22978, -17.73349 ], [ -63.22983, -17.73345 ], [ -63.23004, -17.73347 ], [ -63.2302, -17.73279 ], [ -63.23017, -17.73275 ], [ -63.23, -17.73272 ], [ -63.2276, -17.73293 ], [ -63.22753, -17.73297 ], [ -63.22749, -17.73303 ], [ -63.22742, -17.73297 ], [ -63.22747, -17.73279 ], [ -63.22741, -17.73225 ], [ -63.22739, -17.73221 ], [ -63.22727, -17.73203 ], [ -63.2271, -17.73186 ], [ -63.22691, -17.73176 ], [ -63.22684, -17.73178 ], [ -63.22677, -17.73175 ], [ -63.22674, -17.73176 ], [ -63.22673, -17.7318 ], [ -63.22677, -17.73195 ], [ -63.22676, -17.73203 ], [ -63.22672, -17.73213 ], [ -63.2266, -17.73225 ], [ -63.22679, -17.73239 ], [ -63.22687, -17.73248 ], [ -63.22694, -17.73279 ], [ -63.22701, -17.73297 ], [ -63.22706, -17.73334 ], [ -63.22715, -17.73371 ], [ -63.22747, -17.73467 ], [ -63.2277, -17.73522 ], [ -63.22779, -17.7355 ], [ -63.22781, -17.73576 ], [ -63.22775, -17.73584 ], [ -63.22762, -17.7359 ], [ -63.22756, -17.73597 ], [ -63.22748, -17.73612 ], [ -63.22748, -17.73622 ], [ -63.22754, -17.73629 ], [ -63.2279, -17.73644 ], [ -63.22808, -17.73658 ], [ -63.22842, -17.73705 ], [ -63.2285, -17.7374 ], [ -63.22847, -17.73774 ], [ -63.22842, -17.738 ], [ -63.22842, -17.7382 ], [ -63.22844, -17.7383 ], [ -63.2285, -17.73835 ], [ -63.22854, -17.73835 ], [ -63.22875, -17.73812 ], [ -63.22906, -17.73783 ], [ -63.22918, -17.73765 ], [ -63.22999, -17.73587 ], [ -63.22981, -17.73462 ], [ -63.22978, -17.73454 ], [ -63.22975, -17.73452 ], [ -63.22948, -17.73456 ], [ -63.22943, -17.7346 ], [ -63.22942, -17.73464 ], [ -63.22959, -17.73569 ], [ -63.22957, -17.73594 ], [ -63.22882, -17.73762 ], [ -63.22882, -17.73771 ], [ -63.22877, -17.73775 ], [ -63.22872, -17.73775 ], [ -63.22868, -17.73771 ], [ -63.22868, -17.73764 ], [ -63.22876, -17.73757 ], [ -63.22891, -17.73725 ], [ -63.22938, -17.73615 ], [ -63.22938, -17.7361 ], [ -63.22934, -17.73606 ], [ -63.22919, -17.73599 ], [ -63.22897, -17.73591 ], [ -63.22887, -17.73591 ], [ -63.22861, -17.7365 ], [ -63.22861, -17.73661 ], [ -63.22858, -17.73663 ], [ -63.22851, -17.73663 ], [ -63.22847, -17.73658 ], [ -63.22847, -17.73653 ], [ -63.22856, -17.73645 ], [ -63.22866, -17.73623 ], [ -63.22866, -17.73617 ], [ -63.22856, -17.7361 ], [ -63.22844, -17.73612 ], [ -63.22839, -17.7361 ], [ -63.22836, -17.73607 ], [ -63.22836, -17.73599 ], [ -63.22842, -17.73594 ], [ -63.22848, -17.73594 ], [ -63.22862, -17.73607 ], [ -63.22868, -17.73607 ], [ -63.22874, -17.73604 ], [ -63.22876, -17.73593 ], [ -63.22868, -17.73539 ], [ -63.22864, -17.73535 ], [ -63.22857, -17.73535 ], [ -63.22824, -17.73555 ], [ -63.22814, -17.73564 ], [ -63.2281, -17.73564 ], [ -63.22807, -17.73561 ], [ -63.22806, -17.73556 ], [ -63.22811, -17.73551 ], [ -63.22817, -17.73551 ], [ -63.22832, -17.73544 ], [ -63.22858, -17.73527 ], [ -63.22864, -17.73521 ], [ -63.22899, -17.73464 ], [ -63.22931, -17.73445 ], [ -63.22919, -17.73366 ], [ -63.22915, -17.73362 ], [ -63.2291, -17.73361 ], [ -63.22816, -17.7337 ], [ -63.22812, -17.73372 ], [ -63.22806, -17.73389 ], [ -63.22806, -17.73408 ], [ -63.22812, -17.73432 ], [ -63.22815, -17.73471 ], [ -63.22828, -17.73487 ], [ -63.22844, -17.73487 ], [ -63.22828, -17.73488 ], [ -63.22826, -17.73493 ], [ -63.22818, -17.73494 ], [ -63.22814, -17.7349 ], [ -63.22814, -17.73481 ], [ -63.22793, -17.73497 ], [ -63.22786, -17.73488 ], [ -63.22793, -17.73495 ], [ -63.22813, -17.73479 ], [ -63.22806, -17.73469 ], [ -63.22807, -17.73441 ], [ -63.22799, -17.73407 ], [ -63.22801, -17.7338 ], [ -63.22795, -17.73374 ], [ -63.22788, -17.73374 ], [ -63.2276, -17.7338 ], [ -63.22737, -17.73381 ] ] ] } },
{ "type": "Feature", "properties": { "i": 483 }, "geometry": { "type": "Polygon", "coordinates": [ [ [ -63.23222, -17.73463 ], [ -63.23255, -17.73469 ], [ -63.23269, -17.7347 ], [ -63.23271, -17.73468 ], [ -63.23283, -17.73425 ], [ -63.23309, -17.73366 ], [ -63.23309, -17.73358 ], [ -63.23304, -17.73352 ], [ -63.23241, -17.73316 ], [ -63.23234, -17.73317 ], [ -63.23229, -17.73321 ], [ -63.23223, -17.73365 ], [ -63.23218, -17.73436 ], [ -63.23218, -17.73456 ], [ -63.23222, -17.73463 ] ] ] } },
{ "type": "Feature", "properties": { "i": 484 }, "geometry": { "type": "Polygon", "coordinates": [ [ [ -63.23371, -17.73344 ], [ -63.23322, -17.73432 ], [ -63.233, -17.73515 ], [ -63.23166, -17.73496 ], [ -63.2316, -17.73403 ], [ -63.23182, -17.73243 ], [ -63.23186, -17.73241 ], [ -63.23218, -17.73251 ], [ -63.23265, -17.7328 ], [ -63.23268, -17.73284 ], [ -63.23267, -17.73291 ], [ -63.2325, -17.73311 ], [ -63.23243, -17.73311 ], [ -63.23236, -17.73307 ], [ -63.23231, -17.73298 ], [ -63.23224, -17.73298 ], [ -63.2322, -17.73302 ], [ -63.2322, -17.73309 ], [ -63.23223, -17.73313 ], [ -63.23215, -17.73378 ], [ -63.23211, -17.73458 ], [ -63.2322, -17.73469 ], [ -63.23252, -17.73476 ], [ -63.23271, -17.73477 ], [ -63.23276, -17.73473 ], [ -63.23294, -17.73418 ], [ -63.23296, -17.73419 ], [ -63.23317, -17.73365 ], [ -63.23313, -17.73351 ], [ -63.23265, -17.73322 ], [ -63.23263, -17.73312 ], [ -63.23277, -17.73292 ], [ -63.23284, -17.73291 ], [ -63.23371, -17.73344 ] ] ] } },
{ "type": "Feature", "properties": { "i": 485 }, "geometry": { "type": "Polygon", "coordinates": [ [ [ -63.23161, -17.73252 ], [ -63.23156, -17.73229 ], [ -63.23122, -17.73229 ], [ -63.23092, -17.73233 ], [ -63.23068, -17.7324 ], [ -63.23061, -17.73244 ], [ -63.23056, -17.73247 ], [ -63.23049, -17.73258 ], [ -63.2304, -17.73307 ], [ -63.23041, -17.73313 ], [ -63.23045, -17.73317 ], [ -63.23072, -17.73323 ], [ -63.23078, -17.73321 ], [ -63.23087, -17.73289 ], [ -63.231, -17.73275 ], [ -63.231, -17.73271 ], [ -63.23105, -17.73267 ], [ -63.23109, -17.73267 ], [ -63.23114, -17.7327 ], [ -63.23115, -17.73276 ], [ -63.23111, -17.73281 ], [ -63.23102, -17.73283 ], [ -63.23093, -17.73294 ], [ -63.23085, -17.7333 ], [ -63.23068, -17.73379 ], [ -63.23061, -17.73393 ], [ -63.23051, -17.73426 ], [ -63.23048, -17.73461 ], [ -63.2305, -17.73488 ], [ -63.23047, -17.73517 ], [ -63.23075, -17.73522 ], [ -63.23097, -17.73406 ], [ -63.23126, -17.73332 ], [ -63.23135, -17.73329 ], [ -63.23144, -17.73288 ], [ -63.23161, -17.73252 ] ] ] } },
{ "type": "Feature", "properties": { "i": 486 }, "geometry": { "type": "Polygon", "coordinates": [ [ [ -63.22575, -17.73364 ], [ -63.22529, -17.73359 ], [ -63.22527, -17.73365 ], [ -63.22517, -17.73371 ], [ -63.22479, -17.73369 ], [ -63.22477, -17.73372 ], [ -63.22499, -17.73419 ], [ -63.22497, -17.73434 ], [ -63.2249, -17.73444 ], [ -63.22479, -17.7345 ], [ -63.22343, -17.73476 ], [ -63.22332, -17.73474 ], [ -63.22326, -17.73467 ], [ -63.22316, -17.73418 ], [ -63.22309, -17.73409 ], [ -63.22302, -17.73409 ], [ -63.22263, -17.73423 ], [ -63.222, -17.73441 ], [ -63.22131, -17.73455 ], [ -63.21959, -17.73481 ], [ -63.21954, -17.73483 ], [ -63.21949, -17.73489 ], [ -63.21936, -17.73476 ], [ -63.21938, -17.73469 ], [ -63.21935, -17.7344 ], [ -63.21901, -17.73444 ], [ -63.21906, -17.73505 ], [ -63.21906, -17.73538 ], [ -63.21926, -17.73693 ], [ -63.21937, -17.73698 ], [ -63.21956, -17.73695 ], [ -63.2196, -17.7369 ], [ -63.21959, -17.73669 ], [ -63.21961, -17.73661 ], [ -63.21967, -17.73653 ], [ -63.21974, -17.73649 ], [ -63.22016, -17.73648 ], [ -63.22071, -17.73633 ], [ -63.22201, -17.73608 ], [ -63.22222, -17.73608 ], [ -63.22249, -17.73614 ], [ -63.22262, -17.73613 ], [ -63.22301, -17.73596 ], [ -63.22334, -17.73563 ], [ -63.22385, -17.73528 ], [ -63.22401, -17.73521 ], [ -63.22417, -17.73519 ], [ -63.22429, -17.73521 ], [ -63.22501, -17.73542 ], [ -63.22555, -17.73542 ], [ -63.22564, -17.73533 ], [ -63.22566, -17.73517 ], [ -63.22547, -17.7347 ], [ -63.22546, -17.73452 ], [ -63.22551, -17.73443 ], [ -63.22558, -17.73439 ], [ -63.22562, -17.73439 ], [ -63.22573, -17.73418 ], [ -63.22575, -17.73364 ] ] ] } },
{ "type": "Feature", "properties": { "i": 487 }, "geometry": { "type": "Polygon", "coordinates": [ [ [ -63.21761, -17.73624 ], [ -63.21761, -17.73614 ], [ -63.21767, -17.73593 ], [ -63.21752, -17.73577 ], [ -63.21736, -17.73554 ], [ -63.21731, -17.73551 ], [ -63.21603, -17.73621 ], [ -63.21592, -17.73622 ], [ -63.21589, -17.7362 ], [ -63.21583, -17.73623 ], [ -63.21588, -17.73632 ], [ -63.2159, -17.73677 ], [ -63.21583, -17.73738 ], [ -63.21566, -17.73804 ], [ -63.21564, -17.73831 ], [ -63.21674, -17.73708 ], [ -63.21683, -17.73695 ], [ -63.21761, -17.73624 ] ] ] } },
{ "type": "Feature", "properties": { "i": 488 }, "geometry": { "type": "Polygon", "coordinates": [ [ [ -63.21861, -17.73556 ], [ -63.21853, -17.73556 ], [ -63.21848, -17.73552 ], [ -63.21847, -17.73544 ], [ -63.21838, -17.73529 ], [ -63.21833, -17.73522 ], [ -63.21828, -17.73521 ], [ -63.21812, -17.73521 ], [ -63.21783, -17.73527 ], [ -63.21764, -17.73534 ], [ -63.21751, -17.73542 ], [ -63.21768, -17.73568 ], [ -63.21779, -17.7358 ], [ -63.21798, -17.73572 ], [ -63.21819, -17.73572 ], [ -63.21837, -17.73579 ], [ -63.21852, -17.73593 ], [ -63.2186, -17.73612 ], [ -63.2186, -17.73631 ], [ -63.21852, -17.73648 ], [ -63.2184, -17.73658 ], [ -63.21846, -17.7366 ], [ -63.21855, -17.73657 ], [ -63.21885, -17.73638 ], [ -63.21896, -17.73625 ], [ -63.219, -17.73615 ], [ -63.21892, -17.73518 ], [ -63.21883, -17.73443 ], [ -63.21869, -17.7345 ], [ -63.21852, -17.73466 ], [ -63.21844, -17.73481 ], [ -63.2184, -17.73496 ], [ -63.2184, -17.73514 ], [ -63.21845, -17.73527 ], [ -63.21852, -17.73539 ], [ -63.21861, -17.73541 ], [ -63.21865, -17.73547 ], [ -63.21865, -17.73551 ], [ -63.21861, -17.73556 ] ] ] } },
{ "type": "Feature", "properties": { "i": 489 }, "geometry": { "type": "Polygon", "coordinates": [ [ [ -63.22492, -17.73421 ], [ -63.22491, -17.73411 ], [ -63.22471, -17.73375 ], [ -63.22465, -17.7337 ], [ -63.22387, -17.73381 ], [ -63.2232, -17.73401 ], [ -63.22318, -17.73404 ], [ -63.22324, -17.73422 ], [ -63.22331, -17.73462 ], [ -63.22336, -17.73468 ], [ -63.22478, -17.73442 ], [ -63.22489, -17.73433 ], [ -63.22492, -17.73421 ] ] ] } },
{ "type": "Feature", "properties": { "i": 490 }, "geometry": { "type": "Polygon", "coordinates": [ [ [ -63.21601, -17.73616 ], [ -63.21728, -17.73544 ], [ -63.21719, -17.73519 ], [ -63.2171, -17.73465 ], [ -63.21705, -17.73464 ], [ -63.21567, -17.73541 ], [ -63.21566, -17.73545 ], [ -63.21591, -17.73613 ], [ -63.21595, -17.73616 ], [ -63.21601, -17.73616 ] ] ] } },
{ "type": "Feature", "properties": { "i": 491 }, "geometry": { "type": "Polygon", "coordinates": [ [ [ -63.22476, -17.73323 ], [ -63.22479, -17.73331 ], [ -63.22475, -17.73334 ], [ -63.22476, -17.73353 ], [ -63.22481, -17.73361 ], [ -63.22513, -17.73362 ], [ -63.2252, -17.73359 ], [ -63.22523, -17.73354 ], [ -63.22527, -17.73283 ], [ -63.22523, -17.73277 ], [ -63.22486, -17.73272 ], [ -63.22435, -17.73272 ], [ -63.22414, -17.73274 ], [ -63.22411, -17.73277 ], [ -63.22412, -17.73296 ], [ -63.22418, -17.73303 ], [ -63.22418, -17.73309 ], [ -63.22413, -17.73314 ], [ -63.22407, -17.73314 ], [ -63.22402, -17.7331 ], [ -63.22402, -17.73302 ], [ -63.22406, -17.73298 ], [ -63.22404, -17.73284 ], [ -63.22398, -17.73277 ], [ -63.22392, -17.73276 ], [ -63.2235, -17.73285 ], [ -63.223, -17.73303 ], [ -63.22297, -17.73306 ], [ -63.22296, -17.73312 ], [ -63.223, -17.73332 ], [ -63.22305, -17.73335 ], [ -63.22305, -17.73342 ], [ -63.22299, -17.73347 ], [ -63.22292, -17.73345 ], [ -63.2229, -17.73342 ], [ -63.2229, -17.73336 ], [ -63.22293, -17.73331 ], [ -63.22289, -17.73314 ], [ -63.22283, -17.7331 ], [ -63.22236, -17.73324 ], [ -63.22231, -17.73332 ], [ -63.22235, -17.73366 ], [ -63.22244, -17.7341 ], [ -63.22247, -17.73417 ], [ -63.22252, -17.73419 ], [ -63.22356, -17.73381 ], [ -63.22358, -17.73375 ], [ -63.22354, -17.73351 ], [ -63.22349, -17.73348 ], [ -63.22349, -17.73341 ], [ -63.22352, -17.73338 ], [ -63.22358, -17.73337 ], [ -63.22364, -17.73342 ], [ -63.22364, -17.73347 ], [ -63.22361, -17.7335 ], [ -63.22365, -17.73373 ], [ -63.2237, -17.73376 ], [ -63.22377, -17.73376 ], [ -63.22417, -17.73366 ], [ -63.22466, -17.73361 ], [ -63.2247, -17.73354 ], [ -63.22469, -17.73336 ], [ -63.22465, -17.73331 ], [ -63.22465, -17.73326 ], [ -63.2247, -17.73322 ], [ -63.22476, -17.73323 ] ] ] } },
{ "type": "Feature", "properties": { "i": 492 }, "geometry": { "type": "Polygon", "coordinates": [ [ [ -63.2217, -17.73398 ], [ -63.22176, -17.73403 ], [ -63.22176, -17.73408 ], [ -63.22173, -17.73411 ], [ -63.22177, -17.73431 ], [ -63.22182, -17.73436 ], [ -63.22239, -17.73422 ], [ -63.2224, -17.73415 ], [ -63.2223, -17.73376 ], [ -63.22225, -17.73332 ], [ -63.22223, -17.7333 ], [ -63.22218, -17.73329 ], [ -63.22137, -17.73349 ], [ -63.22066, -17.7336 ], [ -63.22062, -17.73366 ], [ -63.22063, -17.73391 ], [ -63.22067, -17.73395 ], [ -63.22067, -17.734 ], [ -63.22062, -17.73405 ], [ -63.22055, -17.73403 ], [ -63.22053, -17.734 ], [ -63.22053, -17.73395 ], [ -63.22056, -17.73392 ], [ -63.22054, -17.73369 ], [ -63.22049, -17.73364 ], [ -63.22036, -17.73364 ], [ -63.21943, -17.73379 ], [ -63.21939, -17.73381 ], [ -63.21938, -17.73387 ], [ -63.21949, -17.73472 ], [ -63.21953, -17.73474 ], [ -63.21998, -17.73468 ], [ -63.22001, -17.73466 ], [ -63.22005, -17.73461 ], [ -63.22004, -17.73436 ], [ -63.21998, -17.73429 ], [ -63.21999, -17.73425 ], [ -63.22003, -17.73422 ], [ -63.22008, -17.73422 ], [ -63.22013, -17.73427 ], [ -63.22013, -17.73432 ], [ -63.22009, -17.73436 ], [ -63.22011, -17.73457 ], [ -63.22017, -17.73464 ], [ -63.22169, -17.7344 ], [ -63.22172, -17.73433 ], [ -63.22167, -17.73412 ], [ -63.22162, -17.73409 ], [ -63.22161, -17.73403 ], [ -63.22165, -17.73398 ], [ -63.2217, -17.73398 ] ] ] } },
{ "type": "Feature", "properties": { "i": 493 }, "geometry": { "type": "Polygon", "coordinates": [ [ [ -63.23208, -17.7315 ], [ -63.23211, -17.73181 ], [ -63.232, -17.73229 ], [ -63.23239, -17.73247 ], [ -63.23326, -17.73306 ], [ -63.23338, -17.73312 ], [ -63.23348, -17.73315 ], [ -63.23357, -17.73315 ], [ -63.23387, -17.73306 ], [ -63.23446, -17.73241 ], [ -63.23447, -17.73235 ], [ -63.23445, -17.73231 ], [ -63.23428, -17.73216 ], [ -63.23386, -17.73188 ], [ -63.23378, -17.7319 ], [ -63.23357, -17.73206 ], [ -63.23325, -17.73218 ], [ -63.23312, -17.73228 ], [ -63.23314, -17.73237 ], [ -63.23352, -17.73262 ], [ -63.23361, -17.73262 ], [ -63.23364, -17.73264 ], [ -63.23366, -17.73268 ], [ -63.23365, -17.73274 ], [ -63.23361, -17.73277 ], [ -63.23354, -17.73277 ], [ -63.23351, -17.73275 ], [ -63.23348, -17.73267 ], [ -63.23325, -17.73253 ], [ -63.23282, -17.7322 ], [ -63.23268, -17.73203 ], [ -63.23263, -17.73193 ], [ -63.23257, -17.73174 ], [ -63.23251, -17.73128 ], [ -63.23216, -17.73046 ], [ -63.23211, -17.73036 ], [ -63.23197, -17.73029 ], [ -63.23186, -17.73029 ], [ -63.23183, -17.73025 ], [ -63.23184, -17.73019 ], [ -63.23187, -17.73016 ], [ -63.23194, -17.73016 ], [ -63.232, -17.73023 ], [ -63.23208, -17.73027 ], [ -63.23218, -17.73027 ], [ -63.23285, -17.73007 ], [ -63.23291, -17.73002 ], [ -63.23299, -17.73003 ], [ -63.23301, -17.73006 ], [ -63.233, -17.73015 ], [ -63.23318, -17.73055 ], [ -63.23335, -17.73109 ], [ -63.23353, -17.73143 ], [ -63.23367, -17.73162 ], [ -63.23378, -17.73173 ], [ -63.23408, -17.73195 ], [ -63.23414, -17.73197 ], [ -63.23419, -17.73195 ], [ -63.2344, -17.73165 ], [ -63.2344, -17.73157 ], [ -63.23415, -17.73143 ], [ -63.23378, -17.73116 ], [ -63.23372, -17.73115 ], [ -63.23369, -17.73112 ], [ -63.23369, -17.73104 ], [ -63.23373, -17.73101 ], [ -63.2338, -17.73102 ], [ -63.23383, -17.73106 ], [ -63.23383, -17.73111 ], [ -63.23393, -17.7312 ], [ -63.23418, -17.73137 ], [ -63.23442, -17.73149 ], [ -63.23449, -17.73146 ], [ -63.23452, -17.7314 ], [ -63.23455, -17.73121 ], [ -63.23458, -17.73119 ], [ -63.23466, -17.7312 ], [ -63.23469, -17.73128 ], [ -63.23463, -17.73134 ], [ -63.23429, -17.73196 ], [ -63.2343, -17.73201 ], [ -63.23453, -17.73218 ], [ -63.23463, -17.73218 ], [ -63.23479, -17.73201 ], [ -63.23489, -17.73185 ], [ -63.23504, -17.73156 ], [ -63.23524, -17.73106 ], [ -63.23611, -17.7298 ], [ -63.23649, -17.72906 ], [ -63.23647, -17.72892 ], [ -63.23624, -17.72876 ], [ -63.23614, -17.72887 ], [ -63.23608, -17.72894 ], [ -63.23606, -17.729 ], [ -63.23607, -17.72906 ], [ -63.23516, -17.73043 ], [ -63.23489, -17.73079 ], [ -63.23478, -17.73085 ], [ -63.23435, -17.73087 ], [ -63.23425, -17.73085 ], [ -63.23367, -17.73059 ], [ -63.2332, -17.7296 ], [ -63.23317, -17.72959 ], [ -63.23225, -17.72975 ], [ -63.23135, -17.72985 ], [ -63.23122, -17.72998 ], [ -63.23122, -17.73002 ], [ -63.23151, -17.73033 ], [ -63.2318, -17.73081 ], [ -63.23208, -17.7315 ] ] ] } },
{ "type": "Feature", "properties": { "i": 494 }, "geometry": { "type": "Polygon", "coordinates": [ [ [ -63.21537, -17.73453 ], [ -63.21529, -17.73452 ], [ -63.21528, -17.73455 ], [ -63.2155, -17.73552 ], [ -63.21561, -17.73547 ], [ -63.21563, -17.73538 ], [ -63.21568, -17.73534 ], [ -63.21708, -17.73455 ], [ -63.2171, -17.73427 ], [ -63.21708, -17.73401 ], [ -63.21705, -17.73387 ], [ -63.21695, -17.73363 ], [ -63.21689, -17.73362 ], [ -63.21612, -17.7341 ], [ -63.21568, -17.73433 ], [ -63.21551, -17.73441 ], [ -63.21538, -17.73438 ], [ -63.21537, -17.73453 ] ] ] } },
{ "type": "Feature", "properties": { "i": 495 }, "geometry": { "type": "Polygon", "coordinates": [ [ [ -63.22914, -17.73271 ], [ -63.22908, -17.73265 ], [ -63.22904, -17.7323 ], [ -63.22892, -17.73193 ], [ -63.22878, -17.73167 ], [ -63.22863, -17.73147 ], [ -63.22862, -17.73138 ], [ -63.22857, -17.73135 ], [ -63.22852, -17.73135 ], [ -63.22832, -17.73112 ], [ -63.22864, -17.73064 ], [ -63.22871, -17.73064 ], [ -63.22888, -17.73082 ], [ -63.22967, -17.73213 ], [ -63.22977, -17.73234 ], [ -63.22979, -17.7326 ], [ -63.22976, -17.73265 ], [ -63.22914, -17.73271 ] ] ] } },
{ "type": "Feature", "properties": { "i": 496 }, "geometry": { "type": "Polygon", "coordinates": [ [ [ -63.21847, -17.73459 ], [ -63.21859, -17.73446 ], [ -63.21879, -17.73435 ], [ -63.21868, -17.73281 ], [ -63.21835, -17.73309 ], [ -63.21826, -17.73313 ], [ -63.21811, -17.73313 ], [ -63.21801, -17.73308 ], [ -63.21795, -17.73302 ], [ -63.21777, -17.7326 ], [ -63.21771, -17.7324 ], [ -63.21762, -17.7323 ], [ -63.21757, -17.73228 ], [ -63.21745, -17.73228 ], [ -63.21697, -17.73234 ], [ -63.21688, -17.73236 ], [ -63.21674, -17.73243 ], [ -63.21663, -17.73252 ], [ -63.21653, -17.73268 ], [ -63.21649, -17.73284 ], [ -63.2165, -17.733 ], [ -63.21654, -17.73309 ], [ -63.21662, -17.73318 ], [ -63.21681, -17.73328 ], [ -63.21695, -17.7334 ], [ -63.21702, -17.73338 ], [ -63.21715, -17.73312 ], [ -63.21722, -17.73316 ], [ -63.21707, -17.73343 ], [ -63.21707, -17.73349 ], [ -63.21721, -17.73373 ], [ -63.21727, -17.73391 ], [ -63.21729, -17.73408 ], [ -63.21728, -17.73435 ], [ -63.21731, -17.73436 ], [ -63.21747, -17.73423 ], [ -63.21782, -17.73382 ], [ -63.21786, -17.73385 ], [ -63.21726, -17.73451 ], [ -63.21725, -17.73457 ], [ -63.21731, -17.73501 ], [ -63.21742, -17.73531 ], [ -63.21747, -17.73532 ], [ -63.21769, -17.73523 ], [ -63.21793, -17.73517 ], [ -63.21827, -17.73514 ], [ -63.21832, -17.73487 ], [ -63.21847, -17.73459 ] ] ] } },
{ "type": "Feature", "properties": { "i": 497 }, "geometry": { "type": "Polygon", "coordinates": [ [ [ -63.21942, -17.73372 ], [ -63.22003, -17.73363 ], [ -63.22007, -17.73359 ], [ -63.22007, -17.73351 ], [ -63.21994, -17.73321 ], [ -63.21986, -17.73315 ], [ -63.21986, -17.7331 ], [ -63.2199, -17.73305 ], [ -63.21998, -17.73306 ], [ -63.22, -17.73309 ], [ -63.22001, -17.73313 ], [ -63.21999, -17.73317 ], [ -63.22003, -17.73328 ], [ -63.22016, -17.73355 ], [ -63.22023, -17.73359 ], [ -63.2215, -17.73339 ], [ -63.22218, -17.73323 ], [ -63.22223, -17.73317 ], [ -63.22226, -17.73211 ], [ -63.22222, -17.73208 ], [ -63.22218, -17.73208 ], [ -63.22157, -17.73222 ], [ -63.22154, -17.73226 ], [ -63.22154, -17.73231 ], [ -63.22158, -17.73257 ], [ -63.22162, -17.73258 ], [ -63.22164, -17.73261 ], [ -63.22164, -17.73267 ], [ -63.22159, -17.73272 ], [ -63.22151, -17.73271 ], [ -63.22148, -17.73266 ], [ -63.22151, -17.73258 ], [ -63.22148, -17.73231 ], [ -63.22145, -17.73228 ], [ -63.221, -17.73236 ], [ -63.22102, -17.73268 ], [ -63.22107, -17.73273 ], [ -63.22105, -17.73281 ], [ -63.22101, -17.73283 ], [ -63.22097, -17.73283 ], [ -63.22092, -17.73279 ], [ -63.22092, -17.73272 ], [ -63.22096, -17.73269 ], [ -63.22092, -17.73246 ], [ -63.22084, -17.73237 ], [ -63.21928, -17.73258 ], [ -63.21926, -17.73262 ], [ -63.21936, -17.73368 ], [ -63.21942, -17.73372 ] ] ] } },
{ "type": "Feature", "properties": { "i": 498 }, "geometry": { "type": "Polygon", "coordinates": [ [ [ -63.2241, -17.73264 ], [ -63.22475, -17.73263 ], [ -63.22523, -17.73268 ], [ -63.22528, -17.73264 ], [ -63.22528, -17.73238 ], [ -63.22517, -17.73214 ], [ -63.22505, -17.73174 ], [ -63.22502, -17.7317 ], [ -63.22459, -17.73166 ], [ -63.22455, -17.73173 ], [ -63.22457, -17.73193 ], [ -63.22462, -17.73196 ], [ -63.22463, -17.73202 ], [ -63.22458, -17.73208 ], [ -63.2245, -17.73208 ], [ -63.22445, -17.73202 ], [ -63.22446, -17.73196 ], [ -63.2245, -17.73193 ], [ -63.22448, -17.73168 ], [ -63.22446, -17.73166 ], [ -63.22407, -17.73166 ], [ -63.22345, -17.73175 ], [ -63.22342, -17.73179 ], [ -63.22344, -17.73207 ], [ -63.22349, -17.73211 ], [ -63.22349, -17.73218 ], [ -63.22345, -17.73222 ], [ -63.22338, -17.73222 ], [ -63.22333, -17.73215 ], [ -63.22337, -17.73207 ], [ -63.22335, -17.73183 ], [ -63.22331, -17.73179 ], [ -63.22236, -17.73204 ], [ -63.22232, -17.73209 ], [ -63.22233, -17.73234 ], [ -63.2223, -17.73313 ], [ -63.22234, -17.73317 ], [ -63.2224, -17.73317 ], [ -63.22285, -17.73302 ], [ -63.22288, -17.73299 ], [ -63.22287, -17.73269 ], [ -63.22282, -17.73266 ], [ -63.22281, -17.73261 ], [ -63.22284, -17.73256 ], [ -63.22288, -17.73254 ], [ -63.22293, -17.73254 ], [ -63.22298, -17.73258 ], [ -63.22298, -17.73265 ], [ -63.22294, -17.73268 ], [ -63.22295, -17.73291 ], [ -63.22298, -17.73294 ], [ -63.22351, -17.73277 ], [ -63.22396, -17.73268 ], [ -63.22399, -17.73263 ], [ -63.22398, -17.73242 ], [ -63.22397, -17.73237 ], [ -63.22393, -17.73234 ], [ -63.22392, -17.73228 ], [ -63.22394, -17.73224 ], [ -63.22398, -17.73222 ], [ -63.22404, -17.73223 ], [ -63.22408, -17.73228 ], [ -63.22408, -17.73232 ], [ -63.22403, -17.73237 ], [ -63.22406, -17.73259 ], [ -63.2241, -17.73264 ] ] ] } },
{ "type": "Feature", "properties": { "i": 499 }, "geometry": { "type": "Polygon", "coordinates": [ [ [ -63.21855, -17.73684 ], [ -63.21866, -17.73709 ], [ -63.21884, -17.73833 ], [ -63.21894, -17.73846 ], [ -63.21904, -17.73853 ], [ -63.21915, -17.73857 ], [ -63.21925, -17.73857 ], [ -63.21909, -17.73709 ], [ -63.21903, -17.7363 ], [ -63.2187, -17.73657 ], [ -63.21842, -17.73667 ], [ -63.21855, -17.73684 ] ] ] } },
{ "type": "Feature", "properties": { "i": 500 }, "geometry": { "type": "Polygon", "coordinates": [ [ [ -63.22933, -17.72882 ], [ -63.22937, -17.7288 ], [ -63.22984, -17.72946 ], [ -63.23022, -17.72992 ], [ -63.23037, -17.73022 ], [ -63.23048, -17.73029 ], [ -63.23117, -17.73147 ], [ -63.23129, -17.73159 ], [ -63.23148, -17.73195 ], [ -63.23149, -17.73215 ], [ -63.23157, -17.73221 ], [ -63.23121, -17.73219 ], [ -63.23068, -17.73228 ], [ -63.23049, -17.7322 ], [ -63.2302, -17.73157 ], [ -63.23022, -17.73152 ], [ -63.23044, -17.73139 ], [ -63.23051, -17.73141 ], [ -63.23085, -17.7319 ], [ -63.23094, -17.73191 ], [ -63.23097, -17.73189 ], [ -63.23098, -17.73181 ], [ -63.23095, -17.73177 ], [ -63.23082, -17.73174 ], [ -63.23013, -17.73061 ], [ -63.23004, -17.73061 ], [ -63.23001, -17.73065 ], [ -63.23001, -17.73071 ], [ -63.23005, -17.73075 ], [ -63.23014, -17.73076 ], [ -63.23019, -17.73082 ], [ -63.2304, -17.73123 ], [ -63.23039, -17.73127 ], [ -63.23013, -17.73141 ], [ -63.23007, -17.73139 ], [ -63.2295, -17.73045 ], [ -63.22927, -17.72999 ], [ -63.22933, -17.72882 ] ] ] } },
{ "type": "Feature", "properties": { "i": 501 }, "geometry": { "type": "Polygon", "coordinates": [ [ [ -63.22763, -17.72975 ], [ -63.22753, -17.72974 ], [ -63.2275, -17.72978 ], [ -63.2275, -17.72983 ], [ -63.22753, -17.72987 ], [ -63.22763, -17.72989 ], [ -63.22854, -17.73049 ], [ -63.22857, -17.73053 ], [ -63.22826, -17.73097 ], [ -63.2282, -17.73098 ], [ -63.22797, -17.73067 ], [ -63.2277, -17.73043 ], [ -63.22735, -17.73027 ], [ -63.22733, -17.73022 ], [ -63.22729, -17.73019 ], [ -63.22722, -17.7302 ], [ -63.22719, -17.73025 ], [ -63.22722, -17.73033 ], [ -63.22733, -17.73033 ], [ -63.2276, -17.73045 ], [ -63.22782, -17.73062 ], [ -63.22792, -17.73072 ], [ -63.22804, -17.73089 ], [ -63.22816, -17.73112 ], [ -63.22816, -17.73127 ], [ -63.22808, -17.73148 ], [ -63.22797, -17.732 ], [ -63.22796, -17.73238 ], [ -63.228, -17.73278 ], [ -63.22793, -17.73284 ], [ -63.22765, -17.73286 ], [ -63.22759, -17.73284 ], [ -63.22754, -17.73279 ], [ -63.22747, -17.73223 ], [ -63.22746, -17.73195 ], [ -63.22751, -17.73159 ], [ -63.22759, -17.73123 ], [ -63.22753, -17.73095 ], [ -63.22742, -17.73079 ], [ -63.22737, -17.73075 ], [ -63.22727, -17.73075 ], [ -63.22723, -17.73084 ], [ -63.22726, -17.73089 ], [ -63.22731, -17.73092 ], [ -63.22739, -17.73091 ], [ -63.22746, -17.73095 ], [ -63.22752, -17.73113 ], [ -63.22751, -17.73132 ], [ -63.22746, -17.73149 ], [ -63.2274, -17.73189 ], [ -63.22733, -17.73193 ], [ -63.22726, -17.73192 ], [ -63.22716, -17.73182 ], [ -63.22696, -17.7317 ], [ -63.22691, -17.73161 ], [ -63.22688, -17.73159 ], [ -63.22681, -17.73159 ], [ -63.22676, -17.73163 ], [ -63.22669, -17.73177 ], [ -63.22671, -17.73204 ], [ -63.22664, -17.73216 ], [ -63.22652, -17.73221 ], [ -63.22622, -17.73211 ], [ -63.22619, -17.73204 ], [ -63.22619, -17.73192 ], [ -63.22627, -17.7317 ], [ -63.22638, -17.73148 ], [ -63.22646, -17.73143 ], [ -63.22664, -17.73118 ], [ -63.22672, -17.73097 ], [ -63.22682, -17.73081 ], [ -63.2269, -17.73047 ], [ -63.22707, -17.7303 ], [ -63.22707, -17.73004 ], [ -63.22725, -17.72972 ], [ -63.22732, -17.72946 ], [ -63.22751, -17.72933 ], [ -63.22755, -17.72925 ], [ -63.22913, -17.73026 ], [ -63.22961, -17.73113 ], [ -63.2301, -17.73196 ], [ -63.23021, -17.73232 ], [ -63.23021, -17.73255 ], [ -63.23018, -17.73259 ], [ -63.22994, -17.73257 ], [ -63.22987, -17.73253 ], [ -63.2298, -17.73222 ], [ -63.22893, -17.73077 ], [ -63.22878, -17.73059 ], [ -63.22864, -17.73046 ], [ -63.22766, -17.72983 ], [ -63.22763, -17.72975 ] ] ] } },
{ "type": "Feature", "properties": { "i": 502 }, "geometry": { "type": "Polygon", "coordinates": [ [ [ -63.21546, -17.73379 ], [ -63.21563, -17.73374 ], [ -63.2159, -17.73361 ], [ -63.21602, -17.73352 ], [ -63.21619, -17.73333 ], [ -63.21624, -17.73325 ], [ -63.2163, -17.73294 ], [ -63.21636, -17.73261 ], [ -63.21637, -17.73238 ], [ -63.21539, -17.73255 ], [ -63.21526, -17.73244 ], [ -63.21518, -17.73262 ], [ -63.21512, -17.73288 ], [ -63.21537, -17.73381 ], [ -63.21539, -17.73384 ], [ -63.21546, -17.73379 ] ] ] } },
{ "type": "Feature", "properties": { "i": 503 }, "geometry": { "type": "Polygon", "coordinates": [ [ [ -63.22246, -17.7304 ], [ -63.21988, -17.7309 ], [ -63.2187, -17.73105 ], [ -63.21881, -17.73199 ], [ -63.21882, -17.73241 ], [ -63.21899, -17.73432 ], [ -63.21931, -17.73429 ], [ -63.21934, -17.73426 ], [ -63.21914, -17.73218 ], [ -63.2191, -17.7316 ], [ -63.21912, -17.73152 ], [ -63.2192, -17.73148 ], [ -63.22099, -17.7312 ], [ -63.22249, -17.73088 ], [ -63.22246, -17.7304 ] ] ] } },
{ "type": "Feature", "properties": { "i": 504 }, "geometry": { "type": "Polygon", "coordinates": [ [ [ -63.21537, -17.73243 ], [ -63.21636, -17.73227 ], [ -63.21655, -17.73236 ], [ -63.21677, -17.73222 ], [ -63.21692, -17.73217 ], [ -63.21706, -17.73213 ], [ -63.21732, -17.73213 ], [ -63.21749, -17.73208 ], [ -63.21763, -17.73201 ], [ -63.21783, -17.73186 ], [ -63.2179, -17.73174 ], [ -63.21793, -17.73164 ], [ -63.21787, -17.73099 ], [ -63.21782, -17.73096 ], [ -63.21746, -17.73103 ], [ -63.21697, -17.73106 ], [ -63.21658, -17.73113 ], [ -63.21624, -17.73123 ], [ -63.2158, -17.73141 ], [ -63.21571, -17.73177 ], [ -63.2156, -17.732 ], [ -63.21536, -17.73234 ], [ -63.21537, -17.73243 ] ] ] } },
{ "type": "Feature", "properties": { "i": 505 }, "geometry": { "type": "Polygon", "coordinates": [ [ [ -63.22243, -17.72949 ], [ -63.21934, -17.73002 ], [ -63.21862, -17.73011 ], [ -63.21869, -17.73068 ], [ -63.21922, -17.73039 ], [ -63.21967, -17.73032 ], [ -63.22047, -17.73027 ], [ -63.22114, -17.73009 ], [ -63.22178, -17.73001 ], [ -63.22194, -17.72997 ], [ -63.22194, -17.72977 ], [ -63.22201, -17.72976 ], [ -63.22202, -17.73015 ], [ -63.22195, -17.73016 ], [ -63.22195, -17.73008 ], [ -63.22123, -17.73016 ], [ -63.22053, -17.73035 ], [ -63.2205, -17.73039 ], [ -63.22052, -17.73047 ], [ -63.22057, -17.7305 ], [ -63.22066, -17.7305 ], [ -63.22071, -17.73047 ], [ -63.22073, -17.7305 ], [ -63.22067, -17.73053 ], [ -63.2206, -17.73053 ], [ -63.22036, -17.73044 ], [ -63.22009, -17.73041 ], [ -63.21976, -17.7304 ], [ -63.21933, -17.73046 ], [ -63.21894, -17.73066 ], [ -63.21871, -17.73081 ], [ -63.21869, -17.73086 ], [ -63.2187, -17.73104 ], [ -63.21986, -17.73089 ], [ -63.22147, -17.73059 ], [ -63.22246, -17.73038 ], [ -63.22243, -17.72949 ] ] ] } },
{ "type": "Feature", "properties": { "i": 506 }, "geometry": { "type": "Polygon", "coordinates": [ [ [ -63.21784, -17.73087 ], [ -63.21776, -17.73005 ], [ -63.2165, -17.73013 ], [ -63.21642, -17.73031 ], [ -63.21604, -17.73072 ], [ -63.2159, -17.73091 ], [ -63.21574, -17.73134 ], [ -63.21635, -17.73109 ], [ -63.21674, -17.73101 ], [ -63.21784, -17.73087 ] ] ] } },
{ "type": "Feature", "properties": { "i": 507 }, "geometry": { "type": "Polygon", "coordinates": [ [ [ -63.2192, -17.73003 ], [ -63.22243, -17.72948 ], [ -63.22243, -17.72925 ], [ -63.22191, -17.72937 ], [ -63.22068, -17.72956 ], [ -63.21926, -17.72983 ], [ -63.21915, -17.72983 ], [ -63.21907, -17.7298 ], [ -63.21892, -17.72963 ], [ -63.21858, -17.72981 ], [ -63.21862, -17.7301 ], [ -63.2192, -17.73003 ] ] ] } },
{ "type": "Feature", "properties": { "i": 508 }, "geometry": { "type": "Polygon", "coordinates": [ [ [ -63.21918, -17.72974 ], [ -63.22208, -17.72927 ], [ -63.22211, -17.72925 ], [ -63.22212, -17.7292 ], [ -63.22204, -17.72897 ], [ -63.21913, -17.72946 ], [ -63.21911, -17.72948 ], [ -63.21916, -17.72972 ], [ -63.21918, -17.72974 ] ] ] } },
{ "type": "Feature", "properties": { "i": 509 }, "geometry": { "type": "Polygon", "coordinates": [ [ [ -63.21658, -17.72994 ], [ -63.2177, -17.72992 ], [ -63.21776, -17.72985 ], [ -63.21768, -17.72914 ], [ -63.21693, -17.72921 ], [ -63.21689, -17.72924 ], [ -63.21662, -17.72965 ], [ -63.21658, -17.72994 ] ] ] } },
{ "type": "Feature", "properties": { "i": 510 }, "geometry": { "type": "Polygon", "coordinates": [ [ [ -63.22513, -17.73072 ], [ -63.22591, -17.73018 ], [ -63.22606, -17.72953 ], [ -63.22608, -17.72818 ], [ -63.22606, -17.72695 ], [ -63.22591, -17.72666 ], [ -63.22573, -17.72639 ], [ -63.22507, -17.72565 ], [ -63.22483, -17.72548 ], [ -63.22423, -17.72512 ], [ -63.22413, -17.7254 ], [ -63.22464, -17.72569 ], [ -63.22486, -17.72584 ], [ -63.2257, -17.72681 ], [ -63.22574, -17.72699 ], [ -63.22576, -17.72727 ], [ -63.22573, -17.72768 ], [ -63.22568, -17.72783 ], [ -63.22503, -17.72846 ], [ -63.22491, -17.72863 ], [ -63.22482, -17.72884 ], [ -63.22479, -17.72897 ], [ -63.22477, -17.72954 ], [ -63.22487, -17.72998 ], [ -63.224, -17.72995 ], [ -63.22366, -17.72999 ], [ -63.22298, -17.73012 ], [ -63.2229, -17.73067 ], [ -63.22293, -17.73073 ], [ -63.22358, -17.73056 ], [ -63.22387, -17.73053 ], [ -63.2243, -17.73053 ], [ -63.22429, -17.7306 ], [ -63.22399, -17.73061 ], [ -63.22344, -17.73069 ], [ -63.22225, -17.73103 ], [ -63.22219, -17.73109 ], [ -63.22234, -17.73191 ], [ -63.22238, -17.73196 ], [ -63.22328, -17.73172 ], [ -63.22393, -17.7316 ], [ -63.22466, -17.73157 ], [ -63.22494, -17.73161 ], [ -63.22501, -17.73157 ], [ -63.22503, -17.73118 ], [ -63.22511, -17.73093 ], [ -63.22513, -17.73072 ] ] ] } },
{ "type": "Feature", "properties": { "i": 511 }, "geometry": { "type": "Polygon", "coordinates": [ [ [ -63.2182, -17.72788 ], [ -63.21776, -17.72791 ], [ -63.21778, -17.72823 ], [ -63.21785, -17.72822 ], [ -63.21823, -17.73184 ], [ -63.21812, -17.73201 ], [ -63.21776, -17.73231 ], [ -63.21792, -17.73264 ], [ -63.218, -17.73288 ], [ -63.21812, -17.73296 ], [ -63.21823, -17.73296 ], [ -63.2183, -17.73293 ], [ -63.2185, -17.73273 ], [ -63.21869, -17.73265 ], [ -63.21868, -17.73211 ], [ -63.21849, -17.73042 ], [ -63.21842, -17.72957 ], [ -63.2182, -17.72788 ] ] ] } },
{ "type": "Feature", "properties": { "i": 512 }, "geometry": { "type": "Polygon", "coordinates": [ [ [ -63.22231, -17.72722 ], [ -63.22279, -17.72722 ], [ -63.2233, -17.72726 ], [ -63.22397, -17.72739 ], [ -63.22499, -17.72768 ], [ -63.22542, -17.72789 ], [ -63.22546, -17.72788 ], [ -63.22562, -17.72771 ], [ -63.22565, -17.72762 ], [ -63.22565, -17.72738 ], [ -63.22555, -17.72732 ], [ -63.2247, -17.72701 ], [ -63.224, -17.72683 ], [ -63.22314, -17.7267 ], [ -63.22251, -17.72669 ], [ -63.22243, -17.72665 ], [ -63.22234, -17.72649 ], [ -63.22227, -17.72649 ], [ -63.22223, -17.72653 ], [ -63.22223, -17.72658 ], [ -63.22231, -17.72722 ] ] ] } },
{ "type": "Feature", "properties": { "i": 513 }, "geometry": { "type": "Polygon", "coordinates": [ [ [ -63.22232, -17.72877 ], [ -63.22206, -17.7272 ], [ -63.22037, -17.72749 ], [ -63.22018, -17.72756 ], [ -63.21932, -17.72763 ], [ -63.21942, -17.72809 ], [ -63.21951, -17.72873 ], [ -63.2198, -17.72868 ], [ -63.21982, -17.72877 ], [ -63.21851, -17.72895 ], [ -63.21848, -17.72899 ], [ -63.21854, -17.72938 ], [ -63.22232, -17.72877 ] ] ] } },
{ "type": "Feature", "properties": { "i": 514 }, "geometry": { "type": "Polygon", "coordinates": [ [ [ -63.21756, -17.72798 ], [ -63.21735, -17.72803 ], [ -63.21724, -17.7281 ], [ -63.21709, -17.72833 ], [ -63.21687, -17.72912 ], [ -63.21724, -17.72911 ], [ -63.21765, -17.72905 ], [ -63.21756, -17.72798 ] ] ] } },
{ "type": "Feature", "properties": { "i": 515 }, "geometry": { "type": "Polygon", "coordinates": [ [ [ -63.21846, -17.72884 ], [ -63.21836, -17.72778 ], [ -63.21921, -17.72762 ], [ -63.21941, -17.72872 ], [ -63.21846, -17.72884 ] ] ] } },
{ "type": "Feature", "properties": { "i": 516 }, "geometry": { "type": "Polygon", "coordinates": [ [ [ -63.21701, -17.72828 ], [ -63.21721, -17.72793 ], [ -63.21757, -17.72786 ], [ -63.21754, -17.72756 ], [ -63.21424, -17.72769 ], [ -63.21312, -17.72762 ], [ -63.21328, -17.72776 ], [ -63.21346, -17.72808 ], [ -63.21381, -17.72837 ], [ -63.21388, -17.72854 ], [ -63.2139, -17.72886 ], [ -63.21394, -17.72899 ], [ -63.21403, -17.72913 ], [ -63.21423, -17.72923 ], [ -63.21497, -17.72927 ], [ -63.21537, -17.72926 ], [ -63.21605, -17.72918 ], [ -63.21638, -17.72909 ], [ -63.21664, -17.72893 ], [ -63.2168, -17.72878 ], [ -63.2169, -17.72861 ], [ -63.21701, -17.72828 ] ] ] } },
{ "type": "Feature", "properties": { "i": 517 }, "geometry": { "type": "Polygon", "coordinates": [ [ [ -63.22497, -17.72619 ], [ -63.22529, -17.72658 ], [ -63.2256, -17.72682 ], [ -63.22564, -17.7269 ], [ -63.22565, -17.72727 ], [ -63.2251, -17.72704 ], [ -63.22467, -17.72691 ], [ -63.22438, -17.72683 ], [ -63.22386, -17.72673 ], [ -63.22416, -17.72554 ], [ -63.22465, -17.72584 ], [ -63.22477, -17.72595 ], [ -63.22495, -17.72617 ], [ -63.22478, -17.72626 ], [ -63.22465, -17.72639 ], [ -63.22467, -17.72642 ], [ -63.22479, -17.72629 ], [ -63.22497, -17.72619 ] ] ] } },
{ "type": "Feature", "properties": { "i": 518 }, "geometry": { "type": "Polygon", "coordinates": [ [ [ -63.2138, -17.72877 ], [ -63.21379, -17.72857 ], [ -63.21372, -17.72837 ], [ -63.21351, -17.72821 ], [ -63.21338, -17.72808 ], [ -63.21322, -17.7278 ], [ -63.21307, -17.72767 ], [ -63.21293, -17.72762 ], [ -63.21144, -17.72754 ], [ -63.21117, -17.72749 ], [ -63.21118, -17.72743 ], [ -63.21161, -17.72749 ], [ -63.21198, -17.72644 ], [ -63.21149, -17.72638 ], [ -63.21112, -17.72738 ], [ -63.2101, -17.72799 ], [ -63.21053, -17.72948 ], [ -63.21377, -17.72921 ], [ -63.2138, -17.72877 ] ] ] } },
{ "type": "Feature", "properties": { "i": 519 }, "geometry": { "type": "Polygon", "coordinates": [ [ [ -63.22206, -17.72389 ], [ -63.2222, -17.72398 ], [ -63.22231, -17.72409 ], [ -63.22241, -17.72426 ], [ -63.22245, -17.72429 ], [ -63.22268, -17.72423 ], [ -63.22275, -17.72412 ], [ -63.2229, -17.72377 ], [ -63.22293, -17.7236 ], [ -63.22274, -17.72261 ], [ -63.22196, -17.72226 ], [ -63.22088, -17.72182 ], [ -63.21986, -17.72162 ], [ -63.21981, -17.72204 ], [ -63.21987, -17.72205 ], [ -63.22, -17.72214 ], [ -63.22006, -17.72224 ], [ -63.22015, -17.72253 ], [ -63.22028, -17.72273 ], [ -63.22041, -17.72286 ], [ -63.22059, -17.72299 ], [ -63.22079, -17.72321 ], [ -63.22084, -17.72331 ], [ -63.22085, -17.7234 ], [ -63.22085, -17.72346 ], [ -63.22078, -17.72368 ], [ -63.22079, -17.72371 ], [ -63.22173, -17.7238 ], [ -63.22206, -17.72389 ] ] ] } },
{ "type": "Feature", "properties": { "i": 520 }, "geometry": { "type": "Polygon", "coordinates": [ [ [ -63.21646, -17.72275 ], [ -63.21767, -17.72315 ], [ -63.21758, -17.72136 ], [ -63.21752, -17.72059 ], [ -63.2175, -17.7205 ], [ -63.21744, -17.72046 ], [ -63.21727, -17.72043 ], [ -63.21702, -17.72045 ], [ -63.21678, -17.7205 ], [ -63.21574, -17.72084 ], [ -63.21468, -17.72122 ], [ -63.21448, -17.72127 ], [ -63.21433, -17.72128 ], [ -63.21384, -17.72123 ], [ -63.21245, -17.72223 ], [ -63.2127, -17.72296 ], [ -63.21431, -17.72255 ], [ -63.21432, -17.723 ], [ -63.21447, -17.723 ], [ -63.21456, -17.72303 ], [ -63.21472, -17.72311 ], [ -63.21499, -17.72331 ], [ -63.21504, -17.72297 ], [ -63.21512, -17.72278 ], [ -63.21525, -17.72265 ], [ -63.21536, -17.72259 ], [ -63.21564, -17.72256 ], [ -63.21646, -17.72275 ] ] ] } },
{ "type": "Feature", "properties": { "i": 521 }, "geometry": { "type": "Polygon", "coordinates": [ [ [ -63.22355, -17.71198 ], [ -63.22353, -17.71179 ], [ -63.22355, -17.71177 ], [ -63.22418, -17.71164 ], [ -63.22437, -17.71158 ], [ -63.22483, -17.71138 ], [ -63.22546, -17.71098 ], [ -63.22572, -17.71073 ], [ -63.22578, -17.7107 ], [ -63.22589, -17.71081 ], [ -63.22591, -17.71085 ], [ -63.2259, -17.71095 ], [ -63.22572, -17.71112 ], [ -63.22528, -17.71145 ], [ -63.225, -17.71162 ], [ -63.22456, -17.71182 ], [ -63.22396, -17.712 ], [ -63.22361, -17.71205 ], [ -63.22355, -17.71198 ] ] ] } },
{ "type": "Feature", "properties": { "i": 522 }, "geometry": { "type": "Polygon", "coordinates": [ [ [ -63.22219, -17.70962 ], [ -63.22249, -17.70981 ], [ -63.22277, -17.7099 ], [ -63.22308, -17.70994 ], [ -63.22328, -17.70994 ], [ -63.22348, -17.70991 ], [ -63.22375, -17.70982 ], [ -63.22402, -17.70967 ], [ -63.2243, -17.7094 ], [ -63.22468, -17.70885 ], [ -63.22468, -17.70877 ], [ -63.22466, -17.70873 ], [ -63.22436, -17.70848 ], [ -63.22427, -17.70847 ], [ -63.22421, -17.70851 ], [ -63.22406, -17.70873 ], [ -63.22383, -17.70897 ], [ -63.22364, -17.70913 ], [ -63.22343, -17.70927 ], [ -63.22294, -17.70948 ], [ -63.22252, -17.70955 ], [ -63.2225, -17.70957 ], [ -63.2222, -17.70957 ], [ -63.22219, -17.70962 ] ] ] } },
{ "type": "Feature", "properties": { "i": 523 }, "geometry": { "type": "Polygon", "coordinates": [ [ [ -63.22458, -17.70712 ], [ -63.22428, -17.70733 ], [ -63.22397, -17.70744 ], [ -63.22381, -17.70747 ], [ -63.22357, -17.70748 ], [ -63.22309, -17.70758 ], [ -63.22305, -17.70764 ], [ -63.22307, -17.70773 ], [ -63.22329, -17.70817 ], [ -63.22381, -17.70806 ], [ -63.22438, -17.70806 ], [ -63.22452, -17.708 ], [ -63.22498, -17.7077 ], [ -63.22525, -17.70742 ], [ -63.22537, -17.70725 ], [ -63.22537, -17.70717 ], [ -63.22535, -17.70715 ], [ -63.22479, -17.70698 ], [ -63.22472, -17.70699 ], [ -63.22458, -17.70712 ] ] ] } },
{ "type": "Feature", "properties": { "i": 524 }, "geometry": { "type": "Polygon", "coordinates": [ [ [ -63.22133, -17.70875 ], [ -63.22167, -17.70835 ], [ -63.22198, -17.70807 ], [ -63.22246, -17.70776 ], [ -63.22285, -17.70759 ], [ -63.22291, -17.70754 ], [ -63.22277, -17.70703 ], [ -63.22263, -17.70695 ], [ -63.2224, -17.70703 ], [ -63.22199, -17.70723 ], [ -63.22159, -17.70749 ], [ -63.22122, -17.70781 ], [ -63.22103, -17.70801 ], [ -63.22094, -17.70812 ], [ -63.22115, -17.70852 ], [ -63.22131, -17.70875 ], [ -63.22133, -17.70875 ] ] ] } },
{ "type": "Feature", "properties": { "i": 525 }, "geometry": { "type": "Polygon", "coordinates": [ [ [ -63.22457, -17.70704 ], [ -63.2246, -17.70699 ], [ -63.2246, -17.70694 ], [ -63.22456, -17.70689 ], [ -63.22426, -17.70681 ], [ -63.22399, -17.70681 ], [ -63.223, -17.70688 ], [ -63.22291, -17.70694 ], [ -63.22285, -17.70709 ], [ -63.22295, -17.70749 ], [ -63.22304, -17.70752 ], [ -63.22331, -17.70746 ], [ -63.22379, -17.70741 ], [ -63.22406, -17.70735 ], [ -63.22439, -17.70719 ], [ -63.22457, -17.70704 ] ] ] } },
{ "type": "Feature", "properties": { "i": 526 }, "geometry": { "type": "Polygon", "coordinates": [ [ [ -63.22388, -17.70595 ], [ -63.22388, -17.70593 ], [ -63.2241, -17.70589 ], [ -63.2242, -17.70579 ], [ -63.22424, -17.70569 ], [ -63.22426, -17.70529 ], [ -63.22425, -17.70494 ], [ -63.22429, -17.7047 ], [ -63.22437, -17.70443 ], [ -63.22435, -17.70439 ], [ -63.2243, -17.70437 ], [ -63.22384, -17.70422 ], [ -63.22377, -17.70422 ], [ -63.22372, -17.70427 ], [ -63.22366, -17.70446 ], [ -63.2236, -17.70478 ], [ -63.2236, -17.70509 ], [ -63.22358, -17.70517 ], [ -63.22351, -17.70525 ], [ -63.22307, -17.70528 ], [ -63.22201, -17.70528 ], [ -63.22195, -17.70532 ], [ -63.22192, -17.70586 ], [ -63.22197, -17.70595 ], [ -63.22283, -17.70597 ], [ -63.22388, -17.70595 ] ] ] } },
{ "type": "Feature", "properties": { "i": 527 }, "geometry": { "type": "Polygon", "coordinates": [ [ [ -63.22207, -17.70408 ], [ -63.22228, -17.7035 ], [ -63.22244, -17.70318 ], [ -63.2227, -17.70277 ], [ -63.22295, -17.70246 ], [ -63.22316, -17.70224 ], [ -63.22351, -17.70193 ], [ -63.22375, -17.70177 ], [ -63.22378, -17.70162 ], [ -63.22385, -17.70155 ], [ -63.22397, -17.70153 ], [ -63.2241, -17.70157 ], [ -63.22474, -17.70136 ], [ -63.22523, -17.70127 ], [ -63.2258, -17.70125 ], [ -63.22668, -17.70133 ], [ -63.2268, -17.70126 ], [ -63.22692, -17.70123 ], [ -63.22703, -17.70125 ], [ -63.22716, -17.70134 ], [ -63.22742, -17.70147 ], [ -63.22789, -17.70155 ], [ -63.22863, -17.70162 ], [ -63.22871, -17.70171 ], [ -63.22885, -17.70299 ], [ -63.22891, -17.70311 ], [ -63.22898, -17.70316 ], [ -63.22904, -17.70316 ], [ -63.22924, -17.70296 ], [ -63.22919, -17.70245 ], [ -63.22899, -17.70142 ], [ -63.22895, -17.70138 ], [ -63.22889, -17.70136 ], [ -63.22648, -17.70096 ], [ -63.22587, -17.7009 ], [ -63.22531, -17.70091 ], [ -63.22476, -17.701 ], [ -63.22407, -17.70121 ], [ -63.2236, -17.70142 ], [ -63.22057, -17.70294 ], [ -63.22091, -17.70305 ], [ -63.22089, -17.70311 ], [ -63.22048, -17.70299 ], [ -63.22029, -17.70314 ], [ -63.22011, -17.70352 ], [ -63.21999, -17.70402 ], [ -63.21965, -17.70587 ], [ -63.22046, -17.706 ], [ -63.22049, -17.70584 ], [ -63.22055, -17.70579 ], [ -63.22071, -17.70575 ], [ -63.22086, -17.70579 ], [ -63.22099, -17.70593 ], [ -63.22181, -17.70594 ], [ -63.22185, -17.7059 ], [ -63.22188, -17.70534 ], [ -63.22183, -17.70528 ], [ -63.22053, -17.70522 ], [ -63.22053, -17.70516 ], [ -63.22189, -17.70521 ], [ -63.22197, -17.70458 ], [ -63.22195, -17.70453 ], [ -63.2219, -17.7045 ], [ -63.22164, -17.70441 ], [ -63.22145, -17.70447 ], [ -63.22067, -17.70445 ], [ -63.22059, -17.70449 ], [ -63.22056, -17.70452 ], [ -63.22045, -17.70511 ], [ -63.22042, -17.70547 ], [ -63.22044, -17.70553 ], [ -63.2204, -17.70558 ], [ -63.22034, -17.70559 ], [ -63.22029, -17.70556 ], [ -63.22027, -17.70549 ], [ -63.22033, -17.70542 ], [ -63.22035, -17.70536 ], [ -63.22049, -17.70453 ], [ -63.22055, -17.70443 ], [ -63.22058, -17.70441 ], [ -63.22146, -17.70441 ], [ -63.22154, -17.70438 ], [ -63.22181, -17.70419 ], [ -63.22207, -17.70408 ] ] ] } },
{ "type": "Feature", "properties": { "i": 528 }, "geometry": { "type": "Polygon", "coordinates": [ [ [ -63.22435, -17.70236 ], [ -63.22435, -17.70239 ], [ -63.22459, -17.70281 ], [ -63.22463, -17.70285 ], [ -63.22481, -17.70289 ], [ -63.22521, -17.70274 ], [ -63.22558, -17.70266 ], [ -63.22597, -17.70265 ], [ -63.22637, -17.70269 ], [ -63.22639, -17.70266 ], [ -63.22642, -17.7022 ], [ -63.22639, -17.70208 ], [ -63.22624, -17.702 ], [ -63.22594, -17.70198 ], [ -63.22545, -17.702 ], [ -63.22484, -17.70215 ], [ -63.22435, -17.70236 ] ] ] } },
{ "type": "Feature", "properties": { "i": 529 }, "geometry": { "type": "Polygon", "coordinates": [ [ [ -63.22652, -17.70148 ], [ -63.22626, -17.70136 ], [ -63.22598, -17.70132 ], [ -63.2256, -17.70131 ], [ -63.22521, -17.70134 ], [ -63.22472, -17.70143 ], [ -63.22417, -17.70162 ], [ -63.22413, -17.70165 ], [ -63.22406, -17.70182 ], [ -63.2243, -17.70231 ], [ -63.22478, -17.7021 ], [ -63.22533, -17.70196 ], [ -63.22576, -17.70192 ], [ -63.22607, -17.70192 ], [ -63.2264, -17.70197 ], [ -63.22655, -17.70152 ], [ -63.22652, -17.70148 ] ] ] } },
{ "type": "Feature", "properties": { "i": 530 }, "geometry": { "type": "Polygon", "coordinates": [ [ [ -63.21349, -17.69973 ], [ -63.21168, -17.69927 ], [ -63.21129, -17.69964 ], [ -63.2109, -17.69996 ], [ -63.21216, -17.70029 ], [ -63.21335, -17.70068 ], [ -63.21349, -17.69973 ] ] ] } },
{ "type": "Feature", "properties": { "i": 531 }, "geometry": { "type": "Polygon", "coordinates": [ [ [ -63.22098, -17.6997 ], [ -63.22092, -17.69958 ], [ -63.22097, -17.69971 ], [ -63.22066, -17.69985 ], [ -63.22061, -17.70016 ], [ -63.22688, -17.69748 ], [ -63.22854, -17.69675 ], [ -63.23115, -17.69568 ], [ -63.23307, -17.69495 ], [ -63.23305, -17.69491 ], [ -63.2329, -17.69354 ], [ -63.23274, -17.6925 ], [ -63.23047, -17.69336 ], [ -63.23058, -17.69351 ], [ -63.23062, -17.6935 ], [ -63.23068, -17.69354 ], [ -63.23069, -17.69363 ], [ -63.23185, -17.69494 ], [ -63.23194, -17.69496 ], [ -63.23253, -17.69473 ], [ -63.23256, -17.69469 ], [ -63.23256, -17.69464 ], [ -63.23145, -17.69337 ], [ -63.23133, -17.69332 ], [ -63.23131, -17.69322 ], [ -63.23137, -17.69317 ], [ -63.23149, -17.6933 ], [ -63.23246, -17.69293 ], [ -63.23255, -17.69285 ], [ -63.2326, -17.69286 ], [ -63.23263, -17.69294 ], [ -63.23259, -17.69299 ], [ -63.23247, -17.69299 ], [ -63.23156, -17.69334 ], [ -63.23156, -17.69339 ], [ -63.23195, -17.69385 ], [ -63.232, -17.69387 ], [ -63.23245, -17.69371 ], [ -63.23248, -17.69363 ], [ -63.23253, -17.69358 ], [ -63.23263, -17.69358 ], [ -63.23267, -17.69362 ], [ -63.23268, -17.69371 ], [ -63.23261, -17.69377 ], [ -63.23249, -17.69376 ], [ -63.23212, -17.6939 ], [ -63.23208, -17.69394 ], [ -63.23209, -17.69401 ], [ -63.23252, -17.69449 ], [ -63.23256, -17.6945 ], [ -63.2329, -17.69438 ], [ -63.23295, -17.69438 ], [ -63.23299, -17.69442 ], [ -63.23299, -17.69448 ], [ -63.23294, -17.69452 ], [ -63.23281, -17.69448 ], [ -63.23263, -17.69455 ], [ -63.23261, -17.69457 ], [ -63.23262, -17.6947 ], [ -63.23256, -17.69478 ], [ -63.23075, -17.69549 ], [ -63.23034, -17.69563 ], [ -63.22925, -17.6957 ], [ -63.22863, -17.69591 ], [ -63.22828, -17.69594 ], [ -63.22826, -17.69601 ], [ -63.22844, -17.69637 ], [ -63.22851, -17.69637 ], [ -63.22917, -17.69609 ], [ -63.22923, -17.69602 ], [ -63.2293, -17.69602 ], [ -63.22934, -17.69609 ], [ -63.22932, -17.69613 ], [ -63.22928, -17.69615 ], [ -63.2292, -17.69613 ], [ -63.22788, -17.69669 ], [ -63.22783, -17.69669 ], [ -63.22774, -17.69665 ], [ -63.22746, -17.69605 ], [ -63.22743, -17.69603 ], [ -63.22684, -17.69607 ], [ -63.2268, -17.69614 ], [ -63.22716, -17.69692 ], [ -63.22716, -17.69696 ], [ -63.22712, -17.69702 ], [ -63.22667, -17.69722 ], [ -63.22664, -17.69726 ], [ -63.22663, -17.69733 ], [ -63.22658, -17.69737 ], [ -63.22653, -17.69738 ], [ -63.22646, -17.69733 ], [ -63.22644, -17.69722 ], [ -63.22583, -17.69711 ], [ -63.22601, -17.69748 ], [ -63.22609, -17.69755 ], [ -63.22609, -17.69761 ], [ -63.22607, -17.69763 ], [ -63.22603, -17.69765 ], [ -63.22596, -17.69764 ], [ -63.22594, -17.69761 ], [ -63.22595, -17.69752 ], [ -63.22565, -17.69684 ], [ -63.22561, -17.69678 ], [ -63.22556, -17.69678 ], [ -63.22531, -17.69716 ], [ -63.22527, -17.6974 ], [ -63.2254, -17.69771 ], [ -63.22546, -17.69776 ], [ -63.22544, -17.69785 ], [ -63.22536, -17.69786 ], [ -63.22532, -17.69782 ], [ -63.22532, -17.69772 ], [ -63.2252, -17.69747 ], [ -63.22518, -17.69745 ], [ -63.22513, -17.69745 ], [ -63.22508, -17.69748 ], [ -63.22482, -17.69785 ], [ -63.22475, -17.69788 ], [ -63.2241, -17.69801 ], [ -63.22404, -17.69809 ], [ -63.22403, -17.69832 ], [ -63.22397, -17.6984 ], [ -63.22125, -17.69953 ], [ -63.22114, -17.69963 ], [ -63.22098, -17.6997 ] ] ] } },
{ "type": "Feature", "properties": { "i": 532 }, "geometry": { "type": "Polygon", "coordinates": [ [ [ -63.21497, -17.69741 ], [ -63.21443, -17.69721 ], [ -63.21335, -17.69674 ], [ -63.21301, -17.69671 ], [ -63.21274, -17.69681 ], [ -63.21265, -17.69687 ], [ -63.21254, -17.6971 ], [ -63.21239, -17.69758 ], [ -63.21244, -17.69758 ], [ -63.21232, -17.69793 ], [ -63.21168, -17.69922 ], [ -63.21497, -17.70003 ], [ -63.21697, -17.70048 ], [ -63.21689, -17.70017 ], [ -63.21688, -17.70006 ], [ -63.2169, -17.69996 ], [ -63.21705, -17.69965 ], [ -63.21718, -17.69949 ], [ -63.2172, -17.69941 ], [ -63.21715, -17.69926 ], [ -63.21706, -17.69914 ], [ -63.21705, -17.69897 ], [ -63.21727, -17.69869 ], [ -63.21735, -17.69829 ], [ -63.21736, -17.69806 ], [ -63.21694, -17.69797 ], [ -63.2164, -17.6978 ], [ -63.21595, -17.69763 ], [ -63.21546, -17.69751 ], [ -63.21525, -17.69743 ], [ -63.21497, -17.69741 ] ] ] } },
{ "type": "Feature", "properties": { "i": 533 }, "geometry": { "type": "Polygon", "coordinates": [ [ [ -63.22198, -17.69695 ], [ -63.22191, -17.6968 ], [ -63.22195, -17.69675 ], [ -63.222, -17.69674 ], [ -63.22205, -17.69678 ], [ -63.22205, -17.69682 ], [ -63.22199, -17.6973 ], [ -63.22205, -17.69734 ], [ -63.22218, -17.69734 ], [ -63.22223, -17.69731 ], [ -63.22279, -17.69659 ], [ -63.22287, -17.69654 ], [ -63.22447, -17.69655 ], [ -63.22449, -17.69651 ], [ -63.22444, -17.69606 ], [ -63.22439, -17.696 ], [ -63.22439, -17.69595 ], [ -63.22442, -17.69591 ], [ -63.22449, -17.69591 ], [ -63.22453, -17.69595 ], [ -63.2245, -17.69606 ], [ -63.22454, -17.69646 ], [ -63.2251, -17.69714 ], [ -63.22516, -17.69717 ], [ -63.2252, -17.69716 ], [ -63.22552, -17.69672 ], [ -63.22552, -17.69667 ], [ -63.22501, -17.69586 ], [ -63.22492, -17.69581 ], [ -63.22492, -17.69574 ], [ -63.22495, -17.69571 ], [ -63.22502, -17.69571 ], [ -63.22504, -17.69573 ], [ -63.22506, -17.69577 ], [ -63.22505, -17.69582 ], [ -63.22524, -17.69613 ], [ -63.22554, -17.69658 ], [ -63.22562, -17.69661 ], [ -63.22606, -17.69639 ], [ -63.22608, -17.69631 ], [ -63.22566, -17.69567 ], [ -63.22552, -17.69563 ], [ -63.22548, -17.69557 ], [ -63.22549, -17.69553 ], [ -63.22552, -17.69548 ], [ -63.22556, -17.69546 ], [ -63.22561, -17.69546 ], [ -63.22567, -17.69551 ], [ -63.22572, -17.69551 ], [ -63.22616, -17.69534 ], [ -63.2262, -17.69532 ], [ -63.22623, -17.69524 ], [ -63.22628, -17.69519 ], [ -63.22633, -17.69518 ], [ -63.2264, -17.69522 ], [ -63.22642, -17.69531 ], [ -63.22639, -17.6954 ], [ -63.22672, -17.69596 ], [ -63.2268, -17.69601 ], [ -63.22735, -17.69597 ], [ -63.22739, -17.69594 ], [ -63.22739, -17.69589 ], [ -63.22705, -17.69515 ], [ -63.22703, -17.69512 ], [ -63.22692, -17.69508 ], [ -63.22689, -17.69499 ], [ -63.22695, -17.69492 ], [ -63.22701, -17.69492 ], [ -63.22711, -17.69497 ], [ -63.22757, -17.6948 ], [ -63.22761, -17.69476 ], [ -63.22762, -17.69469 ], [ -63.22767, -17.69466 ], [ -63.22774, -17.69466 ], [ -63.22779, -17.6947 ], [ -63.2278, -17.69476 ], [ -63.22775, -17.69483 ], [ -63.22775, -17.69487 ], [ -63.22818, -17.69584 ], [ -63.22822, -17.69588 ], [ -63.22863, -17.69585 ], [ -63.2289, -17.69576 ], [ -63.22893, -17.69573 ], [ -63.22893, -17.69568 ], [ -63.22842, -17.69459 ], [ -63.22834, -17.69453 ], [ -63.22835, -17.69446 ], [ -63.2284, -17.69443 ], [ -63.22844, -17.69443 ], [ -63.22848, -17.69447 ], [ -63.22847, -17.69457 ], [ -63.22901, -17.69569 ], [ -63.22906, -17.6957 ], [ -63.22922, -17.69564 ], [ -63.22967, -17.69561 ], [ -63.22971, -17.69557 ], [ -63.22973, -17.69514 ], [ -63.22907, -17.69438 ], [ -63.22903, -17.69429 ], [ -63.22905, -17.69423 ], [ -63.22913, -17.69417 ], [ -63.22973, -17.69394 ], [ -63.22981, -17.69369 ], [ -63.22986, -17.69365 ], [ -63.22991, -17.69366 ], [ -63.22995, -17.69371 ], [ -63.22994, -17.69375 ], [ -63.22984, -17.69383 ], [ -63.22981, -17.69394 ], [ -63.22981, -17.69398 ], [ -63.22987, -17.69406 ], [ -63.23072, -17.69448 ], [ -63.23132, -17.69454 ], [ -63.23135, -17.69451 ], [ -63.23135, -17.69447 ], [ -63.23065, -17.69367 ], [ -63.23054, -17.69362 ], [ -63.23053, -17.69356 ], [ -63.23055, -17.69354 ], [ -63.23044, -17.69337 ], [ -63.22833, -17.69418 ], [ -63.22682, -17.69473 ], [ -63.22103, -17.69691 ], [ -63.2209, -17.6979 ], [ -63.22066, -17.6994 ], [ -63.22063, -17.69963 ], [ -63.22067, -17.69965 ], [ -63.22071, -17.69966 ], [ -63.22111, -17.69949 ], [ -63.22122, -17.69949 ], [ -63.22127, -17.69947 ], [ -63.22204, -17.69914 ], [ -63.22208, -17.69908 ], [ -63.22179, -17.69821 ], [ -63.22175, -17.69818 ], [ -63.2217, -17.69818 ], [ -63.22163, -17.69823 ], [ -63.22162, -17.69828 ], [ -63.22158, -17.69831 ], [ -63.22151, -17.6983 ], [ -63.22148, -17.69826 ], [ -63.22149, -17.69818 ], [ -63.22176, -17.69811 ], [ -63.22181, -17.69804 ], [ -63.22198, -17.69695 ] ] ] } },
{ "type": "Feature", "properties": { "i": 534 }, "geometry": { "type": "Polygon", "coordinates": [ [ [ -63.23175, -17.69503 ], [ -63.23178, -17.69498 ], [ -63.23177, -17.69494 ], [ -63.23148, -17.69462 ], [ -63.2307, -17.69455 ], [ -63.2303, -17.69437 ], [ -63.23028, -17.69442 ], [ -63.23048, -17.69486 ], [ -63.23046, -17.69491 ], [ -63.2304, -17.69493 ], [ -63.23033, -17.69487 ], [ -63.23036, -17.69477 ], [ -63.23015, -17.69428 ], [ -63.22969, -17.69404 ], [ -63.22964, -17.69404 ], [ -63.22914, -17.69423 ], [ -63.22911, -17.69427 ], [ -63.22912, -17.69434 ], [ -63.22978, -17.69508 ], [ -63.22978, -17.69557 ], [ -63.22983, -17.69561 ], [ -63.23027, -17.69559 ], [ -63.23175, -17.69503 ] ] ] } },
{ "type": "Feature", "properties": { "i": 535 }, "geometry": { "type": "Polygon", "coordinates": [ [ [ -63.21276, -17.6962 ], [ -63.21277, -17.69625 ], [ -63.21241, -17.6973 ], [ -63.21074, -17.69684 ], [ -63.20991, -17.69879 ], [ -63.20781, -17.69827 ], [ -63.20841, -17.69751 ], [ -63.20863, -17.69759 ], [ -63.20863, -17.69765 ], [ -63.20835, -17.69795 ], [ -63.20833, -17.69799 ], [ -63.20834, -17.6981 ], [ -63.20842, -17.69814 ], [ -63.20966, -17.69845 ], [ -63.20971, -17.69845 ], [ -63.20977, -17.6984 ], [ -63.21032, -17.69707 ], [ -63.21034, -17.69698 ], [ -63.21028, -17.69665 ], [ -63.21027, -17.69644 ], [ -63.21035, -17.69615 ], [ -63.21042, -17.69602 ], [ -63.21056, -17.69586 ], [ -63.21073, -17.69572 ], [ -63.21088, -17.69565 ], [ -63.21098, -17.69561 ], [ -63.21122, -17.69557 ], [ -63.21146, -17.6956 ], [ -63.21194, -17.69575 ], [ -63.21251, -17.69579 ], [ -63.21276, -17.6962 ] ] ] } },
{ "type": "Feature", "properties": { "i": 536 }, "geometry": { "type": "Polygon", "coordinates": [ [ [ -63.21802, -17.69502 ], [ -63.21857, -17.69551 ], [ -63.21914, -17.69617 ], [ -63.21966, -17.69649 ], [ -63.22008, -17.69689 ], [ -63.22042, -17.69715 ], [ -63.22039, -17.69752 ], [ -63.22024, -17.69826 ], [ -63.22011, -17.69912 ], [ -63.22036, -17.69922 ], [ -63.22063, -17.69767 ], [ -63.22067, -17.69704 ], [ -63.2195, -17.69598 ], [ -63.21921, -17.69568 ], [ -63.21829, -17.69486 ], [ -63.21775, -17.69433 ], [ -63.21514, -17.69193 ], [ -63.21505, -17.69188 ], [ -63.21503, -17.69201 ], [ -63.2154, -17.69232 ], [ -63.2154, -17.69235 ], [ -63.21533, -17.69243 ], [ -63.21533, -17.69247 ], [ -63.21617, -17.69329 ], [ -63.21733, -17.69436 ], [ -63.21748, -17.69449 ], [ -63.21757, -17.69452 ], [ -63.21757, -17.69461 ], [ -63.21752, -17.69465 ], [ -63.21745, -17.69465 ], [ -63.21723, -17.69483 ], [ -63.21723, -17.69486 ], [ -63.21758, -17.69532 ], [ -63.21769, -17.69527 ], [ -63.21802, -17.69502 ] ] ] } },
{ "type": "Feature", "properties": { "i": 537 }, "geometry": { "type": "Polygon", "coordinates": [ [ [ -63.2078, -17.69726 ], [ -63.20917, -17.6977 ], [ -63.20985, -17.69787 ], [ -63.20989, -17.69787 ], [ -63.20993, -17.69783 ], [ -63.21007, -17.69749 ], [ -63.21006, -17.69744 ], [ -63.21003, -17.69742 ], [ -63.20927, -17.69723 ], [ -63.20855, -17.69699 ], [ -63.20804, -17.69685 ], [ -63.20794, -17.69693 ], [ -63.20788, -17.69702 ], [ -63.2078, -17.69719 ], [ -63.2078, -17.69726 ] ] ] } },
{ "type": "Feature", "properties": { "i": 538 }, "geometry": { "type": "Polygon", "coordinates": [ [ [ -63.21525, -17.69728 ], [ -63.21471, -17.69715 ], [ -63.21345, -17.69662 ], [ -63.21321, -17.69654 ], [ -63.21276, -17.69658 ], [ -63.21293, -17.6961 ], [ -63.21332, -17.69548 ], [ -63.21429, -17.69416 ], [ -63.21457, -17.69389 ], [ -63.21462, -17.69393 ], [ -63.21462, -17.69443 ], [ -63.21465, -17.69457 ], [ -63.21473, -17.69469 ], [ -63.21491, -17.69466 ], [ -63.215, -17.69461 ], [ -63.21509, -17.69461 ], [ -63.21526, -17.69467 ], [ -63.21562, -17.69486 ], [ -63.21572, -17.69493 ], [ -63.21615, -17.69536 ], [ -63.21695, -17.69597 ], [ -63.21706, -17.69609 ], [ -63.21706, -17.6964 ], [ -63.21699, -17.69674 ], [ -63.21701, -17.69691 ], [ -63.21728, -17.69748 ], [ -63.21737, -17.69785 ], [ -63.21737, -17.69799 ], [ -63.21569, -17.69747 ], [ -63.21548, -17.6974 ], [ -63.21525, -17.69728 ] ] ] } },
{ "type": "Feature", "properties": { "i": 539 }, "geometry": { "type": "Polygon", "coordinates": [ [ [ -63.20801, -17.69617 ], [ -63.2077, -17.69643 ], [ -63.20751, -17.69662 ], [ -63.20743, -17.69672 ], [ -63.2072, -17.69718 ], [ -63.20767, -17.69731 ], [ -63.20782, -17.697 ], [ -63.20789, -17.6969 ], [ -63.20832, -17.69652 ], [ -63.20869, -17.69634 ], [ -63.20878, -17.69586 ], [ -63.20874, -17.69582 ], [ -63.20869, -17.69583 ], [ -63.20833, -17.69599 ], [ -63.20801, -17.69617 ] ] ] } },
{ "type": "Feature", "properties": { "i": 540 }, "geometry": { "type": "Polygon", "coordinates": [ [ [ -63.20723, -17.69685 ], [ -63.20636, -17.6966 ], [ -63.20505, -17.69618 ], [ -63.2049, -17.69642 ], [ -63.20712, -17.69715 ], [ -63.20724, -17.6969 ], [ -63.20723, -17.69685 ] ] ] } },
{ "type": "Feature", "properties": { "i": 541 }, "geometry": { "type": "Polygon", "coordinates": [ [ [ -63.20879, -17.69645 ], [ -63.20939, -17.69665 ], [ -63.20945, -17.69663 ], [ -63.20949, -17.6962 ], [ -63.20957, -17.69591 ], [ -63.20979, -17.69551 ], [ -63.21001, -17.69527 ], [ -63.21002, -17.69522 ], [ -63.20999, -17.69518 ], [ -63.2094, -17.69501 ], [ -63.20932, -17.69505 ], [ -63.20908, -17.69537 ], [ -63.20893, -17.69569 ], [ -63.20886, -17.69588 ], [ -63.2088, -17.69617 ], [ -63.20878, -17.69631 ], [ -63.20879, -17.69645 ] ] ] } },
{ "type": "Feature", "properties": { "i": 542 }, "geometry": { "type": "Polygon", "coordinates": [ [ [ -63.21407, -17.6941 ], [ -63.21311, -17.6954 ], [ -63.21286, -17.69586 ], [ -63.21248, -17.69569 ], [ -63.21202, -17.69567 ], [ -63.21171, -17.69558 ], [ -63.21172, -17.6955 ], [ -63.21191, -17.69528 ], [ -63.21194, -17.69513 ], [ -63.21199, -17.69507 ], [ -63.21285, -17.6953 ], [ -63.2129, -17.69529 ], [ -63.21297, -17.69518 ], [ -63.21337, -17.6941 ], [ -63.21407, -17.6941 ] ] ] } },
{ "type": "Feature", "properties": { "i": 543 }, "geometry": { "type": "Polygon", "coordinates": [ [ [ -63.21277, -17.69399 ], [ -63.21237, -17.69506 ], [ -63.21237, -17.69511 ], [ -63.21283, -17.69524 ], [ -63.2129, -17.6952 ], [ -63.2133, -17.69409 ], [ -63.21277, -17.69399 ] ] ] } },
{ "type": "Feature", "properties": { "i": 544 }, "geometry": { "type": "Polygon", "coordinates": [ [ [ -63.20838, -17.69587 ], [ -63.20875, -17.69571 ], [ -63.20879, -17.69566 ], [ -63.20873, -17.69556 ], [ -63.20847, -17.69532 ], [ -63.20792, -17.69498 ], [ -63.20694, -17.69457 ], [ -63.20685, -17.69459 ], [ -63.20654, -17.69506 ], [ -63.20652, -17.69511 ], [ -63.20654, -17.69515 ], [ -63.2071, -17.69522 ], [ -63.20738, -17.6953 ], [ -63.20778, -17.69547 ], [ -63.20811, -17.69569 ], [ -63.20831, -17.69587 ], [ -63.20838, -17.69587 ] ] ] } },
{ "type": "Feature", "properties": { "i": 545 }, "geometry": { "type": "Polygon", "coordinates": [ [ [ -63.21015, -17.69513 ], [ -63.2102, -17.6951 ], [ -63.21091, -17.69355 ], [ -63.21027, -17.69353 ], [ -63.20986, -17.69421 ], [ -63.20944, -17.69485 ], [ -63.20946, -17.69494 ], [ -63.21015, -17.69513 ] ] ] } },
{ "type": "Feature", "properties": { "i": 546 }, "geometry": { "type": "Polygon", "coordinates": [ [ [ -63.21021, -17.69353 ], [ -63.20944, -17.69319 ], [ -63.20859, -17.69452 ], [ -63.20859, -17.69462 ], [ -63.2089, -17.69477 ], [ -63.20928, -17.69489 ], [ -63.20934, -17.69488 ], [ -63.21021, -17.69353 ] ] ] } },
{ "type": "Feature", "properties": { "i": 547 }, "geometry": { "type": "Polygon", "coordinates": [ [ [ -63.20885, -17.69195 ], [ -63.20809, -17.69318 ], [ -63.20755, -17.69381 ], [ -63.20724, -17.69406 ], [ -63.20684, -17.69447 ], [ -63.2066, -17.69485 ], [ -63.2064, -17.69512 ], [ -63.20602, -17.69551 ], [ -63.20574, -17.69573 ], [ -63.20557, -17.69582 ], [ -63.20534, -17.6959 ], [ -63.20483, -17.69516 ], [ -63.20666, -17.69338 ], [ -63.20734, -17.69266 ], [ -63.20755, -17.69238 ], [ -63.2084, -17.69104 ], [ -63.20885, -17.69195 ] ] ] } },
{ "type": "Feature", "properties": { "i": 548 }, "geometry": { "type": "Polygon", "coordinates": [ [ [ -63.21482, -17.69171 ], [ -63.21468, -17.69253 ], [ -63.21441, -17.69246 ], [ -63.21438, -17.69242 ], [ -63.21443, -17.69204 ], [ -63.21454, -17.69192 ], [ -63.21453, -17.69187 ], [ -63.21448, -17.69184 ], [ -63.21444, -17.69184 ], [ -63.2144, -17.69188 ], [ -63.21432, -17.6924 ], [ -63.21429, -17.69244 ], [ -63.21425, -17.69245 ], [ -63.21367, -17.69224 ], [ -63.21366, -17.69219 ], [ -63.21372, -17.69172 ], [ -63.21377, -17.69166 ], [ -63.21377, -17.69161 ], [ -63.21374, -17.69158 ], [ -63.21365, -17.69156 ], [ -63.2136, -17.69163 ], [ -63.21362, -17.69171 ], [ -63.21365, -17.69172 ], [ -63.2136, -17.69216 ], [ -63.21358, -17.69218 ], [ -63.21353, -17.6922 ], [ -63.21293, -17.69199 ], [ -63.2129, -17.69194 ], [ -63.2129, -17.69189 ], [ -63.21296, -17.69145 ], [ -63.21301, -17.6914 ], [ -63.21301, -17.69134 ], [ -63.21298, -17.6913 ], [ -63.21291, -17.6913 ], [ -63.21287, -17.69134 ], [ -63.21287, -17.69141 ], [ -63.21291, -17.69145 ], [ -63.21284, -17.6919 ], [ -63.21282, -17.69192 ], [ -63.21278, -17.69193 ], [ -63.21214, -17.69172 ], [ -63.21212, -17.69165 ], [ -63.21218, -17.69116 ], [ -63.21223, -17.69111 ], [ -63.21223, -17.69106 ], [ -63.2122, -17.69101 ], [ -63.21211, -17.691 ], [ -63.21206, -17.69106 ], [ -63.21206, -17.69111 ], [ -63.21211, -17.69117 ], [ -63.21206, -17.69162 ], [ -63.21202, -17.69166 ], [ -63.21187, -17.69163 ], [ -63.21111, -17.69161 ], [ -63.21105, -17.69157 ], [ -63.21104, -17.69152 ], [ -63.21128, -17.69103 ], [ -63.21128, -17.69097 ], [ -63.21124, -17.6909 ], [ -63.20939, -17.69025 ], [ -63.20933, -17.69016 ], [ -63.20928, -17.69016 ], [ -63.20923, -17.69022 ], [ -63.20925, -17.69026 ], [ -63.20955, -17.69037 ], [ -63.20957, -17.69041 ], [ -63.20934, -17.69105 ], [ -63.20931, -17.6915 ], [ -63.20944, -17.69189 ], [ -63.20946, -17.69193 ], [ -63.20952, -17.69197 ], [ -63.21032, -17.69225 ], [ -63.21035, -17.69232 ], [ -63.21031, -17.69251 ], [ -63.21025, -17.69259 ], [ -63.21027, -17.69265 ], [ -63.21035, -17.69267 ], [ -63.2104, -17.69262 ], [ -63.21037, -17.69251 ], [ -63.21042, -17.69225 ], [ -63.21097, -17.69167 ], [ -63.21118, -17.69167 ], [ -63.21122, -17.69171 ], [ -63.21123, -17.69174 ], [ -63.21118, -17.69195 ], [ -63.21119, -17.69201 ], [ -63.21121, -17.69206 ], [ -63.21125, -17.69209 ], [ -63.21132, -17.69208 ], [ -63.21135, -17.69204 ], [ -63.21135, -17.69199 ], [ -63.21126, -17.69193 ], [ -63.21125, -17.69187 ], [ -63.2113, -17.6917 ], [ -63.21136, -17.69167 ], [ -63.21189, -17.69169 ], [ -63.21203, -17.69176 ], [ -63.21205, -17.69184 ], [ -63.21192, -17.69234 ], [ -63.21186, -17.69242 ], [ -63.21172, -17.6925 ], [ -63.21141, -17.6926 ], [ -63.21114, -17.69276 ], [ -63.21096, -17.69271 ], [ -63.21091, -17.69264 ], [ -63.21084, -17.69263 ], [ -63.2108, -17.69266 ], [ -63.21079, -17.69272 ], [ -63.21085, -17.69277 ], [ -63.21095, -17.69276 ], [ -63.21109, -17.69283 ], [ -63.21115, -17.69283 ], [ -63.21142, -17.69266 ], [ -63.21172, -17.69259 ], [ -63.21261, -17.69306 ], [ -63.21261, -17.69319 ], [ -63.21265, -17.69323 ], [ -63.21272, -17.69323 ], [ -63.21275, -17.69319 ], [ -63.21273, -17.69308 ], [ -63.21287, -17.69212 ], [ -63.21289, -17.69208 ], [ -63.21295, -17.69206 ], [ -63.21353, -17.69227 ], [ -63.21357, -17.69231 ], [ -63.21348, -17.69303 ], [ -63.21344, -17.69306 ], [ -63.21342, -17.69311 ], [ -63.21343, -17.69315 ], [ -63.21347, -17.69318 ], [ -63.21353, -17.69318 ], [ -63.21357, -17.69314 ], [ -63.21354, -17.69303 ], [ -63.21364, -17.69237 ], [ -63.21369, -17.69233 ], [ -63.21397, -17.69242 ], [ -63.21395, -17.69297 ], [ -63.21397, -17.69297 ], [ -63.214, -17.69244 ], [ -63.21452, -17.69266 ], [ -63.21458, -17.69252 ], [ -63.21453, -17.69266 ], [ -63.21466, -17.69271 ], [ -63.21471, -17.6928 ], [ -63.21471, -17.69332 ], [ -63.21269, -17.69352 ], [ -63.212, -17.69329 ], [ -63.21122, -17.69308 ], [ -63.2108, -17.69318 ], [ -63.21063, -17.6932 ], [ -63.21054, -17.6932 ], [ -63.21021, -17.69313 ], [ -63.20992, -17.69299 ], [ -63.20973, -17.69279 ], [ -63.20876, -17.69082 ], [ -63.20837, -17.69008 ], [ -63.20842, -17.68989 ], [ -63.2085, -17.68968 ], [ -63.20863, -17.68963 ], [ -63.21177, -17.69067 ], [ -63.21451, -17.69163 ], [ -63.21482, -17.69171 ] ] ] } },
{ "type": "Feature", "properties": { "i": 549 }, "geometry": { "type": "Polygon", "coordinates": [ [ [ -63.21086, -17.69157 ], [ -63.21091, -17.69157 ], [ -63.21098, -17.69153 ], [ -63.21122, -17.69101 ], [ -63.21118, -17.69093 ], [ -63.20971, -17.69042 ], [ -63.20965, -17.69043 ], [ -63.20942, -17.691 ], [ -63.20945, -17.69107 ], [ -63.21086, -17.69157 ] ] ] } },
{ "type": "Feature", "properties": { "i": 550 }, "geometry": { "type": "Polygon", "coordinates": [ [ [ -63.44899, -17.62737 ], [ -63.44775, -17.62616 ], [ -63.44773, -17.62616 ], [ -63.44712, -17.62688 ], [ -63.44791, -17.62802 ], [ -63.44899, -17.62737 ] ] ] } },
{ "type": "Feature", "properties": { "i": 551 }, "geometry": { "type": "Polygon", "coordinates": [ [ [ -63.44646, -17.62553 ], [ -63.44565, -17.62442 ], [ -63.44624, -17.6231 ], [ -63.44637, -17.62298 ], [ -63.44657, -17.6229 ], [ -63.44699, -17.62262 ], [ -63.44702, -17.62254 ], [ -63.44706, -17.62195 ], [ -63.44738, -17.6217 ], [ -63.44783, -17.62173 ], [ -63.44788, -17.62175 ], [ -63.44789, -17.62206 ], [ -63.44785, -17.62259 ], [ -63.44787, -17.62276 ], [ -63.44796, -17.62287 ], [ -63.44834, -17.62304 ], [ -63.44844, -17.62313 ], [ -63.44851, -17.62323 ], [ -63.44862, -17.62346 ], [ -63.44879, -17.62398 ], [ -63.44881, -17.62449 ], [ -63.44896, -17.62479 ], [ -63.44927, -17.62521 ], [ -63.44933, -17.62536 ], [ -63.44935, -17.62548 ], [ -63.44934, -17.62565 ], [ -63.44921, -17.62612 ], [ -63.44866, -17.62694 ], [ -63.44775, -17.62605 ], [ -63.44729, -17.62587 ], [ -63.44686, -17.62576 ], [ -63.44668, -17.62568 ], [ -63.44646, -17.62553 ] ] ] } },
{ "type": "Feature", "properties": { "i": 552 }, "geometry": { "type": "Polygon", "coordinates": [ [ [ -63.44554, -17.62433 ], [ -63.44617, -17.62304 ], [ -63.44635, -17.62288 ], [ -63.44659, -17.62279 ], [ -63.44691, -17.6226 ], [ -63.44691, -17.62258 ], [ -63.44578, -17.62255 ], [ -63.44483, -17.62256 ], [ -63.44474, -17.62375 ], [ -63.44554, -17.62433 ] ] ] } },
{ "type": "Feature", "properties": { "i": 553 }, "geometry": { "type": "Polygon", "coordinates": [ [ [ -63.44915, -17.6236 ], [ -63.44924, -17.6234 ], [ -63.44916, -17.62266 ], [ -63.45034, -17.62243 ], [ -63.45035, -17.62184 ], [ -63.45021, -17.62171 ], [ -63.44939, -17.62149 ], [ -63.44917, -17.62137 ], [ -63.44891, -17.62119 ], [ -63.44891, -17.621 ], [ -63.44857, -17.62099 ], [ -63.44804, -17.62087 ], [ -63.448, -17.62091 ], [ -63.44797, -17.62186 ], [ -63.44798, -17.62272 ], [ -63.44804, -17.62278 ], [ -63.44837, -17.62292 ], [ -63.44851, -17.62304 ], [ -63.44863, -17.6232 ], [ -63.44884, -17.62368 ], [ -63.44915, -17.6236 ] ] ] } },
{ "type": "Feature", "properties": { "i": 554 }, "geometry": { "type": "Polygon", "coordinates": [ [ [ -63.45474, -17.62092 ], [ -63.45465, -17.62027 ], [ -63.4533, -17.62031 ], [ -63.45167, -17.62027 ], [ -63.45192, -17.62143 ], [ -63.45474, -17.62092 ] ] ] } },
{ "type": "Feature", "properties": { "i": 555 }, "geometry": { "type": "Polygon", "coordinates": [ [ [ -63.44601, -17.62186 ], [ -63.44617, -17.62164 ], [ -63.44688, -17.62144 ], [ -63.44695, -17.62144 ], [ -63.44732, -17.62166 ], [ -63.44731, -17.6217 ], [ -63.44699, -17.62194 ], [ -63.44695, -17.62251 ], [ -63.44594, -17.62248 ], [ -63.44601, -17.62186 ] ] ] } },
{ "type": "Feature", "properties": { "i": 556 }, "geometry": { "type": "Polygon", "coordinates": [ [ [ -63.45076, -17.62049 ], [ -63.45074, -17.62048 ], [ -63.44994, -17.62087 ], [ -63.44904, -17.62096 ], [ -63.44897, -17.62115 ], [ -63.44929, -17.62136 ], [ -63.44976, -17.6215 ], [ -63.45016, -17.62147 ], [ -63.45027, -17.62151 ], [ -63.45048, -17.62172 ], [ -63.45076, -17.62049 ] ] ] } },
{ "type": "Feature", "properties": { "i": 557 }, "geometry": { "type": "Polygon", "coordinates": [ [ [ -63.44614, -17.62154 ], [ -63.44616, -17.62138 ], [ -63.44601, -17.62048 ], [ -63.44596, -17.62044 ], [ -63.44545, -17.62047 ], [ -63.44514, -17.62078 ], [ -63.44444, -17.62136 ], [ -63.44432, -17.62226 ], [ -63.44496, -17.62252 ], [ -63.44585, -17.62248 ], [ -63.44595, -17.62181 ], [ -63.44614, -17.62154 ] ] ] } },
{ "type": "Feature", "properties": { "i": 558 }, "geometry": { "type": "Polygon", "coordinates": [ [ [ -63.44612, -17.62041 ], [ -63.44632, -17.62151 ], [ -63.44636, -17.62152 ], [ -63.44695, -17.62137 ], [ -63.44746, -17.62163 ], [ -63.44785, -17.62165 ], [ -63.44791, -17.62133 ], [ -63.44792, -17.62099 ], [ -63.44791, -17.62096 ], [ -63.44768, -17.6209 ], [ -63.44791, -17.62094 ], [ -63.44789, -17.62074 ], [ -63.44785, -17.6207 ], [ -63.44715, -17.62038 ], [ -63.44697, -17.62033 ], [ -63.44679, -17.62031 ], [ -63.4466, -17.62032 ], [ -63.44612, -17.62041 ] ] ] } },
{ "type": "Feature", "properties": { "i": 559 }, "geometry": { "type": "Polygon", "coordinates": [ [ [ -63.44259, -17.62147 ], [ -63.44271, -17.6214 ], [ -63.44337, -17.62146 ], [ -63.44357, -17.6208 ], [ -63.44318, -17.62084 ], [ -63.44242, -17.62087 ], [ -63.44084, -17.62087 ], [ -63.44014, -17.6209 ], [ -63.43966, -17.62098 ], [ -63.43924, -17.62108 ], [ -63.4388, -17.62125 ], [ -63.43888, -17.6216 ], [ -63.43972, -17.62161 ], [ -63.44202, -17.62427 ], [ -63.44259, -17.62147 ] ] ] } },
{ "type": "Feature", "properties": { "i": 560 }, "geometry": { "type": "Polygon", "coordinates": [ [ [ -63.44805, -17.61827 ], [ -63.45343, -17.61885 ], [ -63.45322, -17.6169 ], [ -63.45381, -17.61703 ], [ -63.45409, -17.6171 ], [ -63.45489, -17.61986 ], [ -63.45382, -17.62011 ], [ -63.45295, -17.62008 ], [ -63.45205, -17.6201 ], [ -63.4515, -17.62006 ], [ -63.45122, -17.62007 ], [ -63.45099, -17.62013 ], [ -63.45072, -17.62024 ], [ -63.45031, -17.62049 ], [ -63.44974, -17.62074 ], [ -63.4493, -17.62082 ], [ -63.44929, -17.62067 ], [ -63.44934, -17.62047 ], [ -63.44945, -17.62029 ], [ -63.44965, -17.62011 ], [ -63.4496, -17.61981 ], [ -63.44954, -17.61982 ], [ -63.44958, -17.62 ], [ -63.44957, -17.6201 ], [ -63.44938, -17.62025 ], [ -63.44925, -17.62042 ], [ -63.44921, -17.62059 ], [ -63.44922, -17.6208 ], [ -63.4492, -17.62084 ], [ -63.44869, -17.62086 ], [ -63.44844, -17.62083 ], [ -63.44804, -17.62068 ], [ -63.44802, -17.62063 ], [ -63.44819, -17.61979 ], [ -63.44761, -17.61957 ], [ -63.44759, -17.61952 ], [ -63.4477, -17.61927 ], [ -63.44805, -17.61827 ] ] ] } },
{ "type": "Feature", "properties": { "i": 561 }, "geometry": { "type": "Polygon", "coordinates": [ [ [ -63.44497, -17.62015 ], [ -63.44417, -17.61995 ], [ -63.44414, -17.61997 ], [ -63.444, -17.62053 ], [ -63.44494, -17.62041 ], [ -63.44497, -17.62015 ] ] ] } },
{ "type": "Feature", "properties": { "i": 562 }, "geometry": { "type": "Polygon", "coordinates": [ [ [ -63.44389, -17.62054 ], [ -63.44405, -17.61997 ], [ -63.44404, -17.61992 ], [ -63.44277, -17.61993 ], [ -63.4417, -17.62007 ], [ -63.44134, -17.62018 ], [ -63.44089, -17.62047 ], [ -63.44063, -17.62067 ], [ -63.44063, -17.62071 ], [ -63.44066, -17.62075 ], [ -63.44247, -17.62068 ], [ -63.44389, -17.62054 ] ] ] } },
{ "type": "Feature", "properties": { "i": 563 }, "geometry": { "type": "Polygon", "coordinates": [ [ [ -63.44623, -17.61867 ], [ -63.44601, -17.61918 ], [ -63.44601, -17.61925 ], [ -63.44624, -17.62019 ], [ -63.44506, -17.62039 ], [ -63.44522, -17.61878 ], [ -63.44538, -17.61839 ], [ -63.44623, -17.61867 ] ] ] } },
{ "type": "Feature", "properties": { "i": 564 }, "geometry": { "type": "Polygon", "coordinates": [ [ [ -63.44206, -17.61993 ], [ -63.44153, -17.62003 ], [ -63.44126, -17.62014 ], [ -63.4411, -17.62023 ], [ -63.44044, -17.62073 ], [ -63.44, -17.62076 ], [ -63.43919, -17.62096 ], [ -63.43909, -17.62074 ], [ -63.44138, -17.61883 ], [ -63.44146, -17.61891 ], [ -63.44152, -17.61929 ], [ -63.44206, -17.61993 ] ] ] } },
{ "type": "Feature", "properties": { "i": 565 }, "geometry": { "type": "Polygon", "coordinates": [ [ [ -63.44652, -17.61819 ], [ -63.44638, -17.61731 ], [ -63.44838, -17.61717 ], [ -63.44766, -17.61924 ], [ -63.44722, -17.62028 ], [ -63.44686, -17.62016 ], [ -63.44632, -17.62018 ], [ -63.44608, -17.61928 ], [ -63.44608, -17.6192 ], [ -63.44652, -17.61819 ] ] ] } },
{ "type": "Feature", "properties": { "i": 566 }, "geometry": { "type": "Polygon", "coordinates": [ [ [ -63.44162, -17.61932 ], [ -63.44216, -17.61992 ], [ -63.44286, -17.61983 ], [ -63.44399, -17.61984 ], [ -63.44405, -17.6198 ], [ -63.44404, -17.61972 ], [ -63.44366, -17.61871 ], [ -63.44371, -17.61869 ], [ -63.44415, -17.61985 ], [ -63.4442, -17.61989 ], [ -63.44497, -17.62007 ], [ -63.4451, -17.61877 ], [ -63.44478, -17.61734 ], [ -63.4442, -17.61728 ], [ -63.44368, -17.61695 ], [ -63.44227, -17.61813 ], [ -63.44152, -17.61873 ], [ -63.44162, -17.61932 ] ] ] } },
{ "type": "Feature", "properties": { "i": 567 }, "geometry": { "type": "Polygon", "coordinates": [ [ [ -63.44578, -17.61757 ], [ -63.44539, -17.61833 ], [ -63.44626, -17.61862 ], [ -63.44644, -17.61823 ], [ -63.44629, -17.61746 ], [ -63.44578, -17.61757 ] ] ] } },
{ "type": "Feature", "properties": { "i": 568 }, "geometry": { "type": "Polygon", "coordinates": [ [ [ -63.44571, -17.61751 ], [ -63.44628, -17.61741 ], [ -63.44626, -17.6173 ], [ -63.4449, -17.61735 ], [ -63.44516, -17.61869 ], [ -63.44571, -17.61751 ] ] ] } },
{ "type": "Feature", "properties": { "i": 569 }, "geometry": { "type": "Polygon", "coordinates": [ [ [ -63.21487, -17.63939 ], [ -63.21485, -17.63934 ], [ -63.21519, -17.63916 ], [ -63.21541, -17.63958 ], [ -63.21564, -17.63993 ], [ -63.21564, -17.64011 ], [ -63.21535, -17.64051 ], [ -63.21502, -17.64075 ], [ -63.21479, -17.64083 ], [ -63.21425, -17.64089 ], [ -63.21353, -17.64088 ], [ -63.21353, -17.64086 ], [ -63.21405, -17.64063 ], [ -63.2145, -17.64033 ], [ -63.21465, -17.64011 ], [ -63.21476, -17.63986 ], [ -63.21487, -17.63939 ] ] ] } },
{ "type": "Feature", "properties": { "i": 570 }, "geometry": { "type": "Polygon", "coordinates": [ [ [ -63.20616, -17.63633 ], [ -63.20607, -17.63626 ], [ -63.20567, -17.63649 ], [ -63.20496, -17.63718 ], [ -63.20478, -17.63756 ], [ -63.20419, -17.63934 ], [ -63.20619, -17.64003 ], [ -63.20713, -17.63718 ], [ -63.20684, -17.6371 ], [ -63.20627, -17.63721 ], [ -63.2058, -17.6372 ], [ -63.2059, -17.63654 ], [ -63.20616, -17.63633 ] ] ] } },
{ "type": "Feature", "properties": { "i": 571 }, "geometry": { "type": "Polygon", "coordinates": [ [ [ -63.20395, -17.63723 ], [ -63.20475, -17.63737 ], [ -63.20498, -17.63701 ], [ -63.20544, -17.63656 ], [ -63.20566, -17.63638 ], [ -63.20607, -17.63619 ], [ -63.20608, -17.63585 ], [ -63.20597, -17.63579 ], [ -63.20525, -17.63554 ], [ -63.20339, -17.63514 ], [ -63.20324, -17.63539 ], [ -63.20365, -17.63549 ], [ -63.20351, -17.63584 ], [ -63.20361, -17.63658 ], [ -63.20395, -17.63723 ] ] ] } },
{ "type": "Feature", "properties": { "i": 572 }, "geometry": { "type": "Polygon", "coordinates": [ [ [ -63.20418, -17.63395 ], [ -63.20408, -17.63399 ], [ -63.20385, -17.63439 ], [ -63.20385, -17.63445 ], [ -63.20388, -17.63449 ], [ -63.20662, -17.63507 ], [ -63.20687, -17.63453 ], [ -63.20418, -17.63395 ] ] ] } }
]
}
