{
"type": "FeatureCollection",
"name": "geo_montero",
"crs": { "type": "name", "properties": { "name": "urn:ogc:def:crs:OGC:1.3:CRS84" } },
"xy_coordinate_resolution": 1e-05,
"features": [
{ "type": "Feature", "properties": { "i": 0 }, "geometry": { "type": "Polygon", "coordinates": [ [ [ -63.25535, -17.38967 ], [ -63.25548, -17.39066 ], [ -63.25554, -17.3913 ], [ -63.2568, -17.39128 ], [ -63.25785, -17.38982 ], [ -63.25604, -17.38877 ], [ -63.25595, -17.38878 ], [ -63.25588, -17.38883 ], [ -63.25586, -17.38907 ], [ -63.25579, -17.38904 ], [ -63.25583, -17.38885 ], [ -63.2558, -17.38872 ], [ -63.25572, -17.38857 ], [ -63.25555, -17.38842 ], [ -63.25512, -17.38835 ], [ -63.25479, -17.38959 ], [ -63.25535, -17.38967 ] ] ] } },
{ "type": "Feature", "properties": { "i": 1 }, "geometry": { "type": "Polygon", "coordinates": [ [ [ -63.25234, -17.38921 ], [ -63.25201, -17.38835 ], [ -63.25144, -17.38861 ], [ -63.25167, -17.38942 ], [ -63.25234, -17.38921 ] ] ] } },
{ "type": "Feature", "properties": { "i": 2 }, "geometry": { "type": "Polygon", "coordinates": [ [ [ -63.25109, -17.38943 ], [ -63.25099, -17.38888 ], [ -63.2509, -17.38858 ], [ -63.25052, -17.38863 ], [ -63.25052, -17.38859 ], [ -63.25089, -17.38854 ], [ -63.25079, -17.38826 ], [ -63.24944, -17.38584 ], [ -63.24872, -17.3846 ], [ -63.24868, -17.38459 ], [ -63.24849, -17.38484 ], [ -63.24812, -17.3854 ], [ -63.24715, -17.38711 ], [ -63.24704, -17.38741 ], [ -63.24692, -17.38784 ], [ -63.24682, -17.38806 ], [ -63.24664, -17.38833 ], [ -63.24664, -17.38838 ], [ -63.24668, -17.38842 ], [ -63.24672, -17.38842 ], [ -63.24823, -17.38837 ], [ -63.24816, -17.38867 ], [ -63.24822, -17.38873 ], [ -63.24938, -17.3886 ], [ -63.24943, -17.38863 ], [ -63.24894, -17.39128 ], [ -63.25045, -17.39092 ], [ -63.25127, -17.3907 ], [ -63.25109, -17.38943 ] ] ] } },
{ "type": "Feature", "properties": { "i": 3 }, "geometry": { "type": "Polygon", "coordinates": [ [ [ -63.25159, -17.38833 ], [ -63.25148, -17.38752 ], [ -63.25088, -17.3867 ], [ -63.25186, -17.38607 ], [ -63.25162, -17.38577 ], [ -63.25017, -17.3869 ], [ -63.2508, -17.38802 ], [ -63.251, -17.38845 ], [ -63.25108, -17.38871 ], [ -63.25159, -17.38833 ] ] ] } },
{ "type": "Feature", "properties": { "i": 4 }, "geometry": { "type": "Polygon", "coordinates": [ [ [ -63.25013, -17.38677 ], [ -63.25088, -17.38619 ], [ -63.25024, -17.38543 ], [ -63.24961, -17.3859 ], [ -63.25007, -17.38675 ], [ -63.25013, -17.38677 ] ] ] } },
{ "type": "Feature", "properties": { "i": 5 }, "geometry": { "type": "Polygon", "coordinates": [ [ [ -63.25194, -17.38603 ], [ -63.25257, -17.38563 ], [ -63.25226, -17.38526 ], [ -63.25167, -17.38569 ], [ -63.25194, -17.38603 ] ] ] } },
{ "type": "Feature", "properties": { "i": 6 }, "geometry": { "type": "Polygon", "coordinates": [ [ [ -63.25153, -17.3857 ], [ -63.25127, -17.38536 ], [ -63.2507, -17.38581 ], [ -63.25097, -17.38613 ], [ -63.25153, -17.3857 ] ] ] } },
{ "type": "Feature", "properties": { "i": 7 }, "geometry": { "type": "Polygon", "coordinates": [ [ [ -63.25265, -17.3856 ], [ -63.25319, -17.38526 ], [ -63.25285, -17.38482 ], [ -63.25234, -17.3852 ], [ -63.25265, -17.3856 ] ] ] } },
{ "type": "Feature", "properties": { "i": 8 }, "geometry": { "type": "Polygon", "coordinates": [ [ [ -63.2522, -17.38519 ], [ -63.25194, -17.38486 ], [ -63.25136, -17.38529 ], [ -63.25163, -17.38563 ], [ -63.2522, -17.38519 ] ] ] } },
{ "type": "Feature", "properties": { "i": 9 }, "geometry": { "type": "Polygon", "coordinates": [ [ [ -63.25065, -17.38573 ], [ -63.25121, -17.38529 ], [ -63.25092, -17.38493 ], [ -63.25035, -17.38536 ], [ -63.25065, -17.38573 ] ] ] } },
{ "type": "Feature", "properties": { "i": 10 }, "geometry": { "type": "Polygon", "coordinates": [ [ [ -63.25253, -17.38441 ], [ -63.25202, -17.3848 ], [ -63.25228, -17.38511 ], [ -63.25279, -17.38472 ], [ -63.25253, -17.38441 ] ] ] } },
{ "type": "Feature", "properties": { "i": 11 }, "geometry": { "type": "Polygon", "coordinates": [ [ [ -63.25186, -17.38478 ], [ -63.25157, -17.38442 ], [ -63.25099, -17.38485 ], [ -63.25129, -17.38522 ], [ -63.25186, -17.38478 ] ] ] } },
{ "type": "Feature", "properties": { "i": 12 }, "geometry": { "type": "Polygon", "coordinates": [ [ [ -63.25215, -17.38394 ], [ -63.25164, -17.38434 ], [ -63.25193, -17.38469 ], [ -63.25244, -17.38431 ], [ -63.25215, -17.38394 ] ] ] } },
{ "type": "Feature", "properties": { "i": 13 }, "geometry": { "type": "Polygon", "coordinates": [ [ [ -63.25215, -17.38383 ], [ -63.25066, -17.38209 ], [ -63.24871, -17.38435 ], [ -63.24953, -17.38579 ], [ -63.24961, -17.3858 ], [ -63.25215, -17.38383 ] ] ] } },
{ "type": "Feature", "properties": { "i": 14 }, "geometry": { "type": "Polygon", "coordinates": [ [ [ -63.24955, -17.38312 ], [ -63.24874, -17.38263 ], [ -63.24816, -17.3834 ], [ -63.24872, -17.38409 ], [ -63.24955, -17.38312 ] ] ] } },
{ "type": "Feature", "properties": { "i": 15 }, "geometry": { "type": "Polygon", "coordinates": [ [ [ -63.24867, -17.3826 ], [ -63.24779, -17.38209 ], [ -63.24747, -17.38258 ], [ -63.24811, -17.38335 ], [ -63.24867, -17.3826 ] ] ] } },
{ "type": "Feature", "properties": { "i": 16 }, "geometry": { "type": "Polygon", "coordinates": [ [ [ -63.25035, -17.38207 ], [ -63.24852, -17.38093 ], [ -63.24818, -17.38145 ], [ -63.25003, -17.38252 ], [ -63.25035, -17.38207 ] ] ] } },
{ "type": "Feature", "properties": { "i": 17 }, "geometry": { "type": "Polygon", "coordinates": [ [ [ -63.23799, -17.38435 ], [ -63.23831, -17.38386 ], [ -63.23719, -17.3832 ], [ -63.23687, -17.3837 ], [ -63.23799, -17.38435 ] ] ] } },
{ "type": "Feature", "properties": { "i": 18 }, "geometry": { "type": "Polygon", "coordinates": [ [ [ -63.24743, -17.38248 ], [ -63.24806, -17.38149 ], [ -63.24756, -17.3812 ], [ -63.247, -17.3821 ], [ -63.24736, -17.38249 ], [ -63.24743, -17.38248 ] ] ] } },
{ "type": "Feature", "properties": { "i": 19 }, "geometry": { "type": "Polygon", "coordinates": [ [ [ -63.25075, -17.38146 ], [ -63.24891, -17.38037 ], [ -63.24887, -17.38038 ], [ -63.24856, -17.38085 ], [ -63.25042, -17.38198 ], [ -63.25075, -17.38146 ] ] ] } },
{ "type": "Feature", "properties": { "i": 20 }, "geometry": { "type": "Polygon", "coordinates": [ [ [ -63.241, -17.38228 ], [ -63.24043, -17.38194 ], [ -63.23967, -17.38314 ], [ -63.24025, -17.38349 ], [ -63.241, -17.38228 ] ] ] } },
{ "type": "Feature", "properties": { "i": 21 }, "geometry": { "type": "Polygon", "coordinates": [ [ [ -63.24279, -17.37825 ], [ -63.24223, -17.37792 ], [ -63.2422, -17.37786 ], [ -63.24245, -17.37753 ], [ -63.24304, -17.3771 ], [ -63.24311, -17.37707 ], [ -63.2443, -17.3791 ], [ -63.24472, -17.37977 ], [ -63.24518, -17.38039 ], [ -63.24661, -17.38189 ], [ -63.24364, -17.38496 ], [ -63.24233, -17.38639 ], [ -63.24167, -17.38641 ], [ -63.24037, -17.38577 ], [ -63.24027, -17.38563 ], [ -63.23976, -17.38435 ], [ -63.23976, -17.3843 ], [ -63.23978, -17.38423 ], [ -63.24236, -17.38173 ], [ -63.24188, -17.38093 ], [ -63.24266, -17.37968 ], [ -63.24205, -17.37934 ], [ -63.24279, -17.37825 ] ] ] } },
{ "type": "Feature", "properties": { "i": 22 }, "geometry": { "type": "Polygon", "coordinates": [ [ [ -63.23839, -17.38245 ], [ -63.23787, -17.38213 ], [ -63.23723, -17.38314 ], [ -63.23776, -17.38346 ], [ -63.23839, -17.38245 ] ] ] } },
{ "type": "Feature", "properties": { "i": 23 }, "geometry": { "type": "Polygon", "coordinates": [ [ [ -63.2396, -17.3831 ], [ -63.24036, -17.38191 ], [ -63.23987, -17.38162 ], [ -63.23911, -17.38281 ], [ -63.2396, -17.3831 ] ] ] } },
{ "type": "Feature", "properties": { "i": 24 }, "geometry": { "type": "Polygon", "coordinates": [ [ [ -63.24829, -17.38002 ], [ -63.24758, -17.3811 ], [ -63.24812, -17.38142 ], [ -63.24881, -17.38032 ], [ -63.24829, -17.38002 ] ] ] } },
{ "type": "Feature", "properties": { "i": 25 }, "geometry": { "type": "Polygon", "coordinates": [ [ [ -63.23717, -17.38311 ], [ -63.23782, -17.38212 ], [ -63.23736, -17.38185 ], [ -63.23671, -17.38284 ], [ -63.23717, -17.38311 ] ] ] } },
{ "type": "Feature", "properties": { "i": 26 }, "geometry": { "type": "Polygon", "coordinates": [ [ [ -63.23976, -17.38155 ], [ -63.23926, -17.38125 ], [ -63.2385, -17.38244 ], [ -63.239, -17.38274 ], [ -63.23976, -17.38155 ] ] ] } },
{ "type": "Feature", "properties": { "i": 27 }, "geometry": { "type": "Polygon", "coordinates": [ [ [ -63.23667, -17.38281 ], [ -63.23729, -17.38185 ], [ -63.23729, -17.38183 ], [ -63.2368, -17.38153 ], [ -63.23675, -17.38155 ], [ -63.23617, -17.38243 ], [ -63.23622, -17.38254 ], [ -63.23667, -17.38281 ] ] ] } },
{ "type": "Feature", "properties": { "i": 28 }, "geometry": { "type": "Polygon", "coordinates": [ [ [ -63.23919, -17.3812 ], [ -63.23869, -17.38091 ], [ -63.23793, -17.3821 ], [ -63.23843, -17.3824 ], [ -63.23919, -17.3812 ] ] ] } },
{ "type": "Feature", "properties": { "i": 29 }, "geometry": { "type": "Polygon", "coordinates": [ [ [ -63.23566, -17.38136 ], [ -63.23494, -17.38251 ], [ -63.23553, -17.38286 ], [ -63.23627, -17.38173 ], [ -63.23566, -17.38136 ] ] ] } },
{ "type": "Feature", "properties": { "i": 30 }, "geometry": { "type": "Polygon", "coordinates": [ [ [ -63.2662, -17.37611 ], [ -63.26621, -17.37603 ], [ -63.26616, -17.37594 ], [ -63.26572, -17.37569 ], [ -63.26562, -17.37571 ], [ -63.26467, -17.37719 ], [ -63.26468, -17.37729 ], [ -63.26516, -17.37757 ], [ -63.26524, -17.37755 ], [ -63.2662, -17.37611 ] ] ] } },
{ "type": "Feature", "properties": { "i": 31 }, "geometry": { "type": "Polygon", "coordinates": [ [ [ -63.24176, -17.38097 ], [ -63.24175, -17.38093 ], [ -63.24068, -17.3803 ], [ -63.24032, -17.38085 ], [ -63.24033, -17.38089 ], [ -63.24141, -17.38152 ], [ -63.24176, -17.38097 ] ] ] } },
{ "type": "Feature", "properties": { "i": 32 }, "geometry": { "type": "Polygon", "coordinates": [ [ [ -63.23859, -17.38085 ], [ -63.23817, -17.3806 ], [ -63.23741, -17.38179 ], [ -63.23783, -17.38204 ], [ -63.23859, -17.38085 ] ] ] } },
{ "type": "Feature", "properties": { "i": 33 }, "geometry": { "type": "Polygon", "coordinates": [ [ [ -63.24537, -17.37794 ], [ -63.24514, -17.37806 ], [ -63.24513, -17.37819 ], [ -63.2445, -17.37914 ], [ -63.24522, -17.38015 ], [ -63.2457, -17.38071 ], [ -63.24695, -17.38204 ], [ -63.24769, -17.38085 ], [ -63.24701, -17.3803 ], [ -63.24785, -17.37935 ], [ -63.24584, -17.37819 ], [ -63.24632, -17.3776 ], [ -63.24595, -17.37707 ], [ -63.24515, -17.37751 ], [ -63.24511, -17.37755 ], [ -63.24506, -17.37764 ], [ -63.24505, -17.37778 ], [ -63.24512, -17.37802 ], [ -63.24535, -17.37791 ], [ -63.24537, -17.37794 ] ] ] } },
{ "type": "Feature", "properties": { "i": 34 }, "geometry": { "type": "Polygon", "coordinates": [ [ [ -63.26242, -17.37606 ], [ -63.26232, -17.37605 ], [ -63.26227, -17.37608 ], [ -63.26146, -17.37734 ], [ -63.26178, -17.37783 ], [ -63.26273, -17.37635 ], [ -63.26273, -17.37628 ], [ -63.26269, -17.37622 ], [ -63.26242, -17.37606 ] ] ] } },
{ "type": "Feature", "properties": { "i": 35 }, "geometry": { "type": "Polygon", "coordinates": [ [ [ -63.23982, -17.38149 ], [ -63.2402, -17.3809 ], [ -63.2391, -17.38026 ], [ -63.23873, -17.38085 ], [ -63.23982, -17.38149 ] ] ] } },
{ "type": "Feature", "properties": { "i": 36 }, "geometry": { "type": "Polygon", "coordinates": [ [ [ -63.24183, -17.38085 ], [ -63.24217, -17.38034 ], [ -63.24108, -17.37971 ], [ -63.24074, -17.38023 ], [ -63.24075, -17.38025 ], [ -63.2418, -17.38086 ], [ -63.24183, -17.38085 ] ] ] } },
{ "type": "Feature", "properties": { "i": 37 }, "geometry": { "type": "Polygon", "coordinates": [ [ [ -63.2381, -17.38056 ], [ -63.23765, -17.38029 ], [ -63.23689, -17.38147 ], [ -63.23734, -17.38175 ], [ -63.2381, -17.38056 ] ] ] } },
{ "type": "Feature", "properties": { "i": 38 }, "geometry": { "type": "Polygon", "coordinates": [ [ [ -63.23637, -17.38023 ], [ -63.2357, -17.3813 ], [ -63.2363, -17.38166 ], [ -63.23697, -17.38059 ], [ -63.23637, -17.38023 ] ] ] } },
{ "type": "Feature", "properties": { "i": 39 }, "geometry": { "type": "Polygon", "coordinates": [ [ [ -63.24059, -17.38028 ], [ -63.23948, -17.37964 ], [ -63.23914, -17.38017 ], [ -63.24024, -17.38082 ], [ -63.24059, -17.38028 ] ] ] } },
{ "type": "Feature", "properties": { "i": 40 }, "geometry": { "type": "Polygon", "coordinates": [ [ [ -63.24256, -17.37974 ], [ -63.24146, -17.3791 ], [ -63.24112, -17.37964 ], [ -63.2422, -17.38028 ], [ -63.24256, -17.37974 ] ] ] } },
{ "type": "Feature", "properties": { "i": 41 }, "geometry": { "type": "Polygon", "coordinates": [ [ [ -63.23866, -17.38081 ], [ -63.23904, -17.38021 ], [ -63.23803, -17.37962 ], [ -63.23765, -17.38022 ], [ -63.23866, -17.38081 ] ] ] } },
{ "type": "Feature", "properties": { "i": 42 }, "geometry": { "type": "Polygon", "coordinates": [ [ [ -63.24063, -17.38017 ], [ -63.24098, -17.37965 ], [ -63.23989, -17.37899 ], [ -63.23955, -17.37953 ], [ -63.24063, -17.38017 ] ] ] } },
{ "type": "Feature", "properties": { "i": 43 }, "geometry": { "type": "Polygon", "coordinates": [ [ [ -63.26812, -17.37418 ], [ -63.26774, -17.37396 ], [ -63.26766, -17.37396 ], [ -63.2676, -17.37401 ], [ -63.26713, -17.37475 ], [ -63.26716, -17.37485 ], [ -63.26757, -17.37508 ], [ -63.26764, -17.37507 ], [ -63.26769, -17.37503 ], [ -63.26815, -17.37431 ], [ -63.26815, -17.37424 ], [ -63.26812, -17.37418 ] ] ] } },
{ "type": "Feature", "properties": { "i": 44 }, "geometry": { "type": "Polygon", "coordinates": [ [ [ -63.23842, -17.37902 ], [ -63.23839, -17.37902 ], [ -63.23806, -17.37954 ], [ -63.23906, -17.38013 ], [ -63.23941, -17.37959 ], [ -63.23842, -17.37902 ] ] ] } },
{ "type": "Feature", "properties": { "i": 45 }, "geometry": { "type": "Polygon", "coordinates": [ [ [ -63.23707, -17.37909 ], [ -63.23639, -17.38016 ], [ -63.23702, -17.38055 ], [ -63.23772, -17.37947 ], [ -63.23707, -17.37909 ] ] ] } },
{ "type": "Feature", "properties": { "i": 46 }, "geometry": { "type": "Polygon", "coordinates": [ [ [ -63.26638, -17.37409 ], [ -63.2664, -17.37399 ], [ -63.26636, -17.37393 ], [ -63.26597, -17.3737 ], [ -63.26589, -17.37371 ], [ -63.265, -17.37509 ], [ -63.26499, -17.37516 ], [ -63.26501, -17.3752 ], [ -63.26543, -17.37545 ], [ -63.26555, -17.3754 ], [ -63.26638, -17.37409 ] ] ] } },
{ "type": "Feature", "properties": { "i": 47 }, "geometry": { "type": "Polygon", "coordinates": [ [ [ -63.24027, -17.37841 ], [ -63.23994, -17.37892 ], [ -63.23994, -17.37895 ], [ -63.24102, -17.37958 ], [ -63.24135, -17.37907 ], [ -63.24135, -17.37904 ], [ -63.24027, -17.37841 ] ] ] } },
{ "type": "Feature", "properties": { "i": 48 }, "geometry": { "type": "Polygon", "coordinates": [ [ [ -63.24216, -17.37795 ], [ -63.24149, -17.37901 ], [ -63.24199, -17.37931 ], [ -63.24202, -17.3793 ], [ -63.24269, -17.37826 ], [ -63.24216, -17.37795 ] ] ] } },
{ "type": "Feature", "properties": { "i": 49 }, "geometry": { "type": "Polygon", "coordinates": [ [ [ -63.28146, -17.37062 ], [ -63.28144, -17.37042 ], [ -63.28083, -17.36998 ], [ -63.28066, -17.37002 ], [ -63.27831, -17.37318 ], [ -63.27832, -17.37326 ], [ -63.27904, -17.37378 ], [ -63.27914, -17.37377 ], [ -63.28146, -17.37062 ] ] ] } },
{ "type": "Feature", "properties": { "i": 50 }, "geometry": { "type": "Polygon", "coordinates": [ [ [ -63.23982, -17.37896 ], [ -63.23883, -17.37837 ], [ -63.2385, -17.37889 ], [ -63.23949, -17.37949 ], [ -63.23982, -17.37896 ] ] ] } },
{ "type": "Feature", "properties": { "i": 51 }, "geometry": { "type": "Polygon", "coordinates": [ [ [ -63.27163, -17.37307 ], [ -63.27159, -17.37299 ], [ -63.27157, -17.37286 ], [ -63.27176, -17.37238 ], [ -63.27131, -17.3722 ], [ -63.2707, -17.37365 ], [ -63.27228, -17.37445 ], [ -63.27385, -17.372 ], [ -63.27232, -17.37131 ], [ -63.27163, -17.37286 ], [ -63.27165, -17.37297 ], [ -63.27169, -17.37303 ], [ -63.27163, -17.37307 ] ] ] } },
{ "type": "Feature", "properties": { "i": 52 }, "geometry": { "type": "Polygon", "coordinates": [ [ [ -63.24502, -17.37813 ], [ -63.24497, -17.37766 ], [ -63.2433, -17.37691 ], [ -63.24321, -17.37695 ], [ -63.2444, -17.37897 ], [ -63.24446, -17.37897 ], [ -63.24502, -17.37813 ] ] ] } },
{ "type": "Feature", "properties": { "i": 53 }, "geometry": { "type": "Polygon", "coordinates": [ [ [ -63.24207, -17.3779 ], [ -63.24157, -17.37761 ], [ -63.24091, -17.37867 ], [ -63.24142, -17.37897 ], [ -63.24209, -17.37795 ], [ -63.24207, -17.3779 ] ] ] } },
{ "type": "Feature", "properties": { "i": 54 }, "geometry": { "type": "Polygon", "coordinates": [ [ [ -63.23656, -17.37879 ], [ -63.23641, -17.37909 ], [ -63.23639, -17.37908 ], [ -63.23654, -17.37877 ], [ -63.23612, -17.37853 ], [ -63.23573, -17.3791 ], [ -63.2357, -17.37908 ], [ -63.23609, -17.3785 ], [ -63.23549, -17.37816 ], [ -63.23481, -17.37922 ], [ -63.2363, -17.38011 ], [ -63.23698, -17.37904 ], [ -63.23656, -17.37879 ] ] ] } },
{ "type": "Feature", "properties": { "i": 55 }, "geometry": { "type": "Polygon", "coordinates": [ [ [ -63.24018, -17.37834 ], [ -63.23925, -17.3778 ], [ -63.2389, -17.37834 ], [ -63.23986, -17.3789 ], [ -63.24019, -17.3784 ], [ -63.24018, -17.37834 ] ] ] } },
{ "type": "Feature", "properties": { "i": 56 }, "geometry": { "type": "Polygon", "coordinates": [ [ [ -63.23808, -17.37885 ], [ -63.23679, -17.37807 ], [ -63.23646, -17.37858 ], [ -63.23776, -17.37935 ], [ -63.23808, -17.37885 ] ] ] } },
{ "type": "Feature", "properties": { "i": 57 }, "geometry": { "type": "Polygon", "coordinates": [ [ [ -63.2415, -17.37761 ], [ -63.24096, -17.37732 ], [ -63.2403, -17.37833 ], [ -63.24085, -17.37865 ], [ -63.2415, -17.37761 ] ] ] } },
{ "type": "Feature", "properties": { "i": 58 }, "geometry": { "type": "Polygon", "coordinates": [ [ [ -63.24746, -17.37647 ], [ -63.24728, -17.37623 ], [ -63.24605, -17.377 ], [ -63.24639, -17.37749 ], [ -63.24746, -17.37647 ] ] ] } },
{ "type": "Feature", "properties": { "i": 59 }, "geometry": { "type": "Polygon", "coordinates": [ [ [ -63.24588, -17.37693 ], [ -63.24554, -17.37642 ], [ -63.2455, -17.37642 ], [ -63.24429, -17.37718 ], [ -63.24497, -17.3775 ], [ -63.24502, -17.3775 ], [ -63.24587, -17.37697 ], [ -63.24588, -17.37693 ] ] ] } },
{ "type": "Feature", "properties": { "i": 60 }, "geometry": { "type": "Polygon", "coordinates": [ [ [ -63.26654, -17.37384 ], [ -63.26738, -17.37251 ], [ -63.26738, -17.37239 ], [ -63.26732, -17.37229 ], [ -63.26707, -17.37215 ], [ -63.26698, -17.37214 ], [ -63.26686, -17.37219 ], [ -63.26601, -17.3735 ], [ -63.26601, -17.37362 ], [ -63.26642, -17.37386 ], [ -63.26654, -17.37384 ] ] ] } },
{ "type": "Feature", "properties": { "i": 61 }, "geometry": { "type": "Polygon", "coordinates": [ [ [ -63.2396, -17.37723 ], [ -63.23929, -17.37772 ], [ -63.24025, -17.37828 ], [ -63.24056, -17.3778 ], [ -63.2396, -17.37723 ] ] ] } },
{ "type": "Feature", "properties": { "i": 62 }, "geometry": { "type": "Polygon", "coordinates": [ [ [ -63.24723, -17.37612 ], [ -63.24688, -17.37559 ], [ -63.24566, -17.37636 ], [ -63.24565, -17.3764 ], [ -63.24597, -17.37689 ], [ -63.24599, -17.37689 ], [ -63.24723, -17.37612 ] ] ] } },
{ "type": "Feature", "properties": { "i": 63 }, "geometry": { "type": "Polygon", "coordinates": [ [ [ -63.24546, -17.3763 ], [ -63.24512, -17.3758 ], [ -63.24339, -17.37684 ], [ -63.24412, -17.37711 ], [ -63.2442, -17.37711 ], [ -63.24545, -17.37633 ], [ -63.24546, -17.3763 ] ] ] } },
{ "type": "Feature", "properties": { "i": 64 }, "geometry": { "type": "Polygon", "coordinates": [ [ [ -63.24093, -17.37722 ], [ -63.23996, -17.37666 ], [ -63.23966, -17.37715 ], [ -63.24061, -17.37772 ], [ -63.24093, -17.37722 ] ] ] } },
{ "type": "Feature", "properties": { "i": 65 }, "geometry": { "type": "Polygon", "coordinates": [ [ [ -63.24193, -17.37595 ], [ -63.24266, -17.37637 ], [ -63.24304, -17.37702 ], [ -63.24237, -17.37752 ], [ -63.24213, -17.37786 ], [ -63.24104, -17.3772 ], [ -63.24134, -17.37672 ], [ -63.24193, -17.37595 ] ] ] } },
{ "type": "Feature", "properties": { "i": 66 }, "geometry": { "type": "Polygon", "coordinates": [ [ [ -63.23674, -17.37801 ], [ -63.23546, -17.37724 ], [ -63.23513, -17.37775 ], [ -63.23513, -17.3778 ], [ -63.2364, -17.37855 ], [ -63.23674, -17.37801 ] ] ] } },
{ "type": "Feature", "properties": { "i": 67 }, "geometry": { "type": "Polygon", "coordinates": [ [ [ -63.23541, -17.37808 ], [ -63.2354, -17.37805 ], [ -63.23435, -17.37739 ], [ -63.23432, -17.37739 ], [ -63.23399, -17.37792 ], [ -63.23507, -17.37859 ], [ -63.23541, -17.37808 ] ] ] } },
{ "type": "Feature", "properties": { "i": 68 }, "geometry": { "type": "Polygon", "coordinates": [ [ [ -63.24444, -17.37605 ], [ -63.24412, -17.37557 ], [ -63.24286, -17.37634 ], [ -63.24314, -17.37681 ], [ -63.24319, -17.37682 ], [ -63.24444, -17.37605 ] ] ] } },
{ "type": "Feature", "properties": { "i": 69 }, "geometry": { "type": "Polygon", "coordinates": [ [ [ -63.266, -17.37159 ], [ -63.26579, -17.37155 ], [ -63.26555, -17.37155 ], [ -63.26533, -17.37191 ], [ -63.26644, -17.37259 ], [ -63.2665, -17.3726 ], [ -63.26655, -17.37258 ], [ -63.26681, -17.37217 ], [ -63.2668, -17.37203 ], [ -63.266, -17.37159 ] ] ] } },
{ "type": "Feature", "properties": { "i": 70 }, "geometry": { "type": "Polygon", "coordinates": [ [ [ -63.24002, -17.37662 ], [ -63.24096, -17.37717 ], [ -63.24126, -17.37671 ], [ -63.24031, -17.37614 ], [ -63.24002, -17.37659 ], [ -63.24002, -17.37662 ] ] ] } },
{ "type": "Feature", "properties": { "i": 71 }, "geometry": { "type": "Polygon", "coordinates": [ [ [ -63.24521, -17.3757 ], [ -63.2452, -17.37573 ], [ -63.24554, -17.37623 ], [ -63.24559, -17.37624 ], [ -63.24675, -17.37552 ], [ -63.24676, -17.37546 ], [ -63.24642, -17.37495 ], [ -63.24521, -17.3757 ] ] ] } },
{ "type": "Feature", "properties": { "i": 72 }, "geometry": { "type": "Polygon", "coordinates": [ [ [ -63.23753, -17.37679 ], [ -63.23692, -17.37643 ], [ -63.23617, -17.3776 ], [ -63.23678, -17.37796 ], [ -63.23753, -17.37679 ] ] ] } },
{ "type": "Feature", "properties": { "i": 73 }, "geometry": { "type": "Polygon", "coordinates": [ [ [ -63.28369, -17.36758 ], [ -63.28369, -17.36751 ], [ -63.28312, -17.3669 ], [ -63.28307, -17.36691 ], [ -63.28093, -17.36966 ], [ -63.28095, -17.3698 ], [ -63.28155, -17.37022 ], [ -63.28176, -17.37019 ], [ -63.28369, -17.36758 ] ] ] } },
{ "type": "Feature", "properties": { "i": 74 }, "geometry": { "type": "Polygon", "coordinates": [ [ [ -63.2478, -17.37574 ], [ -63.24705, -17.37458 ], [ -63.24702, -17.37457 ], [ -63.24654, -17.37488 ], [ -63.24732, -17.37606 ], [ -63.2478, -17.37574 ] ] ] } },
{ "type": "Feature", "properties": { "i": 75 }, "geometry": { "type": "Polygon", "coordinates": [ [ [ -63.24844, -17.37529 ], [ -63.24768, -17.37414 ], [ -63.24711, -17.37449 ], [ -63.24789, -17.37566 ], [ -63.24844, -17.37529 ] ] ] } },
{ "type": "Feature", "properties": { "i": 76 }, "geometry": { "type": "Polygon", "coordinates": [ [ [ -63.24228, -17.37604 ], [ -63.24243, -17.37593 ], [ -63.24203, -17.3752 ], [ -63.24148, -17.37551 ], [ -63.24148, -17.37553 ], [ -63.24228, -17.37604 ] ] ] } },
{ "type": "Feature", "properties": { "i": 77 }, "geometry": { "type": "Polygon", "coordinates": [ [ [ -63.24406, -17.37547 ], [ -63.24376, -17.37501 ], [ -63.24257, -17.37576 ], [ -63.24257, -17.37583 ], [ -63.24282, -17.37625 ], [ -63.24406, -17.37547 ] ] ] } },
{ "type": "Feature", "properties": { "i": 78 }, "geometry": { "type": "Polygon", "coordinates": [ [ [ -63.26615, -17.37056 ], [ -63.26591, -17.37091 ], [ -63.26595, -17.37106 ], [ -63.26607, -17.37121 ], [ -63.2674, -17.37192 ], [ -63.26764, -17.37202 ], [ -63.26768, -17.37202 ], [ -63.26773, -17.37198 ], [ -63.26791, -17.37149 ], [ -63.26767, -17.37134 ], [ -63.26615, -17.37056 ] ] ] } },
{ "type": "Feature", "properties": { "i": 79 }, "geometry": { "type": "Polygon", "coordinates": [ [ [ -63.2408, -17.37529 ], [ -63.24185, -17.3759 ], [ -63.24133, -17.37662 ], [ -63.24036, -17.37605 ], [ -63.2408, -17.37529 ] ] ] } },
{ "type": "Feature", "properties": { "i": 80 }, "geometry": { "type": "Polygon", "coordinates": [ [ [ -63.23956, -17.37648 ], [ -63.23829, -17.37574 ], [ -63.23799, -17.37619 ], [ -63.23928, -17.37694 ], [ -63.23956, -17.37648 ] ] ] } },
{ "type": "Feature", "properties": { "i": 81 }, "geometry": { "type": "Polygon", "coordinates": [ [ [ -63.26885, -17.37047 ], [ -63.26855, -17.37038 ], [ -63.26848, -17.37038 ], [ -63.26845, -17.3704 ], [ -63.26819, -17.3711 ], [ -63.26822, -17.37121 ], [ -63.26856, -17.37132 ], [ -63.26863, -17.37131 ], [ -63.26867, -17.37127 ], [ -63.26892, -17.37059 ], [ -63.2689, -17.37051 ], [ -63.26885, -17.37047 ] ] ] } },
{ "type": "Feature", "properties": { "i": 82 }, "geometry": { "type": "Polygon", "coordinates": [ [ [ -63.23447, -17.37667 ], [ -63.23415, -17.37724 ], [ -63.23434, -17.37733 ], [ -63.23504, -17.37777 ], [ -63.23539, -17.37722 ], [ -63.23447, -17.37667 ] ] ] } },
{ "type": "Feature", "properties": { "i": 83 }, "geometry": { "type": "Polygon", "coordinates": [ [ [ -63.27454, -17.36949 ], [ -63.27436, -17.36939 ], [ -63.27398, -17.36999 ], [ -63.27415, -17.3701 ], [ -63.27454, -17.36949 ] ] ] } },
{ "type": "Feature", "properties": { "i": 84 }, "geometry": { "type": "Polygon", "coordinates": [ [ [ -63.24415, -17.37544 ], [ -63.24464, -17.37514 ], [ -63.24432, -17.37466 ], [ -63.24383, -17.37497 ], [ -63.24415, -17.37544 ] ] ] } },
{ "type": "Feature", "properties": { "i": 85 }, "geometry": { "type": "Polygon", "coordinates": [ [ [ -63.26832, -17.37031 ], [ -63.26778, -17.37011 ], [ -63.26736, -17.371 ], [ -63.26737, -17.37111 ], [ -63.26791, -17.37138 ], [ -63.26795, -17.37136 ], [ -63.26833, -17.37035 ], [ -63.26832, -17.37031 ] ] ] } },
{ "type": "Feature", "properties": { "i": 86 }, "geometry": { "type": "Polygon", "coordinates": [ [ [ -63.23992, -17.37591 ], [ -63.23865, -17.37516 ], [ -63.23836, -17.37562 ], [ -63.23963, -17.37637 ], [ -63.23992, -17.37591 ] ] ] } },
{ "type": "Feature", "properties": { "i": 87 }, "geometry": { "type": "Polygon", "coordinates": [ [ [ -63.23757, -17.37671 ], [ -63.23784, -17.37629 ], [ -63.23784, -17.37623 ], [ -63.23658, -17.37549 ], [ -63.23629, -17.37595 ], [ -63.23757, -17.37671 ] ] ] } },
{ "type": "Feature", "properties": { "i": 88 }, "geometry": { "type": "Polygon", "coordinates": [ [ [ -63.2743, -17.36935 ], [ -63.27372, -17.36902 ], [ -63.27336, -17.36959 ], [ -63.27392, -17.36995 ], [ -63.2743, -17.36935 ] ] ] } },
{ "type": "Feature", "properties": { "i": 89 }, "geometry": { "type": "Polygon", "coordinates": [ [ [ -63.24429, -17.37453 ], [ -63.24391, -17.374 ], [ -63.24218, -17.37505 ], [ -63.24248, -17.37566 ], [ -63.24429, -17.37453 ] ] ] } },
{ "type": "Feature", "properties": { "i": 90 }, "geometry": { "type": "Polygon", "coordinates": [ [ [ -63.27841, -17.36835 ], [ -63.27755, -17.36976 ], [ -63.27686, -17.3708 ], [ -63.27466, -17.36947 ], [ -63.2749, -17.36911 ], [ -63.27531, -17.36933 ], [ -63.27534, -17.36929 ], [ -63.27493, -17.36906 ], [ -63.27572, -17.36785 ], [ -63.27666, -17.36816 ], [ -63.27682, -17.36828 ], [ -63.27704, -17.36834 ], [ -63.27736, -17.36829 ], [ -63.27753, -17.36824 ], [ -63.27828, -17.36828 ], [ -63.27841, -17.36835 ] ] ] } },
{ "type": "Feature", "properties": { "i": 91 }, "geometry": { "type": "Polygon", "coordinates": [ [ [ -63.23871, -17.37508 ], [ -63.23998, -17.37581 ], [ -63.24029, -17.37532 ], [ -63.23903, -17.37458 ], [ -63.23871, -17.37508 ] ] ] } },
{ "type": "Feature", "properties": { "i": 92 }, "geometry": { "type": "Polygon", "coordinates": [ [ [ -63.23822, -17.37567 ], [ -63.23697, -17.37491 ], [ -63.23666, -17.37538 ], [ -63.23667, -17.37541 ], [ -63.23793, -17.37616 ], [ -63.23823, -17.3757 ], [ -63.23822, -17.37567 ] ] ] } },
{ "type": "Feature", "properties": { "i": 93 }, "geometry": { "type": "Polygon", "coordinates": [ [ [ -63.24197, -17.37509 ], [ -63.24165, -17.37452 ], [ -63.24161, -17.37452 ], [ -63.24076, -17.37507 ], [ -63.24077, -17.37511 ], [ -63.24137, -17.37545 ], [ -63.2414, -17.37545 ], [ -63.24197, -17.37509 ] ] ] } },
{ "type": "Feature", "properties": { "i": 94 }, "geometry": { "type": "Polygon", "coordinates": [ [ [ -63.2476, -17.37403 ], [ -63.24695, -17.37304 ], [ -63.24637, -17.37341 ], [ -63.24703, -17.37439 ], [ -63.2476, -17.37403 ] ] ] } },
{ "type": "Feature", "properties": { "i": 95 }, "geometry": { "type": "Polygon", "coordinates": [ [ [ -63.2358, -17.37652 ], [ -63.23584, -17.37652 ], [ -63.23618, -17.37601 ], [ -63.23616, -17.37597 ], [ -63.23486, -17.37516 ], [ -63.2348, -17.37516 ], [ -63.23438, -17.37561 ], [ -63.23439, -17.37567 ], [ -63.2358, -17.37652 ] ] ] } },
{ "type": "Feature", "properties": { "i": 96 }, "geometry": { "type": "Polygon", "coordinates": [ [ [ -63.27012, -17.36957 ], [ -63.26906, -17.36911 ], [ -63.26882, -17.3696 ], [ -63.26884, -17.36965 ], [ -63.26982, -17.37005 ], [ -63.27012, -17.36957 ] ] ] } },
{ "type": "Feature", "properties": { "i": 97 }, "geometry": { "type": "Polygon", "coordinates": [ [ [ -63.2744, -17.36933 ], [ -63.27458, -17.36943 ], [ -63.27561, -17.36783 ], [ -63.2754, -17.36777 ], [ -63.2744, -17.36933 ] ] ] } },
{ "type": "Feature", "properties": { "i": 98 }, "geometry": { "type": "Polygon", "coordinates": [ [ [ -63.24436, -17.37449 ], [ -63.24558, -17.37373 ], [ -63.2456, -17.3737 ], [ -63.24525, -17.3732 ], [ -63.24522, -17.37319 ], [ -63.244, -17.37394 ], [ -63.24436, -17.37449 ] ] ] } },
{ "type": "Feature", "properties": { "i": 99 }, "geometry": { "type": "Polygon", "coordinates": [ [ [ -63.24159, -17.37439 ], [ -63.24131, -17.37391 ], [ -63.24006, -17.37466 ], [ -63.24006, -17.3747 ], [ -63.24058, -17.37501 ], [ -63.24061, -17.37501 ], [ -63.24159, -17.37442 ], [ -63.24159, -17.37439 ] ] ] } },
{ "type": "Feature", "properties": { "i": 100 }, "geometry": { "type": "Polygon", "coordinates": [ [ [ -63.24701, -17.373 ], [ -63.24767, -17.37399 ], [ -63.24836, -17.37356 ], [ -63.24768, -17.37257 ], [ -63.24701, -17.373 ] ] ] } },
{ "type": "Feature", "properties": { "i": 101 }, "geometry": { "type": "Polygon", "coordinates": [ [ [ -63.2438, -17.37389 ], [ -63.24345, -17.37338 ], [ -63.24178, -17.37442 ], [ -63.2421, -17.37496 ], [ -63.2438, -17.37389 ] ] ] } },
{ "type": "Feature", "properties": { "i": 102 }, "geometry": { "type": "Polygon", "coordinates": [ [ [ -63.27377, -17.36895 ], [ -63.27434, -17.36929 ], [ -63.27532, -17.36775 ], [ -63.27463, -17.36759 ], [ -63.27377, -17.36895 ] ] ] } },
{ "type": "Feature", "properties": { "i": 103 }, "geometry": { "type": "Polygon", "coordinates": [ [ [ -63.26865, -17.36967 ], [ -63.26693, -17.36891 ], [ -63.26664, -17.36955 ], [ -63.26664, -17.36957 ], [ -63.2684, -17.37023 ], [ -63.26865, -17.36967 ] ] ] } },
{ "type": "Feature", "properties": { "i": 104 }, "geometry": { "type": "Polygon", "coordinates": [ [ [ -63.23653, -17.37546 ], [ -63.23651, -17.3754 ], [ -63.23525, -17.37465 ], [ -63.23486, -17.37507 ], [ -63.23486, -17.3751 ], [ -63.23621, -17.37593 ], [ -63.23653, -17.37546 ] ] ] } },
{ "type": "Feature", "properties": { "i": 105 }, "geometry": { "type": "Polygon", "coordinates": [ [ [ -63.23397, -17.37444 ], [ -63.2335, -17.37493 ], [ -63.23395, -17.3759 ], [ -63.23399, -17.37591 ], [ -63.23469, -17.37514 ], [ -63.2347, -17.37508 ], [ -63.23397, -17.37444 ] ] ] } },
{ "type": "Feature", "properties": { "i": 106 }, "geometry": { "type": "Polygon", "coordinates": [ [ [ -63.27045, -17.36899 ], [ -63.26934, -17.36851 ], [ -63.26909, -17.36905 ], [ -63.27016, -17.36951 ], [ -63.27046, -17.36904 ], [ -63.27045, -17.36899 ] ] ] } },
{ "type": "Feature", "properties": { "i": 107 }, "geometry": { "type": "Polygon", "coordinates": [ [ [ -63.23991, -17.37462 ], [ -63.24068, -17.37415 ], [ -63.24038, -17.37368 ], [ -63.24034, -17.37368 ], [ -63.23934, -17.37429 ], [ -63.23934, -17.37432 ], [ -63.23988, -17.37462 ], [ -63.23991, -17.37462 ] ] ] } },
{ "type": "Feature", "properties": { "i": 108 }, "geometry": { "type": "Polygon", "coordinates": [ [ [ -63.2324, -17.37697 ], [ -63.23281, -17.37676 ], [ -63.23398, -17.37622 ], [ -63.23281, -17.3737 ], [ -63.23153, -17.37509 ], [ -63.23172, -17.37581 ], [ -63.23197, -17.37703 ], [ -63.2324, -17.37697 ] ] ] } },
{ "type": "Feature", "properties": { "i": 109 }, "geometry": { "type": "Polygon", "coordinates": [ [ [ -63.27371, -17.36892 ], [ -63.27404, -17.36841 ], [ -63.27235, -17.36738 ], [ -63.27202, -17.3679 ], [ -63.27371, -17.36892 ] ] ] } },
{ "type": "Feature", "properties": { "i": 110 }, "geometry": { "type": "Polygon", "coordinates": [ [ [ -63.23684, -17.3749 ], [ -63.2357, -17.37422 ], [ -63.23565, -17.37422 ], [ -63.23533, -17.37458 ], [ -63.23534, -17.37463 ], [ -63.23656, -17.37534 ], [ -63.23684, -17.3749 ] ] ] } },
{ "type": "Feature", "properties": { "i": 111 }, "geometry": { "type": "Polygon", "coordinates": [ [ [ -63.2377, -17.3738 ], [ -63.23701, -17.37486 ], [ -63.2376, -17.37519 ], [ -63.23828, -17.37414 ], [ -63.2377, -17.3738 ] ] ] } },
{ "type": "Feature", "properties": { "i": 112 }, "geometry": { "type": "Polygon", "coordinates": [ [ [ -63.24338, -17.37327 ], [ -63.24308, -17.37282 ], [ -63.24306, -17.37282 ], [ -63.24142, -17.37383 ], [ -63.24172, -17.37431 ], [ -63.24338, -17.37327 ] ] ] } },
{ "type": "Feature", "properties": { "i": 113 }, "geometry": { "type": "Polygon", "coordinates": [ [ [ -63.24619, -17.37337 ], [ -63.2456, -17.37248 ], [ -63.2449, -17.37244 ], [ -63.24572, -17.37367 ], [ -63.24619, -17.37337 ] ] ] } },
{ "type": "Feature", "properties": { "i": 114 }, "geometry": { "type": "Polygon", "coordinates": [ [ [ -63.28479, -17.36671 ], [ -63.28639, -17.36424 ], [ -63.28488, -17.36328 ], [ -63.2836, -17.36525 ], [ -63.28344, -17.36534 ], [ -63.28326, -17.36561 ], [ -63.28314, -17.36566 ], [ -63.28271, -17.3661 ], [ -63.28467, -17.36816 ], [ -63.28551, -17.369 ], [ -63.28563, -17.36902 ], [ -63.28572, -17.36897 ], [ -63.2863, -17.36814 ], [ -63.28479, -17.36671 ] ] ] } },
{ "type": "Feature", "properties": { "i": 115 }, "geometry": { "type": "Polygon", "coordinates": [ [ [ -63.2403, -17.37359 ], [ -63.24001, -17.37313 ], [ -63.23998, -17.37313 ], [ -63.23873, -17.37387 ], [ -63.23873, -17.37389 ], [ -63.23926, -17.37422 ], [ -63.23929, -17.37422 ], [ -63.2403, -17.37359 ] ] ] } },
{ "type": "Feature", "properties": { "i": 116 }, "geometry": { "type": "Polygon", "coordinates": [ [ [ -63.2735, -17.36721 ], [ -63.27445, -17.36777 ], [ -63.27455, -17.36762 ], [ -63.27359, -17.36701 ], [ -63.2735, -17.36721 ] ] ] } },
{ "type": "Feature", "properties": { "i": 117 }, "geometry": { "type": "Polygon", "coordinates": [ [ [ -63.24371, -17.37237 ], [ -63.24295, -17.37235 ], [ -63.24394, -17.37383 ], [ -63.24449, -17.37349 ], [ -63.24371, -17.37237 ] ] ] } },
{ "type": "Feature", "properties": { "i": 118 }, "geometry": { "type": "Polygon", "coordinates": [ [ [ -63.24518, -17.37307 ], [ -63.24475, -17.37247 ], [ -63.2447, -17.37243 ], [ -63.24387, -17.37238 ], [ -63.24461, -17.37342 ], [ -63.24518, -17.37307 ] ] ] } },
{ "type": "Feature", "properties": { "i": 119 }, "geometry": { "type": "Polygon", "coordinates": [ [ [ -63.27441, -17.36783 ], [ -63.27271, -17.36682 ], [ -63.27237, -17.36734 ], [ -63.27403, -17.36834 ], [ -63.2741, -17.36832 ], [ -63.27441, -17.36783 ] ] ] } },
{ "type": "Feature", "properties": { "i": 120 }, "geometry": { "type": "Polygon", "coordinates": [ [ [ -63.26937, -17.36845 ], [ -63.27051, -17.36896 ], [ -63.27082, -17.36846 ], [ -63.26963, -17.36791 ], [ -63.26937, -17.36845 ] ] ] } },
{ "type": "Feature", "properties": { "i": 121 }, "geometry": { "type": "Polygon", "coordinates": [ [ [ -63.24056, -17.37278 ], [ -63.24011, -17.37305 ], [ -63.2401, -17.3731 ], [ -63.24073, -17.37406 ], [ -63.24079, -17.37407 ], [ -63.24122, -17.37383 ], [ -63.24123, -17.37378 ], [ -63.24056, -17.37278 ] ] ] } },
{ "type": "Feature", "properties": { "i": 122 }, "geometry": { "type": "Polygon", "coordinates": [ [ [ -63.27117, -17.3679 ], [ -63.26991, -17.36732 ], [ -63.26967, -17.36783 ], [ -63.27087, -17.36839 ], [ -63.27117, -17.3679 ] ] ] } },
{ "type": "Feature", "properties": { "i": 123 }, "geometry": { "type": "Polygon", "coordinates": [ [ [ -63.23705, -17.37341 ], [ -63.2366, -17.37323 ], [ -63.23624, -17.37363 ], [ -63.23728, -17.37424 ], [ -63.23742, -17.37403 ], [ -63.23705, -17.37341 ] ] ] } },
{ "type": "Feature", "properties": { "i": 124 }, "geometry": { "type": "Polygon", "coordinates": [ [ [ -63.23935, -17.3734 ], [ -63.23904, -17.37293 ], [ -63.23901, -17.37293 ], [ -63.23809, -17.37348 ], [ -63.23809, -17.37351 ], [ -63.23864, -17.37382 ], [ -63.23935, -17.3734 ] ] ] } },
{ "type": "Feature", "properties": { "i": 125 }, "geometry": { "type": "Polygon", "coordinates": [ [ [ -63.24186, -17.37339 ], [ -63.24103, -17.37222 ], [ -63.24043, -17.37218 ], [ -63.24049, -17.37241 ], [ -63.24059, -17.37258 ], [ -63.24133, -17.3737 ], [ -63.24138, -17.37371 ], [ -63.24186, -17.37342 ], [ -63.24186, -17.37339 ] ] ] } },
{ "type": "Feature", "properties": { "i": 126 }, "geometry": { "type": "Polygon", "coordinates": [ [ [ -63.24241, -17.37307 ], [ -63.24193, -17.37231 ], [ -63.24187, -17.37227 ], [ -63.24119, -17.37223 ], [ -63.24193, -17.37336 ], [ -63.24241, -17.37307 ] ] ] } },
{ "type": "Feature", "properties": { "i": 127 }, "geometry": { "type": "Polygon", "coordinates": [ [ [ -63.26927, -17.36706 ], [ -63.26874, -17.36816 ], [ -63.26926, -17.3684 ], [ -63.2698, -17.36728 ], [ -63.26927, -17.36706 ] ] ] } },
{ "type": "Feature", "properties": { "i": 128 }, "geometry": { "type": "Polygon", "coordinates": [ [ [ -63.27342, -17.36717 ], [ -63.27353, -17.36697 ], [ -63.27287, -17.36657 ], [ -63.27274, -17.36677 ], [ -63.27342, -17.36717 ] ] ] } },
{ "type": "Feature", "properties": { "i": 129 }, "geometry": { "type": "Polygon", "coordinates": [ [ [ -63.27123, -17.36782 ], [ -63.27153, -17.36734 ], [ -63.27152, -17.3673 ], [ -63.2702, -17.36672 ], [ -63.26995, -17.36724 ], [ -63.27123, -17.36782 ] ] ] } },
{ "type": "Feature", "properties": { "i": 130 }, "geometry": { "type": "Polygon", "coordinates": [ [ [ -63.27561, -17.36604 ], [ -63.27432, -17.36551 ], [ -63.2737, -17.36693 ], [ -63.27502, -17.36746 ], [ -63.27561, -17.36604 ] ] ] } },
{ "type": "Feature", "properties": { "i": 131 }, "geometry": { "type": "Polygon", "coordinates": [ [ [ -63.23836, -17.37316 ], [ -63.23798, -17.37257 ], [ -63.23729, -17.37299 ], [ -63.2373, -17.37304 ], [ -63.23793, -17.37343 ], [ -63.23796, -17.37343 ], [ -63.23836, -17.37319 ], [ -63.23836, -17.37316 ] ] ] } },
{ "type": "Feature", "properties": { "i": 132 }, "geometry": { "type": "Polygon", "coordinates": [ [ [ -63.2818, -17.36395 ], [ -63.28298, -17.36423 ], [ -63.28309, -17.36382 ], [ -63.28314, -17.36383 ], [ -63.28303, -17.36425 ], [ -63.28342, -17.36439 ], [ -63.28354, -17.36446 ], [ -63.28358, -17.36446 ], [ -63.28363, -17.36441 ], [ -63.28371, -17.36411 ], [ -63.28374, -17.36411 ], [ -63.28366, -17.36443 ], [ -63.28359, -17.3645 ], [ -63.28354, -17.3645 ], [ -63.2832, -17.36435 ], [ -63.2825, -17.36417 ], [ -63.2824, -17.36451 ], [ -63.28237, -17.3645 ], [ -63.28246, -17.36416 ], [ -63.28183, -17.364 ], [ -63.28166, -17.364 ], [ -63.28238, -17.36571 ], [ -63.28263, -17.36606 ], [ -63.28269, -17.36606 ], [ -63.28311, -17.3656 ], [ -63.28325, -17.36555 ], [ -63.28342, -17.36526 ], [ -63.28355, -17.3652 ], [ -63.28439, -17.36391 ], [ -63.28272, -17.36348 ], [ -63.28261, -17.3634 ], [ -63.28237, -17.36335 ], [ -63.28226, -17.36363 ], [ -63.28209, -17.36369 ], [ -63.28155, -17.36333 ], [ -63.28124, -17.36324 ], [ -63.2811, -17.36322 ], [ -63.28107, -17.36329 ], [ -63.28127, -17.36342 ], [ -63.28142, -17.36357 ], [ -63.28153, -17.36373 ], [ -63.28163, -17.36393 ], [ -63.28172, -17.36394 ], [ -63.28186, -17.3639 ], [ -63.28206, -17.3639 ], [ -63.2823, -17.36383 ], [ -63.28235, -17.36363 ], [ -63.28237, -17.36363 ], [ -63.28232, -17.36385 ], [ -63.28208, -17.36393 ], [ -63.28187, -17.36393 ], [ -63.2818, -17.36395 ] ] ] } },
{ "type": "Feature", "properties": { "i": 133 }, "geometry": { "type": "Polygon", "coordinates": [ [ [ -63.24049, -17.37268 ], [ -63.24023, -17.37218 ], [ -63.23946, -17.37213 ], [ -63.24001, -17.37297 ], [ -63.24048, -17.37271 ], [ -63.24049, -17.37268 ] ] ] } },
{ "type": "Feature", "properties": { "i": 134 }, "geometry": { "type": "Polygon", "coordinates": [ [ [ -63.23862, -17.37208 ], [ -63.23861, -17.37211 ], [ -63.23941, -17.37331 ], [ -63.23989, -17.37303 ], [ -63.2399, -17.373 ], [ -63.23934, -17.37214 ], [ -63.2393, -17.37212 ], [ -63.23862, -17.37208 ] ] ] } },
{ "type": "Feature", "properties": { "i": 135 }, "geometry": { "type": "Polygon", "coordinates": [ [ [ -63.24731, -17.3721 ], [ -63.24646, -17.37085 ], [ -63.24575, -17.37162 ], [ -63.24628, -17.37206 ], [ -63.24637, -17.3721 ], [ -63.24731, -17.3721 ] ] ] } },
{ "type": "Feature", "properties": { "i": 136 }, "geometry": { "type": "Polygon", "coordinates": [ [ [ -63.27189, -17.36676 ], [ -63.27053, -17.3661 ], [ -63.27051, -17.3661 ], [ -63.27022, -17.36667 ], [ -63.27157, -17.36726 ], [ -63.27189, -17.36676 ] ] ] } },
{ "type": "Feature", "properties": { "i": 137 }, "geometry": { "type": "Polygon", "coordinates": [ [ [ -63.27376, -17.36645 ], [ -63.27286, -17.36597 ], [ -63.27262, -17.36636 ], [ -63.27358, -17.36687 ], [ -63.27376, -17.36645 ] ] ] } },
{ "type": "Feature", "properties": { "i": 138 }, "geometry": { "type": "Polygon", "coordinates": [ [ [ -63.24435, -17.37194 ], [ -63.24503, -17.37123 ], [ -63.24503, -17.37119 ], [ -63.24461, -17.37083 ], [ -63.24393, -17.37155 ], [ -63.24393, -17.3716 ], [ -63.24431, -17.37194 ], [ -63.24435, -17.37194 ] ] ] } },
{ "type": "Feature", "properties": { "i": 139 }, "geometry": { "type": "Polygon", "coordinates": [ [ [ -63.27402, -17.36587 ], [ -63.2732, -17.36545 ], [ -63.27292, -17.3659 ], [ -63.2738, -17.36636 ], [ -63.27402, -17.36587 ] ] ] } },
{ "type": "Feature", "properties": { "i": 140 }, "geometry": { "type": "Polygon", "coordinates": [ [ [ -63.24422, -17.37195 ], [ -63.24334, -17.37123 ], [ -63.24277, -17.37185 ], [ -63.24278, -17.37187 ], [ -63.24422, -17.37195 ] ] ] } },
{ "type": "Feature", "properties": { "i": 141 }, "geometry": { "type": "Polygon", "coordinates": [ [ [ -63.23894, -17.37284 ], [ -63.23895, -17.37281 ], [ -63.23846, -17.37207 ], [ -63.23776, -17.37203 ], [ -63.23848, -17.37309 ], [ -63.23852, -17.37309 ], [ -63.23894, -17.37284 ] ] ] } },
{ "type": "Feature", "properties": { "i": 142 }, "geometry": { "type": "Polygon", "coordinates": [ [ [ -63.23701, -17.37302 ], [ -63.23788, -17.37251 ], [ -63.23789, -17.37244 ], [ -63.23763, -17.37204 ], [ -63.23758, -17.372 ], [ -63.23644, -17.37196 ], [ -63.23642, -17.37198 ], [ -63.23642, -17.37204 ], [ -63.23701, -17.37302 ] ] ] } },
{ "type": "Feature", "properties": { "i": 143 }, "geometry": { "type": "Polygon", "coordinates": [ [ [ -63.24327, -17.37114 ], [ -63.2428, -17.37075 ], [ -63.24213, -17.37147 ], [ -63.24256, -17.37184 ], [ -63.24263, -17.37184 ], [ -63.24327, -17.37114 ] ] ] } },
{ "type": "Feature", "properties": { "i": 144 }, "geometry": { "type": "Polygon", "coordinates": [ [ [ -63.27436, -17.36543 ], [ -63.27565, -17.36594 ], [ -63.27582, -17.36552 ], [ -63.27454, -17.36502 ], [ -63.27436, -17.36543 ] ] ] } },
{ "type": "Feature", "properties": { "i": 145 }, "geometry": { "type": "Polygon", "coordinates": [ [ [ -63.282, -17.36532 ], [ -63.28135, -17.36379 ], [ -63.28128, -17.36368 ], [ -63.28109, -17.36349 ], [ -63.27857, -17.36252 ], [ -63.27815, -17.36241 ], [ -63.27761, -17.36231 ], [ -63.2773, -17.36228 ], [ -63.27572, -17.36601 ], [ -63.27771, -17.36589 ], [ -63.27847, -17.3662 ], [ -63.27962, -17.36689 ], [ -63.28044, -17.36722 ], [ -63.282, -17.36532 ] ] ] } },
{ "type": "Feature", "properties": { "i": 146 }, "geometry": { "type": "Polygon", "coordinates": [ [ [ -63.24248, -17.37188 ], [ -63.24156, -17.3711 ], [ -63.24094, -17.37176 ], [ -63.24094, -17.37181 ], [ -63.24248, -17.37188 ] ] ] } },
{ "type": "Feature", "properties": { "i": 147 }, "geometry": { "type": "Polygon", "coordinates": [ [ [ -63.27039, -17.36606 ], [ -63.27037, -17.366 ], [ -63.26988, -17.36577 ], [ -63.26931, -17.36697 ], [ -63.26984, -17.36721 ], [ -63.27039, -17.36606 ] ] ] } },
{ "type": "Feature", "properties": { "i": 148 }, "geometry": { "type": "Polygon", "coordinates": [ [ [ -63.22641, -17.37425 ], [ -63.22698, -17.37471 ], [ -63.2283, -17.37328 ], [ -63.22829, -17.37322 ], [ -63.22773, -17.37276 ], [ -63.2264, -17.3742 ], [ -63.22641, -17.37425 ] ] ] } },
{ "type": "Feature", "properties": { "i": 149 }, "geometry": { "type": "Polygon", "coordinates": [ [ [ -63.27058, -17.36596 ], [ -63.27197, -17.36664 ], [ -63.27243, -17.36592 ], [ -63.27244, -17.36587 ], [ -63.27241, -17.3658 ], [ -63.27102, -17.36513 ], [ -63.27058, -17.36596 ] ] ] } },
{ "type": "Feature", "properties": { "i": 150 }, "geometry": { "type": "Polygon", "coordinates": [ [ [ -63.26927, -17.36546 ], [ -63.26868, -17.3667 ], [ -63.26922, -17.36693 ], [ -63.26979, -17.36572 ], [ -63.26927, -17.36546 ] ] ] } },
{ "type": "Feature", "properties": { "i": 151 }, "geometry": { "type": "Polygon", "coordinates": [ [ [ -63.246, -17.37018 ], [ -63.24567, -17.3697 ], [ -63.24472, -17.37076 ], [ -63.24514, -17.3711 ], [ -63.246, -17.37018 ] ] ] } },
{ "type": "Feature", "properties": { "i": 152 }, "geometry": { "type": "Polygon", "coordinates": [ [ [ -63.24022, -17.37158 ], [ -63.24104, -17.37068 ], [ -63.24148, -17.37103 ], [ -63.24148, -17.37107 ], [ -63.24087, -17.37174 ], [ -63.24079, -17.37177 ], [ -63.24032, -17.37174 ], [ -63.24022, -17.37158 ] ] ] } },
{ "type": "Feature", "properties": { "i": 153 }, "geometry": { "type": "Polygon", "coordinates": [ [ [ -63.27428, -17.36528 ], [ -63.27354, -17.36494 ], [ -63.27325, -17.36539 ], [ -63.27406, -17.36578 ], [ -63.27428, -17.36528 ] ] ] } },
{ "type": "Feature", "properties": { "i": 154 }, "geometry": { "type": "Polygon", "coordinates": [ [ [ -63.23673, -17.37285 ], [ -63.23608, -17.37181 ], [ -63.23538, -17.37123 ], [ -63.23467, -17.37206 ], [ -63.2351, -17.3724 ], [ -63.23665, -17.37305 ], [ -63.23673, -17.37285 ] ] ] } },
{ "type": "Feature", "properties": { "i": 155 }, "geometry": { "type": "Polygon", "coordinates": [ [ [ -63.27456, -17.36496 ], [ -63.27586, -17.36545 ], [ -63.27605, -17.36499 ], [ -63.27477, -17.36449 ], [ -63.27456, -17.36496 ] ] ] } },
{ "type": "Feature", "properties": { "i": 156 }, "geometry": { "type": "Polygon", "coordinates": [ [ [ -63.26861, -17.36666 ], [ -63.26919, -17.36542 ], [ -63.26871, -17.36519 ], [ -63.26866, -17.36521 ], [ -63.26809, -17.36644 ], [ -63.26861, -17.36666 ] ] ] } },
{ "type": "Feature", "properties": { "i": 157 }, "geometry": { "type": "Polygon", "coordinates": [ [ [ -63.24027, -17.37132 ], [ -63.24018, -17.37126 ], [ -63.24014, -17.37069 ], [ -63.24021, -17.37058 ], [ -63.24051, -17.37027 ], [ -63.24056, -17.37027 ], [ -63.24094, -17.3706 ], [ -63.24027, -17.37132 ] ] ] } },
{ "type": "Feature", "properties": { "i": 158 }, "geometry": { "type": "Polygon", "coordinates": [ [ [ -63.27453, -17.36474 ], [ -63.27391, -17.36438 ], [ -63.27359, -17.36486 ], [ -63.27432, -17.36521 ], [ -63.27453, -17.36474 ] ] ] } },
{ "type": "Feature", "properties": { "i": 159 }, "geometry": { "type": "Polygon", "coordinates": [ [ [ -63.27311, -17.36495 ], [ -63.27231, -17.36453 ], [ -63.27194, -17.36514 ], [ -63.27276, -17.36552 ], [ -63.27311, -17.36495 ] ] ] } },
{ "type": "Feature", "properties": { "i": 160 }, "geometry": { "type": "Polygon", "coordinates": [ [ [ -63.24511, -17.36935 ], [ -63.24422, -17.3703 ], [ -63.24463, -17.37065 ], [ -63.24559, -17.36962 ], [ -63.24511, -17.36935 ] ] ] } },
{ "type": "Feature", "properties": { "i": 161 }, "geometry": { "type": "Polygon", "coordinates": [ [ [ -63.27624, -17.36447 ], [ -63.27499, -17.36397 ], [ -63.27481, -17.36439 ], [ -63.27604, -17.3649 ], [ -63.27624, -17.36447 ] ] ] } },
{ "type": "Feature", "properties": { "i": 162 }, "geometry": { "type": "Polygon", "coordinates": [ [ [ -63.24003, -17.37153 ], [ -63.23995, -17.37072 ], [ -63.23895, -17.36987 ], [ -63.23885, -17.36987 ], [ -63.23727, -17.37156 ], [ -63.23995, -17.3717 ], [ -63.24002, -17.37164 ], [ -63.24003, -17.37153 ] ] ] } },
{ "type": "Feature", "properties": { "i": 163 }, "geometry": { "type": "Polygon", "coordinates": [ [ [ -63.24156, -17.37094 ], [ -63.24218, -17.37027 ], [ -63.24218, -17.37023 ], [ -63.24179, -17.36989 ], [ -63.24114, -17.37058 ], [ -63.24114, -17.37061 ], [ -63.24153, -17.37094 ], [ -63.24156, -17.37094 ] ] ] } },
{ "type": "Feature", "properties": { "i": 164 }, "geometry": { "type": "Polygon", "coordinates": [ [ [ -63.23417, -17.37165 ], [ -63.23344, -17.37121 ], [ -63.23244, -17.37053 ], [ -63.2306, -17.3694 ], [ -63.23044, -17.36958 ], [ -63.23152, -17.37454 ], [ -63.23417, -17.37165 ] ] ] } },
{ "type": "Feature", "properties": { "i": 165 }, "geometry": { "type": "Polygon", "coordinates": [ [ [ -63.20825, -17.37529 ], [ -63.20822, -17.37518 ], [ -63.20798, -17.37522 ], [ -63.20709, -17.37628 ], [ -63.20706, -17.37635 ], [ -63.2071, -17.37642 ], [ -63.20763, -17.37677 ], [ -63.20839, -17.37715 ], [ -63.20852, -17.37714 ], [ -63.20924, -17.37689 ], [ -63.20926, -17.37685 ], [ -63.2093, -17.37683 ], [ -63.20939, -17.37686 ], [ -63.20941, -17.37691 ], [ -63.2094, -17.37696 ], [ -63.20935, -17.377 ], [ -63.20928, -17.37699 ], [ -63.20841, -17.37727 ], [ -63.20756, -17.37683 ], [ -63.20701, -17.37646 ], [ -63.20693, -17.37646 ], [ -63.20685, -17.37662 ], [ -63.20686, -17.37672 ], [ -63.2069, -17.37678 ], [ -63.2071, -17.37694 ], [ -63.20785, -17.37736 ], [ -63.20836, -17.37757 ], [ -63.20916, -17.37736 ], [ -63.20974, -17.37718 ], [ -63.20978, -17.37701 ], [ -63.20978, -17.37687 ], [ -63.20973, -17.37668 ], [ -63.2096, -17.37652 ], [ -63.20943, -17.37642 ], [ -63.20921, -17.37641 ], [ -63.20897, -17.37648 ], [ -63.20881, -17.37658 ], [ -63.20865, -17.37673 ], [ -63.20846, -17.37684 ], [ -63.20828, -17.37684 ], [ -63.20819, -17.3768 ], [ -63.20812, -17.37674 ], [ -63.20796, -17.37639 ], [ -63.2079, -17.37589 ], [ -63.20791, -17.37571 ], [ -63.20797, -17.37553 ], [ -63.20825, -17.37529 ] ] ] } },
{ "type": "Feature", "properties": { "i": 166 }, "geometry": { "type": "Polygon", "coordinates": [ [ [ -63.22645, -17.37199 ], [ -63.22595, -17.3717 ], [ -63.22473, -17.37362 ], [ -63.22472, -17.37365 ], [ -63.2252, -17.37407 ], [ -63.22646, -17.37206 ], [ -63.22647, -17.37202 ], [ -63.22645, -17.37199 ] ] ] } },
{ "type": "Feature", "properties": { "i": 167 }, "geometry": { "type": "Polygon", "coordinates": [ [ [ -63.24499, -17.36927 ], [ -63.24449, -17.369 ], [ -63.2437, -17.36984 ], [ -63.2437, -17.36987 ], [ -63.2441, -17.3702 ], [ -63.24499, -17.36927 ] ] ] } },
{ "type": "Feature", "properties": { "i": 168 }, "geometry": { "type": "Polygon", "coordinates": [ [ [ -63.27316, -17.36485 ], [ -63.27347, -17.36436 ], [ -63.27268, -17.364 ], [ -63.27237, -17.36448 ], [ -63.27316, -17.36485 ] ] ] } },
{ "type": "Feature", "properties": { "i": 169 }, "geometry": { "type": "Polygon", "coordinates": [ [ [ -63.27505, -17.36387 ], [ -63.2763, -17.36436 ], [ -63.27648, -17.36394 ], [ -63.27527, -17.36347 ], [ -63.27522, -17.36348 ], [ -63.27505, -17.36387 ] ] ] } },
{ "type": "Feature", "properties": { "i": 170 }, "geometry": { "type": "Polygon", "coordinates": [ [ [ -63.27225, -17.36453 ], [ -63.2713, -17.36405 ], [ -63.27096, -17.36467 ], [ -63.27191, -17.36513 ], [ -63.27225, -17.36453 ] ] ] } },
{ "type": "Feature", "properties": { "i": 171 }, "geometry": { "type": "Polygon", "coordinates": [ [ [ -63.24121, -17.36946 ], [ -63.24059, -17.37013 ], [ -63.24059, -17.37016 ], [ -63.241, -17.37053 ], [ -63.24104, -17.37053 ], [ -63.24166, -17.36983 ], [ -63.24166, -17.36979 ], [ -63.24127, -17.36946 ], [ -63.24121, -17.36946 ] ] ] } },
{ "type": "Feature", "properties": { "i": 172 }, "geometry": { "type": "Polygon", "coordinates": [ [ [ -63.20449, -17.37621 ], [ -63.20441, -17.37724 ], [ -63.2054, -17.37698 ], [ -63.20449, -17.37621 ] ] ] } },
{ "type": "Feature", "properties": { "i": 173 }, "geometry": { "type": "Polygon", "coordinates": [ [ [ -63.21228, -17.37417 ], [ -63.20944, -17.37351 ], [ -63.20968, -17.37376 ], [ -63.20994, -17.37416 ], [ -63.21005, -17.37476 ], [ -63.20997, -17.37492 ], [ -63.20964, -17.37515 ], [ -63.20934, -17.37524 ], [ -63.20866, -17.37535 ], [ -63.20837, -17.37556 ], [ -63.20818, -17.37581 ], [ -63.20832, -17.37632 ], [ -63.20838, -17.37635 ], [ -63.20856, -17.37635 ], [ -63.20891, -17.37619 ], [ -63.20911, -17.37615 ], [ -63.20934, -17.37616 ], [ -63.20962, -17.37626 ], [ -63.20979, -17.37643 ], [ -63.20989, -17.37666 ], [ -63.20991, -17.377 ], [ -63.20987, -17.37714 ], [ -63.21091, -17.37678 ], [ -63.2124, -17.3762 ], [ -63.21239, -17.37556 ], [ -63.21228, -17.37417 ] ] ] } },
{ "type": "Feature", "properties": { "i": 174 }, "geometry": { "type": "Polygon", "coordinates": [ [ [ -63.27046, -17.3659 ], [ -63.2709, -17.36508 ], [ -63.26915, -17.36423 ], [ -63.26875, -17.36507 ], [ -63.27046, -17.3659 ] ] ] } },
{ "type": "Feature", "properties": { "i": 175 }, "geometry": { "type": "Polygon", "coordinates": [ [ [ -63.23878, -17.36973 ], [ -63.23778, -17.36889 ], [ -63.23767, -17.3689 ], [ -63.23571, -17.37097 ], [ -63.23631, -17.37148 ], [ -63.23639, -17.3715 ], [ -63.23708, -17.37154 ], [ -63.23878, -17.36973 ] ] ] } },
{ "type": "Feature", "properties": { "i": 176 }, "geometry": { "type": "Polygon", "coordinates": [ [ [ -63.24438, -17.36893 ], [ -63.24388, -17.36864 ], [ -63.24319, -17.3694 ], [ -63.24319, -17.36944 ], [ -63.24357, -17.36976 ], [ -63.24361, -17.36976 ], [ -63.24438, -17.36893 ] ] ] } },
{ "type": "Feature", "properties": { "i": 177 }, "geometry": { "type": "Polygon", "coordinates": [ [ [ -63.27652, -17.36383 ], [ -63.2767, -17.36342 ], [ -63.27545, -17.36292 ], [ -63.27528, -17.36335 ], [ -63.27652, -17.36383 ] ] ] } },
{ "type": "Feature", "properties": { "i": 178 }, "geometry": { "type": "Polygon", "coordinates": [ [ [ -63.21344, -17.37392 ], [ -63.21343, -17.37387 ], [ -63.21297, -17.3736 ], [ -63.21291, -17.37361 ], [ -63.21238, -17.37442 ], [ -63.21246, -17.37548 ], [ -63.21344, -17.37392 ] ] ] } },
{ "type": "Feature", "properties": { "i": 179 }, "geometry": { "type": "Polygon", "coordinates": [ [ [ -63.24245, -17.36899 ], [ -63.24202, -17.36863 ], [ -63.24155, -17.36915 ], [ -63.24153, -17.36913 ], [ -63.24136, -17.36932 ], [ -63.24137, -17.36935 ], [ -63.24179, -17.36971 ], [ -63.24245, -17.36899 ] ] ] } },
{ "type": "Feature", "properties": { "i": 180 }, "geometry": { "type": "Polygon", "coordinates": [ [ [ -63.27261, -17.36397 ], [ -63.27161, -17.36348 ], [ -63.27134, -17.36398 ], [ -63.27229, -17.36445 ], [ -63.27261, -17.36397 ] ] ] } },
{ "type": "Feature", "properties": { "i": 181 }, "geometry": { "type": "Polygon", "coordinates": [ [ [ -63.22477, -17.37102 ], [ -63.22365, -17.37281 ], [ -63.22414, -17.37319 ], [ -63.22531, -17.37133 ], [ -63.22477, -17.37102 ] ] ] } },
{ "type": "Feature", "properties": { "i": 182 }, "geometry": { "type": "Polygon", "coordinates": [ [ [ -63.27456, -17.36464 ], [ -63.27579, -17.36192 ], [ -63.2756, -17.3618 ], [ -63.27397, -17.36429 ], [ -63.27456, -17.36464 ] ] ] } },
{ "type": "Feature", "properties": { "i": 183 }, "geometry": { "type": "Polygon", "coordinates": [ [ [ -63.2739, -17.36378 ], [ -63.27421, -17.36329 ], [ -63.27421, -17.36325 ], [ -63.27344, -17.36288 ], [ -63.27309, -17.36338 ], [ -63.2739, -17.36378 ] ] ] } },
{ "type": "Feature", "properties": { "i": 184 }, "geometry": { "type": "Polygon", "coordinates": [ [ [ -63.27119, -17.36403 ], [ -63.26964, -17.36326 ], [ -63.26935, -17.36383 ], [ -63.26937, -17.36388 ], [ -63.27085, -17.3646 ], [ -63.2709, -17.36459 ], [ -63.27119, -17.36403 ] ] ] } },
{ "type": "Feature", "properties": { "i": 185 }, "geometry": { "type": "Polygon", "coordinates": [ [ [ -63.24372, -17.36862 ], [ -63.24329, -17.36827 ], [ -63.24268, -17.36894 ], [ -63.24267, -17.36899 ], [ -63.24307, -17.36932 ], [ -63.24372, -17.36862 ] ] ] } },
{ "type": "Feature", "properties": { "i": 186 }, "geometry": { "type": "Polygon", "coordinates": [ [ [ -63.27694, -17.36289 ], [ -63.27569, -17.36239 ], [ -63.2755, -17.36281 ], [ -63.27675, -17.36332 ], [ -63.27694, -17.36289 ] ] ] } },
{ "type": "Feature", "properties": { "i": 187 }, "geometry": { "type": "Polygon", "coordinates": [ [ [ -63.22803, -17.37204 ], [ -63.2259, -17.37079 ], [ -63.2256, -17.37126 ], [ -63.2256, -17.37136 ], [ -63.22755, -17.3725 ], [ -63.22761, -17.37249 ], [ -63.22803, -17.37204 ] ] ] } },
{ "type": "Feature", "properties": { "i": 188 }, "geometry": { "type": "Polygon", "coordinates": [ [ [ -63.21298, -17.3735 ], [ -63.21518, -17.37479 ], [ -63.21552, -17.3742 ], [ -63.21552, -17.37418 ], [ -63.21335, -17.37292 ], [ -63.21332, -17.37294 ], [ -63.21298, -17.3735 ] ] ] } },
{ "type": "Feature", "properties": { "i": 189 }, "geometry": { "type": "Polygon", "coordinates": [ [ [ -63.27696, -17.36279 ], [ -63.27718, -17.36227 ], [ -63.27622, -17.36212 ], [ -63.27586, -17.36198 ], [ -63.27573, -17.36226 ], [ -63.27575, -17.36231 ], [ -63.27696, -17.36279 ] ] ] } },
{ "type": "Feature", "properties": { "i": 190 }, "geometry": { "type": "Polygon", "coordinates": [ [ [ -63.22359, -17.37279 ], [ -63.22472, -17.37099 ], [ -63.22418, -17.37068 ], [ -63.22307, -17.37244 ], [ -63.22359, -17.37279 ] ] ] } },
{ "type": "Feature", "properties": { "i": 191 }, "geometry": { "type": "Polygon", "coordinates": [ [ [ -63.2431, -17.3683 ], [ -63.24266, -17.36796 ], [ -63.24216, -17.36851 ], [ -63.24216, -17.36856 ], [ -63.24253, -17.36889 ], [ -63.24256, -17.36889 ], [ -63.2431, -17.3683 ] ] ] } },
{ "type": "Feature", "properties": { "i": 192 }, "geometry": { "type": "Polygon", "coordinates": [ [ [ -63.27458, -17.3627 ], [ -63.27378, -17.3623 ], [ -63.27347, -17.36281 ], [ -63.27426, -17.36319 ], [ -63.27458, -17.3627 ] ] ] } },
{ "type": "Feature", "properties": { "i": 193 }, "geometry": { "type": "Polygon", "coordinates": [ [ [ -63.22596, -17.37077 ], [ -63.22806, -17.37199 ], [ -63.22848, -17.37155 ], [ -63.22847, -17.37152 ], [ -63.22626, -17.37024 ], [ -63.22596, -17.37069 ], [ -63.22596, -17.37077 ] ] ] } },
{ "type": "Feature", "properties": { "i": 194 }, "geometry": { "type": "Polygon", "coordinates": [ [ [ -63.26968, -17.36317 ], [ -63.27124, -17.36393 ], [ -63.27149, -17.36343 ], [ -63.26993, -17.36267 ], [ -63.26968, -17.36317 ] ] ] } },
{ "type": "Feature", "properties": { "i": 195 }, "geometry": { "type": "Polygon", "coordinates": [ [ [ -63.20779, -17.37315 ], [ -63.20731, -17.3732 ], [ -63.20725, -17.37327 ], [ -63.20725, -17.3736 ], [ -63.20717, -17.37409 ], [ -63.20711, -17.3743 ], [ -63.20674, -17.37521 ], [ -63.20681, -17.37588 ], [ -63.20689, -17.37612 ], [ -63.20696, -17.37616 ], [ -63.20703, -17.37613 ], [ -63.20738, -17.37572 ], [ -63.20737, -17.37536 ], [ -63.20739, -17.37523 ], [ -63.20766, -17.37455 ], [ -63.20782, -17.37391 ], [ -63.20786, -17.37341 ], [ -63.20785, -17.3732 ], [ -63.20779, -17.37315 ] ] ] } },
{ "type": "Feature", "properties": { "i": 196 }, "geometry": { "type": "Polygon", "coordinates": [ [ [ -63.21239, -17.37432 ], [ -63.21288, -17.37358 ], [ -63.21288, -17.37352 ], [ -63.21229, -17.37321 ], [ -63.21226, -17.37323 ], [ -63.21226, -17.37326 ], [ -63.21234, -17.37431 ], [ -63.21236, -17.37433 ], [ -63.21239, -17.37432 ] ] ] } },
{ "type": "Feature", "properties": { "i": 197 }, "geometry": { "type": "Polygon", "coordinates": [ [ [ -63.20745, -17.37552 ], [ -63.20742, -17.37542 ], [ -63.20746, -17.3752 ], [ -63.20772, -17.37462 ], [ -63.20876, -17.37444 ], [ -63.20883, -17.37437 ], [ -63.20884, -17.37426 ], [ -63.20865, -17.374 ], [ -63.20845, -17.37358 ], [ -63.20838, -17.37316 ], [ -63.20842, -17.3731 ], [ -63.20894, -17.37306 ], [ -63.20897, -17.37309 ], [ -63.20903, -17.37342 ], [ -63.20913, -17.37366 ], [ -63.20926, -17.37383 ], [ -63.20949, -17.37405 ], [ -63.20954, -17.37414 ], [ -63.20964, -17.37468 ], [ -63.20961, -17.37479 ], [ -63.20954, -17.37486 ], [ -63.20932, -17.37494 ], [ -63.20784, -17.37519 ], [ -63.20754, -17.37553 ], [ -63.20749, -17.37554 ], [ -63.20745, -17.37552 ] ] ] } },
{ "type": "Feature", "properties": { "i": 198 }, "geometry": { "type": "Polygon", "coordinates": [ [ [ -63.28033, -17.36113 ], [ -63.28032, -17.36106 ], [ -63.27947, -17.36052 ], [ -63.27847, -17.35982 ], [ -63.27741, -17.36213 ], [ -63.2782, -17.36227 ], [ -63.27899, -17.36248 ], [ -63.28033, -17.36113 ] ] ] } },
{ "type": "Feature", "properties": { "i": 199 }, "geometry": { "type": "Polygon", "coordinates": [ [ [ -63.2646, -17.36512 ], [ -63.26462, -17.36523 ], [ -63.26448, -17.36551 ], [ -63.26451, -17.36564 ], [ -63.26443, -17.36583 ], [ -63.26438, -17.36582 ], [ -63.26446, -17.36565 ], [ -63.26444, -17.36557 ], [ -63.26447, -17.36546 ], [ -63.26459, -17.36519 ], [ -63.26452, -17.36499 ], [ -63.26445, -17.36504 ], [ -63.26426, -17.36497 ], [ -63.26428, -17.36494 ], [ -63.26444, -17.36501 ], [ -63.26451, -17.36498 ], [ -63.26495, -17.36418 ], [ -63.26518, -17.36369 ], [ -63.26597, -17.36234 ], [ -63.26627, -17.36191 ], [ -63.26625, -17.36188 ], [ -63.26618, -17.36181 ], [ -63.2643, -17.36073 ], [ -63.26407, -17.36112 ], [ -63.26404, -17.36129 ], [ -63.26408, -17.36139 ], [ -63.26406, -17.36146 ], [ -63.26403, -17.36146 ], [ -63.26404, -17.36137 ], [ -63.26401, -17.3613 ], [ -63.26402, -17.36117 ], [ -63.26427, -17.36071 ], [ -63.25994, -17.35819 ], [ -63.25895, -17.35969 ], [ -63.25994, -17.36051 ], [ -63.26248, -17.363 ], [ -63.26278, -17.36332 ], [ -63.26317, -17.3638 ], [ -63.26368, -17.36465 ], [ -63.26434, -17.36603 ], [ -63.26473, -17.36679 ], [ -63.26626, -17.36929 ], [ -63.26631, -17.36931 ], [ -63.26636, -17.36929 ], [ -63.26874, -17.36406 ], [ -63.26658, -17.36238 ], [ -63.26645, -17.36224 ], [ -63.26631, -17.36197 ], [ -63.26619, -17.36211 ], [ -63.26541, -17.36342 ], [ -63.26501, -17.36415 ], [ -63.26503, -17.36427 ], [ -63.26518, -17.36453 ], [ -63.26555, -17.36487 ], [ -63.26572, -17.36523 ], [ -63.26569, -17.36524 ], [ -63.26563, -17.36508 ], [ -63.26551, -17.36487 ], [ -63.26519, -17.36459 ], [ -63.26498, -17.36421 ], [ -63.26455, -17.36497 ], [ -63.26458, -17.36507 ], [ -63.26482, -17.36523 ], [ -63.26506, -17.36543 ], [ -63.26539, -17.3656 ], [ -63.26548, -17.3657 ], [ -63.26545, -17.36572 ], [ -63.26533, -17.36561 ], [ -63.26508, -17.36548 ], [ -63.26475, -17.3652 ], [ -63.2646, -17.36512 ] ] ] } },
{ "type": "Feature", "properties": { "i": 200 }, "geometry": { "type": "Polygon", "coordinates": [ [ [ -63.23989, -17.37044 ], [ -63.23975, -17.36869 ], [ -63.23942, -17.36685 ], [ -63.23933, -17.3668 ], [ -63.23928, -17.3668 ], [ -63.2392, -17.36684 ], [ -63.23766, -17.3685 ], [ -63.23989, -17.37044 ] ] ] } },
{ "type": "Feature", "properties": { "i": 201 }, "geometry": { "type": "Polygon", "coordinates": [ [ [ -63.27182, -17.36285 ], [ -63.27026, -17.36207 ], [ -63.26997, -17.36258 ], [ -63.27151, -17.36336 ], [ -63.27157, -17.36334 ], [ -63.27182, -17.36285 ] ] ] } },
{ "type": "Feature", "properties": { "i": 202 }, "geometry": { "type": "Polygon", "coordinates": [ [ [ -63.27513, -17.36178 ], [ -63.27444, -17.36123 ], [ -63.27436, -17.36124 ], [ -63.27382, -17.36224 ], [ -63.27461, -17.36263 ], [ -63.27515, -17.36182 ], [ -63.27513, -17.36178 ] ] ] } },
{ "type": "Feature", "properties": { "i": 203 }, "geometry": { "type": "Polygon", "coordinates": [ [ [ -63.27372, -17.36227 ], [ -63.27256, -17.36172 ], [ -63.27253, -17.36172 ], [ -63.27229, -17.36222 ], [ -63.27339, -17.36278 ], [ -63.27345, -17.36277 ], [ -63.27372, -17.36227 ] ] ] } },
{ "type": "Feature", "properties": { "i": 204 }, "geometry": { "type": "Polygon", "coordinates": [ [ [ -63.22349, -17.37028 ], [ -63.22239, -17.37203 ], [ -63.22302, -17.3724 ], [ -63.22412, -17.37065 ], [ -63.22349, -17.37028 ] ] ] } },
{ "type": "Feature", "properties": { "i": 205 }, "geometry": { "type": "Polygon", "coordinates": [ [ [ -63.22894, -17.37104 ], [ -63.22826, -17.37062 ], [ -63.22661, -17.36967 ], [ -63.22629, -17.37019 ], [ -63.2285, -17.37147 ], [ -63.22855, -17.37147 ], [ -63.22894, -17.37104 ] ] ] } },
{ "type": "Feature", "properties": { "i": 206 }, "geometry": { "type": "Polygon", "coordinates": [ [ [ -63.2079, -17.37371 ], [ -63.20797, -17.37318 ], [ -63.20801, -17.37315 ], [ -63.20822, -17.37313 ], [ -63.20828, -17.37317 ], [ -63.20841, -17.37375 ], [ -63.2085, -17.37395 ], [ -63.20872, -17.37423 ], [ -63.20873, -17.37431 ], [ -63.20871, -17.37434 ], [ -63.20783, -17.3745 ], [ -63.20781, -17.37448 ], [ -63.20778, -17.37443 ], [ -63.2079, -17.37371 ] ] ] } },
{ "type": "Feature", "properties": { "i": 207 }, "geometry": { "type": "Polygon", "coordinates": [ [ [ -63.21613, -17.37161 ], [ -63.21613, -17.37158 ], [ -63.21564, -17.3713 ], [ -63.2156, -17.3713 ], [ -63.2144, -17.37318 ], [ -63.21441, -17.37324 ], [ -63.21488, -17.37351 ], [ -63.21492, -17.37351 ], [ -63.21613, -17.37161 ] ] ] } },
{ "type": "Feature", "properties": { "i": 208 }, "geometry": { "type": "Polygon", "coordinates": [ [ [ -63.21679, -17.37196 ], [ -63.21622, -17.37163 ], [ -63.21617, -17.37165 ], [ -63.21563, -17.37251 ], [ -63.21627, -17.37288 ], [ -63.21679, -17.37196 ] ] ] } },
{ "type": "Feature", "properties": { "i": 209 }, "geometry": { "type": "Polygon", "coordinates": [ [ [ -63.27641, -17.36182 ], [ -63.27657, -17.36155 ], [ -63.27656, -17.36153 ], [ -63.27586, -17.36113 ], [ -63.27562, -17.36159 ], [ -63.27584, -17.36174 ], [ -63.27598, -17.36179 ], [ -63.27634, -17.36185 ], [ -63.27641, -17.36182 ] ] ] } },
{ "type": "Feature", "properties": { "i": 210 }, "geometry": { "type": "Polygon", "coordinates": [ [ [ -63.2123, -17.37232 ], [ -63.21223, -17.37231 ], [ -63.21219, -17.37235 ], [ -63.21225, -17.37314 ], [ -63.21281, -17.37345 ], [ -63.21285, -17.37345 ], [ -63.21288, -17.3734 ], [ -63.21283, -17.37264 ], [ -63.2123, -17.37232 ] ] ] } },
{ "type": "Feature", "properties": { "i": 211 }, "geometry": { "type": "Polygon", "coordinates": [ [ [ -63.22941, -17.37053 ], [ -63.22697, -17.3691 ], [ -63.22665, -17.3696 ], [ -63.22666, -17.36964 ], [ -63.22896, -17.37098 ], [ -63.229, -17.37098 ], [ -63.22941, -17.37053 ] ] ] } },
{ "type": "Feature", "properties": { "i": 212 }, "geometry": { "type": "Polygon", "coordinates": [ [ [ -63.27031, -17.36199 ], [ -63.27187, -17.36276 ], [ -63.27212, -17.36228 ], [ -63.27211, -17.36222 ], [ -63.27058, -17.36149 ], [ -63.27031, -17.36199 ] ] ] } },
{ "type": "Feature", "properties": { "i": 213 }, "geometry": { "type": "Polygon", "coordinates": [ [ [ -63.27431, -17.3612 ], [ -63.27384, -17.36081 ], [ -63.27323, -17.36195 ], [ -63.27373, -17.3622 ], [ -63.27431, -17.3612 ] ] ] } },
{ "type": "Feature", "properties": { "i": 214 }, "geometry": { "type": "Polygon", "coordinates": [ [ [ -63.23989, -17.36854 ], [ -63.2408, -17.36761 ], [ -63.23961, -17.36661 ], [ -63.23961, -17.36664 ], [ -63.23989, -17.36854 ] ] ] } },
{ "type": "Feature", "properties": { "i": 215 }, "geometry": { "type": "Polygon", "coordinates": [ [ [ -63.20992, -17.37243 ], [ -63.21162, -17.37329 ], [ -63.21161, -17.37356 ], [ -63.21154, -17.37359 ], [ -63.20929, -17.37312 ], [ -63.20938, -17.3734 ], [ -63.21193, -17.37401 ], [ -63.2118, -17.37243 ], [ -63.21018, -17.3716 ], [ -63.21019, -17.37189 ], [ -63.21152, -17.37258 ], [ -63.21155, -17.37265 ], [ -63.21157, -17.37305 ], [ -63.21151, -17.37305 ], [ -63.21148, -17.37271 ], [ -63.21018, -17.372 ], [ -63.21013, -17.37202 ], [ -63.20991, -17.37239 ], [ -63.20992, -17.37243 ] ] ] } },
{ "type": "Feature", "properties": { "i": 216 }, "geometry": { "type": "Polygon", "coordinates": [ [ [ -63.20964, -17.37306 ], [ -63.20961, -17.37299 ], [ -63.20979, -17.37262 ], [ -63.20983, -17.37258 ], [ -63.20989, -17.37258 ], [ -63.21136, -17.37333 ], [ -63.21136, -17.37338 ], [ -63.21132, -17.37343 ], [ -63.21128, -17.37344 ], [ -63.20964, -17.37306 ] ] ] } },
{ "type": "Feature", "properties": { "i": 217 }, "geometry": { "type": "Polygon", "coordinates": [ [ [ -63.22732, -17.36854 ], [ -63.22701, -17.36902 ], [ -63.227, -17.36905 ], [ -63.22702, -17.36908 ], [ -63.22941, -17.37047 ], [ -63.22948, -17.37047 ], [ -63.22987, -17.37003 ], [ -63.22732, -17.36854 ] ] ] } },
{ "type": "Feature", "properties": { "i": 218 }, "geometry": { "type": "Polygon", "coordinates": [ [ [ -63.22555, -17.37124 ], [ -63.22584, -17.37079 ], [ -63.22583, -17.37075 ], [ -63.22416, -17.36979 ], [ -63.2239, -17.36966 ], [ -63.22361, -17.37012 ], [ -63.22361, -17.37018 ], [ -63.22363, -17.3702 ], [ -63.22407, -17.37048 ], [ -63.22549, -17.37129 ], [ -63.22555, -17.37124 ] ] ] } },
{ "type": "Feature", "properties": { "i": 219 }, "geometry": { "type": "Polygon", "coordinates": [ [ [ -63.27622, -17.3606 ], [ -63.27619, -17.3606 ], [ -63.27593, -17.36102 ], [ -63.27593, -17.36106 ], [ -63.27597, -17.36111 ], [ -63.2766, -17.36145 ], [ -63.27687, -17.36097 ], [ -63.27622, -17.3606 ] ] ] } },
{ "type": "Feature", "properties": { "i": 220 }, "geometry": { "type": "Polygon", "coordinates": [ [ [ -63.22208, -17.37185 ], [ -63.22282, -17.37067 ], [ -63.22118, -17.36973 ], [ -63.22047, -17.37089 ], [ -63.22047, -17.37093 ], [ -63.22208, -17.37185 ] ] ] } },
{ "type": "Feature", "properties": { "i": 221 }, "geometry": { "type": "Polygon", "coordinates": [ [ [ -63.24248, -17.36779 ], [ -63.23991, -17.36635 ], [ -63.23975, -17.36653 ], [ -63.24195, -17.36837 ], [ -63.24248, -17.36779 ] ] ] } },
{ "type": "Feature", "properties": { "i": 222 }, "geometry": { "type": "Polygon", "coordinates": [ [ [ -63.22588, -17.37072 ], [ -63.2262, -17.3702 ], [ -63.2261, -17.37013 ], [ -63.22427, -17.36907 ], [ -63.22395, -17.3696 ], [ -63.22588, -17.37072 ] ] ] } },
{ "type": "Feature", "properties": { "i": 223 }, "geometry": { "type": "Polygon", "coordinates": [ [ [ -63.26961, -17.3612 ], [ -63.26927, -17.36177 ], [ -63.26954, -17.36192 ], [ -63.2697, -17.36167 ], [ -63.26962, -17.36163 ], [ -63.26963, -17.3616 ], [ -63.26974, -17.36166 ], [ -63.2692, -17.36255 ], [ -63.26918, -17.36254 ], [ -63.26952, -17.36195 ], [ -63.26925, -17.3618 ], [ -63.26885, -17.36248 ], [ -63.26886, -17.36253 ], [ -63.26927, -17.36282 ], [ -63.26937, -17.36278 ], [ -63.27006, -17.36143 ], [ -63.26961, -17.3612 ] ] ] } },
{ "type": "Feature", "properties": { "i": 224 }, "geometry": { "type": "Polygon", "coordinates": [ [ [ -63.21434, -17.37317 ], [ -63.21554, -17.37125 ], [ -63.21503, -17.37095 ], [ -63.21384, -17.37284 ], [ -63.21384, -17.37292 ], [ -63.21429, -17.37318 ], [ -63.21434, -17.37317 ] ] ] } },
{ "type": "Feature", "properties": { "i": 225 }, "geometry": { "type": "Polygon", "coordinates": [ [ [ -63.27093, -17.36094 ], [ -63.27066, -17.36144 ], [ -63.27218, -17.36216 ], [ -63.27221, -17.36214 ], [ -63.27246, -17.36166 ], [ -63.27093, -17.36094 ] ] ] } },
{ "type": "Feature", "properties": { "i": 226 }, "geometry": { "type": "Polygon", "coordinates": [ [ [ -63.27315, -17.36191 ], [ -63.27377, -17.36073 ], [ -63.27327, -17.36035 ], [ -63.27258, -17.36164 ], [ -63.27315, -17.36191 ] ] ] } },
{ "type": "Feature", "properties": { "i": 227 }, "geometry": { "type": "Polygon", "coordinates": [ [ [ -63.27428, -17.36057 ], [ -63.27558, -17.36139 ], [ -63.27574, -17.3611 ], [ -63.27441, -17.36036 ], [ -63.27437, -17.36036 ], [ -63.27427, -17.36051 ], [ -63.27428, -17.36057 ] ] ] } },
{ "type": "Feature", "properties": { "i": 228 }, "geometry": { "type": "Polygon", "coordinates": [ [ [ -63.2772, -17.3604 ], [ -63.27653, -17.36003 ], [ -63.2765, -17.36004 ], [ -63.27625, -17.3605 ], [ -63.27692, -17.36087 ], [ -63.2772, -17.3604 ] ] ] } },
{ "type": "Feature", "properties": { "i": 229 }, "geometry": { "type": "Polygon", "coordinates": [ [ [ -63.20381, -17.37429 ], [ -63.20148, -17.37295 ], [ -63.20109, -17.37357 ], [ -63.2036, -17.37495 ], [ -63.20381, -17.37429 ] ] ] } },
{ "type": "Feature", "properties": { "i": 230 }, "geometry": { "type": "Polygon", "coordinates": [ [ [ -63.2695, -17.36112 ], [ -63.26949, -17.36109 ], [ -63.26901, -17.36085 ], [ -63.2683, -17.36209 ], [ -63.2683, -17.36212 ], [ -63.26871, -17.36242 ], [ -63.26875, -17.36242 ], [ -63.2695, -17.36112 ] ] ] } },
{ "type": "Feature", "properties": { "i": 231 }, "geometry": { "type": "Polygon", "coordinates": [ [ [ -63.27478, -17.35983 ], [ -63.27475, -17.35984 ], [ -63.27449, -17.36029 ], [ -63.27579, -17.361 ], [ -63.27609, -17.36054 ], [ -63.27478, -17.35983 ] ] ] } },
{ "type": "Feature", "properties": { "i": 232 }, "geometry": { "type": "Polygon", "coordinates": [ [ [ -63.22737, -17.3685 ], [ -63.22989, -17.36997 ], [ -63.22997, -17.36995 ], [ -63.23033, -17.36951 ], [ -63.23034, -17.36943 ], [ -63.23032, -17.3694 ], [ -63.22968, -17.36905 ], [ -63.22773, -17.36791 ], [ -63.22737, -17.3685 ] ] ] } },
{ "type": "Feature", "properties": { "i": 233 }, "geometry": { "type": "Polygon", "coordinates": [ [ [ -63.22622, -17.37014 ], [ -63.22653, -17.36967 ], [ -63.22652, -17.36961 ], [ -63.22464, -17.36853 ], [ -63.22458, -17.36855 ], [ -63.22429, -17.36899 ], [ -63.2243, -17.36904 ], [ -63.22622, -17.37014 ] ] ] } },
{ "type": "Feature", "properties": { "i": 234 }, "geometry": { "type": "Polygon", "coordinates": [ [ [ -63.21537, -17.37004 ], [ -63.21499, -17.37066 ], [ -63.215, -17.37069 ], [ -63.21688, -17.37178 ], [ -63.21725, -17.37115 ], [ -63.21725, -17.37111 ], [ -63.21541, -17.37004 ], [ -63.21537, -17.37004 ] ] ] } },
{ "type": "Feature", "properties": { "i": 235 }, "geometry": { "type": "Polygon", "coordinates": [ [ [ -63.22322, -17.37005 ], [ -63.22165, -17.36913 ], [ -63.2216, -17.36913 ], [ -63.22156, -17.36916 ], [ -63.22122, -17.36969 ], [ -63.22285, -17.37062 ], [ -63.22322, -17.37005 ] ] ] } },
{ "type": "Feature", "properties": { "i": 236 }, "geometry": { "type": "Polygon", "coordinates": [ [ [ -63.27316, -17.36029 ], [ -63.27268, -17.35999 ], [ -63.27198, -17.36134 ], [ -63.27248, -17.36158 ], [ -63.27316, -17.36029 ] ] ] } },
{ "type": "Feature", "properties": { "i": 237 }, "geometry": { "type": "Polygon", "coordinates": [ [ [ -63.20648, -17.3762 ], [ -63.20636, -17.37641 ], [ -63.20646, -17.37649 ], [ -63.2066, -17.3765 ], [ -63.20669, -17.37638 ], [ -63.20676, -17.37618 ], [ -63.20664, -17.37546 ], [ -63.20669, -17.37502 ], [ -63.20704, -17.37415 ], [ -63.20714, -17.37363 ], [ -63.20716, -17.37333 ], [ -63.20712, -17.37281 ], [ -63.20704, -17.37247 ], [ -63.20691, -17.37208 ], [ -63.20688, -17.37189 ], [ -63.20687, -17.37154 ], [ -63.20691, -17.37131 ], [ -63.20691, -17.37117 ], [ -63.20688, -17.37106 ], [ -63.20677, -17.37087 ], [ -63.20677, -17.37074 ], [ -63.20679, -17.37068 ], [ -63.20743, -17.36979 ], [ -63.20743, -17.36969 ], [ -63.20733, -17.3696 ], [ -63.20732, -17.3695 ], [ -63.2073, -17.36948 ], [ -63.20728, -17.36948 ], [ -63.20631, -17.37085 ], [ -63.2066, -17.37105 ], [ -63.20663, -17.37116 ], [ -63.20659, -17.37158 ], [ -63.20662, -17.37207 ], [ -63.20664, -17.37225 ], [ -63.2068, -17.37281 ], [ -63.20685, -17.37332 ], [ -63.20685, -17.37361 ], [ -63.20681, -17.37387 ], [ -63.2067, -17.37428 ], [ -63.20654, -17.37464 ], [ -63.20644, -17.37502 ], [ -63.2064, -17.37527 ], [ -63.2064, -17.37577 ], [ -63.20648, -17.3762 ] ] ] } },
{ "type": "Feature", "properties": { "i": 238 }, "geometry": { "type": "Polygon", "coordinates": [ [ [ -63.27728, -17.36029 ], [ -63.27754, -17.35983 ], [ -63.27686, -17.35946 ], [ -63.27658, -17.35994 ], [ -63.27724, -17.36029 ], [ -63.27728, -17.36029 ] ] ] } },
{ "type": "Feature", "properties": { "i": 239 }, "geometry": { "type": "Polygon", "coordinates": [ [ [ -63.21495, -17.37091 ], [ -63.21426, -17.3705 ], [ -63.21373, -17.37135 ], [ -63.21372, -17.3714 ], [ -63.21439, -17.37182 ], [ -63.21495, -17.37091 ] ] ] } },
{ "type": "Feature", "properties": { "i": 240 }, "geometry": { "type": "Polygon", "coordinates": [ [ [ -63.2719, -17.36127 ], [ -63.27216, -17.36076 ], [ -63.27215, -17.36069 ], [ -63.27128, -17.36029 ], [ -63.27097, -17.36084 ], [ -63.2719, -17.36127 ] ] ] } },
{ "type": "Feature", "properties": { "i": 241 }, "geometry": { "type": "Polygon", "coordinates": [ [ [ -63.23079, -17.369 ], [ -63.23041, -17.36859 ], [ -63.23028, -17.36842 ], [ -63.23152, -17.36705 ], [ -63.23208, -17.36755 ], [ -63.23079, -17.369 ] ] ] } },
{ "type": "Feature", "properties": { "i": 242 }, "geometry": { "type": "Polygon", "coordinates": [ [ [ -63.21868, -17.36991 ], [ -63.22036, -17.37088 ], [ -63.22041, -17.37086 ], [ -63.22075, -17.37033 ], [ -63.22074, -17.37027 ], [ -63.22015, -17.36991 ], [ -63.21904, -17.36929 ], [ -63.219, -17.36932 ], [ -63.21868, -17.36991 ] ] ] } },
{ "type": "Feature", "properties": { "i": 243 }, "geometry": { "type": "Polygon", "coordinates": [ [ [ -63.26822, -17.36198 ], [ -63.2689, -17.3608 ], [ -63.26889, -17.36076 ], [ -63.26843, -17.36052 ], [ -63.26841, -17.36052 ], [ -63.26774, -17.36169 ], [ -63.26814, -17.362 ], [ -63.26818, -17.36201 ], [ -63.26822, -17.36198 ] ] ] } },
{ "type": "Feature", "properties": { "i": 244 }, "geometry": { "type": "Polygon", "coordinates": [ [ [ -63.20205, -17.37209 ], [ -63.20161, -17.37277 ], [ -63.20384, -17.37405 ], [ -63.2039, -17.37405 ], [ -63.20395, -17.374 ], [ -63.20421, -17.37339 ], [ -63.20421, -17.37335 ], [ -63.20205, -17.37209 ] ] ] } },
{ "type": "Feature", "properties": { "i": 245 }, "geometry": { "type": "Polygon", "coordinates": [ [ [ -63.27482, -17.35971 ], [ -63.27615, -17.36045 ], [ -63.27641, -17.36 ], [ -63.27639, -17.35996 ], [ -63.27512, -17.35926 ], [ -63.27509, -17.35926 ], [ -63.27482, -17.35971 ] ] ] } },
{ "type": "Feature", "properties": { "i": 246 }, "geometry": { "type": "Polygon", "coordinates": [ [ [ -63.21724, -17.37104 ], [ -63.2173, -17.37104 ], [ -63.21733, -17.37101 ], [ -63.21758, -17.37058 ], [ -63.21756, -17.3705 ], [ -63.21574, -17.36945 ], [ -63.21543, -17.36994 ], [ -63.21543, -17.36998 ], [ -63.21724, -17.37104 ] ] ] } },
{ "type": "Feature", "properties": { "i": 247 }, "geometry": { "type": "Polygon", "coordinates": [ [ [ -63.22357, -17.3695 ], [ -63.22356, -17.36945 ], [ -63.22326, -17.36926 ], [ -63.22199, -17.36852 ], [ -63.22168, -17.36902 ], [ -63.22328, -17.36996 ], [ -63.22357, -17.3695 ] ] ] } },
{ "type": "Feature", "properties": { "i": 248 }, "geometry": { "type": "Polygon", "coordinates": [ [ [ -63.20773, -17.37223 ], [ -63.2076, -17.3716 ], [ -63.20768, -17.37136 ], [ -63.20761, -17.37087 ], [ -63.20771, -17.37072 ], [ -63.20778, -17.37071 ], [ -63.20781, -17.37072 ], [ -63.20802, -17.37097 ], [ -63.20814, -17.37115 ], [ -63.20828, -17.37144 ], [ -63.20838, -17.37175 ], [ -63.20842, -17.372 ], [ -63.20842, -17.37241 ], [ -63.20838, -17.37269 ], [ -63.20829, -17.37294 ], [ -63.20826, -17.37297 ], [ -63.20806, -17.37298 ], [ -63.20801, -17.37294 ], [ -63.20773, -17.37223 ] ] ] } },
{ "type": "Feature", "properties": { "i": 249 }, "geometry": { "type": "Polygon", "coordinates": [ [ [ -63.27787, -17.35931 ], [ -63.27787, -17.35928 ], [ -63.2772, -17.35892 ], [ -63.27717, -17.35892 ], [ -63.27691, -17.35938 ], [ -63.27762, -17.35975 ], [ -63.27787, -17.35931 ] ] ] } },
{ "type": "Feature", "properties": { "i": 250 }, "geometry": { "type": "Polygon", "coordinates": [ [ [ -63.20785, -17.37056 ], [ -63.20784, -17.37063 ], [ -63.20811, -17.37095 ], [ -63.20828, -17.37121 ], [ -63.20841, -17.3715 ], [ -63.20848, -17.37173 ], [ -63.20852, -17.37199 ], [ -63.20853, -17.3723 ], [ -63.20851, -17.37254 ], [ -63.20845, -17.37284 ], [ -63.20852, -17.37292 ], [ -63.20895, -17.37289 ], [ -63.20904, -17.3725 ], [ -63.20924, -17.37211 ], [ -63.20928, -17.37196 ], [ -63.20929, -17.37165 ], [ -63.20922, -17.37144 ], [ -63.20885, -17.37089 ], [ -63.20871, -17.37078 ], [ -63.20853, -17.37074 ], [ -63.2084, -17.37067 ], [ -63.2083, -17.37057 ], [ -63.20822, -17.3704 ], [ -63.20811, -17.37028 ], [ -63.20804, -17.37029 ], [ -63.20785, -17.37056 ] ] ] } },
{ "type": "Feature", "properties": { "i": 251 }, "geometry": { "type": "Polygon", "coordinates": [ [ [ -63.22111, -17.36974 ], [ -63.22085, -17.36957 ], [ -63.21938, -17.36872 ], [ -63.21908, -17.36921 ], [ -63.21909, -17.36924 ], [ -63.22074, -17.37021 ], [ -63.22082, -17.37021 ], [ -63.22111, -17.36974 ] ] ] } },
{ "type": "Feature", "properties": { "i": 252 }, "geometry": { "type": "Polygon", "coordinates": [ [ [ -63.26717, -17.36126 ], [ -63.26763, -17.36161 ], [ -63.26766, -17.36161 ], [ -63.26832, -17.36045 ], [ -63.26778, -17.36015 ], [ -63.26716, -17.36121 ], [ -63.26717, -17.36126 ] ] ] } },
{ "type": "Feature", "properties": { "i": 253 }, "geometry": { "type": "Polygon", "coordinates": [ [ [ -63.27427, -17.36022 ], [ -63.27447, -17.35983 ], [ -63.27347, -17.35925 ], [ -63.27327, -17.35956 ], [ -63.27328, -17.35961 ], [ -63.27423, -17.36023 ], [ -63.27427, -17.36022 ] ] ] } },
{ "type": "Feature", "properties": { "i": 254 }, "geometry": { "type": "Polygon", "coordinates": [ [ [ -63.27259, -17.35991 ], [ -63.27181, -17.35941 ], [ -63.27131, -17.3602 ], [ -63.27222, -17.36065 ], [ -63.27259, -17.35991 ] ] ] } },
{ "type": "Feature", "properties": { "i": 255 }, "geometry": { "type": "Polygon", "coordinates": [ [ [ -63.27673, -17.35943 ], [ -63.27673, -17.3594 ], [ -63.27544, -17.35869 ], [ -63.27542, -17.35869 ], [ -63.27515, -17.35915 ], [ -63.27515, -17.35917 ], [ -63.27647, -17.35989 ], [ -63.27673, -17.35943 ] ] ] } },
{ "type": "Feature", "properties": { "i": 256 }, "geometry": { "type": "Polygon", "coordinates": [ [ [ -63.23009, -17.36883 ], [ -63.23013, -17.36874 ], [ -63.23011, -17.36859 ], [ -63.22966, -17.36653 ], [ -63.22941, -17.36657 ], [ -63.2283, -17.36779 ], [ -63.23009, -17.36883 ] ] ] } },
{ "type": "Feature", "properties": { "i": 257 }, "geometry": { "type": "Polygon", "coordinates": [ [ [ -63.20423, -17.37327 ], [ -63.20206, -17.37203 ], [ -63.20238, -17.37152 ], [ -63.2045, -17.37273 ], [ -63.20451, -17.3728 ], [ -63.20427, -17.37326 ], [ -63.20423, -17.37327 ] ] ] } },
{ "type": "Feature", "properties": { "i": 258 }, "geometry": { "type": "Polygon", "coordinates": [ [ [ -63.22392, -17.3689 ], [ -63.22236, -17.36798 ], [ -63.22233, -17.36799 ], [ -63.22205, -17.36842 ], [ -63.22206, -17.36849 ], [ -63.22362, -17.36939 ], [ -63.22392, -17.3689 ] ] ] } },
{ "type": "Feature", "properties": { "i": 259 }, "geometry": { "type": "Polygon", "coordinates": [ [ [ -63.26958, -17.36098 ], [ -63.27028, -17.35978 ], [ -63.26979, -17.35953 ], [ -63.26909, -17.36072 ], [ -63.26958, -17.36098 ] ] ] } },
{ "type": "Feature", "properties": { "i": 260 }, "geometry": { "type": "Polygon", "coordinates": [ [ [ -63.20795, -17.37011 ], [ -63.20761, -17.36979 ], [ -63.20757, -17.36979 ], [ -63.20686, -17.37078 ], [ -63.20686, -17.37087 ], [ -63.20698, -17.37106 ], [ -63.207, -17.37115 ], [ -63.20694, -17.37148 ], [ -63.20694, -17.37194 ], [ -63.20707, -17.37235 ], [ -63.20722, -17.37304 ], [ -63.20782, -17.37299 ], [ -63.20786, -17.37294 ], [ -63.20774, -17.37242 ], [ -63.20757, -17.372 ], [ -63.20754, -17.37186 ], [ -63.20753, -17.37165 ], [ -63.20757, -17.37141 ], [ -63.20757, -17.37122 ], [ -63.20749, -17.37084 ], [ -63.20796, -17.37016 ], [ -63.20795, -17.37011 ] ] ] } },
{ "type": "Feature", "properties": { "i": 261 }, "geometry": { "type": "Polygon", "coordinates": [ [ [ -63.27794, -17.35918 ], [ -63.2782, -17.3587 ], [ -63.27753, -17.35834 ], [ -63.2775, -17.35835 ], [ -63.27725, -17.35878 ], [ -63.27726, -17.35882 ], [ -63.27794, -17.35918 ] ] ] } },
{ "type": "Feature", "properties": { "i": 262 }, "geometry": { "type": "Polygon", "coordinates": [ [ [ -63.22728, -17.36852 ], [ -63.22532, -17.36738 ], [ -63.22501, -17.36787 ], [ -63.2269, -17.36896 ], [ -63.22699, -17.36894 ], [ -63.22702, -17.36891 ], [ -63.22728, -17.36852 ] ] ] } },
{ "type": "Feature", "properties": { "i": 263 }, "geometry": { "type": "Polygon", "coordinates": [ [ [ -63.2176, -17.37048 ], [ -63.21765, -17.37046 ], [ -63.21801, -17.36982 ], [ -63.218, -17.36979 ], [ -63.21626, -17.36879 ], [ -63.2162, -17.3688 ], [ -63.21597, -17.36913 ], [ -63.2158, -17.36942 ], [ -63.2176, -17.37048 ] ] ] } },
{ "type": "Feature", "properties": { "i": 264 }, "geometry": { "type": "Polygon", "coordinates": [ [ [ -63.20988, -17.37054 ], [ -63.21149, -17.37149 ], [ -63.2116, -17.37149 ], [ -63.21169, -17.37143 ], [ -63.21216, -17.37069 ], [ -63.21214, -17.37062 ], [ -63.21043, -17.36964 ], [ -63.21035, -17.36964 ], [ -63.21031, -17.36967 ], [ -63.20985, -17.37039 ], [ -63.20984, -17.3705 ], [ -63.20988, -17.37054 ] ] ] } },
{ "type": "Feature", "properties": { "i": 265 }, "geometry": { "type": "Polygon", "coordinates": [ [ [ -63.22149, -17.36912 ], [ -63.21975, -17.36809 ], [ -63.21944, -17.36863 ], [ -63.22109, -17.36961 ], [ -63.22118, -17.3696 ], [ -63.22149, -17.36912 ] ] ] } },
{ "type": "Feature", "properties": { "i": 266 }, "geometry": { "type": "Polygon", "coordinates": [ [ [ -63.27388, -17.35871 ], [ -63.27383, -17.35872 ], [ -63.27355, -17.35916 ], [ -63.27455, -17.35974 ], [ -63.27484, -17.35927 ], [ -63.27388, -17.35871 ] ] ] } },
{ "type": "Feature", "properties": { "i": 267 }, "geometry": { "type": "Polygon", "coordinates": [ [ [ -63.20271, -17.37096 ], [ -63.2024, -17.37148 ], [ -63.20242, -17.3715 ], [ -63.20449, -17.37269 ], [ -63.20453, -17.37268 ], [ -63.20483, -17.37216 ], [ -63.20271, -17.37096 ] ] ] } },
{ "type": "Feature", "properties": { "i": 268 }, "geometry": { "type": "Polygon", "coordinates": [ [ [ -63.26653, -17.36158 ], [ -63.26765, -17.35964 ], [ -63.26763, -17.35961 ], [ -63.26716, -17.35933 ], [ -63.26598, -17.36124 ], [ -63.26653, -17.36158 ] ] ] } },
{ "type": "Feature", "properties": { "i": 269 }, "geometry": { "type": "Polygon", "coordinates": [ [ [ -63.27584, -17.35814 ], [ -63.27579, -17.35815 ], [ -63.27554, -17.35855 ], [ -63.27554, -17.3586 ], [ -63.27681, -17.35932 ], [ -63.27708, -17.35885 ], [ -63.27584, -17.35814 ] ] ] } },
{ "type": "Feature", "properties": { "i": 270 }, "geometry": { "type": "Polygon", "coordinates": [ [ [ -63.26969, -17.35948 ], [ -63.26916, -17.35919 ], [ -63.26847, -17.36039 ], [ -63.26897, -17.36066 ], [ -63.26902, -17.36065 ], [ -63.26969, -17.35948 ] ] ] } },
{ "type": "Feature", "properties": { "i": 271 }, "geometry": { "type": "Polygon", "coordinates": [ [ [ -63.21533, -17.37001 ], [ -63.21343, -17.36889 ], [ -63.21305, -17.36949 ], [ -63.21307, -17.36958 ], [ -63.2149, -17.37065 ], [ -63.21493, -17.37064 ], [ -63.21533, -17.37001 ] ] ] } },
{ "type": "Feature", "properties": { "i": 272 }, "geometry": { "type": "Polygon", "coordinates": [ [ [ -63.2293, -17.36659 ], [ -63.2293, -17.36653 ], [ -63.22881, -17.36623 ], [ -63.2277, -17.36742 ], [ -63.22824, -17.36773 ], [ -63.2293, -17.36659 ] ] ] } },
{ "type": "Feature", "properties": { "i": 273 }, "geometry": { "type": "Polygon", "coordinates": [ [ [ -63.27321, -17.35952 ], [ -63.27339, -17.35921 ], [ -63.27258, -17.35875 ], [ -63.27249, -17.35875 ], [ -63.27238, -17.35893 ], [ -63.27239, -17.359 ], [ -63.27317, -17.35953 ], [ -63.27321, -17.35952 ] ] ] } },
{ "type": "Feature", "properties": { "i": 274 }, "geometry": { "type": "Polygon", "coordinates": [ [ [ -63.22768, -17.36787 ], [ -63.2257, -17.3667 ], [ -63.22534, -17.36729 ], [ -63.22733, -17.36844 ], [ -63.22768, -17.36787 ] ] ] } },
{ "type": "Feature", "properties": { "i": 275 }, "geometry": { "type": "Polygon", "coordinates": [ [ [ -63.27828, -17.35858 ], [ -63.27852, -17.3581 ], [ -63.27785, -17.35775 ], [ -63.27758, -17.35821 ], [ -63.27758, -17.35824 ], [ -63.27824, -17.35859 ], [ -63.27828, -17.35858 ] ] ] } },
{ "type": "Feature", "properties": { "i": 276 }, "geometry": { "type": "Polygon", "coordinates": [ [ [ -63.27128, -17.35907 ], [ -63.27097, -17.35884 ], [ -63.27043, -17.35976 ], [ -63.27083, -17.35997 ], [ -63.27128, -17.35907 ] ] ] } },
{ "type": "Feature", "properties": { "i": 277 }, "geometry": { "type": "Polygon", "coordinates": [ [ [ -63.22189, -17.36851 ], [ -63.22188, -17.36846 ], [ -63.22014, -17.36745 ], [ -63.22009, -17.36745 ], [ -63.21983, -17.36793 ], [ -63.21985, -17.36797 ], [ -63.22157, -17.36897 ], [ -63.22161, -17.36895 ], [ -63.22189, -17.36851 ] ] ] } },
{ "type": "Feature", "properties": { "i": 278 }, "geometry": { "type": "Polygon", "coordinates": [ [ [ -63.23193, -17.3655 ], [ -63.23194, -17.36543 ], [ -63.2319, -17.36535 ], [ -63.23168, -17.36527 ], [ -63.23147, -17.36524 ], [ -63.23138, -17.36525 ], [ -63.23126, -17.36531 ], [ -63.22998, -17.36677 ], [ -63.2301, -17.36745 ], [ -63.23022, -17.3674 ], [ -63.23115, -17.36633 ], [ -63.23193, -17.3655 ] ] ] } },
{ "type": "Feature", "properties": { "i": 279 }, "geometry": { "type": "Polygon", "coordinates": [ [ [ -63.26708, -17.35929 ], [ -63.26667, -17.35904 ], [ -63.26547, -17.36093 ], [ -63.26588, -17.36118 ], [ -63.26708, -17.35929 ] ] ] } },
{ "type": "Feature", "properties": { "i": 280 }, "geometry": { "type": "Polygon", "coordinates": [ [ [ -63.27491, -17.35915 ], [ -63.27525, -17.35857 ], [ -63.27428, -17.35803 ], [ -63.27424, -17.35803 ], [ -63.27391, -17.3586 ], [ -63.27487, -17.35916 ], [ -63.27491, -17.35915 ] ] ] } },
{ "type": "Feature", "properties": { "i": 281 }, "geometry": { "type": "Polygon", "coordinates": [ [ [ -63.27613, -17.35756 ], [ -63.2761, -17.35756 ], [ -63.27584, -17.35803 ], [ -63.27715, -17.35877 ], [ -63.27742, -17.3583 ], [ -63.27613, -17.35756 ] ] ] } },
{ "type": "Feature", "properties": { "i": 282 }, "geometry": { "type": "Polygon", "coordinates": [ [ [ -63.26784, -17.36004 ], [ -63.2684, -17.36036 ], [ -63.26907, -17.35914 ], [ -63.26853, -17.35886 ], [ -63.26784, -17.36004 ] ] ] } },
{ "type": "Feature", "properties": { "i": 283 }, "geometry": { "type": "Polygon", "coordinates": [ [ [ -63.21538, -17.36993 ], [ -63.21566, -17.36947 ], [ -63.21565, -17.36941 ], [ -63.21381, -17.36832 ], [ -63.21377, -17.36834 ], [ -63.21345, -17.36883 ], [ -63.21534, -17.36993 ], [ -63.21538, -17.36993 ] ] ] } },
{ "type": "Feature", "properties": { "i": 284 }, "geometry": { "type": "Polygon", "coordinates": [ [ [ -63.23203, -17.36642 ], [ -63.23259, -17.36573 ], [ -63.23236, -17.36556 ], [ -63.23215, -17.3655 ], [ -63.23207, -17.36551 ], [ -63.23201, -17.36555 ], [ -63.2311, -17.36652 ], [ -63.23156, -17.36689 ], [ -63.23203, -17.36642 ] ] ] } },
{ "type": "Feature", "properties": { "i": 285 }, "geometry": { "type": "Polygon", "coordinates": [ [ [ -63.26984, -17.35945 ], [ -63.27035, -17.35971 ], [ -63.27088, -17.35876 ], [ -63.27088, -17.35873 ], [ -63.2706, -17.35848 ], [ -63.27056, -17.35848 ], [ -63.27017, -17.35888 ], [ -63.26983, -17.35942 ], [ -63.26984, -17.35945 ] ] ] } },
{ "type": "Feature", "properties": { "i": 286 }, "geometry": { "type": "Polygon", "coordinates": [ [ [ -63.27374, -17.35863 ], [ -63.27283, -17.35814 ], [ -63.27256, -17.35861 ], [ -63.27344, -17.35911 ], [ -63.27374, -17.35863 ] ] ] } },
{ "type": "Feature", "properties": { "i": 287 }, "geometry": { "type": "Polygon", "coordinates": [ [ [ -63.21843, -17.36899 ], [ -63.21663, -17.36793 ], [ -63.21631, -17.36845 ], [ -63.21809, -17.36949 ], [ -63.21815, -17.36947 ], [ -63.21843, -17.36899 ] ] ] } },
{ "type": "Feature", "properties": { "i": 288 }, "geometry": { "type": "Polygon", "coordinates": [ [ [ -63.27796, -17.35767 ], [ -63.27859, -17.35802 ], [ -63.27862, -17.35801 ], [ -63.27889, -17.35757 ], [ -63.27821, -17.3572 ], [ -63.27795, -17.35763 ], [ -63.27796, -17.35767 ] ] ] } },
{ "type": "Feature", "properties": { "i": 289 }, "geometry": { "type": "Polygon", "coordinates": [ [ [ -63.2276, -17.36739 ], [ -63.22868, -17.36618 ], [ -63.22819, -17.36589 ], [ -63.2271, -17.36706 ], [ -63.2271, -17.3671 ], [ -63.2276, -17.36739 ] ] ] } },
{ "type": "Feature", "properties": { "i": 290 }, "geometry": { "type": "Polygon", "coordinates": [ [ [ -63.26656, -17.35898 ], [ -63.26609, -17.35872 ], [ -63.26491, -17.36059 ], [ -63.2654, -17.36088 ], [ -63.26657, -17.35901 ], [ -63.26656, -17.35898 ] ] ] } },
{ "type": "Feature", "properties": { "i": 291 }, "geometry": { "type": "Polygon", "coordinates": [ [ [ -63.22017, -17.36739 ], [ -63.22191, -17.36838 ], [ -63.22199, -17.36833 ], [ -63.22224, -17.36793 ], [ -63.22043, -17.36688 ], [ -63.22016, -17.36734 ], [ -63.22017, -17.36739 ] ] ] } },
{ "type": "Feature", "properties": { "i": 292 }, "geometry": { "type": "Polygon", "coordinates": [ [ [ -63.27436, -17.35796 ], [ -63.27532, -17.35849 ], [ -63.27557, -17.35803 ], [ -63.27463, -17.35748 ], [ -63.27459, -17.35748 ], [ -63.27434, -17.35789 ], [ -63.27436, -17.35796 ] ] ] } },
{ "type": "Feature", "properties": { "i": 293 }, "geometry": { "type": "Polygon", "coordinates": [ [ [ -63.27224, -17.35891 ], [ -63.27276, -17.35806 ], [ -63.273, -17.35762 ], [ -63.27309, -17.35734 ], [ -63.27288, -17.35722 ], [ -63.27207, -17.35878 ], [ -63.27207, -17.35883 ], [ -63.27224, -17.35891 ] ] ] } },
{ "type": "Feature", "properties": { "i": 294 }, "geometry": { "type": "Polygon", "coordinates": [ [ [ -63.27648, -17.35699 ], [ -63.27645, -17.357 ], [ -63.27619, -17.35745 ], [ -63.2762, -17.35748 ], [ -63.27748, -17.3582 ], [ -63.27776, -17.35771 ], [ -63.27648, -17.35699 ] ] ] } },
{ "type": "Feature", "properties": { "i": 295 }, "geometry": { "type": "Polygon", "coordinates": [ [ [ -63.20029, -17.37029 ], [ -63.19998, -17.37081 ], [ -63.20189, -17.37193 ], [ -63.20198, -17.37198 ], [ -63.20201, -17.37197 ], [ -63.20229, -17.37151 ], [ -63.20226, -17.37144 ], [ -63.20168, -17.37112 ], [ -63.20029, -17.37029 ] ] ] } },
{ "type": "Feature", "properties": { "i": 296 }, "geometry": { "type": "Polygon", "coordinates": [ [ [ -63.22995, -17.36665 ], [ -63.23115, -17.36533 ], [ -63.23108, -17.36513 ], [ -63.23064, -17.36507 ], [ -63.23021, -17.36509 ], [ -63.22961, -17.36517 ], [ -63.22995, -17.36665 ] ] ] } },
{ "type": "Feature", "properties": { "i": 297 }, "geometry": { "type": "Polygon", "coordinates": [ [ [ -63.21875, -17.36842 ], [ -63.21699, -17.36737 ], [ -63.21671, -17.36783 ], [ -63.21845, -17.36888 ], [ -63.21849, -17.36888 ], [ -63.21875, -17.36842 ] ] ] } },
{ "type": "Feature", "properties": { "i": 298 }, "geometry": { "type": "Polygon", "coordinates": [ [ [ -63.22465, -17.36766 ], [ -63.22495, -17.36717 ], [ -63.22339, -17.36628 ], [ -63.22312, -17.36671 ], [ -63.22314, -17.36678 ], [ -63.22462, -17.36766 ], [ -63.22465, -17.36766 ] ] ] } },
{ "type": "Feature", "properties": { "i": 299 }, "geometry": { "type": "Polygon", "coordinates": [ [ [ -63.27055, -17.35844 ], [ -63.26997, -17.35785 ], [ -63.26923, -17.35912 ], [ -63.26976, -17.3594 ], [ -63.27013, -17.35886 ], [ -63.27055, -17.35844 ] ] ] } },
{ "type": "Feature", "properties": { "i": 300 }, "geometry": { "type": "Polygon", "coordinates": [ [ [ -63.27415, -17.35797 ], [ -63.27325, -17.35746 ], [ -63.27291, -17.35801 ], [ -63.27292, -17.35804 ], [ -63.27377, -17.35852 ], [ -63.27381, -17.35851 ], [ -63.27415, -17.35797 ] ] ] } },
{ "type": "Feature", "properties": { "i": 301 }, "geometry": { "type": "Polygon", "coordinates": [ [ [ -63.27829, -17.3571 ], [ -63.27893, -17.35748 ], [ -63.2792, -17.35703 ], [ -63.2792, -17.357 ], [ -63.27857, -17.35665 ], [ -63.27853, -17.35665 ], [ -63.27828, -17.35706 ], [ -63.27829, -17.3571 ] ] ] } },
{ "type": "Feature", "properties": { "i": 302 }, "geometry": { "type": "Polygon", "coordinates": [ [ [ -63.22809, -17.36583 ], [ -63.2276, -17.36554 ], [ -63.22651, -17.36671 ], [ -63.22701, -17.36701 ], [ -63.22809, -17.36583 ] ] ] } },
{ "type": "Feature", "properties": { "i": 303 }, "geometry": { "type": "Polygon", "coordinates": [ [ [ -63.26602, -17.35866 ], [ -63.2655, -17.35837 ], [ -63.26431, -17.36024 ], [ -63.26482, -17.36053 ], [ -63.26602, -17.35866 ] ] ] } },
{ "type": "Feature", "properties": { "i": 304 }, "geometry": { "type": "Polygon", "coordinates": [ [ [ -63.21609, -17.36867 ], [ -63.21426, -17.36761 ], [ -63.21421, -17.36763 ], [ -63.21384, -17.36824 ], [ -63.21386, -17.3683 ], [ -63.21572, -17.36938 ], [ -63.21612, -17.36875 ], [ -63.21609, -17.36867 ] ] ] } },
{ "type": "Feature", "properties": { "i": 305 }, "geometry": { "type": "Polygon", "coordinates": [ [ [ -63.23706, -17.36255 ], [ -63.23505, -17.36471 ], [ -63.23573, -17.36511 ], [ -63.23682, -17.36571 ], [ -63.23722, -17.36577 ], [ -63.2388, -17.36666 ], [ -63.23996, -17.36537 ], [ -63.23939, -17.36488 ], [ -63.23847, -17.36403 ], [ -63.23885, -17.3636 ], [ -63.23706, -17.36255 ] ] ] } },
{ "type": "Feature", "properties": { "i": 306 }, "geometry": { "type": "Polygon", "coordinates": [ [ [ -63.2226, -17.36737 ], [ -63.2208, -17.36633 ], [ -63.22074, -17.36634 ], [ -63.22049, -17.36679 ], [ -63.2223, -17.36784 ], [ -63.2226, -17.36737 ] ] ] } },
{ "type": "Feature", "properties": { "i": 307 }, "geometry": { "type": "Polygon", "coordinates": [ [ [ -63.27562, -17.35791 ], [ -63.27568, -17.35788 ], [ -63.27592, -17.35744 ], [ -63.27494, -17.35692 ], [ -63.27466, -17.35738 ], [ -63.27562, -17.35791 ] ] ] } },
{ "type": "Feature", "properties": { "i": 308 }, "geometry": { "type": "Polygon", "coordinates": [ [ [ -63.27711, -17.35723 ], [ -63.27783, -17.35761 ], [ -63.27809, -17.35716 ], [ -63.27809, -17.35713 ], [ -63.27682, -17.35644 ], [ -63.27679, -17.35644 ], [ -63.27652, -17.3569 ], [ -63.27708, -17.35721 ], [ -63.27724, -17.35693 ], [ -63.27728, -17.35695 ], [ -63.27711, -17.35723 ] ] ] } },
{ "type": "Feature", "properties": { "i": 309 }, "geometry": { "type": "Polygon", "coordinates": [ [ [ -63.22744, -17.36544 ], [ -63.22671, -17.36501 ], [ -63.2264, -17.36549 ], [ -63.22588, -17.36637 ], [ -63.22639, -17.36668 ], [ -63.22745, -17.36553 ], [ -63.22747, -17.36549 ], [ -63.22744, -17.36544 ] ] ] } },
{ "type": "Feature", "properties": { "i": 310 }, "geometry": { "type": "Polygon", "coordinates": [ [ [ -63.20061, -17.36971 ], [ -63.20029, -17.37022 ], [ -63.20229, -17.37141 ], [ -63.20234, -17.3714 ], [ -63.20262, -17.37094 ], [ -63.20258, -17.37086 ], [ -63.20061, -17.36971 ] ] ] } },
{ "type": "Feature", "properties": { "i": 311 }, "geometry": { "type": "Polygon", "coordinates": [ [ [ -63.22538, -17.36654 ], [ -63.22537, -17.36651 ], [ -63.22384, -17.3656 ], [ -63.22346, -17.36621 ], [ -63.22502, -17.36713 ], [ -63.22538, -17.36654 ] ] ] } },
{ "type": "Feature", "properties": { "i": 312 }, "geometry": { "type": "Polygon", "coordinates": [ [ [ -63.20583, -17.37087 ], [ -63.20617, -17.37039 ], [ -63.20615, -17.37033 ], [ -63.20399, -17.36908 ], [ -63.20393, -17.3691 ], [ -63.20365, -17.36954 ], [ -63.20366, -17.36961 ], [ -63.20583, -17.37087 ] ] ] } },
{ "type": "Feature", "properties": { "i": 313 }, "geometry": { "type": "Polygon", "coordinates": [ [ [ -63.23419, -17.36397 ], [ -63.23425, -17.36397 ], [ -63.23482, -17.3643 ], [ -63.235, -17.36438 ], [ -63.23509, -17.36435 ], [ -63.23543, -17.36393 ], [ -63.23542, -17.36378 ], [ -63.23536, -17.36369 ], [ -63.23409, -17.36292 ], [ -63.23397, -17.36292 ], [ -63.23354, -17.36361 ], [ -63.23219, -17.36508 ], [ -63.2322, -17.36516 ], [ -63.23228, -17.36522 ], [ -63.23281, -17.36546 ], [ -63.23419, -17.36397 ] ] ] } },
{ "type": "Feature", "properties": { "i": 314 }, "geometry": { "type": "Polygon", "coordinates": [ [ [ -63.26422, -17.35897 ], [ -63.26421, -17.35894 ], [ -63.26378, -17.35868 ], [ -63.26373, -17.3587 ], [ -63.26318, -17.35956 ], [ -63.26364, -17.35984 ], [ -63.26367, -17.35984 ], [ -63.26422, -17.35897 ] ] ] } },
{ "type": "Feature", "properties": { "i": 315 }, "geometry": { "type": "Polygon", "coordinates": [ [ [ -63.26426, -17.36017 ], [ -63.26544, -17.35834 ], [ -63.26492, -17.35803 ], [ -63.26375, -17.35988 ], [ -63.26375, -17.3599 ], [ -63.26422, -17.36018 ], [ -63.26426, -17.36017 ] ] ] } },
{ "type": "Feature", "properties": { "i": 316 }, "geometry": { "type": "Polygon", "coordinates": [ [ [ -63.26988, -17.35777 ], [ -63.26975, -17.35764 ], [ -63.26964, -17.35746 ], [ -63.26954, -17.35723 ], [ -63.2695, -17.35723 ], [ -63.26859, -17.35878 ], [ -63.26914, -17.35907 ], [ -63.26988, -17.35777 ] ] ] } },
{ "type": "Feature", "properties": { "i": 317 }, "geometry": { "type": "Polygon", "coordinates": [ [ [ -63.26566, -17.35832 ], [ -63.26774, -17.35953 ], [ -63.26801, -17.35908 ], [ -63.268, -17.35906 ], [ -63.26593, -17.35786 ], [ -63.26565, -17.3583 ], [ -63.26566, -17.35832 ] ] ] } },
{ "type": "Feature", "properties": { "i": 318 }, "geometry": { "type": "Polygon", "coordinates": [ [ [ -63.27952, -17.35648 ], [ -63.27951, -17.35643 ], [ -63.27888, -17.35609 ], [ -63.27883, -17.3561 ], [ -63.2786, -17.35653 ], [ -63.27861, -17.35656 ], [ -63.27928, -17.35691 ], [ -63.27952, -17.35648 ] ] ] } },
{ "type": "Feature", "properties": { "i": 319 }, "geometry": { "type": "Polygon", "coordinates": [ [ [ -63.2191, -17.36778 ], [ -63.21735, -17.36675 ], [ -63.21703, -17.36726 ], [ -63.21881, -17.3683 ], [ -63.2191, -17.36778 ] ] ] } },
{ "type": "Feature", "properties": { "i": 320 }, "geometry": { "type": "Polygon", "coordinates": [ [ [ -63.27326, -17.35735 ], [ -63.27419, -17.35786 ], [ -63.27424, -17.35785 ], [ -63.2745, -17.35741 ], [ -63.2745, -17.35739 ], [ -63.27352, -17.35687 ], [ -63.27325, -17.35732 ], [ -63.27326, -17.35735 ] ] ] } },
{ "type": "Feature", "properties": { "i": 321 }, "geometry": { "type": "Polygon", "coordinates": [ [ [ -63.26834, -17.35853 ], [ -63.26834, -17.3585 ], [ -63.26732, -17.3579 ], [ -63.26725, -17.35791 ], [ -63.267, -17.35831 ], [ -63.267, -17.35834 ], [ -63.26805, -17.35898 ], [ -63.26807, -17.35898 ], [ -63.26834, -17.35853 ] ] ] } },
{ "type": "Feature", "properties": { "i": 322 }, "geometry": { "type": "Polygon", "coordinates": [ [ [ -63.27229, -17.35732 ], [ -63.27185, -17.35699 ], [ -63.27116, -17.35792 ], [ -63.27116, -17.35795 ], [ -63.27167, -17.35842 ], [ -63.27165, -17.35816 ], [ -63.27167, -17.35816 ], [ -63.2717, -17.35842 ], [ -63.27173, -17.35842 ], [ -63.27229, -17.35732 ] ] ] } },
{ "type": "Feature", "properties": { "i": 323 }, "geometry": { "type": "Polygon", "coordinates": [ [ [ -63.22113, -17.36575 ], [ -63.22105, -17.36577 ], [ -63.2208, -17.3662 ], [ -63.22265, -17.36728 ], [ -63.22294, -17.36679 ], [ -63.22113, -17.36575 ] ] ] } },
{ "type": "Feature", "properties": { "i": 324 }, "geometry": { "type": "Polygon", "coordinates": [ [ [ -63.2753, -17.35635 ], [ -63.27523, -17.35637 ], [ -63.27499, -17.35681 ], [ -63.27595, -17.35735 ], [ -63.27598, -17.35735 ], [ -63.27626, -17.35688 ], [ -63.2753, -17.35635 ] ] ] } },
{ "type": "Feature", "properties": { "i": 325 }, "geometry": { "type": "Polygon", "coordinates": [ [ [ -63.21654, -17.36785 ], [ -63.21482, -17.36683 ], [ -63.21446, -17.36737 ], [ -63.21621, -17.36838 ], [ -63.21654, -17.36785 ] ] ] } },
{ "type": "Feature", "properties": { "i": 326 }, "geometry": { "type": "Polygon", "coordinates": [ [ [ -63.2784, -17.35656 ], [ -63.27712, -17.35587 ], [ -63.27685, -17.35634 ], [ -63.2781, -17.35703 ], [ -63.27817, -17.35703 ], [ -63.27841, -17.35661 ], [ -63.2784, -17.35656 ] ] ] } },
{ "type": "Feature", "properties": { "i": 327 }, "geometry": { "type": "Polygon", "coordinates": [ [ [ -63.22931, -17.36507 ], [ -63.22922, -17.36474 ], [ -63.22828, -17.36582 ], [ -63.22878, -17.36612 ], [ -63.22938, -17.36547 ], [ -63.22931, -17.36507 ] ] ] } },
{ "type": "Feature", "properties": { "i": 328 }, "geometry": { "type": "Polygon", "coordinates": [ [ [ -63.21953, -17.36705 ], [ -63.21788, -17.36607 ], [ -63.21752, -17.36661 ], [ -63.21921, -17.36758 ], [ -63.21953, -17.36705 ] ] ] } },
{ "type": "Feature", "properties": { "i": 329 }, "geometry": { "type": "Polygon", "coordinates": [ [ [ -63.27962, -17.35634 ], [ -63.27987, -17.35591 ], [ -63.27986, -17.35587 ], [ -63.27923, -17.35551 ], [ -63.2792, -17.35551 ], [ -63.27894, -17.356 ], [ -63.27959, -17.35635 ], [ -63.27962, -17.35634 ] ] ] } },
{ "type": "Feature", "properties": { "i": 330 }, "geometry": { "type": "Polygon", "coordinates": [ [ [ -63.22859, -17.36529 ], [ -63.22709, -17.36439 ], [ -63.22675, -17.3649 ], [ -63.22818, -17.36576 ], [ -63.22859, -17.36529 ] ] ] } },
{ "type": "Feature", "properties": { "i": 331 }, "geometry": { "type": "Polygon", "coordinates": [ [ [ -63.27387, -17.35631 ], [ -63.27384, -17.35632 ], [ -63.27359, -17.35676 ], [ -63.27359, -17.35679 ], [ -63.27453, -17.3573 ], [ -63.27456, -17.3573 ], [ -63.27483, -17.35684 ], [ -63.27387, -17.35631 ] ] ] } },
{ "type": "Feature", "properties": { "i": 332 }, "geometry": { "type": "Polygon", "coordinates": [ [ [ -63.22117, -17.36567 ], [ -63.22299, -17.36671 ], [ -63.22329, -17.36624 ], [ -63.22145, -17.36517 ], [ -63.2214, -17.36518 ], [ -63.22115, -17.36561 ], [ -63.22115, -17.36564 ], [ -63.22117, -17.36567 ] ] ] } },
{ "type": "Feature", "properties": { "i": 333 }, "geometry": { "type": "Polygon", "coordinates": [ [ [ -63.27317, -17.35667 ], [ -63.27292, -17.35714 ], [ -63.27293, -17.35719 ], [ -63.27311, -17.35728 ], [ -63.27315, -17.35727 ], [ -63.27342, -17.35681 ], [ -63.27317, -17.35667 ] ] ] } },
{ "type": "Feature", "properties": { "i": 334 }, "geometry": { "type": "Polygon", "coordinates": [ [ [ -63.21659, -17.3678 ], [ -63.21493, -17.3668 ], [ -63.21492, -17.36677 ], [ -63.21521, -17.36637 ], [ -63.21525, -17.36636 ], [ -63.21687, -17.3673 ], [ -63.21675, -17.36755 ], [ -63.21659, -17.3678 ] ] ] } },
{ "type": "Feature", "properties": { "i": 335 }, "geometry": { "type": "Polygon", "coordinates": [ [ [ -63.26308, -17.3595 ], [ -63.26403, -17.35802 ], [ -63.26402, -17.35798 ], [ -63.26358, -17.35773 ], [ -63.26354, -17.35774 ], [ -63.26262, -17.35918 ], [ -63.26263, -17.35924 ], [ -63.26308, -17.3595 ] ] ] } },
{ "type": "Feature", "properties": { "i": 336 }, "geometry": { "type": "Polygon", "coordinates": [ [ [ -63.27633, -17.35677 ], [ -63.27659, -17.35631 ], [ -63.27563, -17.35578 ], [ -63.2756, -17.35578 ], [ -63.27532, -17.35623 ], [ -63.27628, -17.35677 ], [ -63.27633, -17.35677 ] ] ] } },
{ "type": "Feature", "properties": { "i": 337 }, "geometry": { "type": "Polygon", "coordinates": [ [ [ -63.27876, -17.35604 ], [ -63.27876, -17.35601 ], [ -63.27741, -17.35527 ], [ -63.27713, -17.35574 ], [ -63.27849, -17.35648 ], [ -63.27876, -17.35604 ] ] ] } },
{ "type": "Feature", "properties": { "i": 338 }, "geometry": { "type": "Polygon", "coordinates": [ [ [ -63.27107, -17.35783 ], [ -63.27173, -17.35695 ], [ -63.27173, -17.35691 ], [ -63.27107, -17.35643 ], [ -63.27044, -17.35727 ], [ -63.27104, -17.35784 ], [ -63.27107, -17.35783 ] ] ] } },
{ "type": "Feature", "properties": { "i": 339 }, "geometry": { "type": "Polygon", "coordinates": [ [ [ -63.26484, -17.35799 ], [ -63.26437, -17.35773 ], [ -63.26434, -17.35773 ], [ -63.26381, -17.35857 ], [ -63.26382, -17.35862 ], [ -63.26428, -17.35888 ], [ -63.26484, -17.35799 ] ] ] } },
{ "type": "Feature", "properties": { "i": 340 }, "geometry": { "type": "Polygon", "coordinates": [ [ [ -63.26247, -17.35918 ], [ -63.26306, -17.3583 ], [ -63.26305, -17.35825 ], [ -63.26263, -17.358 ], [ -63.26258, -17.35801 ], [ -63.26202, -17.3589 ], [ -63.26202, -17.35892 ], [ -63.26244, -17.35917 ], [ -63.26247, -17.35918 ] ] ] } },
{ "type": "Feature", "properties": { "i": 341 }, "geometry": { "type": "Polygon", "coordinates": [ [ [ -63.20146, -17.36841 ], [ -63.20108, -17.36901 ], [ -63.20313, -17.3702 ], [ -63.20349, -17.36963 ], [ -63.20349, -17.36959 ], [ -63.20146, -17.36841 ] ] ] } },
{ "type": "Feature", "properties": { "i": 342 }, "geometry": { "type": "Polygon", "coordinates": [ [ [ -63.23338, -17.36361 ], [ -63.23269, -17.36317 ], [ -63.23217, -17.36367 ], [ -63.23178, -17.36421 ], [ -63.2311, -17.36494 ], [ -63.23155, -17.36501 ], [ -63.23197, -17.36511 ], [ -63.23206, -17.36508 ], [ -63.23338, -17.36361 ] ] ] } },
{ "type": "Feature", "properties": { "i": 343 }, "geometry": { "type": "Polygon", "coordinates": [ [ [ -63.266, -17.35777 ], [ -63.26693, -17.35829 ], [ -63.2672, -17.35785 ], [ -63.26631, -17.35732 ], [ -63.26628, -17.35732 ], [ -63.266, -17.35777 ] ] ] } },
{ "type": "Feature", "properties": { "i": 344 }, "geometry": { "type": "Polygon", "coordinates": [ [ [ -63.22557, -17.36616 ], [ -63.22593, -17.36556 ], [ -63.22591, -17.36549 ], [ -63.22404, -17.36441 ], [ -63.22366, -17.36504 ], [ -63.22557, -17.36616 ] ] ] } },
{ "type": "Feature", "properties": { "i": 345 }, "geometry": { "type": "Polygon", "coordinates": [ [ [ -63.25077, -17.36362 ], [ -63.25082, -17.36358 ], [ -63.25091, -17.36359 ], [ -63.25218, -17.36442 ], [ -63.25317, -17.36498 ], [ -63.25406, -17.36352 ], [ -63.25417, -17.36316 ], [ -63.2544, -17.36186 ], [ -63.25394, -17.36106 ], [ -63.25342, -17.36032 ], [ -63.25261, -17.35958 ], [ -63.2521, -17.35905 ], [ -63.25194, -17.3588 ], [ -63.25178, -17.35867 ], [ -63.25163, -17.35862 ], [ -63.25146, -17.35862 ], [ -63.25137, -17.35864 ], [ -63.25125, -17.35877 ], [ -63.2511, -17.35903 ], [ -63.25096, -17.35939 ], [ -63.25092, -17.35962 ], [ -63.25091, -17.3599 ], [ -63.25081, -17.35992 ], [ -63.25083, -17.35946 ], [ -63.25088, -17.35925 ], [ -63.2512, -17.35864 ], [ -63.25133, -17.35854 ], [ -63.25153, -17.3585 ], [ -63.25171, -17.35852 ], [ -63.25184, -17.35859 ], [ -63.25191, -17.35858 ], [ -63.25236, -17.35914 ], [ -63.2536, -17.3603 ], [ -63.25402, -17.3609 ], [ -63.2549, -17.36012 ], [ -63.25566, -17.35886 ], [ -63.25564, -17.35876 ], [ -63.25348, -17.35754 ], [ -63.25285, -17.35714 ], [ -63.25158, -17.35645 ], [ -63.25152, -17.35663 ], [ -63.25073, -17.35802 ], [ -63.25045, -17.35813 ], [ -63.25009, -17.3581 ], [ -63.24934, -17.35932 ], [ -63.24858, -17.36078 ], [ -63.24775, -17.36208 ], [ -63.25035, -17.36418 ], [ -63.25077, -17.36362 ] ] ] } },
{ "type": "Feature", "properties": { "i": 346 }, "geometry": { "type": "Polygon", "coordinates": [ [ [ -63.27926, -17.35543 ], [ -63.27991, -17.35579 ], [ -63.27995, -17.35579 ], [ -63.28019, -17.35538 ], [ -63.28019, -17.35534 ], [ -63.27955, -17.35497 ], [ -63.27952, -17.35498 ], [ -63.27926, -17.35539 ], [ -63.27926, -17.35543 ] ] ] } },
{ "type": "Feature", "properties": { "i": 347 }, "geometry": { "type": "Polygon", "coordinates": [ [ [ -63.21953, -17.36695 ], [ -63.21959, -17.36696 ], [ -63.21966, -17.36693 ], [ -63.2199, -17.36652 ], [ -63.2199, -17.36648 ], [ -63.21823, -17.36553 ], [ -63.21794, -17.36597 ], [ -63.21794, -17.36601 ], [ -63.21953, -17.36695 ] ] ] } },
{ "type": "Feature", "properties": { "i": 348 }, "geometry": { "type": "Polygon", "coordinates": [ [ [ -63.26556, -17.35824 ], [ -63.26584, -17.3578 ], [ -63.26536, -17.35751 ], [ -63.26507, -17.358 ], [ -63.26551, -17.35825 ], [ -63.26556, -17.35824 ] ] ] } },
{ "type": "Feature", "properties": { "i": 349 }, "geometry": { "type": "Polygon", "coordinates": [ [ [ -63.26919, -17.35748 ], [ -63.26702, -17.35623 ], [ -63.26698, -17.35623 ], [ -63.26672, -17.35664 ], [ -63.26673, -17.35669 ], [ -63.26847, -17.3577 ], [ -63.26849, -17.35777 ], [ -63.26845, -17.35785 ], [ -63.26845, -17.3579 ], [ -63.26849, -17.35797 ], [ -63.2685, -17.35807 ], [ -63.26842, -17.35824 ], [ -63.26841, -17.35851 ], [ -63.26855, -17.35859 ], [ -63.26919, -17.35748 ] ] ] } },
{ "type": "Feature", "properties": { "i": 350 }, "geometry": { "type": "Polygon", "coordinates": [ [ [ -63.26636, -17.35723 ], [ -63.26837, -17.3584 ], [ -63.26839, -17.35838 ], [ -63.26839, -17.35823 ], [ -63.26847, -17.35808 ], [ -63.26842, -17.35789 ], [ -63.26844, -17.35782 ], [ -63.26666, -17.35675 ], [ -63.26636, -17.3572 ], [ -63.26636, -17.35723 ] ] ] } },
{ "type": "Feature", "properties": { "i": 351 }, "geometry": { "type": "Polygon", "coordinates": [ [ [ -63.27516, -17.35631 ], [ -63.27515, -17.35627 ], [ -63.2742, -17.35573 ], [ -63.27391, -17.35621 ], [ -63.27489, -17.35675 ], [ -63.27516, -17.35631 ] ] ] } },
{ "type": "Feature", "properties": { "i": 352 }, "geometry": { "type": "Polygon", "coordinates": [ [ [ -63.27377, -17.35623 ], [ -63.27348, -17.35608 ], [ -63.2732, -17.35657 ], [ -63.27348, -17.35673 ], [ -63.27377, -17.35623 ] ] ] } },
{ "type": "Feature", "properties": { "i": 353 }, "geometry": { "type": "Polygon", "coordinates": [ [ [ -63.22914, -17.36462 ], [ -63.22759, -17.36367 ], [ -63.22754, -17.36369 ], [ -63.22719, -17.36427 ], [ -63.2272, -17.36432 ], [ -63.22865, -17.36519 ], [ -63.22868, -17.36519 ], [ -63.22915, -17.36468 ], [ -63.22916, -17.36465 ], [ -63.22914, -17.36462 ] ] ] } },
{ "type": "Feature", "properties": { "i": 354 }, "geometry": { "type": "Polygon", "coordinates": [ [ [ -63.20056, -17.36968 ], [ -63.1994, -17.36901 ], [ -63.19884, -17.36871 ], [ -63.19884, -17.36939 ], [ -63.20021, -17.37019 ], [ -63.20056, -17.36968 ] ] ] } },
{ "type": "Feature", "properties": { "i": 355 }, "geometry": { "type": "Polygon", "coordinates": [ [ [ -63.25518, -17.35832 ], [ -63.2582, -17.36012 ], [ -63.25829, -17.36012 ], [ -63.2586, -17.35964 ], [ -63.25857, -17.35953 ], [ -63.25736, -17.35879 ], [ -63.25707, -17.35871 ], [ -63.25626, -17.35833 ], [ -63.25543, -17.35783 ], [ -63.25516, -17.35824 ], [ -63.25518, -17.35832 ] ] ] } },
{ "type": "Feature", "properties": { "i": 356 }, "geometry": { "type": "Polygon", "coordinates": [ [ [ -63.2711, -17.35639 ], [ -63.27234, -17.35723 ], [ -63.27261, -17.35671 ], [ -63.27145, -17.35593 ], [ -63.2711, -17.35639 ] ] ] } },
{ "type": "Feature", "properties": { "i": 357 }, "geometry": { "type": "Polygon", "coordinates": [ [ [ -63.2757, -17.35569 ], [ -63.27662, -17.35621 ], [ -63.2769, -17.35572 ], [ -63.27597, -17.35521 ], [ -63.27593, -17.35522 ], [ -63.27568, -17.35566 ], [ -63.2757, -17.35569 ] ] ] } },
{ "type": "Feature", "properties": { "i": 358 }, "geometry": { "type": "Polygon", "coordinates": [ [ [ -63.21729, -17.36666 ], [ -63.21563, -17.36569 ], [ -63.21527, -17.36623 ], [ -63.21693, -17.3672 ], [ -63.21729, -17.36666 ] ] ] } },
{ "type": "Feature", "properties": { "i": 359 }, "geometry": { "type": "Polygon", "coordinates": [ [ [ -63.27882, -17.35593 ], [ -63.27911, -17.35545 ], [ -63.27775, -17.35469 ], [ -63.27745, -17.35519 ], [ -63.27882, -17.35593 ] ] ] } },
{ "type": "Feature", "properties": { "i": 360 }, "geometry": { "type": "Polygon", "coordinates": [ [ [ -63.22009, -17.36505 ], [ -63.21943, -17.3661 ], [ -63.21944, -17.36614 ], [ -63.21988, -17.36639 ], [ -63.21993, -17.36639 ], [ -63.21997, -17.36636 ], [ -63.22057, -17.36534 ], [ -63.22055, -17.36529 ], [ -63.22042, -17.36521 ], [ -63.22013, -17.36504 ], [ -63.22009, -17.36505 ] ] ] } },
{ "type": "Feature", "properties": { "i": 361 }, "geometry": { "type": "Polygon", "coordinates": [ [ [ -63.22374, -17.36555 ], [ -63.22184, -17.36443 ], [ -63.22146, -17.36505 ], [ -63.22332, -17.36614 ], [ -63.22337, -17.36614 ], [ -63.22339, -17.36612 ], [ -63.22374, -17.36555 ] ] ] } },
{ "type": "Feature", "properties": { "i": 362 }, "geometry": { "type": "Polygon", "coordinates": [ [ [ -63.28055, -17.3548 ], [ -63.28054, -17.35475 ], [ -63.27987, -17.35437 ], [ -63.27959, -17.35485 ], [ -63.28026, -17.35524 ], [ -63.28029, -17.35524 ], [ -63.28055, -17.3548 ] ] ] } },
{ "type": "Feature", "properties": { "i": 363 }, "geometry": { "type": "Polygon", "coordinates": [ [ [ -63.27026, -17.35591 ], [ -63.2699, -17.3565 ], [ -63.27003, -17.35675 ], [ -63.27022, -17.35703 ], [ -63.27039, -17.35722 ], [ -63.27098, -17.35643 ], [ -63.27026, -17.35591 ] ] ] } },
{ "type": "Feature", "properties": { "i": 364 }, "geometry": { "type": "Polygon", "coordinates": [ [ [ -63.23678, -17.36238 ], [ -63.23606, -17.36197 ], [ -63.23576, -17.36245 ], [ -63.23585, -17.36257 ], [ -63.23588, -17.36268 ], [ -63.23589, -17.36285 ], [ -63.23599, -17.36312 ], [ -63.23611, -17.36327 ], [ -63.23681, -17.36253 ], [ -63.23682, -17.36244 ], [ -63.23678, -17.36238 ] ] ] } },
{ "type": "Feature", "properties": { "i": 365 }, "geometry": { "type": "Polygon", "coordinates": [ [ [ -63.22631, -17.36484 ], [ -63.2245, -17.3638 ], [ -63.22446, -17.36382 ], [ -63.22413, -17.36434 ], [ -63.22596, -17.36541 ], [ -63.22631, -17.36484 ] ] ] } },
{ "type": "Feature", "properties": { "i": 366 }, "geometry": { "type": "Polygon", "coordinates": [ [ [ -63.27425, -17.35564 ], [ -63.27519, -17.35617 ], [ -63.27525, -17.35616 ], [ -63.2755, -17.35575 ], [ -63.27549, -17.3557 ], [ -63.27454, -17.35518 ], [ -63.27451, -17.35519 ], [ -63.27425, -17.35564 ] ] ] } },
{ "type": "Feature", "properties": { "i": 367 }, "geometry": { "type": "Polygon", "coordinates": [ [ [ -63.26525, -17.35748 ], [ -63.26524, -17.35745 ], [ -63.26452, -17.35702 ], [ -63.26425, -17.35751 ], [ -63.26497, -17.35793 ], [ -63.26525, -17.35748 ] ] ] } },
{ "type": "Feature", "properties": { "i": 368 }, "geometry": { "type": "Polygon", "coordinates": [ [ [ -63.21028, -17.36481 ], [ -63.21017, -17.36562 ], [ -63.20989, -17.36647 ], [ -63.20936, -17.36832 ], [ -63.21255, -17.36928 ], [ -63.21238, -17.36761 ], [ -63.2122, -17.36531 ], [ -63.21028, -17.36481 ] ] ] } },
{ "type": "Feature", "properties": { "i": 369 }, "geometry": { "type": "Polygon", "coordinates": [ [ [ -63.27354, -17.35603 ], [ -63.2738, -17.35617 ], [ -63.27409, -17.35569 ], [ -63.27409, -17.35566 ], [ -63.27381, -17.35552 ], [ -63.27354, -17.356 ], [ -63.27354, -17.35603 ] ] ] } },
{ "type": "Feature", "properties": { "i": 370 }, "geometry": { "type": "Polygon", "coordinates": [ [ [ -63.27292, -17.35613 ], [ -63.27206, -17.35553 ], [ -63.27172, -17.356 ], [ -63.27265, -17.35663 ], [ -63.27292, -17.35613 ] ] ] } },
{ "type": "Feature", "properties": { "i": 371 }, "geometry": { "type": "Polygon", "coordinates": [ [ [ -63.21473, -17.36678 ], [ -63.21305, -17.36578 ], [ -63.21268, -17.36636 ], [ -63.21269, -17.3664 ], [ -63.2143, -17.36734 ], [ -63.21436, -17.36732 ], [ -63.21473, -17.36681 ], [ -63.21473, -17.36678 ] ] ] } },
{ "type": "Feature", "properties": { "i": 372 }, "geometry": { "type": "Polygon", "coordinates": [ [ [ -63.26318, -17.35706 ], [ -63.26265, -17.35789 ], [ -63.26266, -17.35794 ], [ -63.26308, -17.35819 ], [ -63.26314, -17.35818 ], [ -63.26368, -17.35733 ], [ -63.26368, -17.35731 ], [ -63.26324, -17.35704 ], [ -63.26318, -17.35706 ] ] ] } },
{ "type": "Feature", "properties": { "i": 373 }, "geometry": { "type": "Polygon", "coordinates": [ [ [ -63.26144, -17.35856 ], [ -63.2619, -17.35883 ], [ -63.26193, -17.35883 ], [ -63.26311, -17.35696 ], [ -63.26267, -17.3567 ], [ -63.26261, -17.35671 ], [ -63.26144, -17.35856 ] ] ] } },
{ "type": "Feature", "properties": { "i": 374 }, "geometry": { "type": "Polygon", "coordinates": [ [ [ -63.22005, -17.36503 ], [ -63.22004, -17.365 ], [ -63.21984, -17.36488 ], [ -63.21956, -17.36472 ], [ -63.21952, -17.36472 ], [ -63.21886, -17.36578 ], [ -63.21938, -17.36608 ], [ -63.22005, -17.36503 ] ] ] } },
{ "type": "Feature", "properties": { "i": 375 }, "geometry": { "type": "Polygon", "coordinates": [ [ [ -63.22918, -17.36444 ], [ -63.22892, -17.36329 ], [ -63.22808, -17.36279 ], [ -63.22765, -17.36354 ], [ -63.22918, -17.36444 ] ] ] } },
{ "type": "Feature", "properties": { "i": 376 }, "geometry": { "type": "Polygon", "coordinates": [ [ [ -63.27697, -17.35564 ], [ -63.27722, -17.35516 ], [ -63.27629, -17.35465 ], [ -63.27627, -17.35465 ], [ -63.276, -17.3551 ], [ -63.276, -17.35512 ], [ -63.27697, -17.35564 ] ] ] } },
{ "type": "Feature", "properties": { "i": 377 }, "geometry": { "type": "Polygon", "coordinates": [ [ [ -63.27943, -17.35491 ], [ -63.27943, -17.35488 ], [ -63.27809, -17.35413 ], [ -63.27781, -17.3546 ], [ -63.27915, -17.35536 ], [ -63.27943, -17.35491 ] ] ] } },
{ "type": "Feature", "properties": { "i": 378 }, "geometry": { "type": "Polygon", "coordinates": [ [ [ -63.27248, -17.355 ], [ -63.27244, -17.355 ], [ -63.27213, -17.35542 ], [ -63.27213, -17.35546 ], [ -63.27295, -17.35604 ], [ -63.27323, -17.35551 ], [ -63.27248, -17.355 ] ] ] } },
{ "type": "Feature", "properties": { "i": 379 }, "geometry": { "type": "Polygon", "coordinates": [ [ [ -63.21775, -17.366 ], [ -63.21607, -17.36501 ], [ -63.21603, -17.36503 ], [ -63.21569, -17.36556 ], [ -63.21742, -17.36659 ], [ -63.21777, -17.36606 ], [ -63.21775, -17.366 ] ] ] } },
{ "type": "Feature", "properties": { "i": 380 }, "geometry": { "type": "Polygon", "coordinates": [ [ [ -63.26542, -17.35741 ], [ -63.26586, -17.35771 ], [ -63.26591, -17.3577 ], [ -63.26688, -17.35619 ], [ -63.26687, -17.35613 ], [ -63.26642, -17.35586 ], [ -63.26542, -17.35741 ] ] ] } },
{ "type": "Feature", "properties": { "i": 381 }, "geometry": { "type": "Polygon", "coordinates": [ [ [ -63.26706, -17.35612 ], [ -63.26922, -17.35742 ], [ -63.26943, -17.35707 ], [ -63.26943, -17.35698 ], [ -63.26939, -17.35686 ], [ -63.26734, -17.35566 ], [ -63.26706, -17.35612 ] ] ] } },
{ "type": "Feature", "properties": { "i": 382 }, "geometry": { "type": "Polygon", "coordinates": [ [ [ -63.27994, -17.35429 ], [ -63.28061, -17.35468 ], [ -63.28088, -17.35421 ], [ -63.28088, -17.35418 ], [ -63.28021, -17.35381 ], [ -63.27994, -17.35429 ] ] ] } },
{ "type": "Feature", "properties": { "i": 383 }, "geometry": { "type": "Polygon", "coordinates": [ [ [ -63.2746, -17.35509 ], [ -63.27557, -17.35562 ], [ -63.27585, -17.35516 ], [ -63.27487, -17.3546 ], [ -63.27484, -17.35461 ], [ -63.27458, -17.35505 ], [ -63.2746, -17.35509 ] ] ] } },
{ "type": "Feature", "properties": { "i": 384 }, "geometry": { "type": "Polygon", "coordinates": [ [ [ -63.26532, -17.35736 ], [ -63.26562, -17.35691 ], [ -63.26561, -17.35688 ], [ -63.26486, -17.35646 ], [ -63.26458, -17.35692 ], [ -63.26459, -17.35694 ], [ -63.26532, -17.35736 ] ] ] } },
{ "type": "Feature", "properties": { "i": 385 }, "geometry": { "type": "Polygon", "coordinates": [ [ [ -63.27414, -17.3556 ], [ -63.27443, -17.3551 ], [ -63.27417, -17.35496 ], [ -63.27414, -17.35497 ], [ -63.27386, -17.35545 ], [ -63.27414, -17.3556 ] ] ] } },
{ "type": "Feature", "properties": { "i": 386 }, "geometry": { "type": "Polygon", "coordinates": [ [ [ -63.27055, -17.35529 ], [ -63.27027, -17.35579 ], [ -63.27106, -17.35634 ], [ -63.27139, -17.3559 ], [ -63.27055, -17.35529 ] ] ] } },
{ "type": "Feature", "properties": { "i": 387 }, "geometry": { "type": "Polygon", "coordinates": [ [ [ -63.26363, -17.35713 ], [ -63.26416, -17.35744 ], [ -63.26443, -17.35697 ], [ -63.26389, -17.35667 ], [ -63.26362, -17.3571 ], [ -63.26363, -17.35713 ] ] ] } },
{ "type": "Feature", "properties": { "i": 388 }, "geometry": { "type": "Polygon", "coordinates": [ [ [ -63.23613, -17.36195 ], [ -63.23689, -17.3624 ], [ -63.23693, -17.3624 ], [ -63.2373, -17.36199 ], [ -63.2373, -17.36195 ], [ -63.23639, -17.36143 ], [ -63.23611, -17.36188 ], [ -63.23611, -17.36192 ], [ -63.23613, -17.36195 ] ] ] } },
{ "type": "Feature", "properties": { "i": 389 }, "geometry": { "type": "Polygon", "coordinates": [ [ [ -63.2267, -17.36417 ], [ -63.22493, -17.36313 ], [ -63.2249, -17.36313 ], [ -63.22457, -17.36365 ], [ -63.22457, -17.3637 ], [ -63.22632, -17.36469 ], [ -63.22642, -17.36464 ], [ -63.2267, -17.36417 ] ] ] } },
{ "type": "Feature", "properties": { "i": 390 }, "geometry": { "type": "Polygon", "coordinates": [ [ [ -63.21946, -17.3647 ], [ -63.21942, -17.36464 ], [ -63.21897, -17.36437 ], [ -63.21894, -17.36438 ], [ -63.21825, -17.36545 ], [ -63.21871, -17.36572 ], [ -63.2188, -17.36573 ], [ -63.21946, -17.3647 ] ] ] } },
{ "type": "Feature", "properties": { "i": 391 }, "geometry": { "type": "Polygon", "coordinates": [ [ [ -63.26917, -17.35651 ], [ -63.269, -17.35619 ], [ -63.26893, -17.35631 ], [ -63.26892, -17.35631 ], [ -63.269, -17.35618 ], [ -63.26883, -17.35587 ], [ -63.2688, -17.35586 ], [ -63.26855, -17.35624 ], [ -63.2691, -17.35657 ], [ -63.26914, -17.35656 ], [ -63.26917, -17.35651 ] ] ] } },
{ "type": "Feature", "properties": { "i": 392 }, "geometry": { "type": "Polygon", "coordinates": [ [ [ -63.22392, -17.36434 ], [ -63.22247, -17.36348 ], [ -63.2224, -17.3635 ], [ -63.22206, -17.36409 ], [ -63.22347, -17.36495 ], [ -63.22355, -17.36492 ], [ -63.22392, -17.36434 ] ] ] } },
{ "type": "Feature", "properties": { "i": 393 }, "geometry": { "type": "Polygon", "coordinates": [ [ [ -63.21511, -17.36626 ], [ -63.21344, -17.36524 ], [ -63.21313, -17.36573 ], [ -63.21479, -17.36672 ], [ -63.21511, -17.36626 ] ] ] } },
{ "type": "Feature", "properties": { "i": 394 }, "geometry": { "type": "Polygon", "coordinates": [ [ [ -63.27635, -17.35454 ], [ -63.27733, -17.35509 ], [ -63.2776, -17.35462 ], [ -63.27663, -17.35408 ], [ -63.27661, -17.35408 ], [ -63.27635, -17.35454 ] ] ] } },
{ "type": "Feature", "properties": { "i": 395 }, "geometry": { "type": "Polygon", "coordinates": [ [ [ -63.25719, -17.35775 ], [ -63.25686, -17.35755 ], [ -63.25644, -17.3582 ], [ -63.25645, -17.35825 ], [ -63.2572, -17.35866 ], [ -63.25758, -17.35806 ], [ -63.25756, -17.35799 ], [ -63.25718, -17.35777 ], [ -63.25719, -17.35775 ] ] ] } },
{ "type": "Feature", "properties": { "i": 396 }, "geometry": { "type": "Polygon", "coordinates": [ [ [ -63.27977, -17.35431 ], [ -63.27842, -17.35356 ], [ -63.27814, -17.35404 ], [ -63.2795, -17.3548 ], [ -63.27977, -17.35431 ] ] ] } },
{ "type": "Feature", "properties": { "i": 397 }, "geometry": { "type": "Polygon", "coordinates": [ [ [ -63.26132, -17.35847 ], [ -63.26251, -17.35664 ], [ -63.2625, -17.3566 ], [ -63.26141, -17.35598 ], [ -63.26139, -17.35598 ], [ -63.26009, -17.35803 ], [ -63.26014, -17.35813 ], [ -63.26127, -17.35877 ], [ -63.26135, -17.35858 ], [ -63.26132, -17.35847 ] ] ] } },
{ "type": "Feature", "properties": { "i": 398 }, "geometry": { "type": "Polygon", "coordinates": [ [ [ -63.21816, -17.36547 ], [ -63.21643, -17.36445 ], [ -63.2164, -17.36446 ], [ -63.2161, -17.36495 ], [ -63.21783, -17.36597 ], [ -63.21816, -17.36547 ] ] ] } },
{ "type": "Feature", "properties": { "i": 399 }, "geometry": { "type": "Polygon", "coordinates": [ [ [ -63.23061, -17.36225 ], [ -63.22981, -17.36313 ], [ -63.2299, -17.36372 ], [ -63.22993, -17.36376 ], [ -63.22999, -17.36375 ], [ -63.23171, -17.36189 ], [ -63.23126, -17.36159 ], [ -63.23061, -17.36225 ] ] ] } },
{ "type": "Feature", "properties": { "i": 400 }, "geometry": { "type": "Polygon", "coordinates": [ [ [ -63.24463, -17.36026 ], [ -63.24466, -17.36017 ], [ -63.2446, -17.36007 ], [ -63.243, -17.35934 ], [ -63.24276, -17.35963 ], [ -63.24191, -17.36054 ], [ -63.24251, -17.36102 ], [ -63.2432, -17.36164 ], [ -63.24334, -17.36168 ], [ -63.24343, -17.36164 ], [ -63.24463, -17.36026 ] ] ] } },
{ "type": "Feature", "properties": { "i": 401 }, "geometry": { "type": "Polygon", "coordinates": [ [ [ -63.28093, -17.35412 ], [ -63.28121, -17.35366 ], [ -63.28121, -17.35363 ], [ -63.28054, -17.35326 ], [ -63.28026, -17.35372 ], [ -63.28093, -17.35412 ] ] ] } },
{ "type": "Feature", "properties": { "i": 402 }, "geometry": { "type": "Polygon", "coordinates": [ [ [ -63.27197, -17.35547 ], [ -63.2709, -17.35472 ], [ -63.27061, -17.35521 ], [ -63.27163, -17.35593 ], [ -63.27197, -17.35547 ] ] ] } },
{ "type": "Feature", "properties": { "i": 403 }, "geometry": { "type": "Polygon", "coordinates": [ [ [ -63.27494, -17.35455 ], [ -63.27591, -17.35506 ], [ -63.27617, -17.35459 ], [ -63.27521, -17.35405 ], [ -63.27493, -17.3545 ], [ -63.27494, -17.35455 ] ] ] } },
{ "type": "Feature", "properties": { "i": 404 }, "geometry": { "type": "Polygon", "coordinates": [ [ [ -63.26595, -17.35639 ], [ -63.26595, -17.35634 ], [ -63.26524, -17.35592 ], [ -63.26521, -17.35592 ], [ -63.26493, -17.35638 ], [ -63.26564, -17.3568 ], [ -63.2657, -17.35679 ], [ -63.26595, -17.35639 ] ] ] } },
{ "type": "Feature", "properties": { "i": 405 }, "geometry": { "type": "Polygon", "coordinates": [ [ [ -63.27289, -17.35447 ], [ -63.27284, -17.35447 ], [ -63.27251, -17.35491 ], [ -63.27326, -17.35543 ], [ -63.27353, -17.35495 ], [ -63.27353, -17.35492 ], [ -63.27289, -17.35447 ] ] ] } },
{ "type": "Feature", "properties": { "i": 406 }, "geometry": { "type": "Polygon", "coordinates": [ [ [ -63.27475, -17.35456 ], [ -63.2744, -17.35437 ], [ -63.27421, -17.35483 ], [ -63.27423, -17.35491 ], [ -63.27445, -17.35504 ], [ -63.27447, -17.35503 ], [ -63.27475, -17.35456 ] ] ] } },
{ "type": "Feature", "properties": { "i": 407 }, "geometry": { "type": "Polygon", "coordinates": [ [ [ -63.21377, -17.36464 ], [ -63.21346, -17.36514 ], [ -63.21347, -17.36519 ], [ -63.21511, -17.36617 ], [ -63.21518, -17.36616 ], [ -63.21551, -17.36567 ], [ -63.21551, -17.36562 ], [ -63.21548, -17.36558 ], [ -63.21386, -17.36461 ], [ -63.21381, -17.36461 ], [ -63.21377, -17.36464 ] ] ] } },
{ "type": "Feature", "properties": { "i": 408 }, "geometry": { "type": "Polygon", "coordinates": [ [ [ -63.22715, -17.36347 ], [ -63.22538, -17.3624 ], [ -63.22497, -17.36301 ], [ -63.22676, -17.36407 ], [ -63.22715, -17.36347 ] ] ] } },
{ "type": "Feature", "properties": { "i": 409 }, "geometry": { "type": "Polygon", "coordinates": [ [ [ -63.25915, -17.35877 ], [ -63.25908, -17.35887 ], [ -63.25776, -17.35811 ], [ -63.25742, -17.35863 ], [ -63.25743, -17.35867 ], [ -63.25867, -17.35945 ], [ -63.25881, -17.35952 ], [ -63.25978, -17.358 ], [ -63.25654, -17.35616 ], [ -63.25647, -17.35619 ], [ -63.25603, -17.35692 ], [ -63.25603, -17.35696 ], [ -63.25915, -17.35877 ] ] ] } },
{ "type": "Feature", "properties": { "i": 410 }, "geometry": { "type": "Polygon", "coordinates": [ [ [ -63.23738, -17.36188 ], [ -63.23804, -17.36086 ], [ -63.23718, -17.36036 ], [ -63.23712, -17.36037 ], [ -63.23648, -17.36137 ], [ -63.23738, -17.36188 ] ] ] } },
{ "type": "Feature", "properties": { "i": 411 }, "geometry": { "type": "Polygon", "coordinates": [ [ [ -63.27767, -17.35453 ], [ -63.27792, -17.35404 ], [ -63.27696, -17.35351 ], [ -63.27668, -17.35398 ], [ -63.27764, -17.35454 ], [ -63.27767, -17.35453 ] ] ] } },
{ "type": "Feature", "properties": { "i": 412 }, "geometry": { "type": "Polygon", "coordinates": [ [ [ -63.27983, -17.35423 ], [ -63.28012, -17.35376 ], [ -63.27876, -17.353 ], [ -63.27847, -17.35347 ], [ -63.27983, -17.35423 ] ] ] } },
{ "type": "Feature", "properties": { "i": 413 }, "geometry": { "type": "Polygon", "coordinates": [ [ [ -63.26001, -17.35744 ], [ -63.26036, -17.35687 ], [ -63.25987, -17.35658 ], [ -63.25984, -17.35658 ], [ -63.25935, -17.35731 ], [ -63.25968, -17.35748 ], [ -63.25976, -17.3575 ], [ -63.25994, -17.35749 ], [ -63.26001, -17.35744 ] ] ] } },
{ "type": "Feature", "properties": { "i": 414 }, "geometry": { "type": "Polygon", "coordinates": [ [ [ -63.22433, -17.36366 ], [ -63.22282, -17.36275 ], [ -63.22248, -17.36335 ], [ -63.22392, -17.36422 ], [ -63.22399, -17.36421 ], [ -63.22433, -17.36366 ] ] ] } },
{ "type": "Feature", "properties": { "i": 415 }, "geometry": { "type": "Polygon", "coordinates": [ [ [ -63.26725, -17.3556 ], [ -63.26724, -17.35557 ], [ -63.26675, -17.35529 ], [ -63.26647, -17.35576 ], [ -63.26647, -17.35579 ], [ -63.26694, -17.35607 ], [ -63.26725, -17.3556 ] ] ] } },
{ "type": "Feature", "properties": { "i": 416 }, "geometry": { "type": "Polygon", "coordinates": [ [ [ -63.28131, -17.35352 ], [ -63.28155, -17.35304 ], [ -63.28089, -17.35268 ], [ -63.28061, -17.35318 ], [ -63.28125, -17.35352 ], [ -63.28131, -17.35352 ] ] ] } },
{ "type": "Feature", "properties": { "i": 417 }, "geometry": { "type": "Polygon", "coordinates": [ [ [ -63.26601, -17.35627 ], [ -63.26631, -17.3558 ], [ -63.2656, -17.35538 ], [ -63.26556, -17.35539 ], [ -63.26528, -17.35583 ], [ -63.26601, -17.35627 ] ] ] } },
{ "type": "Feature", "properties": { "i": 418 }, "geometry": { "type": "Polygon", "coordinates": [ [ [ -63.22883, -17.3631 ], [ -63.22874, -17.36255 ], [ -63.22862, -17.36188 ], [ -63.22814, -17.36269 ], [ -63.22883, -17.3631 ] ] ] } },
{ "type": "Feature", "properties": { "i": 419 }, "geometry": { "type": "Polygon", "coordinates": [ [ [ -63.27529, -17.35397 ], [ -63.27624, -17.3545 ], [ -63.27652, -17.35402 ], [ -63.27557, -17.3535 ], [ -63.27553, -17.35351 ], [ -63.27528, -17.35393 ], [ -63.27529, -17.35397 ] ] ] } },
{ "type": "Feature", "properties": { "i": 420 }, "geometry": { "type": "Polygon", "coordinates": [ [ [ -63.22128, -17.3641 ], [ -63.21971, -17.36317 ], [ -63.21935, -17.36375 ], [ -63.22094, -17.36469 ], [ -63.22128, -17.3641 ] ] ] } },
{ "type": "Feature", "properties": { "i": 421 }, "geometry": { "type": "Polygon", "coordinates": [ [ [ -63.25504, -17.35813 ], [ -63.25514, -17.35812 ], [ -63.25534, -17.35779 ], [ -63.25533, -17.35774 ], [ -63.25453, -17.35725 ], [ -63.25425, -17.35772 ], [ -63.25504, -17.35813 ] ] ] } },
{ "type": "Feature", "properties": { "i": 422 }, "geometry": { "type": "Polygon", "coordinates": [ [ [ -63.2751, -17.35398 ], [ -63.27465, -17.35373 ], [ -63.27456, -17.35402 ], [ -63.27451, -17.35399 ], [ -63.27443, -17.35423 ], [ -63.27444, -17.35426 ], [ -63.27481, -17.35447 ], [ -63.2751, -17.35398 ] ] ] } },
{ "type": "Feature", "properties": { "i": 423 }, "geometry": { "type": "Polygon", "coordinates": [ [ [ -63.21558, -17.36552 ], [ -63.21593, -17.36494 ], [ -63.21419, -17.36393 ], [ -63.21386, -17.36445 ], [ -63.21387, -17.36451 ], [ -63.2139, -17.36453 ], [ -63.21558, -17.36552 ] ] ] } },
{ "type": "Feature", "properties": { "i": 424 }, "geometry": { "type": "Polygon", "coordinates": [ [ [ -63.26178, -17.35541 ], [ -63.26174, -17.35542 ], [ -63.26146, -17.35586 ], [ -63.26147, -17.35589 ], [ -63.26352, -17.35709 ], [ -63.2638, -17.35664 ], [ -63.26379, -17.35659 ], [ -63.26178, -17.35541 ] ] ] } },
{ "type": "Feature", "properties": { "i": 425 }, "geometry": { "type": "Polygon", "coordinates": [ [ [ -63.2306, -17.36127 ], [ -63.22961, -17.36235 ], [ -63.22973, -17.36292 ], [ -63.22981, -17.36293 ], [ -63.22988, -17.36289 ], [ -63.23113, -17.36162 ], [ -63.2306, -17.36127 ] ] ] } },
{ "type": "Feature", "properties": { "i": 426 }, "geometry": { "type": "Polygon", "coordinates": [ [ [ -63.23383, -17.36148 ], [ -63.23268, -17.36081 ], [ -63.23234, -17.36136 ], [ -63.23319, -17.3619 ], [ -63.23354, -17.36193 ], [ -63.23383, -17.36148 ] ] ] } },
{ "type": "Feature", "properties": { "i": 427 }, "geometry": { "type": "Polygon", "coordinates": [ [ [ -63.19955, -17.36654 ], [ -63.19931, -17.36709 ], [ -63.20137, -17.36829 ], [ -63.20144, -17.36827 ], [ -63.20172, -17.36783 ], [ -63.20172, -17.36777 ], [ -63.19955, -17.36654 ] ] ] } },
{ "type": "Feature", "properties": { "i": 428 }, "geometry": { "type": "Polygon", "coordinates": [ [ [ -63.27704, -17.35343 ], [ -63.27799, -17.35396 ], [ -63.27828, -17.35348 ], [ -63.27729, -17.35295 ], [ -63.27703, -17.35339 ], [ -63.27704, -17.35343 ] ] ] } },
{ "type": "Feature", "properties": { "i": 429 }, "geometry": { "type": "Polygon", "coordinates": [ [ [ -63.28045, -17.3532 ], [ -63.2791, -17.35243 ], [ -63.2788, -17.35291 ], [ -63.28016, -17.35367 ], [ -63.28018, -17.35367 ], [ -63.28045, -17.3532 ] ] ] } },
{ "type": "Feature", "properties": { "i": 430 }, "geometry": { "type": "Polygon", "coordinates": [ [ [ -63.24562, -17.359 ], [ -63.24562, -17.35897 ], [ -63.24496, -17.35859 ], [ -63.24433, -17.35956 ], [ -63.24434, -17.3596 ], [ -63.24498, -17.35991 ], [ -63.24536, -17.35942 ], [ -63.24562, -17.359 ] ] ] } },
{ "type": "Feature", "properties": { "i": 431 }, "geometry": { "type": "Polygon", "coordinates": [ [ [ -63.25861, -17.35688 ], [ -63.25921, -17.35723 ], [ -63.25924, -17.35723 ], [ -63.25971, -17.35651 ], [ -63.25971, -17.35647 ], [ -63.25907, -17.3561 ], [ -63.2586, -17.35684 ], [ -63.25861, -17.35688 ] ] ] } },
{ "type": "Feature", "properties": { "i": 432 }, "geometry": { "type": "Polygon", "coordinates": [ [ [ -63.24281, -17.35926 ], [ -63.24088, -17.35837 ], [ -63.23851, -17.36093 ], [ -63.23861, -17.36103 ], [ -63.24028, -17.36196 ], [ -63.2404, -17.36192 ], [ -63.24281, -17.35926 ] ] ] } },
{ "type": "Feature", "properties": { "i": 433 }, "geometry": { "type": "Polygon", "coordinates": [ [ [ -63.26212, -17.35486 ], [ -63.26209, -17.35487 ], [ -63.26182, -17.35532 ], [ -63.26447, -17.35687 ], [ -63.26476, -17.35641 ], [ -63.26212, -17.35486 ] ] ] } },
{ "type": "Feature", "properties": { "i": 434 }, "geometry": { "type": "Polygon", "coordinates": [ [ [ -63.23654, -17.36002 ], [ -63.23589, -17.36102 ], [ -63.23636, -17.36129 ], [ -63.23642, -17.36126 ], [ -63.23702, -17.36029 ], [ -63.23654, -17.36002 ] ] ] } },
{ "type": "Feature", "properties": { "i": 435 }, "geometry": { "type": "Polygon", "coordinates": [ [ [ -63.26744, -17.35558 ], [ -63.26845, -17.35618 ], [ -63.26847, -17.35617 ], [ -63.26882, -17.35563 ], [ -63.26882, -17.3556 ], [ -63.2682, -17.35441 ], [ -63.26815, -17.3544 ], [ -63.26743, -17.35552 ], [ -63.26744, -17.35558 ] ] ] } },
{ "type": "Feature", "properties": { "i": 436 }, "geometry": { "type": "Polygon", "coordinates": [ [ [ -63.22589, -17.36158 ], [ -63.22551, -17.36218 ], [ -63.22551, -17.36223 ], [ -63.22556, -17.3623 ], [ -63.22724, -17.3633 ], [ -63.22769, -17.36255 ], [ -63.22598, -17.36155 ], [ -63.22592, -17.36155 ], [ -63.22589, -17.36158 ] ] ] } },
{ "type": "Feature", "properties": { "i": 437 }, "geometry": { "type": "Polygon", "coordinates": [ [ [ -63.28125, -17.35212 ], [ -63.28121, -17.35213 ], [ -63.28095, -17.35259 ], [ -63.28162, -17.35296 ], [ -63.28189, -17.35252 ], [ -63.28188, -17.35248 ], [ -63.28125, -17.35212 ] ] ] } },
{ "type": "Feature", "properties": { "i": 438 }, "geometry": { "type": "Polygon", "coordinates": [ [ [ -63.22439, -17.36358 ], [ -63.22476, -17.36303 ], [ -63.2232, -17.36209 ], [ -63.22286, -17.36267 ], [ -63.22439, -17.36358 ] ] ] } },
{ "type": "Feature", "properties": { "i": 439 }, "geometry": { "type": "Polygon", "coordinates": [ [ [ -63.21334, -17.36522 ], [ -63.21214, -17.36452 ], [ -63.21221, -17.36524 ], [ -63.21303, -17.36572 ], [ -63.21334, -17.36522 ] ] ] } },
{ "type": "Feature", "properties": { "i": 440 }, "geometry": { "type": "Polygon", "coordinates": [ [ [ -63.23825, -17.36085 ], [ -63.23832, -17.36086 ], [ -63.23835, -17.36084 ], [ -63.23917, -17.35995 ], [ -63.23844, -17.35951 ], [ -63.23841, -17.35952 ], [ -63.23776, -17.36056 ], [ -63.23825, -17.36085 ] ] ] } },
{ "type": "Feature", "properties": { "i": 441 }, "geometry": { "type": "Polygon", "coordinates": [ [ [ -63.27589, -17.35291 ], [ -63.27559, -17.35339 ], [ -63.27657, -17.35394 ], [ -63.27686, -17.35345 ], [ -63.27589, -17.35291 ] ] ] } },
{ "type": "Feature", "properties": { "i": 442 }, "geometry": { "type": "Polygon", "coordinates": [ [ [ -63.26048, -17.3567 ], [ -63.26093, -17.35596 ], [ -63.26041, -17.35568 ], [ -63.25994, -17.35644 ], [ -63.25994, -17.35647 ], [ -63.26036, -17.35672 ], [ -63.26045, -17.35672 ], [ -63.26048, -17.3567 ] ] ] } },
{ "type": "Feature", "properties": { "i": 443 }, "geometry": { "type": "Polygon", "coordinates": [ [ [ -63.25539, -17.35762 ], [ -63.25544, -17.35761 ], [ -63.25581, -17.35701 ], [ -63.2558, -17.35697 ], [ -63.25501, -17.35654 ], [ -63.25463, -17.35712 ], [ -63.25464, -17.35718 ], [ -63.25539, -17.35762 ] ] ] } },
{ "type": "Feature", "properties": { "i": 444 }, "geometry": { "type": "Polygon", "coordinates": [ [ [ -63.2163, -17.36437 ], [ -63.21457, -17.36334 ], [ -63.21425, -17.36385 ], [ -63.21595, -17.36486 ], [ -63.21599, -17.36486 ], [ -63.2163, -17.36437 ] ] ] } },
{ "type": "Feature", "properties": { "i": 445 }, "geometry": { "type": "Polygon", "coordinates": [ [ [ -63.27466, -17.35364 ], [ -63.27514, -17.3539 ], [ -63.27544, -17.35342 ], [ -63.27484, -17.35307 ], [ -63.27465, -17.35361 ], [ -63.27466, -17.35364 ] ] ] } },
{ "type": "Feature", "properties": { "i": 446 }, "geometry": { "type": "Polygon", "coordinates": [ [ [ -63.25408, -17.35773 ], [ -63.25439, -17.35724 ], [ -63.25438, -17.35718 ], [ -63.25367, -17.35677 ], [ -63.25335, -17.35723 ], [ -63.25336, -17.35726 ], [ -63.25408, -17.35773 ] ] ] } },
{ "type": "Feature", "properties": { "i": 447 }, "geometry": { "type": "Polygon", "coordinates": [ [ [ -63.26665, -17.35527 ], [ -63.26665, -17.35523 ], [ -63.26534, -17.35448 ], [ -63.26507, -17.35491 ], [ -63.26507, -17.35494 ], [ -63.26637, -17.35571 ], [ -63.26639, -17.35571 ], [ -63.26665, -17.35527 ] ] ] } },
{ "type": "Feature", "properties": { "i": 448 }, "geometry": { "type": "Polygon", "coordinates": [ [ [ -63.24447, -17.35909 ], [ -63.24345, -17.35848 ], [ -63.24341, -17.35848 ], [ -63.24304, -17.35906 ], [ -63.24305, -17.35911 ], [ -63.24415, -17.35961 ], [ -63.24447, -17.35909 ] ] ] } },
{ "type": "Feature", "properties": { "i": 449 }, "geometry": { "type": "Polygon", "coordinates": [ [ [ -63.27765, -17.35238 ], [ -63.27762, -17.35239 ], [ -63.27735, -17.35285 ], [ -63.27831, -17.35339 ], [ -63.27834, -17.35338 ], [ -63.27861, -17.35295 ], [ -63.2786, -17.35291 ], [ -63.27765, -17.35238 ] ] ] } },
{ "type": "Feature", "properties": { "i": 450 }, "geometry": { "type": "Polygon", "coordinates": [ [ [ -63.23387, -17.36139 ], [ -63.2345, -17.36039 ], [ -63.23448, -17.36032 ], [ -63.23396, -17.36001 ], [ -63.2333, -17.36108 ], [ -63.2333, -17.36111 ], [ -63.2338, -17.36141 ], [ -63.23387, -17.36139 ] ] ] } },
{ "type": "Feature", "properties": { "i": 451 }, "geometry": { "type": "Polygon", "coordinates": [ [ [ -63.23641, -17.35997 ], [ -63.2364, -17.35991 ], [ -63.23597, -17.35967 ], [ -63.23531, -17.36067 ], [ -63.23532, -17.36071 ], [ -63.23579, -17.36096 ], [ -63.23641, -17.35997 ] ] ] } },
{ "type": "Feature", "properties": { "i": 452 }, "geometry": { "type": "Polygon", "coordinates": [ [ [ -63.26676, -17.35517 ], [ -63.26732, -17.35549 ], [ -63.26811, -17.35425 ], [ -63.26774, -17.35363 ], [ -63.26771, -17.35364 ], [ -63.26676, -17.35517 ] ] ] } },
{ "type": "Feature", "properties": { "i": 453 }, "geometry": { "type": "Polygon", "coordinates": [ [ [ -63.20005, -17.36554 ], [ -63.19987, -17.36587 ], [ -63.2014, -17.36674 ], [ -63.20208, -17.36715 ], [ -63.20215, -17.36714 ], [ -63.20243, -17.36672 ], [ -63.20244, -17.36667 ], [ -63.20241, -17.36663 ], [ -63.20107, -17.36585 ], [ -63.20005, -17.36554 ] ] ] } },
{ "type": "Feature", "properties": { "i": 454 }, "geometry": { "type": "Polygon", "coordinates": [ [ [ -63.25888, -17.35603 ], [ -63.25887, -17.35599 ], [ -63.25815, -17.35557 ], [ -63.25769, -17.35632 ], [ -63.25769, -17.35636 ], [ -63.25837, -17.35674 ], [ -63.25842, -17.35673 ], [ -63.25888, -17.35603 ] ] ] } },
{ "type": "Feature", "properties": { "i": 455 }, "geometry": { "type": "Polygon", "coordinates": [ [ [ -63.28282, -17.35246 ], [ -63.28312, -17.35197 ], [ -63.28329, -17.35159 ], [ -63.2835, -17.35139 ], [ -63.28368, -17.35112 ], [ -63.28322, -17.35091 ], [ -63.28297, -17.35137 ], [ -63.28292, -17.35142 ], [ -63.28287, -17.35144 ], [ -63.28272, -17.3514 ], [ -63.28208, -17.35244 ], [ -63.28199, -17.35248 ], [ -63.28198, -17.35255 ], [ -63.28269, -17.35261 ], [ -63.28282, -17.35246 ] ] ] } },
{ "type": "Feature", "properties": { "i": 456 }, "geometry": { "type": "Polygon", "coordinates": [ [ [ -63.28131, -17.35203 ], [ -63.28196, -17.35241 ], [ -63.282, -17.35241 ], [ -63.28227, -17.35193 ], [ -63.28158, -17.35154 ], [ -63.28129, -17.352 ], [ -63.28131, -17.35203 ] ] ] } },
{ "type": "Feature", "properties": { "i": 457 }, "geometry": { "type": "Polygon", "coordinates": [ [ [ -63.23837, -17.35947 ], [ -63.23783, -17.35917 ], [ -63.23716, -17.36022 ], [ -63.23769, -17.36052 ], [ -63.23774, -17.36051 ], [ -63.23837, -17.35947 ] ] ] } },
{ "type": "Feature", "properties": { "i": 458 }, "geometry": { "type": "Polygon", "coordinates": [ [ [ -63.2218, -17.36316 ], [ -63.22179, -17.36312 ], [ -63.21995, -17.36202 ], [ -63.21957, -17.36263 ], [ -63.22144, -17.36373 ], [ -63.22149, -17.36371 ], [ -63.2218, -17.36316 ] ] ] } },
{ "type": "Feature", "properties": { "i": 459 }, "geometry": { "type": "Polygon", "coordinates": [ [ [ -63.21219, -17.36442 ], [ -63.21339, -17.36512 ], [ -63.21374, -17.36455 ], [ -63.21212, -17.36361 ], [ -63.21219, -17.36442 ] ] ] } },
{ "type": "Feature", "properties": { "i": 460 }, "geometry": { "type": "Polygon", "coordinates": [ [ [ -63.27719, -17.35286 ], [ -63.27622, -17.35234 ], [ -63.27594, -17.35282 ], [ -63.27686, -17.35334 ], [ -63.27695, -17.35333 ], [ -63.2772, -17.35291 ], [ -63.27719, -17.35286 ] ] ] } },
{ "type": "Feature", "properties": { "i": 461 }, "geometry": { "type": "Polygon", "coordinates": [ [ [ -63.22815, -17.36187 ], [ -63.22638, -17.36082 ], [ -63.22599, -17.36142 ], [ -63.22776, -17.36248 ], [ -63.22815, -17.36187 ] ] ] } },
{ "type": "Feature", "properties": { "i": 462 }, "geometry": { "type": "Polygon", "coordinates": [ [ [ -63.26029, -17.35562 ], [ -63.26028, -17.35559 ], [ -63.25969, -17.35523 ], [ -63.25964, -17.35524 ], [ -63.2592, -17.3559 ], [ -63.25924, -17.35592 ], [ -63.25918, -17.35603 ], [ -63.25976, -17.35636 ], [ -63.25982, -17.35635 ], [ -63.26029, -17.35562 ] ] ] } },
{ "type": "Feature", "properties": { "i": 463 }, "geometry": { "type": "Polygon", "coordinates": [ [ [ -63.26545, -17.35528 ], [ -63.26286, -17.35377 ], [ -63.26254, -17.35423 ], [ -63.26251, -17.35421 ], [ -63.26217, -17.35475 ], [ -63.26217, -17.35478 ], [ -63.2648, -17.35633 ], [ -63.26545, -17.35528 ] ] ] } },
{ "type": "Feature", "properties": { "i": 464 }, "geometry": { "type": "Polygon", "coordinates": [ [ [ -63.23232, -17.36131 ], [ -63.23262, -17.36079 ], [ -63.23147, -17.36014 ], [ -63.23113, -17.36067 ], [ -63.23226, -17.36132 ], [ -63.23232, -17.36131 ] ] ] } },
{ "type": "Feature", "properties": { "i": 465 }, "geometry": { "type": "Polygon", "coordinates": [ [ [ -63.23964, -17.35944 ], [ -63.23882, -17.35897 ], [ -63.23876, -17.35898 ], [ -63.23848, -17.3594 ], [ -63.2385, -17.35946 ], [ -63.23924, -17.35988 ], [ -63.23964, -17.35944 ] ] ] } },
{ "type": "Feature", "properties": { "i": 466 }, "geometry": { "type": "Polygon", "coordinates": [ [ [ -63.27576, -17.35289 ], [ -63.27575, -17.35283 ], [ -63.27511, -17.35247 ], [ -63.27508, -17.35247 ], [ -63.27505, -17.35249 ], [ -63.27488, -17.35299 ], [ -63.2755, -17.35334 ], [ -63.27576, -17.35289 ] ] ] } },
{ "type": "Feature", "properties": { "i": 467 }, "geometry": { "type": "Polygon", "coordinates": [ [ [ -63.2252, -17.3623 ], [ -63.22361, -17.36137 ], [ -63.22323, -17.36201 ], [ -63.22479, -17.36294 ], [ -63.2252, -17.3623 ] ] ] } },
{ "type": "Feature", "properties": { "i": 468 }, "geometry": { "type": "Polygon", "coordinates": [ [ [ -63.23324, -17.36107 ], [ -63.23389, -17.36003 ], [ -63.23386, -17.35996 ], [ -63.2334, -17.35971 ], [ -63.23275, -17.36072 ], [ -63.23275, -17.36076 ], [ -63.23277, -17.36079 ], [ -63.23324, -17.36107 ] ] ] } },
{ "type": "Feature", "properties": { "i": 469 }, "geometry": { "type": "Polygon", "coordinates": [ [ [ -63.24456, -17.35896 ], [ -63.24483, -17.35854 ], [ -63.24483, -17.3585 ], [ -63.24381, -17.35791 ], [ -63.24377, -17.35792 ], [ -63.2435, -17.35833 ], [ -63.24351, -17.35837 ], [ -63.24452, -17.35897 ], [ -63.24456, -17.35896 ] ] ] } },
{ "type": "Feature", "properties": { "i": 470 }, "geometry": { "type": "Polygon", "coordinates": [ [ [ -63.23584, -17.35958 ], [ -63.23526, -17.35928 ], [ -63.23462, -17.36032 ], [ -63.23518, -17.36064 ], [ -63.23522, -17.36063 ], [ -63.23586, -17.35963 ], [ -63.23584, -17.35958 ] ] ] } },
{ "type": "Feature", "properties": { "i": 471 }, "geometry": { "type": "Polygon", "coordinates": [ [ [ -63.27892, -17.35234 ], [ -63.27797, -17.35183 ], [ -63.27769, -17.3523 ], [ -63.27867, -17.35282 ], [ -63.27893, -17.35237 ], [ -63.27892, -17.35234 ] ] ] } },
{ "type": "Feature", "properties": { "i": 472 }, "geometry": { "type": "Polygon", "coordinates": [ [ [ -63.28084, -17.35255 ], [ -63.28112, -17.35205 ], [ -63.27979, -17.35131 ], [ -63.27949, -17.35179 ], [ -63.28084, -17.35255 ] ] ] } },
{ "type": "Feature", "properties": { "i": 473 }, "geometry": { "type": "Polygon", "coordinates": [ [ [ -63.2549, -17.35644 ], [ -63.25416, -17.356 ], [ -63.25375, -17.35665 ], [ -63.25444, -17.35705 ], [ -63.25451, -17.35704 ], [ -63.2549, -17.35644 ] ] ] } },
{ "type": "Feature", "properties": { "i": 474 }, "geometry": { "type": "Polygon", "coordinates": [ [ [ -63.24654, -17.35752 ], [ -63.24593, -17.35713 ], [ -63.24585, -17.35716 ], [ -63.24504, -17.35845 ], [ -63.24504, -17.3585 ], [ -63.24569, -17.3589 ], [ -63.24576, -17.35888 ], [ -63.24653, -17.3577 ], [ -63.24656, -17.35759 ], [ -63.24654, -17.35752 ] ] ] } },
{ "type": "Feature", "properties": { "i": 475 }, "geometry": { "type": "Polygon", "coordinates": [ [ [ -63.23774, -17.35916 ], [ -63.23724, -17.35886 ], [ -63.2366, -17.3599 ], [ -63.23703, -17.36015 ], [ -63.23706, -17.36016 ], [ -63.2371, -17.36014 ], [ -63.23774, -17.35916 ] ] ] } },
{ "type": "Feature", "properties": { "i": 476 }, "geometry": { "type": "Polygon", "coordinates": [ [ [ -63.25635, -17.3561 ], [ -63.25562, -17.35565 ], [ -63.25556, -17.35567 ], [ -63.25509, -17.35642 ], [ -63.25586, -17.35687 ], [ -63.25591, -17.35685 ], [ -63.256, -17.35672 ], [ -63.25636, -17.35615 ], [ -63.25635, -17.3561 ] ] ] } },
{ "type": "Feature", "properties": { "i": 477 }, "geometry": { "type": "Polygon", "coordinates": [ [ [ -63.26147, -17.35514 ], [ -63.26146, -17.35509 ], [ -63.26099, -17.3548 ], [ -63.26052, -17.35553 ], [ -63.26053, -17.35556 ], [ -63.26099, -17.35584 ], [ -63.26103, -17.35583 ], [ -63.26147, -17.35514 ] ] ] } },
{ "type": "Feature", "properties": { "i": 478 }, "geometry": { "type": "Polygon", "coordinates": [ [ [ -63.29947, -17.3466 ], [ -63.29869, -17.35107 ], [ -63.29916, -17.35112 ], [ -63.29932, -17.35019 ], [ -63.29937, -17.3502 ], [ -63.2992, -17.35113 ], [ -63.29962, -17.35117 ], [ -63.30041, -17.34673 ], [ -63.29947, -17.3466 ] ] ] } },
{ "type": "Feature", "properties": { "i": 479 }, "geometry": { "type": "Polygon", "coordinates": [ [ [ -63.25353, -17.3567 ], [ -63.25278, -17.35626 ], [ -63.25275, -17.35626 ], [ -63.25247, -17.35668 ], [ -63.25248, -17.35671 ], [ -63.25319, -17.35717 ], [ -63.25326, -17.35716 ], [ -63.25354, -17.35673 ], [ -63.25353, -17.3567 ] ] ] } },
{ "type": "Feature", "properties": { "i": 480 }, "geometry": { "type": "Polygon", "coordinates": [ [ [ -63.2991, -17.34821 ], [ -63.29802, -17.34814 ], [ -63.29787, -17.34899 ], [ -63.29895, -17.34912 ], [ -63.2991, -17.34821 ] ] ] } },
{ "type": "Feature", "properties": { "i": 481 }, "geometry": { "type": "Polygon", "coordinates": [ [ [ -63.24493, -17.35842 ], [ -63.24518, -17.358 ], [ -63.24517, -17.35795 ], [ -63.24476, -17.3577 ], [ -63.24471, -17.35771 ], [ -63.24444, -17.35815 ], [ -63.24489, -17.35842 ], [ -63.24493, -17.35842 ] ] ] } },
{ "type": "Feature", "properties": { "i": 482 }, "geometry": { "type": "Polygon", "coordinates": [ [ [ -63.28234, -17.35184 ], [ -63.28263, -17.35138 ], [ -63.2819, -17.35096 ], [ -63.28163, -17.35144 ], [ -63.28234, -17.35184 ] ] ] } },
{ "type": "Feature", "properties": { "i": 483 }, "geometry": { "type": "Polygon", "coordinates": [ [ [ -63.27025, -17.35352 ], [ -63.26933, -17.35324 ], [ -63.26912, -17.35366 ], [ -63.26998, -17.35389 ], [ -63.27, -17.35385 ], [ -63.27003, -17.35386 ], [ -63.27025, -17.35352 ] ] ] } },
{ "type": "Feature", "properties": { "i": 484 }, "geometry": { "type": "Polygon", "coordinates": [ [ [ -63.27752, -17.35233 ], [ -63.27655, -17.3518 ], [ -63.27628, -17.35226 ], [ -63.27723, -17.35279 ], [ -63.27726, -17.35279 ], [ -63.27752, -17.35236 ], [ -63.27752, -17.35233 ] ] ] } },
{ "type": "Feature", "properties": { "i": 485 }, "geometry": { "type": "Polygon", "coordinates": [ [ [ -63.24228, -17.35779 ], [ -63.24224, -17.3578 ], [ -63.2418, -17.35847 ], [ -63.24181, -17.35853 ], [ -63.24291, -17.35904 ], [ -63.24332, -17.35839 ], [ -63.24228, -17.35779 ] ] ] } },
{ "type": "Feature", "properties": { "i": 486 }, "geometry": { "type": "Polygon", "coordinates": [ [ [ -63.29874, -17.34354 ], [ -63.29646, -17.34323 ], [ -63.29519, -17.35071 ], [ -63.29743, -17.35096 ], [ -63.29874, -17.34354 ] ] ] } },
{ "type": "Feature", "properties": { "i": 487 }, "geometry": { "type": "Polygon", "coordinates": [ [ [ -63.24016, -17.35889 ], [ -63.23923, -17.35835 ], [ -63.23919, -17.35836 ], [ -63.23892, -17.35883 ], [ -63.23893, -17.3589 ], [ -63.23898, -17.35894 ], [ -63.23972, -17.35936 ], [ -63.24016, -17.35889 ] ] ] } },
{ "type": "Feature", "properties": { "i": 488 }, "geometry": { "type": "Polygon", "coordinates": [ [ [ -63.22218, -17.3625 ], [ -63.22039, -17.36144 ], [ -63.22034, -17.36144 ], [ -63.22002, -17.36191 ], [ -63.22181, -17.36301 ], [ -63.2219, -17.363 ], [ -63.22218, -17.3625 ] ] ] } },
{ "type": "Feature", "properties": { "i": 489 }, "geometry": { "type": "Polygon", "coordinates": [ [ [ -63.2333, -17.35968 ], [ -63.23284, -17.35941 ], [ -63.23279, -17.35943 ], [ -63.23216, -17.36041 ], [ -63.23265, -17.36068 ], [ -63.2333, -17.35968 ] ] ] } },
{ "type": "Feature", "properties": { "i": 490 }, "geometry": { "type": "Polygon", "coordinates": [ [ [ -63.22818, -17.36171 ], [ -63.22845, -17.36127 ], [ -63.22674, -17.36026 ], [ -63.22644, -17.36072 ], [ -63.22812, -17.36173 ], [ -63.22818, -17.36171 ] ] ] } },
{ "type": "Feature", "properties": { "i": 491 }, "geometry": { "type": "Polygon", "coordinates": [ [ [ -63.25727, -17.35502 ], [ -63.25724, -17.35502 ], [ -63.25678, -17.35575 ], [ -63.25679, -17.3558 ], [ -63.25751, -17.35624 ], [ -63.25758, -17.35622 ], [ -63.25802, -17.3555 ], [ -63.25802, -17.35546 ], [ -63.25754, -17.3552 ], [ -63.25755, -17.35518 ], [ -63.25727, -17.35502 ] ] ] } },
{ "type": "Feature", "properties": { "i": 492 }, "geometry": { "type": "Polygon", "coordinates": [ [ [ -63.2761, -17.35233 ], [ -63.2761, -17.3523 ], [ -63.27533, -17.35189 ], [ -63.27528, -17.35189 ], [ -63.27525, -17.35191 ], [ -63.27509, -17.35236 ], [ -63.27581, -17.35275 ], [ -63.27584, -17.35275 ], [ -63.2761, -17.35233 ] ] ] } },
{ "type": "Feature", "properties": { "i": 493 }, "geometry": { "type": "Polygon", "coordinates": [ [ [ -63.25892, -17.35588 ], [ -63.25898, -17.35587 ], [ -63.25943, -17.35517 ], [ -63.25942, -17.35512 ], [ -63.25871, -17.35469 ], [ -63.25868, -17.3547 ], [ -63.25822, -17.35542 ], [ -63.25823, -17.35546 ], [ -63.25892, -17.35588 ] ] ] } },
{ "type": "Feature", "properties": { "i": 494 }, "geometry": { "type": "Polygon", "coordinates": [ [ [ -63.27926, -17.35185 ], [ -63.27925, -17.35178 ], [ -63.27834, -17.35129 ], [ -63.27828, -17.3513 ], [ -63.27805, -17.35169 ], [ -63.27807, -17.35175 ], [ -63.27896, -17.35223 ], [ -63.27904, -17.35221 ], [ -63.27926, -17.35185 ] ] ] } },
{ "type": "Feature", "properties": { "i": 495 }, "geometry": { "type": "Polygon", "coordinates": [ [ [ -63.28148, -17.35148 ], [ -63.28012, -17.35076 ], [ -63.27984, -17.35123 ], [ -63.28118, -17.35195 ], [ -63.2812, -17.35195 ], [ -63.28148, -17.35148 ] ] ] } },
{ "type": "Feature", "properties": { "i": 496 }, "geometry": { "type": "Polygon", "coordinates": [ [ [ -63.26559, -17.35407 ], [ -63.2654, -17.35439 ], [ -63.26665, -17.35512 ], [ -63.26767, -17.35348 ], [ -63.26735, -17.3529 ], [ -63.26728, -17.35288 ], [ -63.26628, -17.35446 ], [ -63.26559, -17.35407 ] ] ] } },
{ "type": "Feature", "properties": { "i": 497 }, "geometry": { "type": "Polygon", "coordinates": [ [ [ -63.26023, -17.35436 ], [ -63.25974, -17.35509 ], [ -63.25975, -17.35512 ], [ -63.26034, -17.35546 ], [ -63.26041, -17.35544 ], [ -63.2608, -17.35482 ], [ -63.26082, -17.35483 ], [ -63.26088, -17.35474 ], [ -63.26023, -17.35436 ] ] ] } },
{ "type": "Feature", "properties": { "i": 498 }, "geometry": { "type": "Polygon", "coordinates": [ [ [ -63.2251, -17.36103 ], [ -63.22415, -17.36047 ], [ -63.2241, -17.3605 ], [ -63.2237, -17.3612 ], [ -63.22464, -17.36176 ], [ -63.2251, -17.36103 ] ] ] } },
{ "type": "Feature", "properties": { "i": 499 }, "geometry": { "type": "Polygon", "coordinates": [ [ [ -63.23716, -17.35883 ], [ -63.23716, -17.35879 ], [ -63.23669, -17.35851 ], [ -63.23664, -17.35852 ], [ -63.236, -17.35954 ], [ -63.23652, -17.35983 ], [ -63.23716, -17.35883 ] ] ] } },
{ "type": "Feature", "properties": { "i": 500 }, "geometry": { "type": "Polygon", "coordinates": [ [ [ -63.23839, -17.35942 ], [ -63.23903, -17.3584 ], [ -63.23902, -17.35834 ], [ -63.2386, -17.3581 ], [ -63.23854, -17.35811 ], [ -63.23791, -17.35914 ], [ -63.23839, -17.35942 ] ] ] } },
{ "type": "Feature", "properties": { "i": 501 }, "geometry": { "type": "Polygon", "coordinates": [ [ [ -63.2347, -17.35891 ], [ -63.23403, -17.35995 ], [ -63.23404, -17.35998 ], [ -63.2345, -17.36023 ], [ -63.23456, -17.36022 ], [ -63.23518, -17.35923 ], [ -63.23514, -17.35916 ], [ -63.2347, -17.35891 ] ] ] } },
{ "type": "Feature", "properties": { "i": 502 }, "geometry": { "type": "Polygon", "coordinates": [ [ [ -63.28227, -17.35041 ], [ -63.28199, -17.35087 ], [ -63.28287, -17.35137 ], [ -63.28315, -17.3509 ], [ -63.28227, -17.35041 ] ] ] } },
{ "type": "Feature", "properties": { "i": 503 }, "geometry": { "type": "Polygon", "coordinates": [ [ [ -63.27062, -17.35306 ], [ -63.2696, -17.35272 ], [ -63.26938, -17.35315 ], [ -63.27035, -17.35343 ], [ -63.27062, -17.35306 ] ] ] } },
{ "type": "Feature", "properties": { "i": 504 }, "geometry": { "type": "Polygon", "coordinates": [ [ [ -63.23272, -17.35931 ], [ -63.23222, -17.35903 ], [ -63.23218, -17.35904 ], [ -63.23153, -17.36005 ], [ -63.23155, -17.3601 ], [ -63.23204, -17.36038 ], [ -63.23272, -17.35931 ] ] ] } },
{ "type": "Feature", "properties": { "i": 505 }, "geometry": { "type": "Polygon", "coordinates": [ [ [ -63.25493, -17.35632 ], [ -63.25499, -17.35631 ], [ -63.25545, -17.3556 ], [ -63.25544, -17.35552 ], [ -63.25476, -17.35513 ], [ -63.25471, -17.35513 ], [ -63.25421, -17.3559 ], [ -63.25493, -17.35632 ] ] ] } },
{ "type": "Feature", "properties": { "i": 506 }, "geometry": { "type": "Polygon", "coordinates": [ [ [ -63.25365, -17.35656 ], [ -63.25402, -17.35595 ], [ -63.25376, -17.3558 ], [ -63.25351, -17.35614 ], [ -63.25347, -17.35611 ], [ -63.2537, -17.35576 ], [ -63.25326, -17.35551 ], [ -63.25322, -17.35552 ], [ -63.25283, -17.35612 ], [ -63.2536, -17.35658 ], [ -63.25365, -17.35656 ] ] ] } },
{ "type": "Feature", "properties": { "i": 507 }, "geometry": { "type": "Polygon", "coordinates": [ [ [ -63.27762, -17.35221 ], [ -63.27787, -17.35179 ], [ -63.27786, -17.35176 ], [ -63.27689, -17.35123 ], [ -63.27662, -17.35169 ], [ -63.27756, -17.35222 ], [ -63.27762, -17.35221 ] ] ] } },
{ "type": "Feature", "properties": { "i": 508 }, "geometry": { "type": "Polygon", "coordinates": [ [ [ -63.26525, -17.35442 ], [ -63.26319, -17.35322 ], [ -63.26291, -17.35369 ], [ -63.26495, -17.35488 ], [ -63.265, -17.35487 ], [ -63.26526, -17.35445 ], [ -63.26525, -17.35442 ] ] ] } },
{ "type": "Feature", "properties": { "i": 509 }, "geometry": { "type": "Polygon", "coordinates": [ [ [ -63.25261, -17.35618 ], [ -63.2526, -17.35613 ], [ -63.25194, -17.35574 ], [ -63.25189, -17.35576 ], [ -63.25165, -17.35618 ], [ -63.25167, -17.35623 ], [ -63.2523, -17.3566 ], [ -63.25234, -17.35659 ], [ -63.25261, -17.35618 ] ] ] } },
{ "type": "Feature", "properties": { "i": 510 }, "geometry": { "type": "Polygon", "coordinates": [ [ [ -63.26205, -17.35423 ], [ -63.26204, -17.35419 ], [ -63.26158, -17.35394 ], [ -63.26107, -17.35467 ], [ -63.26107, -17.35471 ], [ -63.26157, -17.35501 ], [ -63.26205, -17.35423 ] ] ] } },
{ "type": "Feature", "properties": { "i": 511 }, "geometry": { "type": "Polygon", "coordinates": [ [ [ -63.23143, -17.3601 ], [ -63.23013, -17.35931 ], [ -63.22979, -17.35987 ], [ -63.23109, -17.36063 ], [ -63.23143, -17.3601 ] ] ] } },
{ "type": "Feature", "properties": { "i": 512 }, "geometry": { "type": "Polygon", "coordinates": [ [ [ -63.22862, -17.36114 ], [ -63.22886, -17.36071 ], [ -63.2271, -17.3597 ], [ -63.2268, -17.36017 ], [ -63.22847, -17.36116 ], [ -63.22855, -17.36117 ], [ -63.22862, -17.36114 ] ] ] } },
{ "type": "Feature", "properties": { "i": 513 }, "geometry": { "type": "Polygon", "coordinates": [ [ [ -63.26475, -17.35334 ], [ -63.26466, -17.35335 ], [ -63.26438, -17.35378 ], [ -63.26532, -17.35433 ], [ -63.26561, -17.35387 ], [ -63.26475, -17.35334 ] ] ] } },
{ "type": "Feature", "properties": { "i": 514 }, "geometry": { "type": "Polygon", "coordinates": [ [ [ -63.24528, -17.35785 ], [ -63.24577, -17.35709 ], [ -63.24576, -17.35703 ], [ -63.24533, -17.35678 ], [ -63.24529, -17.35679 ], [ -63.24479, -17.35756 ], [ -63.24479, -17.35759 ], [ -63.24524, -17.35786 ], [ -63.24528, -17.35785 ] ] ] } },
{ "type": "Feature", "properties": { "i": 515 }, "geometry": { "type": "Polygon", "coordinates": [ [ [ -63.24339, -17.35828 ], [ -63.24367, -17.35783 ], [ -63.2426, -17.35722 ], [ -63.24233, -17.35767 ], [ -63.24335, -17.35829 ], [ -63.24339, -17.35828 ] ] ] } },
{ "type": "Feature", "properties": { "i": 516 }, "geometry": { "type": "Polygon", "coordinates": [ [ [ -63.23396, -17.35991 ], [ -63.23459, -17.35887 ], [ -63.23414, -17.35859 ], [ -63.23345, -17.35965 ], [ -63.2339, -17.35992 ], [ -63.23393, -17.35993 ], [ -63.23396, -17.35991 ] ] ] } },
{ "type": "Feature", "properties": { "i": 517 }, "geometry": { "type": "Polygon", "coordinates": [ [ [ -63.22228, -17.36233 ], [ -63.22255, -17.36188 ], [ -63.22245, -17.36181 ], [ -63.22075, -17.3608 ], [ -63.22042, -17.3613 ], [ -63.22042, -17.36132 ], [ -63.22056, -17.36141 ], [ -63.22219, -17.36237 ], [ -63.22223, -17.36237 ], [ -63.22228, -17.36233 ] ] ] } },
{ "type": "Feature", "properties": { "i": 518 }, "geometry": { "type": "Polygon", "coordinates": [ [ [ -63.27836, -17.35118 ], [ -63.27934, -17.35172 ], [ -63.27962, -17.35124 ], [ -63.27864, -17.3507 ], [ -63.27836, -17.35118 ] ] ] } },
{ "type": "Feature", "properties": { "i": 519 }, "geometry": { "type": "Polygon", "coordinates": [ [ [ -63.21264, -17.36224 ], [ -63.21235, -17.36266 ], [ -63.21236, -17.36275 ], [ -63.21417, -17.36384 ], [ -63.21421, -17.36383 ], [ -63.21451, -17.36332 ], [ -63.21267, -17.36224 ], [ -63.21264, -17.36224 ] ] ] } },
{ "type": "Feature", "properties": { "i": 520 }, "geometry": { "type": "Polygon", "coordinates": [ [ [ -63.28181, -17.35094 ], [ -63.2818, -17.3509 ], [ -63.28046, -17.35017 ], [ -63.28018, -17.35064 ], [ -63.28153, -17.35139 ], [ -63.28181, -17.35094 ] ] ] } },
{ "type": "Feature", "properties": { "i": 521 }, "geometry": { "type": "Polygon", "coordinates": [ [ [ -63.21985, -17.36197 ], [ -63.21853, -17.36118 ], [ -63.21815, -17.36178 ], [ -63.21815, -17.3618 ], [ -63.21941, -17.36255 ], [ -63.21948, -17.36252 ], [ -63.21985, -17.36197 ] ] ] } },
{ "type": "Feature", "properties": { "i": 522 }, "geometry": { "type": "Polygon", "coordinates": [ [ [ -63.25659, -17.3557 ], [ -63.25664, -17.3557 ], [ -63.25712, -17.35497 ], [ -63.25712, -17.35493 ], [ -63.25637, -17.3545 ], [ -63.25633, -17.3545 ], [ -63.25587, -17.35522 ], [ -63.25588, -17.35527 ], [ -63.25659, -17.3557 ] ] ] } },
{ "type": "Feature", "properties": { "i": 523 }, "geometry": { "type": "Polygon", "coordinates": [ [ [ -63.21524, -17.36216 ], [ -63.21473, -17.36186 ], [ -63.2147, -17.36186 ], [ -63.21403, -17.3629 ], [ -63.21403, -17.36297 ], [ -63.21453, -17.36327 ], [ -63.21524, -17.36216 ] ] ] } },
{ "type": "Feature", "properties": { "i": 524 }, "geometry": { "type": "Polygon", "coordinates": [ [ [ -63.2361, -17.35818 ], [ -63.23605, -17.35817 ], [ -63.23601, -17.35822 ], [ -63.2354, -17.35919 ], [ -63.23593, -17.35951 ], [ -63.23659, -17.35849 ], [ -63.23657, -17.35844 ], [ -63.2361, -17.35818 ] ] ] } },
{ "type": "Feature", "properties": { "i": 525 }, "geometry": { "type": "Polygon", "coordinates": [ [ [ -63.24247, -17.35713 ], [ -63.24201, -17.35686 ], [ -63.24116, -17.35823 ], [ -63.24159, -17.35845 ], [ -63.2417, -17.35842 ], [ -63.24248, -17.35717 ], [ -63.24247, -17.35713 ] ] ] } },
{ "type": "Feature", "properties": { "i": 526 }, "geometry": { "type": "Polygon", "coordinates": [ [ [ -63.25807, -17.35537 ], [ -63.25811, -17.35536 ], [ -63.25856, -17.35466 ], [ -63.25855, -17.3546 ], [ -63.25783, -17.35418 ], [ -63.25779, -17.35419 ], [ -63.25733, -17.35492 ], [ -63.25807, -17.35537 ] ] ] } },
{ "type": "Feature", "properties": { "i": 527 }, "geometry": { "type": "Polygon", "coordinates": [ [ [ -63.27639, -17.34804 ], [ -63.27411, -17.34785 ], [ -63.274, -17.34827 ], [ -63.27473, -17.3484 ], [ -63.27474, -17.34845 ], [ -63.27468, -17.34857 ], [ -63.27457, -17.34894 ], [ -63.27453, -17.34929 ], [ -63.27442, -17.34953 ], [ -63.27442, -17.34967 ], [ -63.27476, -17.3497 ], [ -63.2748, -17.34967 ], [ -63.27489, -17.3495 ], [ -63.27499, -17.34939 ], [ -63.27503, -17.34939 ], [ -63.27482, -17.3497 ], [ -63.27473, -17.34974 ], [ -63.27443, -17.3497 ], [ -63.27439, -17.34998 ], [ -63.27434, -17.34997 ], [ -63.27438, -17.34974 ], [ -63.27439, -17.34946 ], [ -63.27401, -17.34947 ], [ -63.27393, -17.34953 ], [ -63.27383, -17.34971 ], [ -63.27379, -17.34974 ], [ -63.27367, -17.34981 ], [ -63.27349, -17.34987 ], [ -63.27328, -17.35001 ], [ -63.27319, -17.3501 ], [ -63.27275, -17.3507 ], [ -63.27268, -17.35074 ], [ -63.27216, -17.35054 ], [ -63.27202, -17.35038 ], [ -63.27188, -17.35026 ], [ -63.2711, -17.35152 ], [ -63.27092, -17.35176 ], [ -63.27079, -17.35179 ], [ -63.27072, -17.35177 ], [ -63.27022, -17.35153 ], [ -63.26962, -17.35268 ], [ -63.27076, -17.35299 ], [ -63.2703, -17.35358 ], [ -63.27, -17.35401 ], [ -63.26996, -17.35393 ], [ -63.26897, -17.3537 ], [ -63.26852, -17.35452 ], [ -63.26963, -17.35653 ], [ -63.26981, -17.35639 ], [ -63.27085, -17.35466 ], [ -63.27095, -17.35466 ], [ -63.27202, -17.35539 ], [ -63.27278, -17.35437 ], [ -63.27227, -17.354 ], [ -63.27231, -17.35395 ], [ -63.27368, -17.35489 ], [ -63.2741, -17.35406 ], [ -63.2746, -17.35256 ], [ -63.27473, -17.35259 ], [ -63.27639, -17.34804 ] ] ] } },
{ "type": "Feature", "properties": { "i": 528 }, "geometry": { "type": "Polygon", "coordinates": [ [ [ -63.23845, -17.35802 ], [ -63.23841, -17.35796 ], [ -63.23801, -17.35773 ], [ -63.23795, -17.35774 ], [ -63.2373, -17.35876 ], [ -63.2373, -17.3588 ], [ -63.2378, -17.35909 ], [ -63.23845, -17.35802 ] ] ] } },
{ "type": "Feature", "properties": { "i": 529 }, "geometry": { "type": "Polygon", "coordinates": [ [ [ -63.22582, -17.36131 ], [ -63.22585, -17.3613 ], [ -63.22622, -17.36072 ], [ -63.22454, -17.35975 ], [ -63.22419, -17.36035 ], [ -63.22582, -17.36131 ] ] ] } },
{ "type": "Feature", "properties": { "i": 530 }, "geometry": { "type": "Polygon", "coordinates": [ [ [ -63.25878, -17.35457 ], [ -63.2595, -17.35498 ], [ -63.25956, -17.35498 ], [ -63.26001, -17.35428 ], [ -63.26001, -17.35425 ], [ -63.25925, -17.3538 ], [ -63.25878, -17.35457 ] ] ] } },
{ "type": "Feature", "properties": { "i": 531 }, "geometry": { "type": "Polygon", "coordinates": [ [ [ -63.24423, -17.35725 ], [ -63.24464, -17.3575 ], [ -63.2447, -17.35749 ], [ -63.24518, -17.35673 ], [ -63.24517, -17.35668 ], [ -63.24475, -17.35642 ], [ -63.24471, -17.35644 ], [ -63.24423, -17.35719 ], [ -63.24423, -17.35725 ] ] ] } },
{ "type": "Feature", "properties": { "i": 532 }, "geometry": { "type": "Polygon", "coordinates": [ [ [ -63.27699, -17.35114 ], [ -63.27793, -17.35168 ], [ -63.27821, -17.3512 ], [ -63.27724, -17.35066 ], [ -63.27698, -17.3511 ], [ -63.27699, -17.35114 ] ] ] } },
{ "type": "Feature", "properties": { "i": 533 }, "geometry": { "type": "Polygon", "coordinates": [ [ [ -63.27617, -17.3522 ], [ -63.27645, -17.35174 ], [ -63.27555, -17.35126 ], [ -63.27537, -17.3518 ], [ -63.27614, -17.35221 ], [ -63.27617, -17.3522 ] ] ] } },
{ "type": "Feature", "properties": { "i": 534 }, "geometry": { "type": "Polygon", "coordinates": [ [ [ -63.23402, -17.35855 ], [ -63.23352, -17.35827 ], [ -63.23287, -17.35928 ], [ -63.23335, -17.35958 ], [ -63.23402, -17.35855 ] ] ] } },
{ "type": "Feature", "properties": { "i": 535 }, "geometry": { "type": "Polygon", "coordinates": [ [ [ -63.24399, -17.35725 ], [ -63.24312, -17.35674 ], [ -63.24272, -17.3571 ], [ -63.24272, -17.35714 ], [ -63.24371, -17.35772 ], [ -63.24376, -17.35771 ], [ -63.24401, -17.35732 ], [ -63.24399, -17.35725 ] ] ] } },
{ "type": "Feature", "properties": { "i": 536 }, "geometry": { "type": "Polygon", "coordinates": [ [ [ -63.24554, -17.35463 ], [ -63.24416, -17.35586 ], [ -63.24416, -17.3559 ], [ -63.24666, -17.35739 ], [ -63.24672, -17.35738 ], [ -63.24764, -17.35593 ], [ -63.24764, -17.35589 ], [ -63.24554, -17.35463 ] ] ] } },
{ "type": "Feature", "properties": { "i": 537 }, "geometry": { "type": "Polygon", "coordinates": [ [ [ -63.23213, -17.35898 ], [ -63.23162, -17.35869 ], [ -63.23097, -17.35972 ], [ -63.23097, -17.35975 ], [ -63.23146, -17.36004 ], [ -63.23213, -17.35898 ] ] ] } },
{ "type": "Feature", "properties": { "i": 538 }, "geometry": { "type": "Polygon", "coordinates": [ [ [ -63.26029, -17.35425 ], [ -63.26092, -17.35461 ], [ -63.26095, -17.3546 ], [ -63.26145, -17.35388 ], [ -63.26076, -17.35349 ], [ -63.26029, -17.35425 ] ] ] } },
{ "type": "Feature", "properties": { "i": 539 }, "geometry": { "type": "Polygon", "coordinates": [ [ [ -63.25311, -17.35543 ], [ -63.25237, -17.35499 ], [ -63.25198, -17.35561 ], [ -63.25269, -17.35604 ], [ -63.25274, -17.35602 ], [ -63.25311, -17.35543 ] ] ] } },
{ "type": "Feature", "properties": { "i": 540 }, "geometry": { "type": "Polygon", "coordinates": [ [ [ -63.2684, -17.35428 ], [ -63.26848, -17.35429 ], [ -63.27008, -17.35144 ], [ -63.26921, -17.35116 ], [ -63.26887, -17.35171 ], [ -63.26808, -17.35287 ], [ -63.26796, -17.35276 ], [ -63.26854, -17.35188 ], [ -63.26798, -17.35156 ], [ -63.26743, -17.3524 ], [ -63.26742, -17.35247 ], [ -63.26747, -17.35257 ], [ -63.2684, -17.35428 ] ] ] } },
{ "type": "Feature", "properties": { "i": 541 }, "geometry": { "type": "Polygon", "coordinates": [ [ [ -63.28494, -17.34989 ], [ -63.28491, -17.34976 ], [ -63.2832, -17.34922 ], [ -63.2823, -17.35031 ], [ -63.28327, -17.35084 ], [ -63.2841, -17.35083 ], [ -63.28436, -17.35038 ], [ -63.28484, -17.35004 ], [ -63.28494, -17.34989 ] ] ] } },
{ "type": "Feature", "properties": { "i": 542 }, "geometry": { "type": "Polygon", "coordinates": [ [ [ -63.25332, -17.35538 ], [ -63.2541, -17.35584 ], [ -63.25459, -17.35507 ], [ -63.25457, -17.35502 ], [ -63.25384, -17.35459 ], [ -63.2538, -17.3546 ], [ -63.25332, -17.35535 ], [ -63.25332, -17.35538 ] ] ] } },
{ "type": "Feature", "properties": { "i": 543 }, "geometry": { "type": "Polygon", "coordinates": [ [ [ -63.22718, -17.35963 ], [ -63.22893, -17.36061 ], [ -63.2293, -17.35997 ], [ -63.22755, -17.35897 ], [ -63.22716, -17.3596 ], [ -63.22718, -17.35963 ] ] ] } },
{ "type": "Feature", "properties": { "i": 544 }, "geometry": { "type": "Polygon", "coordinates": [ [ [ -63.25058, -17.35793 ], [ -63.25138, -17.35657 ], [ -63.2515, -17.35614 ], [ -63.2518, -17.35566 ], [ -63.25104, -17.35521 ], [ -63.251, -17.35523 ], [ -63.25077, -17.35564 ], [ -63.25069, -17.35559 ], [ -63.25079, -17.35541 ], [ -63.25076, -17.35539 ], [ -63.25091, -17.35514 ], [ -63.24934, -17.35423 ], [ -63.24924, -17.35423 ], [ -63.24759, -17.35672 ], [ -63.24963, -17.35787 ], [ -63.24979, -17.35794 ], [ -63.24995, -17.35798 ], [ -63.25025, -17.358 ], [ -63.25058, -17.35793 ] ] ] } },
{ "type": "Feature", "properties": { "i": 545 }, "geometry": { "type": "Polygon", "coordinates": [ [ [ -63.2226, -17.36176 ], [ -63.2229, -17.36123 ], [ -63.22116, -17.3602 ], [ -63.22111, -17.36021 ], [ -63.22082, -17.36067 ], [ -63.22083, -17.36072 ], [ -63.2226, -17.36176 ] ] ] } },
{ "type": "Feature", "properties": { "i": 546 }, "geometry": { "type": "Polygon", "coordinates": [ [ [ -63.27902, -17.35015 ], [ -63.27897, -17.35015 ], [ -63.2787, -17.3506 ], [ -63.27968, -17.35114 ], [ -63.27996, -17.35068 ], [ -63.27902, -17.35015 ] ] ] } },
{ "type": "Feature", "properties": { "i": 547 }, "geometry": { "type": "Polygon", "coordinates": [ [ [ -63.26213, -17.35317 ], [ -63.26167, -17.35383 ], [ -63.2621, -17.35408 ], [ -63.26216, -17.35407 ], [ -63.26256, -17.35344 ], [ -63.26255, -17.35337 ], [ -63.26218, -17.35316 ], [ -63.26213, -17.35317 ] ] ] } },
{ "type": "Feature", "properties": { "i": 548 }, "geometry": { "type": "Polygon", "coordinates": [ [ [ -63.27678, -17.35118 ], [ -63.27576, -17.35063 ], [ -63.27557, -17.35113 ], [ -63.2765, -17.35165 ], [ -63.27678, -17.35118 ] ] ] } },
{ "type": "Feature", "properties": { "i": 549 }, "geometry": { "type": "Polygon", "coordinates": [ [ [ -63.28216, -17.35036 ], [ -63.28081, -17.34961 ], [ -63.28052, -17.35008 ], [ -63.28186, -17.35081 ], [ -63.28189, -17.3508 ], [ -63.28216, -17.35036 ] ] ] } },
{ "type": "Feature", "properties": { "i": 550 }, "geometry": { "type": "Polygon", "coordinates": [ [ [ -63.23787, -17.35765 ], [ -63.2374, -17.35738 ], [ -63.23672, -17.35844 ], [ -63.23719, -17.35873 ], [ -63.23724, -17.35872 ], [ -63.23789, -17.3577 ], [ -63.23787, -17.35765 ] ] ] } },
{ "type": "Feature", "properties": { "i": 551 }, "geometry": { "type": "Polygon", "coordinates": [ [ [ -63.24108, -17.35764 ], [ -63.24107, -17.35759 ], [ -63.24004, -17.35701 ], [ -63.24001, -17.35701 ], [ -63.23973, -17.35745 ], [ -63.2408, -17.35806 ], [ -63.24108, -17.35764 ] ] ] } },
{ "type": "Feature", "properties": { "i": 552 }, "geometry": { "type": "Polygon", "coordinates": [ [ [ -63.26595, -17.35332 ], [ -63.26594, -17.35329 ], [ -63.2653, -17.35291 ], [ -63.26532, -17.35289 ], [ -63.26508, -17.35275 ], [ -63.26507, -17.35277 ], [ -63.26397, -17.35214 ], [ -63.26394, -17.35214 ], [ -63.26389, -17.35222 ], [ -63.26385, -17.3522 ], [ -63.26363, -17.35257 ], [ -63.26567, -17.35377 ], [ -63.26595, -17.35332 ] ] ] } },
{ "type": "Feature", "properties": { "i": 553 }, "geometry": { "type": "Polygon", "coordinates": [ [ [ -63.21466, -17.36182 ], [ -63.21414, -17.36151 ], [ -63.21345, -17.36262 ], [ -63.21392, -17.3629 ], [ -63.21398, -17.36289 ], [ -63.21466, -17.36182 ] ] ] } },
{ "type": "Feature", "properties": { "i": 554 }, "geometry": { "type": "Polygon", "coordinates": [ [ [ -63.21991, -17.36187 ], [ -63.22023, -17.36135 ], [ -63.22021, -17.36133 ], [ -63.21891, -17.36055 ], [ -63.21857, -17.36106 ], [ -63.21991, -17.36187 ] ] ] } },
{ "type": "Feature", "properties": { "i": 555 }, "geometry": { "type": "Polygon", "coordinates": [ [ [ -63.26454, -17.35322 ], [ -63.26358, -17.35269 ], [ -63.2633, -17.35314 ], [ -63.2633, -17.35316 ], [ -63.26426, -17.35372 ], [ -63.26428, -17.35372 ], [ -63.26455, -17.35327 ], [ -63.26454, -17.35322 ] ] ] } },
{ "type": "Feature", "properties": { "i": 556 }, "geometry": { "type": "Polygon", "coordinates": [ [ [ -63.27757, -17.35012 ], [ -63.27728, -17.35059 ], [ -63.27824, -17.35112 ], [ -63.27827, -17.35112 ], [ -63.27854, -17.35065 ], [ -63.27757, -17.35012 ] ] ] } },
{ "type": "Feature", "properties": { "i": 557 }, "geometry": { "type": "Polygon", "coordinates": [ [ [ -63.2446, -17.35635 ], [ -63.24413, -17.35607 ], [ -63.24364, -17.35686 ], [ -63.24365, -17.3569 ], [ -63.24407, -17.35715 ], [ -63.24412, -17.35714 ], [ -63.2446, -17.35638 ], [ -63.2446, -17.35635 ] ] ] } },
{ "type": "Feature", "properties": { "i": 558 }, "geometry": { "type": "Polygon", "coordinates": [ [ [ -63.28638, -17.34894 ], [ -63.28543, -17.34876 ], [ -63.28514, -17.34948 ], [ -63.28612, -17.34965 ], [ -63.28638, -17.34894 ] ] ] } },
{ "type": "Feature", "properties": { "i": 559 }, "geometry": { "type": "Polygon", "coordinates": [ [ [ -63.25621, -17.35443 ], [ -63.25621, -17.35439 ], [ -63.25547, -17.35397 ], [ -63.25544, -17.35397 ], [ -63.25498, -17.35473 ], [ -63.25513, -17.35483 ], [ -63.25533, -17.35461 ], [ -63.25539, -17.35465 ], [ -63.25533, -17.3547 ], [ -63.25521, -17.35488 ], [ -63.25568, -17.35516 ], [ -63.25575, -17.35515 ], [ -63.25621, -17.35443 ] ] ] } },
{ "type": "Feature", "properties": { "i": 560 }, "geometry": { "type": "Polygon", "coordinates": [ [ [ -63.2334, -17.35823 ], [ -63.23339, -17.35818 ], [ -63.23293, -17.35792 ], [ -63.23227, -17.35897 ], [ -63.23271, -17.35923 ], [ -63.23277, -17.35923 ], [ -63.2334, -17.35823 ] ] ] } },
{ "type": "Feature", "properties": { "i": 561 }, "geometry": { "type": "Polygon", "coordinates": [ [ [ -63.25717, -17.35483 ], [ -63.25722, -17.35482 ], [ -63.25767, -17.35412 ], [ -63.25766, -17.35408 ], [ -63.25692, -17.35364 ], [ -63.25689, -17.35364 ], [ -63.25643, -17.35435 ], [ -63.25644, -17.35439 ], [ -63.25717, -17.35483 ] ] ] } },
{ "type": "Feature", "properties": { "i": 562 }, "geometry": { "type": "Polygon", "coordinates": [ [ [ -63.25864, -17.35448 ], [ -63.25868, -17.35447 ], [ -63.25912, -17.35376 ], [ -63.25911, -17.35372 ], [ -63.25838, -17.3533 ], [ -63.25834, -17.35331 ], [ -63.25789, -17.35403 ], [ -63.25864, -17.35448 ] ] ] } },
{ "type": "Feature", "properties": { "i": 563 }, "geometry": { "type": "Polygon", "coordinates": [ [ [ -63.22658, -17.36016 ], [ -63.22486, -17.35916 ], [ -63.22459, -17.35963 ], [ -63.22629, -17.36063 ], [ -63.22658, -17.36016 ] ] ] } },
{ "type": "Feature", "properties": { "i": 564 }, "geometry": { "type": "Polygon", "coordinates": [ [ [ -63.24119, -17.35644 ], [ -63.24071, -17.35719 ], [ -63.24072, -17.35725 ], [ -63.24115, -17.35749 ], [ -63.24119, -17.35748 ], [ -63.24166, -17.35673 ], [ -63.24165, -17.35666 ], [ -63.24124, -17.35643 ], [ -63.24119, -17.35644 ] ] ] } },
{ "type": "Feature", "properties": { "i": 565 }, "geometry": { "type": "Polygon", "coordinates": [ [ [ -63.22319, -17.36065 ], [ -63.22145, -17.35962 ], [ -63.22118, -17.36007 ], [ -63.22291, -17.36111 ], [ -63.22295, -17.36111 ], [ -63.22304, -17.36099 ], [ -63.22321, -17.36069 ], [ -63.22319, -17.36065 ] ] ] } },
{ "type": "Feature", "properties": { "i": 566 }, "geometry": { "type": "Polygon", "coordinates": [ [ [ -63.28257, -17.3498 ], [ -63.28116, -17.34904 ], [ -63.28086, -17.34952 ], [ -63.28219, -17.35024 ], [ -63.28222, -17.35024 ], [ -63.28257, -17.3498 ] ] ] } },
{ "type": "Feature", "properties": { "i": 567 }, "geometry": { "type": "Polygon", "coordinates": [ [ [ -63.28029, -17.35014 ], [ -63.28027, -17.35008 ], [ -63.27933, -17.34956 ], [ -63.27905, -17.35003 ], [ -63.28002, -17.35057 ], [ -63.28029, -17.35014 ] ] ] } },
{ "type": "Feature", "properties": { "i": 568 }, "geometry": { "type": "Polygon", "coordinates": [ [ [ -63.26056, -17.35338 ], [ -63.25982, -17.35296 ], [ -63.25978, -17.35297 ], [ -63.25933, -17.35367 ], [ -63.25933, -17.3537 ], [ -63.26006, -17.35412 ], [ -63.26012, -17.35411 ], [ -63.26056, -17.35341 ], [ -63.26056, -17.35338 ] ] ] } },
{ "type": "Feature", "properties": { "i": 569 }, "geometry": { "type": "Polygon", "coordinates": [ [ [ -63.25224, -17.3549 ], [ -63.25147, -17.35444 ], [ -63.25144, -17.35448 ], [ -63.25109, -17.3551 ], [ -63.25182, -17.35553 ], [ -63.25188, -17.35551 ], [ -63.25224, -17.35493 ], [ -63.25224, -17.3549 ] ] ] } },
{ "type": "Feature", "properties": { "i": 570 }, "geometry": { "type": "Polygon", "coordinates": [ [ [ -63.21338, -17.36256 ], [ -63.21406, -17.36147 ], [ -63.21358, -17.36116 ], [ -63.21352, -17.36113 ], [ -63.21346, -17.36113 ], [ -63.21271, -17.36215 ], [ -63.21338, -17.36256 ] ] ] } },
{ "type": "Feature", "properties": { "i": 571 }, "geometry": { "type": "Polygon", "coordinates": [ [ [ -63.24353, -17.35681 ], [ -63.24401, -17.35604 ], [ -63.244, -17.35599 ], [ -63.24397, -17.35597 ], [ -63.24324, -17.35662 ], [ -63.24323, -17.35666 ], [ -63.2435, -17.35682 ], [ -63.24353, -17.35681 ] ] ] } },
{ "type": "Feature", "properties": { "i": 572 }, "geometry": { "type": "Polygon", "coordinates": [ [ [ -63.23667, -17.35837 ], [ -63.2373, -17.35737 ], [ -63.23729, -17.35733 ], [ -63.2368, -17.35704 ], [ -63.23675, -17.35706 ], [ -63.2361, -17.35807 ], [ -63.2366, -17.35837 ], [ -63.23667, -17.35837 ] ] ] } },
{ "type": "Feature", "properties": { "i": 573 }, "geometry": { "type": "Polygon", "coordinates": [ [ [ -63.27713, -17.35059 ], [ -63.276, -17.34998 ], [ -63.27579, -17.35054 ], [ -63.27683, -17.35109 ], [ -63.27713, -17.35059 ] ] ] } },
{ "type": "Feature", "properties": { "i": 574 }, "geometry": { "type": "Polygon", "coordinates": [ [ [ -63.26201, -17.35311 ], [ -63.262, -17.35306 ], [ -63.2613, -17.35267 ], [ -63.26127, -17.35268 ], [ -63.26086, -17.35333 ], [ -63.26088, -17.3534 ], [ -63.26152, -17.35376 ], [ -63.26155, -17.35375 ], [ -63.26201, -17.35311 ] ] ] } },
{ "type": "Feature", "properties": { "i": 575 }, "geometry": { "type": "Polygon", "coordinates": [ [ [ -63.25367, -17.35449 ], [ -63.25294, -17.35407 ], [ -63.2529, -17.35408 ], [ -63.25246, -17.35482 ], [ -63.25246, -17.35486 ], [ -63.25318, -17.3553 ], [ -63.25321, -17.3553 ], [ -63.25368, -17.35454 ], [ -63.25367, -17.35449 ] ] ] } },
{ "type": "Feature", "properties": { "i": 576 }, "geometry": { "type": "Polygon", "coordinates": [ [ [ -63.28306, -17.34917 ], [ -63.28142, -17.34864 ], [ -63.28122, -17.34896 ], [ -63.28258, -17.3497 ], [ -63.28266, -17.34969 ], [ -63.28306, -17.34917 ] ] ] } },
{ "type": "Feature", "properties": { "i": 577 }, "geometry": { "type": "Polygon", "coordinates": [ [ [ -63.22061, -17.3607 ], [ -63.21929, -17.35994 ], [ -63.21897, -17.36046 ], [ -63.22027, -17.36123 ], [ -63.22034, -17.36122 ], [ -63.22057, -17.36084 ], [ -63.22061, -17.36076 ], [ -63.22061, -17.3607 ] ] ] } },
{ "type": "Feature", "properties": { "i": 578 }, "geometry": { "type": "Polygon", "coordinates": [ [ [ -63.23217, -17.3589 ], [ -63.23283, -17.35787 ], [ -63.23239, -17.35762 ], [ -63.23231, -17.35764 ], [ -63.23171, -17.35859 ], [ -63.23173, -17.35865 ], [ -63.23217, -17.3589 ] ] ] } },
{ "type": "Feature", "properties": { "i": 579 }, "geometry": { "type": "Polygon", "coordinates": [ [ [ -63.21838, -17.3611 ], [ -63.21672, -17.36009 ], [ -63.21669, -17.36009 ], [ -63.21631, -17.3607 ], [ -63.21799, -17.36169 ], [ -63.21838, -17.3611 ] ] ] } },
{ "type": "Feature", "properties": { "i": 580 }, "geometry": { "type": "Polygon", "coordinates": [ [ [ -63.26656, -17.35134 ], [ -63.26623, -17.35079 ], [ -63.26536, -17.34995 ], [ -63.2653, -17.34997 ], [ -63.26507, -17.35035 ], [ -63.26508, -17.3504 ], [ -63.26602, -17.35096 ], [ -63.26606, -17.35107 ], [ -63.26605, -17.3512 ], [ -63.26588, -17.35146 ], [ -63.26575, -17.35156 ], [ -63.26569, -17.35158 ], [ -63.26555, -17.35155 ], [ -63.26458, -17.35096 ], [ -63.26431, -17.35139 ], [ -63.26433, -17.35146 ], [ -63.26617, -17.35255 ], [ -63.26612, -17.35261 ], [ -63.26569, -17.35236 ], [ -63.26553, -17.3526 ], [ -63.2654, -17.35285 ], [ -63.26568, -17.35301 ], [ -63.26567, -17.35304 ], [ -63.26602, -17.35325 ], [ -63.26604, -17.35323 ], [ -63.26608, -17.35325 ], [ -63.26608, -17.35332 ], [ -63.26565, -17.35402 ], [ -63.26621, -17.35435 ], [ -63.26725, -17.35268 ], [ -63.26691, -17.35204 ], [ -63.26685, -17.35195 ], [ -63.26682, -17.35196 ], [ -63.26654, -17.35146 ], [ -63.26656, -17.35134 ] ] ] } },
{ "type": "Feature", "properties": { "i": 581 }, "geometry": { "type": "Polygon", "coordinates": [ [ [ -63.26311, -17.35255 ], [ -63.26268, -17.35231 ], [ -63.26226, -17.353 ], [ -63.26226, -17.35304 ], [ -63.26265, -17.35326 ], [ -63.26268, -17.35325 ], [ -63.26311, -17.35258 ], [ -63.26311, -17.35255 ] ] ] } },
{ "type": "Feature", "properties": { "i": 582 }, "geometry": { "type": "Polygon", "coordinates": [ [ [ -63.27763, -17.35002 ], [ -63.27856, -17.35054 ], [ -63.27861, -17.35053 ], [ -63.27889, -17.35006 ], [ -63.27792, -17.34951 ], [ -63.27763, -17.34999 ], [ -63.27763, -17.35002 ] ] ] } },
{ "type": "Feature", "properties": { "i": 583 }, "geometry": { "type": "Polygon", "coordinates": [ [ [ -63.22359, -17.36004 ], [ -63.22185, -17.35904 ], [ -63.22157, -17.35948 ], [ -63.22329, -17.3605 ], [ -63.22332, -17.3605 ], [ -63.22359, -17.36004 ] ] ] } },
{ "type": "Feature", "properties": { "i": 584 }, "geometry": { "type": "Polygon", "coordinates": [ [ [ -63.22521, -17.35855 ], [ -63.22494, -17.35901 ], [ -63.22495, -17.35907 ], [ -63.22664, -17.36006 ], [ -63.22695, -17.3596 ], [ -63.22694, -17.35957 ], [ -63.22521, -17.35855 ] ] ] } },
{ "type": "Feature", "properties": { "i": 585 }, "geometry": { "type": "Polygon", "coordinates": [ [ [ -63.21558, -17.36161 ], [ -63.21446, -17.36094 ], [ -63.21355, -17.36109 ], [ -63.21523, -17.36208 ], [ -63.21529, -17.36206 ], [ -63.21558, -17.36161 ] ] ] } },
{ "type": "Feature", "properties": { "i": 586 }, "geometry": { "type": "Polygon", "coordinates": [ [ [ -63.23989, -17.35695 ], [ -63.23989, -17.35691 ], [ -63.23886, -17.35633 ], [ -63.23883, -17.35633 ], [ -63.23855, -17.35678 ], [ -63.23958, -17.3574 ], [ -63.23962, -17.35739 ], [ -63.23989, -17.35695 ] ] ] } },
{ "type": "Feature", "properties": { "i": 587 }, "geometry": { "type": "Polygon", "coordinates": [ [ [ -63.24059, -17.35713 ], [ -63.24108, -17.35633 ], [ -63.24062, -17.35608 ], [ -63.24058, -17.35609 ], [ -63.2401, -17.35686 ], [ -63.24011, -17.3569 ], [ -63.24055, -17.35714 ], [ -63.24059, -17.35713 ] ] ] } },
{ "type": "Feature", "properties": { "i": 588 }, "geometry": { "type": "Polygon", "coordinates": [ [ [ -63.24287, -17.35663 ], [ -63.24308, -17.35664 ], [ -63.24391, -17.35596 ], [ -63.2439, -17.35591 ], [ -63.24299, -17.35542 ], [ -63.24294, -17.35544 ], [ -63.24211, -17.35675 ], [ -63.24212, -17.35678 ], [ -63.24253, -17.35703 ], [ -63.24259, -17.35701 ], [ -63.24287, -17.35663 ] ] ] } },
{ "type": "Feature", "properties": { "i": 589 }, "geometry": { "type": "Polygon", "coordinates": [ [ [ -63.24802, -17.3553 ], [ -63.24736, -17.35491 ], [ -63.24731, -17.35492 ], [ -63.24707, -17.35532 ], [ -63.24775, -17.35572 ], [ -63.24778, -17.35571 ], [ -63.24803, -17.35533 ], [ -63.24802, -17.3553 ] ] ] } },
{ "type": "Feature", "properties": { "i": 590 }, "geometry": { "type": "Polygon", "coordinates": [ [ [ -63.2553, -17.35387 ], [ -63.25458, -17.35343 ], [ -63.25453, -17.35345 ], [ -63.25408, -17.35416 ], [ -63.25409, -17.35421 ], [ -63.25481, -17.35463 ], [ -63.25487, -17.35462 ], [ -63.25532, -17.35391 ], [ -63.2553, -17.35387 ] ] ] } },
{ "type": "Feature", "properties": { "i": 591 }, "geometry": { "type": "Polygon", "coordinates": [ [ [ -63.23597, -17.35799 ], [ -63.23661, -17.357 ], [ -63.23659, -17.35693 ], [ -63.23614, -17.35667 ], [ -63.23549, -17.35771 ], [ -63.23552, -17.35776 ], [ -63.23593, -17.35799 ], [ -63.23597, -17.35799 ] ] ] } },
{ "type": "Feature", "properties": { "i": 592 }, "geometry": { "type": "Polygon", "coordinates": [ [ [ -63.27939, -17.34947 ], [ -63.28036, -17.35 ], [ -63.28065, -17.34954 ], [ -63.27967, -17.34899 ], [ -63.27939, -17.34947 ] ] ] } },
{ "type": "Feature", "properties": { "i": 593 }, "geometry": { "type": "Polygon", "coordinates": [ [ [ -63.23424, -17.35712 ], [ -63.2342, -17.35713 ], [ -63.23357, -17.35817 ], [ -63.23402, -17.35843 ], [ -63.23406, -17.35843 ], [ -63.2341, -17.3584 ], [ -63.23473, -17.35741 ], [ -63.23424, -17.35712 ] ] ] } },
{ "type": "Feature", "properties": { "i": 594 }, "geometry": { "type": "Polygon", "coordinates": [ [ [ -63.23688, -17.35698 ], [ -63.23789, -17.35758 ], [ -63.23795, -17.35757 ], [ -63.23827, -17.35706 ], [ -63.23716, -17.35643 ], [ -63.23686, -17.35688 ], [ -63.23685, -17.35694 ], [ -63.23688, -17.35698 ] ] ] } },
{ "type": "Feature", "properties": { "i": 595 }, "geometry": { "type": "Polygon", "coordinates": [ [ [ -63.27117, -17.34982 ], [ -63.27025, -17.3515 ], [ -63.27077, -17.35176 ], [ -63.2709, -17.35174 ], [ -63.27096, -17.35169 ], [ -63.27185, -17.35024 ], [ -63.27148, -17.35003 ], [ -63.27117, -17.34982 ] ] ] } },
{ "type": "Feature", "properties": { "i": 596 }, "geometry": { "type": "Polygon", "coordinates": [ [ [ -63.25602, -17.35311 ], [ -63.25598, -17.35311 ], [ -63.25554, -17.35382 ], [ -63.25555, -17.35386 ], [ -63.25589, -17.35407 ], [ -63.25626, -17.35429 ], [ -63.25631, -17.35428 ], [ -63.25679, -17.35356 ], [ -63.25602, -17.35311 ] ] ] } },
{ "type": "Feature", "properties": { "i": 597 }, "geometry": { "type": "Polygon", "coordinates": [ [ [ -63.23186, -17.35813 ], [ -63.23185, -17.35809 ], [ -63.23113, -17.35768 ], [ -63.23084, -17.35816 ], [ -63.23158, -17.35858 ], [ -63.23186, -17.35813 ] ] ] } },
{ "type": "Feature", "properties": { "i": 598 }, "geometry": { "type": "Polygon", "coordinates": [ [ [ -63.26531, -17.35278 ], [ -63.26553, -17.35245 ], [ -63.26553, -17.35235 ], [ -63.2655, -17.35228 ], [ -63.26545, -17.35223 ], [ -63.26423, -17.35152 ], [ -63.26393, -17.35201 ], [ -63.26531, -17.35278 ] ] ] } },
{ "type": "Feature", "properties": { "i": 599 }, "geometry": { "type": "Polygon", "coordinates": [ [ [ -63.27622, -17.34932 ], [ -63.27603, -17.34989 ], [ -63.27718, -17.35051 ], [ -63.27746, -17.35004 ], [ -63.27622, -17.34932 ] ] ] } },
{ "type": "Feature", "properties": { "i": 600 }, "geometry": { "type": "Polygon", "coordinates": [ [ [ -63.25822, -17.35324 ], [ -63.25821, -17.3532 ], [ -63.25747, -17.35277 ], [ -63.25744, -17.35278 ], [ -63.25739, -17.35285 ], [ -63.25698, -17.3535 ], [ -63.25774, -17.35398 ], [ -63.25777, -17.35397 ], [ -63.25822, -17.35324 ] ] ] } },
{ "type": "Feature", "properties": { "i": 601 }, "geometry": { "type": "Polygon", "coordinates": [ [ [ -63.22137, -17.35958 ], [ -63.22085, -17.35925 ], [ -63.22015, -17.36033 ], [ -63.22068, -17.36063 ], [ -63.22071, -17.36063 ], [ -63.22137, -17.35958 ] ] ] } },
{ "type": "Feature", "properties": { "i": 602 }, "geometry": { "type": "Polygon", "coordinates": [ [ [ -63.25135, -17.35441 ], [ -63.25134, -17.35438 ], [ -63.25117, -17.35428 ], [ -63.25063, -17.35397 ], [ -63.25059, -17.35397 ], [ -63.25024, -17.35456 ], [ -63.25025, -17.35461 ], [ -63.25096, -17.35501 ], [ -63.251, -17.355 ], [ -63.25135, -17.35441 ] ] ] } },
{ "type": "Feature", "properties": { "i": 603 }, "geometry": { "type": "Polygon", "coordinates": [ [ [ -63.25967, -17.35291 ], [ -63.25966, -17.35286 ], [ -63.25892, -17.35244 ], [ -63.25888, -17.35245 ], [ -63.25844, -17.35315 ], [ -63.25846, -17.35318 ], [ -63.25918, -17.35362 ], [ -63.25922, -17.35362 ], [ -63.25967, -17.35291 ] ] ] } },
{ "type": "Feature", "properties": { "i": 604 }, "geometry": { "type": "Polygon", "coordinates": [ [ [ -63.26111, -17.35257 ], [ -63.2611, -17.35254 ], [ -63.26037, -17.35212 ], [ -63.26032, -17.35213 ], [ -63.25989, -17.35282 ], [ -63.25989, -17.35285 ], [ -63.26062, -17.35325 ], [ -63.26067, -17.35324 ], [ -63.26111, -17.35257 ] ] ] } },
{ "type": "Feature", "properties": { "i": 605 }, "geometry": { "type": "Polygon", "coordinates": [ [ [ -63.27896, -17.34996 ], [ -63.27922, -17.3495 ], [ -63.27824, -17.34895 ], [ -63.27797, -17.34943 ], [ -63.27893, -17.34997 ], [ -63.27896, -17.34996 ] ] ] } },
{ "type": "Feature", "properties": { "i": 606 }, "geometry": { "type": "Polygon", "coordinates": [ [ [ -63.25279, -17.354 ], [ -63.25278, -17.35395 ], [ -63.2521, -17.35357 ], [ -63.25201, -17.35354 ], [ -63.25156, -17.35431 ], [ -63.25157, -17.35436 ], [ -63.25229, -17.35478 ], [ -63.25232, -17.35477 ], [ -63.25279, -17.354 ] ] ] } },
{ "type": "Feature", "properties": { "i": 607 }, "geometry": { "type": "Polygon", "coordinates": [ [ [ -63.26858, -17.35177 ], [ -63.26862, -17.35176 ], [ -63.26907, -17.35103 ], [ -63.26907, -17.351 ], [ -63.26854, -17.3507 ], [ -63.26806, -17.35143 ], [ -63.26807, -17.35148 ], [ -63.26858, -17.35177 ] ] ] } },
{ "type": "Feature", "properties": { "i": 608 }, "geometry": { "type": "Polygon", "coordinates": [ [ [ -63.26256, -17.35225 ], [ -63.26184, -17.35181 ], [ -63.26139, -17.35253 ], [ -63.2614, -17.35256 ], [ -63.26209, -17.35295 ], [ -63.26213, -17.35293 ], [ -63.26256, -17.35225 ] ] ] } },
{ "type": "Feature", "properties": { "i": 609 }, "geometry": { "type": "Polygon", "coordinates": [ [ [ -63.24042, -17.35611 ], [ -63.23995, -17.35584 ], [ -63.23993, -17.35585 ], [ -63.23951, -17.35652 ], [ -63.23952, -17.35656 ], [ -63.23995, -17.35681 ], [ -63.24, -17.3568 ], [ -63.24042, -17.35611 ] ] ] } },
{ "type": "Feature", "properties": { "i": 610 }, "geometry": { "type": "Polygon", "coordinates": [ [ [ -63.22394, -17.35941 ], [ -63.22228, -17.35844 ], [ -63.22224, -17.35845 ], [ -63.22192, -17.35894 ], [ -63.22363, -17.35994 ], [ -63.22394, -17.35941 ] ] ] } },
{ "type": "Feature", "properties": { "i": 611 }, "geometry": { "type": "Polygon", "coordinates": [ [ [ -63.22527, -17.35848 ], [ -63.22696, -17.3595 ], [ -63.227, -17.3595 ], [ -63.22742, -17.35888 ], [ -63.22561, -17.35781 ], [ -63.22525, -17.35844 ], [ -63.22527, -17.35848 ] ] ] } },
{ "type": "Feature", "properties": { "i": 612 }, "geometry": { "type": "Polygon", "coordinates": [ [ [ -63.23366, -17.35678 ], [ -63.23301, -17.35781 ], [ -63.23303, -17.35784 ], [ -63.23348, -17.35809 ], [ -63.23415, -17.35709 ], [ -63.23415, -17.35707 ], [ -63.23366, -17.35678 ] ] ] } },
{ "type": "Feature", "properties": { "i": 613 }, "geometry": { "type": "Polygon", "coordinates": [ [ [ -63.21848, -17.36098 ], [ -63.2188, -17.36047 ], [ -63.21709, -17.35947 ], [ -63.21675, -17.36 ], [ -63.21841, -17.36099 ], [ -63.21848, -17.36098 ] ] ] } },
{ "type": "Feature", "properties": { "i": 614 }, "geometry": { "type": "Polygon", "coordinates": [ [ [ -63.28475, -17.34762 ], [ -63.28337, -17.34722 ], [ -63.28193, -17.34853 ], [ -63.28193, -17.34859 ], [ -63.28383, -17.34924 ], [ -63.28506, -17.34947 ], [ -63.28535, -17.34874 ], [ -63.28459, -17.34859 ], [ -63.28461, -17.34853 ], [ -63.28537, -17.34868 ], [ -63.2856, -17.34812 ], [ -63.28463, -17.34795 ], [ -63.28475, -17.34762 ] ] ] } },
{ "type": "Feature", "properties": { "i": 615 }, "geometry": { "type": "Polygon", "coordinates": [ [ [ -63.23602, -17.35665 ], [ -63.236, -17.35662 ], [ -63.2355, -17.35635 ], [ -63.23486, -17.35737 ], [ -63.23535, -17.35765 ], [ -63.23539, -17.35765 ], [ -63.23602, -17.35665 ] ] ] } },
{ "type": "Feature", "properties": { "i": 616 }, "geometry": { "type": "Polygon", "coordinates": [ [ [ -63.24254, -17.35536 ], [ -63.24256, -17.35526 ], [ -63.24254, -17.35519 ], [ -63.24248, -17.35511 ], [ -63.24218, -17.35494 ], [ -63.24213, -17.35495 ], [ -63.24129, -17.35629 ], [ -63.2413, -17.35633 ], [ -63.24174, -17.35658 ], [ -63.24177, -17.35657 ], [ -63.24254, -17.35536 ] ] ] } },
{ "type": "Feature", "properties": { "i": 617 }, "geometry": { "type": "Polygon", "coordinates": [ [ [ -63.26325, -17.3514 ], [ -63.26279, -17.35215 ], [ -63.26279, -17.35219 ], [ -63.2632, -17.35242 ], [ -63.26356, -17.35186 ], [ -63.26361, -17.35188 ], [ -63.26371, -17.35171 ], [ -63.2637, -17.35167 ], [ -63.26325, -17.3514 ] ] ] } },
{ "type": "Feature", "properties": { "i": 618 }, "geometry": { "type": "Polygon", "coordinates": [ [ [ -63.28003, -17.34842 ], [ -63.27973, -17.34888 ], [ -63.28067, -17.34942 ], [ -63.2807, -17.34942 ], [ -63.28099, -17.34896 ], [ -63.28003, -17.34842 ] ] ] } },
{ "type": "Feature", "properties": { "i": 619 }, "geometry": { "type": "Polygon", "coordinates": [ [ [ -63.23195, -17.35799 ], [ -63.23222, -17.35757 ], [ -63.2322, -17.35752 ], [ -63.23147, -17.35711 ], [ -63.23118, -17.35759 ], [ -63.23191, -17.35799 ], [ -63.23195, -17.35799 ] ] ] } },
{ "type": "Feature", "properties": { "i": 620 }, "geometry": { "type": "Polygon", "coordinates": [ [ [ -63.21663, -17.36007 ], [ -63.21632, -17.36053 ], [ -63.2163, -17.36055 ], [ -63.21621, -17.36052 ], [ -63.21625, -17.35981 ], [ -63.21663, -17.36003 ], [ -63.21663, -17.36007 ] ] ] } },
{ "type": "Feature", "properties": { "i": 621 }, "geometry": { "type": "Polygon", "coordinates": [ [ [ -63.28009, -17.34834 ], [ -63.28105, -17.34886 ], [ -63.2812, -17.34857 ], [ -63.28059, -17.3484 ], [ -63.28009, -17.34832 ], [ -63.28009, -17.34834 ] ] ] } },
{ "type": "Feature", "properties": { "i": 622 }, "geometry": { "type": "Polygon", "coordinates": [ [ [ -63.2673, -17.35233 ], [ -63.26841, -17.35066 ], [ -63.26839, -17.35062 ], [ -63.26788, -17.35034 ], [ -63.26783, -17.35036 ], [ -63.26716, -17.35139 ], [ -63.26683, -17.35146 ], [ -63.26726, -17.35234 ], [ -63.2673, -17.35233 ] ] ] } },
{ "type": "Feature", "properties": { "i": 623 }, "geometry": { "type": "Polygon", "coordinates": [ [ [ -63.25442, -17.35338 ], [ -63.2544, -17.35333 ], [ -63.25368, -17.35291 ], [ -63.25363, -17.35293 ], [ -63.25357, -17.35301 ], [ -63.25316, -17.35363 ], [ -63.25316, -17.35367 ], [ -63.25318, -17.3537 ], [ -63.25389, -17.35411 ], [ -63.25396, -17.35409 ], [ -63.25442, -17.35338 ] ] ] } },
{ "type": "Feature", "properties": { "i": 624 }, "geometry": { "type": "Polygon", "coordinates": [ [ [ -63.24509, -17.35476 ], [ -63.24454, -17.3544 ], [ -63.2445, -17.3544 ], [ -63.24374, -17.35559 ], [ -63.24374, -17.35563 ], [ -63.24394, -17.35576 ], [ -63.24404, -17.35575 ], [ -63.2451, -17.35479 ], [ -63.24509, -17.35476 ] ] ] } },
{ "type": "Feature", "properties": { "i": 625 }, "geometry": { "type": "Polygon", "coordinates": [ [ [ -63.24815, -17.35519 ], [ -63.24872, -17.3543 ], [ -63.24871, -17.35427 ], [ -63.24803, -17.35385 ], [ -63.24799, -17.35387 ], [ -63.24743, -17.35474 ], [ -63.24743, -17.35479 ], [ -63.24811, -17.35521 ], [ -63.24815, -17.35519 ] ] ] } },
{ "type": "Feature", "properties": { "i": 626 }, "geometry": { "type": "Polygon", "coordinates": [ [ [ -63.27646, -17.34872 ], [ -63.27627, -17.34924 ], [ -63.27751, -17.34994 ], [ -63.27779, -17.34947 ], [ -63.27646, -17.34872 ] ] ] } },
{ "type": "Feature", "properties": { "i": 627 }, "geometry": { "type": "Polygon", "coordinates": [ [ [ -63.24116, -17.35621 ], [ -63.24165, -17.35541 ], [ -63.24121, -17.35515 ], [ -63.24116, -17.35515 ], [ -63.24067, -17.35594 ], [ -63.24067, -17.35597 ], [ -63.24112, -17.35622 ], [ -63.24116, -17.35621 ] ] ] } },
{ "type": "Feature", "properties": { "i": 628 }, "geometry": { "type": "Polygon", "coordinates": [ [ [ -63.25585, -17.35301 ], [ -63.25511, -17.35258 ], [ -63.25508, -17.35258 ], [ -63.25463, -17.35329 ], [ -63.25464, -17.35333 ], [ -63.25537, -17.35376 ], [ -63.25542, -17.35375 ], [ -63.25586, -17.35306 ], [ -63.25585, -17.35301 ] ] ] } },
{ "type": "Feature", "properties": { "i": 629 }, "geometry": { "type": "Polygon", "coordinates": [ [ [ -63.2329, -17.35781 ], [ -63.23356, -17.35675 ], [ -63.23354, -17.35671 ], [ -63.23308, -17.35646 ], [ -63.2324, -17.35752 ], [ -63.2329, -17.35781 ] ] ] } },
{ "type": "Feature", "properties": { "i": 630 }, "geometry": { "type": "Polygon", "coordinates": [ [ [ -63.27832, -17.34889 ], [ -63.27925, -17.34939 ], [ -63.2793, -17.34938 ], [ -63.27957, -17.34894 ], [ -63.27859, -17.34839 ], [ -63.27831, -17.34885 ], [ -63.27832, -17.34889 ] ] ] } },
{ "type": "Feature", "properties": { "i": 631 }, "geometry": { "type": "Polygon", "coordinates": [ [ [ -63.23737, -17.35612 ], [ -63.23842, -17.35672 ], [ -63.23845, -17.35672 ], [ -63.23872, -17.35628 ], [ -63.23871, -17.35625 ], [ -63.23767, -17.35564 ], [ -63.23763, -17.35564 ], [ -63.23737, -17.35609 ], [ -63.23737, -17.35612 ] ] ] } },
{ "type": "Feature", "properties": { "i": 632 }, "geometry": { "type": "Polygon", "coordinates": [ [ [ -63.24693, -17.35524 ], [ -63.24697, -17.35524 ], [ -63.24721, -17.35486 ], [ -63.24721, -17.35483 ], [ -63.24609, -17.35415 ], [ -63.24603, -17.35416 ], [ -63.24569, -17.35446 ], [ -63.2457, -17.35452 ], [ -63.24693, -17.35524 ] ] ] } },
{ "type": "Feature", "properties": { "i": 633 }, "geometry": { "type": "Polygon", "coordinates": [ [ [ -63.23991, -17.35564 ], [ -63.23945, -17.35537 ], [ -63.23942, -17.35538 ], [ -63.23891, -17.35622 ], [ -63.23935, -17.35647 ], [ -63.23941, -17.35646 ], [ -63.23991, -17.35564 ] ] ] } },
{ "type": "Feature", "properties": { "i": 634 }, "geometry": { "type": "Polygon", "coordinates": [ [ [ -63.25732, -17.35271 ], [ -63.25731, -17.35267 ], [ -63.25659, -17.35224 ], [ -63.25654, -17.35226 ], [ -63.25633, -17.35257 ], [ -63.25608, -17.35295 ], [ -63.25609, -17.353 ], [ -63.25683, -17.35343 ], [ -63.25686, -17.35343 ], [ -63.25732, -17.35271 ] ] ] } },
{ "type": "Feature", "properties": { "i": 635 }, "geometry": { "type": "Polygon", "coordinates": [ [ [ -63.25876, -17.35238 ], [ -63.25876, -17.35234 ], [ -63.25802, -17.35192 ], [ -63.25798, -17.35193 ], [ -63.25755, -17.3526 ], [ -63.25757, -17.35266 ], [ -63.25828, -17.35308 ], [ -63.25834, -17.35306 ], [ -63.25876, -17.35238 ] ] ] } },
{ "type": "Feature", "properties": { "i": 636 }, "geometry": { "type": "Polygon", "coordinates": [ [ [ -63.23492, -17.35604 ], [ -63.23428, -17.35706 ], [ -63.23478, -17.35735 ], [ -63.23547, -17.35628 ], [ -63.23501, -17.35601 ], [ -63.23492, -17.35604 ] ] ] } },
{ "type": "Feature", "properties": { "i": 637 }, "geometry": { "type": "Polygon", "coordinates": [ [ [ -63.21913, -17.3599 ], [ -63.21912, -17.35984 ], [ -63.2175, -17.35889 ], [ -63.21716, -17.35942 ], [ -63.21883, -17.3604 ], [ -63.21913, -17.3599 ] ] ] } },
{ "type": "Feature", "properties": { "i": 638 }, "geometry": { "type": "Polygon", "coordinates": [ [ [ -63.27842, -17.34823 ], [ -63.27653, -17.34805 ], [ -63.27639, -17.34859 ], [ -63.27784, -17.34938 ], [ -63.27848, -17.34833 ], [ -63.27847, -17.34827 ], [ -63.27842, -17.34823 ] ] ] } },
{ "type": "Feature", "properties": { "i": 639 }, "geometry": { "type": "Polygon", "coordinates": [ [ [ -63.26021, -17.35205 ], [ -63.2602, -17.35202 ], [ -63.25946, -17.35158 ], [ -63.25943, -17.35159 ], [ -63.25898, -17.35229 ], [ -63.259, -17.35233 ], [ -63.25975, -17.35277 ], [ -63.25978, -17.35276 ], [ -63.26021, -17.35205 ] ] ] } },
{ "type": "Feature", "properties": { "i": 640 }, "geometry": { "type": "Polygon", "coordinates": [ [ [ -63.25187, -17.3534 ], [ -63.25123, -17.35303 ], [ -63.25115, -17.35304 ], [ -63.2507, -17.35378 ], [ -63.25072, -17.35385 ], [ -63.2514, -17.35425 ], [ -63.25144, -17.35424 ], [ -63.2519, -17.35345 ], [ -63.25187, -17.3534 ] ] ] } },
{ "type": "Feature", "properties": { "i": 641 }, "geometry": { "type": "Polygon", "coordinates": [ [ [ -63.23699, -17.35635 ], [ -63.23589, -17.35573 ], [ -63.23556, -17.35626 ], [ -63.23666, -17.35689 ], [ -63.23671, -17.35688 ], [ -63.23701, -17.35642 ], [ -63.23699, -17.35635 ] ] ] } },
{ "type": "Feature", "properties": { "i": 642 }, "geometry": { "type": "Polygon", "coordinates": [ [ [ -63.27992, -17.3483 ], [ -63.27864, -17.3482 ], [ -63.27862, -17.34825 ], [ -63.27961, -17.34882 ], [ -63.27994, -17.34833 ], [ -63.27992, -17.3483 ] ] ] } },
{ "type": "Feature", "properties": { "i": 643 }, "geometry": { "type": "Polygon", "coordinates": [ [ [ -63.22743, -17.35839 ], [ -63.22781, -17.35778 ], [ -63.22781, -17.35774 ], [ -63.22715, -17.35734 ], [ -63.22682, -17.35783 ], [ -63.2268, -17.35796 ], [ -63.22682, -17.35803 ], [ -63.22687, -17.35808 ], [ -63.22743, -17.35839 ] ] ] } },
{ "type": "Feature", "properties": { "i": 644 }, "geometry": { "type": "Polygon", "coordinates": [ [ [ -63.26165, -17.35169 ], [ -63.26165, -17.35166 ], [ -63.2609, -17.35125 ], [ -63.26087, -17.35127 ], [ -63.26042, -17.35199 ], [ -63.26119, -17.35243 ], [ -63.26165, -17.35169 ] ] ] } },
{ "type": "Feature", "properties": { "i": 645 }, "geometry": { "type": "Polygon", "coordinates": [ [ [ -63.22193, -17.35872 ], [ -63.22211, -17.35841 ], [ -63.22212, -17.35836 ], [ -63.2221, -17.35832 ], [ -63.22162, -17.35804 ], [ -63.22094, -17.3591 ], [ -63.22147, -17.35941 ], [ -63.22193, -17.35872 ] ] ] } },
{ "type": "Feature", "properties": { "i": 646 }, "geometry": { "type": "Polygon", "coordinates": [ [ [ -63.23261, -17.35695 ], [ -63.23185, -17.35651 ], [ -63.23158, -17.35699 ], [ -63.2316, -17.35704 ], [ -63.2323, -17.35743 ], [ -63.23261, -17.35695 ] ] ] } },
{ "type": "Feature", "properties": { "i": 647 }, "geometry": { "type": "Polygon", "coordinates": [ [ [ -63.26913, -17.35091 ], [ -63.26916, -17.35091 ], [ -63.26963, -17.35014 ], [ -63.26908, -17.34982 ], [ -63.26862, -17.35055 ], [ -63.26863, -17.35062 ], [ -63.26913, -17.35091 ] ] ] } },
{ "type": "Feature", "properties": { "i": 648 }, "geometry": { "type": "Polygon", "coordinates": [ [ [ -63.22269, -17.35783 ], [ -63.22261, -17.35783 ], [ -63.22231, -17.35831 ], [ -63.22391, -17.35927 ], [ -63.22402, -17.35929 ], [ -63.22428, -17.35881 ], [ -63.22428, -17.35877 ], [ -63.22269, -17.35783 ] ] ] } },
{ "type": "Feature", "properties": { "i": 649 }, "geometry": { "type": "Polygon", "coordinates": [ [ [ -63.26262, -17.35208 ], [ -63.26268, -17.35207 ], [ -63.2631, -17.35138 ], [ -63.2631, -17.35134 ], [ -63.26244, -17.35096 ], [ -63.26239, -17.35097 ], [ -63.26195, -17.35166 ], [ -63.26196, -17.3517 ], [ -63.26262, -17.35208 ] ] ] } },
{ "type": "Feature", "properties": { "i": 650 }, "geometry": { "type": "Polygon", "coordinates": [ [ [ -63.26503, -17.35079 ], [ -63.26493, -17.35073 ], [ -63.26491, -17.35076 ], [ -63.26481, -17.35071 ], [ -63.26467, -17.35093 ], [ -63.26502, -17.35114 ], [ -63.26567, -17.35147 ], [ -63.26593, -17.35104 ], [ -63.26588, -17.35096 ], [ -63.26498, -17.35046 ], [ -63.26489, -17.3506 ], [ -63.26508, -17.35071 ], [ -63.26503, -17.35079 ] ] ] } },
{ "type": "Feature", "properties": { "i": 651 }, "geometry": { "type": "Polygon", "coordinates": [ [ [ -63.24386, -17.35398 ], [ -63.24313, -17.35516 ], [ -63.24316, -17.35526 ], [ -63.24321, -17.35532 ], [ -63.24361, -17.35554 ], [ -63.24364, -17.35554 ], [ -63.24441, -17.35435 ], [ -63.2444, -17.3543 ], [ -63.24391, -17.35397 ], [ -63.24386, -17.35398 ] ] ] } },
{ "type": "Feature", "properties": { "i": 652 }, "geometry": { "type": "Polygon", "coordinates": [ [ [ -63.24044, -17.35609 ], [ -63.24105, -17.3551 ], [ -63.24104, -17.35505 ], [ -63.24058, -17.35479 ], [ -63.23994, -17.35582 ], [ -63.24044, -17.35609 ] ] ] } },
{ "type": "Feature", "properties": { "i": 653 }, "geometry": { "type": "Polygon", "coordinates": [ [ [ -63.21668, -17.35997 ], [ -63.21703, -17.35944 ], [ -63.21702, -17.35941 ], [ -63.21631, -17.359 ], [ -63.21626, -17.35974 ], [ -63.21664, -17.35997 ], [ -63.21668, -17.35997 ] ] ] } },
{ "type": "Feature", "properties": { "i": 654 }, "geometry": { "type": "Polygon", "coordinates": [ [ [ -63.24754, -17.35432 ], [ -63.24753, -17.35429 ], [ -63.24655, -17.35372 ], [ -63.24652, -17.35372 ], [ -63.24617, -17.35404 ], [ -63.24618, -17.35408 ], [ -63.24725, -17.35473 ], [ -63.24729, -17.35471 ], [ -63.24754, -17.35432 ] ] ] } },
{ "type": "Feature", "properties": { "i": 655 }, "geometry": { "type": "Polygon", "coordinates": [ [ [ -63.26714, -17.35122 ], [ -63.26773, -17.35028 ], [ -63.26772, -17.35023 ], [ -63.26722, -17.34993 ], [ -63.26718, -17.34993 ], [ -63.26704, -17.35018 ], [ -63.26655, -17.35093 ], [ -63.26677, -17.35132 ], [ -63.26681, -17.35134 ], [ -63.26714, -17.35122 ] ] ] } },
{ "type": "Feature", "properties": { "i": 656 }, "geometry": { "type": "Polygon", "coordinates": [ [ [ -63.25039, -17.35257 ], [ -63.25033, -17.35259 ], [ -63.24939, -17.35406 ], [ -63.2494, -17.3541 ], [ -63.25008, -17.3545 ], [ -63.25013, -17.35448 ], [ -63.25101, -17.353 ], [ -63.251, -17.35294 ], [ -63.25039, -17.35257 ] ] ] } },
{ "type": "Feature", "properties": { "i": 657 }, "geometry": { "type": "Polygon", "coordinates": [ [ [ -63.21992, -17.35866 ], [ -63.2194, -17.35834 ], [ -63.2187, -17.35942 ], [ -63.2187, -17.35947 ], [ -63.21918, -17.35975 ], [ -63.21923, -17.35975 ], [ -63.21992, -17.35866 ] ] ] } },
{ "type": "Feature", "properties": { "i": 658 }, "geometry": { "type": "Polygon", "coordinates": [ [ [ -63.26421, -17.35087 ], [ -63.26376, -17.35063 ], [ -63.26372, -17.35064 ], [ -63.26332, -17.35132 ], [ -63.26377, -17.35157 ], [ -63.26421, -17.35087 ] ] ] } },
{ "type": "Feature", "properties": { "i": 659 }, "geometry": { "type": "Polygon", "coordinates": [ [ [ -63.23421, -17.357 ], [ -63.23488, -17.35594 ], [ -63.23435, -17.35564 ], [ -63.23368, -17.35671 ], [ -63.23415, -17.35699 ], [ -63.23421, -17.357 ] ] ] } },
{ "type": "Feature", "properties": { "i": 660 }, "geometry": { "type": "Polygon", "coordinates": [ [ [ -63.25306, -17.35356 ], [ -63.25352, -17.35285 ], [ -63.25352, -17.35282 ], [ -63.2528, -17.3524 ], [ -63.25273, -17.35241 ], [ -63.25229, -17.35312 ], [ -63.25229, -17.35315 ], [ -63.253, -17.35357 ], [ -63.25306, -17.35356 ] ] ] } },
{ "type": "Feature", "properties": { "i": 661 }, "geometry": { "type": "Polygon", "coordinates": [ [ [ -63.26924, -17.35112 ], [ -63.2701, -17.3514 ], [ -63.27155, -17.34883 ], [ -63.27089, -17.3485 ], [ -63.26924, -17.35112 ] ] ] } },
{ "type": "Feature", "properties": { "i": 662 }, "geometry": { "type": "Polygon", "coordinates": [ [ [ -63.25451, -17.35323 ], [ -63.25497, -17.35252 ], [ -63.25497, -17.35249 ], [ -63.2542, -17.35204 ], [ -63.25373, -17.35278 ], [ -63.25448, -17.35324 ], [ -63.25451, -17.35323 ] ] ] } },
{ "type": "Feature", "properties": { "i": 663 }, "geometry": { "type": "Polygon", "coordinates": [ [ [ -63.29071, -17.3438 ], [ -63.28893, -17.34226 ], [ -63.28883, -17.34222 ], [ -63.28868, -17.34227 ], [ -63.2883, -17.34288 ], [ -63.28689, -17.34419 ], [ -63.28346, -17.34718 ], [ -63.28482, -17.34757 ], [ -63.28473, -17.34783 ], [ -63.28676, -17.3482 ], [ -63.28625, -17.34968 ], [ -63.28758, -17.3499 ], [ -63.29113, -17.3503 ], [ -63.2914, -17.34881 ], [ -63.29235, -17.3441 ], [ -63.29232, -17.34405 ], [ -63.29071, -17.3438 ] ] ] } },
{ "type": "Feature", "properties": { "i": 664 }, "geometry": { "type": "Polygon", "coordinates": [ [ [ -63.27397, -17.34797 ], [ -63.2739, -17.34785 ], [ -63.27238, -17.34773 ], [ -63.27121, -17.34974 ], [ -63.27122, -17.34979 ], [ -63.27143, -17.34995 ], [ -63.2719, -17.35022 ], [ -63.27219, -17.3505 ], [ -63.27265, -17.35067 ], [ -63.27272, -17.35065 ], [ -63.27323, -17.34997 ], [ -63.27335, -17.34989 ], [ -63.27356, -17.34981 ], [ -63.27379, -17.34969 ], [ -63.27391, -17.34949 ], [ -63.27396, -17.34945 ], [ -63.27417, -17.3494 ], [ -63.27447, -17.34929 ], [ -63.27449, -17.34926 ], [ -63.27452, -17.34913 ], [ -63.27454, -17.34884 ], [ -63.27464, -17.34862 ], [ -63.27465, -17.34854 ], [ -63.27458, -17.34848 ], [ -63.27412, -17.34839 ], [ -63.27401, -17.34835 ], [ -63.27395, -17.34827 ], [ -63.27397, -17.34808 ], [ -63.27379, -17.34804 ], [ -63.27374, -17.34804 ], [ -63.27357, -17.34822 ], [ -63.27329, -17.34858 ], [ -63.27313, -17.3486 ], [ -63.27294, -17.34868 ], [ -63.27276, -17.34882 ], [ -63.27273, -17.34895 ], [ -63.27266, -17.34899 ], [ -63.27265, -17.34896 ], [ -63.27277, -17.34875 ], [ -63.273, -17.34861 ], [ -63.27325, -17.34854 ], [ -63.27352, -17.34822 ], [ -63.27373, -17.34802 ], [ -63.27378, -17.348 ], [ -63.27396, -17.34805 ], [ -63.27397, -17.34797 ] ] ] } },
{ "type": "Feature", "properties": { "i": 665 }, "geometry": { "type": "Polygon", "coordinates": [ [ [ -63.25642, -17.35218 ], [ -63.25642, -17.35214 ], [ -63.25569, -17.35171 ], [ -63.25565, -17.35172 ], [ -63.25517, -17.35246 ], [ -63.25592, -17.3529 ], [ -63.25597, -17.35289 ], [ -63.25642, -17.35218 ] ] ] } },
{ "type": "Feature", "properties": { "i": 666 }, "geometry": { "type": "Polygon", "coordinates": [ [ [ -63.23268, -17.35691 ], [ -63.23296, -17.35647 ], [ -63.23296, -17.3564 ], [ -63.23292, -17.35636 ], [ -63.23219, -17.35595 ], [ -63.23212, -17.35596 ], [ -63.23185, -17.35641 ], [ -63.23268, -17.35691 ] ] ] } },
{ "type": "Feature", "properties": { "i": 667 }, "geometry": { "type": "Polygon", "coordinates": [ [ [ -63.26793, -17.35021 ], [ -63.26848, -17.35053 ], [ -63.26897, -17.34978 ], [ -63.26845, -17.34945 ], [ -63.2684, -17.34945 ], [ -63.26793, -17.35021 ] ] ] } },
{ "type": "Feature", "properties": { "i": 668 }, "geometry": { "type": "Polygon", "coordinates": [ [ [ -63.22435, -17.35867 ], [ -63.22466, -17.35815 ], [ -63.22306, -17.35719 ], [ -63.22274, -17.35768 ], [ -63.22274, -17.35772 ], [ -63.22435, -17.35867 ] ] ] } },
{ "type": "Feature", "properties": { "i": 669 }, "geometry": { "type": "Polygon", "coordinates": [ [ [ -63.24891, -17.3533 ], [ -63.24891, -17.35327 ], [ -63.24854, -17.35306 ], [ -63.24851, -17.35306 ], [ -63.24812, -17.35367 ], [ -63.24812, -17.3537 ], [ -63.2485, -17.35392 ], [ -63.24891, -17.3533 ] ] ] } },
{ "type": "Feature", "properties": { "i": 670 }, "geometry": { "type": "Polygon", "coordinates": [ [ [ -63.25787, -17.35185 ], [ -63.25786, -17.35181 ], [ -63.2571, -17.35138 ], [ -63.25662, -17.35213 ], [ -63.25737, -17.35257 ], [ -63.25741, -17.35256 ], [ -63.25787, -17.35185 ] ] ] } },
{ "type": "Feature", "properties": { "i": 671 }, "geometry": { "type": "Polygon", "coordinates": [ [ [ -63.25925, -17.3516 ], [ -63.25925, -17.35151 ], [ -63.25921, -17.35145 ], [ -63.25856, -17.35106 ], [ -63.25852, -17.35108 ], [ -63.25808, -17.35174 ], [ -63.2581, -17.35181 ], [ -63.25884, -17.35224 ], [ -63.25887, -17.35223 ], [ -63.25925, -17.3516 ] ] ] } },
{ "type": "Feature", "properties": { "i": 672 }, "geometry": { "type": "Polygon", "coordinates": [ [ [ -63.24093, -17.35424 ], [ -63.24067, -17.35466 ], [ -63.24067, -17.35469 ], [ -63.24169, -17.3553 ], [ -63.24173, -17.35529 ], [ -63.24199, -17.35487 ], [ -63.24198, -17.35483 ], [ -63.24093, -17.35424 ] ] ] } },
{ "type": "Feature", "properties": { "i": 673 }, "geometry": { "type": "Polygon", "coordinates": [ [ [ -63.2476, -17.35418 ], [ -63.24765, -17.35417 ], [ -63.24789, -17.35377 ], [ -63.24704, -17.35327 ], [ -63.24665, -17.35359 ], [ -63.24665, -17.35362 ], [ -63.2476, -17.35418 ] ] ] } },
{ "type": "Feature", "properties": { "i": 674 }, "geometry": { "type": "Polygon", "coordinates": [ [ [ -63.23989, -17.35436 ], [ -63.23943, -17.3541 ], [ -63.23941, -17.35411 ], [ -63.23833, -17.35586 ], [ -63.23833, -17.35589 ], [ -63.23877, -17.35614 ], [ -63.23881, -17.35613 ], [ -63.2399, -17.35439 ], [ -63.23989, -17.35436 ] ] ] } },
{ "type": "Feature", "properties": { "i": 675 }, "geometry": { "type": "Polygon", "coordinates": [ [ [ -63.24047, -17.35474 ], [ -63.24046, -17.3547 ], [ -63.24002, -17.35445 ], [ -63.23999, -17.35446 ], [ -63.23948, -17.35531 ], [ -63.23994, -17.35558 ], [ -63.23996, -17.35557 ], [ -63.24047, -17.35474 ] ] ] } },
{ "type": "Feature", "properties": { "i": 676 }, "geometry": { "type": "Polygon", "coordinates": [ [ [ -63.23872, -17.35497 ], [ -63.23823, -17.35471 ], [ -63.23774, -17.35552 ], [ -63.23774, -17.35555 ], [ -63.23818, -17.35579 ], [ -63.23823, -17.35579 ], [ -63.23872, -17.35497 ] ] ] } },
{ "type": "Feature", "properties": { "i": 677 }, "geometry": { "type": "Polygon", "coordinates": [ [ [ -63.21889, -17.35885 ], [ -63.21788, -17.35824 ], [ -63.21754, -17.35875 ], [ -63.21755, -17.35882 ], [ -63.21857, -17.35941 ], [ -63.2189, -17.3589 ], [ -63.21889, -17.35885 ] ] ] } },
{ "type": "Feature", "properties": { "i": 678 }, "geometry": { "type": "Polygon", "coordinates": [ [ [ -63.26075, -17.3512 ], [ -63.26074, -17.35114 ], [ -63.26, -17.35072 ], [ -63.25951, -17.35145 ], [ -63.26012, -17.35183 ], [ -63.26031, -17.35192 ], [ -63.26075, -17.3512 ] ] ] } },
{ "type": "Feature", "properties": { "i": 679 }, "geometry": { "type": "Polygon", "coordinates": [ [ [ -63.23614, -17.35541 ], [ -63.23716, -17.35599 ], [ -63.23721, -17.35599 ], [ -63.23747, -17.35556 ], [ -63.23642, -17.35493 ], [ -63.23613, -17.35537 ], [ -63.23614, -17.35541 ] ] ] } },
{ "type": "Feature", "properties": { "i": 680 }, "geometry": { "type": "Polygon", "coordinates": [ [ [ -63.23362, -17.35665 ], [ -63.23427, -17.35564 ], [ -63.23427, -17.3556 ], [ -63.23377, -17.3553 ], [ -63.23308, -17.35636 ], [ -63.23356, -17.35665 ], [ -63.23362, -17.35665 ] ] ] } },
{ "type": "Feature", "properties": { "i": 681 }, "geometry": { "type": "Polygon", "coordinates": [ [ [ -63.22691, -17.35725 ], [ -63.22618, -17.35681 ], [ -63.22582, -17.35745 ], [ -63.22651, -17.35786 ], [ -63.22691, -17.35725 ] ] ] } },
{ "type": "Feature", "properties": { "i": 682 }, "geometry": { "type": "Polygon", "coordinates": [ [ [ -63.26176, -17.35156 ], [ -63.2622, -17.35087 ], [ -63.26219, -17.35082 ], [ -63.26148, -17.35039 ], [ -63.26143, -17.3504 ], [ -63.26098, -17.35108 ], [ -63.26099, -17.35113 ], [ -63.26172, -17.35156 ], [ -63.26176, -17.35156 ] ] ] } },
{ "type": "Feature", "properties": { "i": 683 }, "geometry": { "type": "Polygon", "coordinates": [ [ [ -63.26604, -17.35035 ], [ -63.26645, -17.35081 ], [ -63.26649, -17.3508 ], [ -63.26707, -17.34989 ], [ -63.26705, -17.34984 ], [ -63.26656, -17.34954 ], [ -63.26651, -17.34955 ], [ -63.26603, -17.3503 ], [ -63.26604, -17.35035 ] ] ] } },
{ "type": "Feature", "properties": { "i": 684 }, "geometry": { "type": "Polygon", "coordinates": [ [ [ -63.26359, -17.35059 ], [ -63.26358, -17.35055 ], [ -63.26294, -17.35021 ], [ -63.26287, -17.35023 ], [ -63.26249, -17.35081 ], [ -63.26249, -17.35086 ], [ -63.26316, -17.35123 ], [ -63.26321, -17.35121 ], [ -63.26359, -17.35059 ] ] ] } },
{ "type": "Feature", "properties": { "i": 685 }, "geometry": { "type": "Polygon", "coordinates": [ [ [ -63.2697, -17.35004 ], [ -63.26973, -17.35003 ], [ -63.27019, -17.34927 ], [ -63.26964, -17.34896 ], [ -63.26915, -17.34972 ], [ -63.2697, -17.35004 ] ] ] } },
{ "type": "Feature", "properties": { "i": 686 }, "geometry": { "type": "Polygon", "coordinates": [ [ [ -63.30008, -17.34248 ], [ -63.299, -17.34239 ], [ -63.29837, -17.34608 ], [ -63.29947, -17.34618 ], [ -63.30008, -17.34248 ] ] ] } },
{ "type": "Feature", "properties": { "i": 687 }, "geometry": { "type": "Polygon", "coordinates": [ [ [ -63.2347, -17.35507 ], [ -63.2344, -17.35552 ], [ -63.23441, -17.3556 ], [ -63.23552, -17.35623 ], [ -63.23583, -17.35577 ], [ -63.23581, -17.3557 ], [ -63.2347, -17.35507 ] ] ] } },
{ "type": "Feature", "properties": { "i": 688 }, "geometry": { "type": "Polygon", "coordinates": [ [ [ -63.24285, -17.35487 ], [ -63.24354, -17.35378 ], [ -63.24353, -17.35374 ], [ -63.24295, -17.3534 ], [ -63.24289, -17.35342 ], [ -63.24212, -17.35465 ], [ -63.24212, -17.35468 ], [ -63.24264, -17.35496 ], [ -63.24277, -17.35494 ], [ -63.24285, -17.35487 ] ] ] } },
{ "type": "Feature", "properties": { "i": 689 }, "geometry": { "type": "Polygon", "coordinates": [ [ [ -63.24901, -17.35322 ], [ -63.24858, -17.35392 ], [ -63.24859, -17.35398 ], [ -63.24876, -17.35408 ], [ -63.24884, -17.35407 ], [ -63.2495, -17.35301 ], [ -63.2495, -17.35298 ], [ -63.24821, -17.3522 ], [ -63.24818, -17.3522 ], [ -63.24784, -17.35251 ], [ -63.24785, -17.35256 ], [ -63.24901, -17.35322 ] ] ] } },
{ "type": "Feature", "properties": { "i": 690 }, "geometry": { "type": "Polygon", "coordinates": [ [ [ -63.24657, -17.35305 ], [ -63.24611, -17.35376 ], [ -63.24619, -17.35385 ], [ -63.24689, -17.35323 ], [ -63.24689, -17.35318 ], [ -63.24662, -17.35303 ], [ -63.24657, -17.35305 ] ] ] } },
{ "type": "Feature", "properties": { "i": 691 }, "geometry": { "type": "Polygon", "coordinates": [ [ [ -63.21742, -17.35882 ], [ -63.21724, -17.35869 ], [ -63.21635, -17.35816 ], [ -63.21632, -17.35892 ], [ -63.21707, -17.35936 ], [ -63.21742, -17.35882 ] ] ] } },
{ "type": "Feature", "properties": { "i": 692 }, "geometry": { "type": "Polygon", "coordinates": [ [ [ -63.25137, -17.35259 ], [ -63.25216, -17.35305 ], [ -63.25218, -17.35303 ], [ -63.25261, -17.35231 ], [ -63.2526, -17.35228 ], [ -63.25186, -17.35186 ], [ -63.25137, -17.35259 ] ] ] } },
{ "type": "Feature", "properties": { "i": 693 }, "geometry": { "type": "Polygon", "coordinates": [ [ [ -63.225, -17.35754 ], [ -63.225, -17.3575 ], [ -63.2235, -17.3566 ], [ -63.22343, -17.3566 ], [ -63.22312, -17.3571 ], [ -63.22468, -17.35803 ], [ -63.22474, -17.35801 ], [ -63.225, -17.35754 ] ] ] } },
{ "type": "Feature", "properties": { "i": 694 }, "geometry": { "type": "Polygon", "coordinates": [ [ [ -63.23707, -17.35518 ], [ -63.23751, -17.35543 ], [ -63.23756, -17.35541 ], [ -63.23805, -17.35463 ], [ -63.23803, -17.35458 ], [ -63.2376, -17.35434 ], [ -63.23756, -17.35435 ], [ -63.23707, -17.35515 ], [ -63.23707, -17.35518 ] ] ] } },
{ "type": "Feature", "properties": { "i": 695 }, "geometry": { "type": "Polygon", "coordinates": [ [ [ -63.26725, -17.34983 ], [ -63.26778, -17.35013 ], [ -63.26783, -17.35013 ], [ -63.26829, -17.34936 ], [ -63.26776, -17.34904 ], [ -63.26725, -17.34983 ] ] ] } },
{ "type": "Feature", "properties": { "i": 696 }, "geometry": { "type": "Polygon", "coordinates": [ [ [ -63.24506, -17.35329 ], [ -63.24462, -17.35394 ], [ -63.24455, -17.35389 ], [ -63.24498, -17.35325 ], [ -63.24497, -17.35319 ], [ -63.24457, -17.35293 ], [ -63.24454, -17.35294 ], [ -63.24396, -17.35383 ], [ -63.24396, -17.35387 ], [ -63.24518, -17.35471 ], [ -63.24522, -17.35471 ], [ -63.24608, -17.35396 ], [ -63.24608, -17.35392 ], [ -63.24512, -17.35328 ], [ -63.24506, -17.35329 ] ] ] } },
{ "type": "Feature", "properties": { "i": 697 }, "geometry": { "type": "Polygon", "coordinates": [ [ [ -63.24769, -17.35264 ], [ -63.24718, -17.35313 ], [ -63.24718, -17.35315 ], [ -63.24734, -17.35327 ], [ -63.24736, -17.35326 ], [ -63.24796, -17.35362 ], [ -63.248, -17.35362 ], [ -63.24838, -17.35303 ], [ -63.24836, -17.35297 ], [ -63.24775, -17.35263 ], [ -63.24769, -17.35264 ] ] ] } },
{ "type": "Feature", "properties": { "i": 698 }, "geometry": { "type": "Polygon", "coordinates": [ [ [ -63.23302, -17.35635 ], [ -63.2337, -17.35526 ], [ -63.23333, -17.35505 ], [ -63.23265, -17.3561 ], [ -63.23267, -17.35615 ], [ -63.23302, -17.35635 ] ] ] } },
{ "type": "Feature", "properties": { "i": 699 }, "geometry": { "type": "Polygon", "coordinates": [ [ [ -63.25552, -17.35163 ], [ -63.25474, -17.3512 ], [ -63.25429, -17.3519 ], [ -63.2543, -17.35194 ], [ -63.25502, -17.35237 ], [ -63.25507, -17.35236 ], [ -63.25552, -17.35163 ] ] ] } },
{ "type": "Feature", "properties": { "i": 700 }, "geometry": { "type": "Polygon", "coordinates": [ [ [ -63.21928, -17.35827 ], [ -63.21824, -17.35769 ], [ -63.2182, -17.35772 ], [ -63.21791, -17.35817 ], [ -63.21897, -17.35876 ], [ -63.21928, -17.35827 ] ] ] } },
{ "type": "Feature", "properties": { "i": 701 }, "geometry": { "type": "Polygon", "coordinates": [ [ [ -63.25654, -17.35199 ], [ -63.25698, -17.35132 ], [ -63.25619, -17.35086 ], [ -63.25574, -17.35156 ], [ -63.25575, -17.3516 ], [ -63.25646, -17.35202 ], [ -63.25654, -17.35199 ] ] ] } },
{ "type": "Feature", "properties": { "i": 702 }, "geometry": { "type": "Polygon", "coordinates": [ [ [ -63.26597, -17.35016 ], [ -63.2664, -17.34949 ], [ -63.26639, -17.34943 ], [ -63.26585, -17.34913 ], [ -63.26554, -17.34963 ], [ -63.26559, -17.34983 ], [ -63.26574, -17.35 ], [ -63.26576, -17.34997 ], [ -63.26597, -17.35016 ] ] ] } },
{ "type": "Feature", "properties": { "i": 703 }, "geometry": { "type": "Polygon", "coordinates": [ [ [ -63.24007, -17.35434 ], [ -63.24053, -17.35461 ], [ -63.24056, -17.3546 ], [ -63.24082, -17.35418 ], [ -63.24081, -17.35414 ], [ -63.24035, -17.35388 ], [ -63.24007, -17.35434 ] ] ] } },
{ "type": "Feature", "properties": { "i": 704 }, "geometry": { "type": "Polygon", "coordinates": [ [ [ -63.22068, -17.35752 ], [ -63.22066, -17.35747 ], [ -63.22014, -17.35718 ], [ -63.21944, -17.35827 ], [ -63.21995, -17.35858 ], [ -63.22002, -17.35857 ], [ -63.22068, -17.35752 ] ] ] } },
{ "type": "Feature", "properties": { "i": 705 }, "geometry": { "type": "Polygon", "coordinates": [ [ [ -63.22255, -17.35775 ], [ -63.22125, -17.35698 ], [ -63.22123, -17.35698 ], [ -63.2209, -17.35749 ], [ -63.22218, -17.35824 ], [ -63.22225, -17.35821 ], [ -63.22255, -17.35775 ] ] ] } },
{ "type": "Feature", "properties": { "i": 706 }, "geometry": { "type": "Polygon", "coordinates": [ [ [ -63.2584, -17.351 ], [ -63.25839, -17.35094 ], [ -63.25766, -17.35052 ], [ -63.25763, -17.35053 ], [ -63.25718, -17.35124 ], [ -63.25719, -17.35127 ], [ -63.25792, -17.35169 ], [ -63.25796, -17.35168 ], [ -63.2584, -17.351 ] ] ] } },
{ "type": "Feature", "properties": { "i": 707 }, "geometry": { "type": "Polygon", "coordinates": [ [ [ -63.26952, -17.34891 ], [ -63.26952, -17.34887 ], [ -63.26899, -17.34855 ], [ -63.26849, -17.3493 ], [ -63.2685, -17.34933 ], [ -63.26906, -17.34963 ], [ -63.26952, -17.34891 ] ] ] } },
{ "type": "Feature", "properties": { "i": 708 }, "geometry": { "type": "Polygon", "coordinates": [ [ [ -63.23326, -17.35502 ], [ -63.23288, -17.3548 ], [ -63.2328, -17.35483 ], [ -63.23218, -17.35587 ], [ -63.23255, -17.35608 ], [ -63.23263, -17.35606 ], [ -63.23326, -17.35502 ] ] ] } },
{ "type": "Feature", "properties": { "i": 709 }, "geometry": { "type": "Polygon", "coordinates": [ [ [ -63.2594, -17.35138 ], [ -63.25987, -17.35064 ], [ -63.25909, -17.35018 ], [ -63.25863, -17.3509 ], [ -63.25863, -17.35093 ], [ -63.2594, -17.35138 ] ] ] } },
{ "type": "Feature", "properties": { "i": 710 }, "geometry": { "type": "Polygon", "coordinates": [ [ [ -63.24644, -17.35291 ], [ -63.24584, -17.35256 ], [ -63.24581, -17.35257 ], [ -63.24535, -17.35327 ], [ -63.24591, -17.35367 ], [ -63.24595, -17.35366 ], [ -63.24644, -17.35291 ] ] ] } },
{ "type": "Feature", "properties": { "i": 711 }, "geometry": { "type": "Polygon", "coordinates": [ [ [ -63.2613, -17.35028 ], [ -63.26059, -17.34987 ], [ -63.26055, -17.34988 ], [ -63.26009, -17.35056 ], [ -63.26011, -17.35061 ], [ -63.26085, -17.35104 ], [ -63.26131, -17.35033 ], [ -63.2613, -17.35028 ] ] ] } },
{ "type": "Feature", "properties": { "i": 712 }, "geometry": { "type": "Polygon", "coordinates": [ [ [ -63.26154, -17.35026 ], [ -63.26227, -17.3507 ], [ -63.26233, -17.35069 ], [ -63.26261, -17.35026 ], [ -63.26262, -17.35013 ], [ -63.26255, -17.35001 ], [ -63.26193, -17.34969 ], [ -63.26187, -17.34971 ], [ -63.26153, -17.35023 ], [ -63.26154, -17.35026 ] ] ] } },
{ "type": "Feature", "properties": { "i": 713 }, "geometry": { "type": "Polygon", "coordinates": [ [ [ -63.23878, -17.35488 ], [ -63.23929, -17.35405 ], [ -63.23929, -17.35401 ], [ -63.23883, -17.35375 ], [ -63.2383, -17.3546 ], [ -63.23831, -17.35465 ], [ -63.23872, -17.35488 ], [ -63.23878, -17.35488 ] ] ] } },
{ "type": "Feature", "properties": { "i": 714 }, "geometry": { "type": "Polygon", "coordinates": [ [ [ -63.26351, -17.34921 ], [ -63.26428, -17.34978 ], [ -63.26422, -17.34987 ], [ -63.26349, -17.34935 ], [ -63.26344, -17.34935 ], [ -63.26306, -17.34993 ], [ -63.26305, -17.35003 ], [ -63.26307, -17.35008 ], [ -63.26311, -17.35012 ], [ -63.26431, -17.35078 ], [ -63.265, -17.34961 ], [ -63.26389, -17.34859 ], [ -63.26351, -17.34915 ], [ -63.26351, -17.34921 ] ] ] } },
{ "type": "Feature", "properties": { "i": 715 }, "geometry": { "type": "Polygon", "coordinates": [ [ [ -63.26661, -17.34944 ], [ -63.26713, -17.34975 ], [ -63.26716, -17.34974 ], [ -63.26762, -17.34901 ], [ -63.26762, -17.34897 ], [ -63.26711, -17.34866 ], [ -63.26707, -17.34867 ], [ -63.2666, -17.3494 ], [ -63.26661, -17.34944 ] ] ] } },
{ "type": "Feature", "properties": { "i": 716 }, "geometry": { "type": "Polygon", "coordinates": [ [ [ -63.23597, -17.35531 ], [ -63.23604, -17.35529 ], [ -63.23629, -17.35489 ], [ -63.23629, -17.35486 ], [ -63.23525, -17.35427 ], [ -63.2352, -17.35428 ], [ -63.23496, -17.3547 ], [ -63.23497, -17.35474 ], [ -63.23597, -17.35531 ] ] ] } },
{ "type": "Feature", "properties": { "i": 717 }, "geometry": { "type": "Polygon", "coordinates": [ [ [ -63.24277, -17.35336 ], [ -63.24277, -17.3533 ], [ -63.24219, -17.35296 ], [ -63.24215, -17.35297 ], [ -63.24136, -17.3542 ], [ -63.24137, -17.35423 ], [ -63.24196, -17.35458 ], [ -63.242, -17.35457 ], [ -63.24277, -17.35336 ] ] ] } },
{ "type": "Feature", "properties": { "i": 718 }, "geometry": { "type": "Polygon", "coordinates": [ [ [ -63.24962, -17.35209 ], [ -63.24885, -17.35163 ], [ -63.24879, -17.35164 ], [ -63.24829, -17.35209 ], [ -63.24829, -17.35212 ], [ -63.24955, -17.35288 ], [ -63.2496, -17.35287 ], [ -63.24966, -17.35276 ], [ -63.24958, -17.35253 ], [ -63.24953, -17.35224 ], [ -63.24962, -17.35209 ] ] ] } },
{ "type": "Feature", "properties": { "i": 719 }, "geometry": { "type": "Polygon", "coordinates": [ [ [ -63.25171, -17.35178 ], [ -63.25171, -17.35175 ], [ -63.25108, -17.35141 ], [ -63.25105, -17.35142 ], [ -63.25074, -17.3519 ], [ -63.25072, -17.35197 ], [ -63.25074, -17.35216 ], [ -63.25084, -17.35229 ], [ -63.25121, -17.3525 ], [ -63.25127, -17.35249 ], [ -63.25171, -17.35178 ] ] ] } },
{ "type": "Feature", "properties": { "i": 720 }, "geometry": { "type": "Polygon", "coordinates": [ [ [ -63.21962, -17.3577 ], [ -63.2186, -17.35709 ], [ -63.2183, -17.35757 ], [ -63.21831, -17.35761 ], [ -63.21932, -17.35821 ], [ -63.21964, -17.35774 ], [ -63.21962, -17.3577 ] ] ] } },
{ "type": "Feature", "properties": { "i": 721 }, "geometry": { "type": "Polygon", "coordinates": [ [ [ -63.27159, -17.34764 ], [ -63.27155, -17.34767 ], [ -63.27106, -17.34844 ], [ -63.27161, -17.34875 ], [ -63.27205, -17.34805 ], [ -63.27209, -17.34807 ], [ -63.27227, -17.34775 ], [ -63.27225, -17.34771 ], [ -63.27159, -17.34764 ] ] ] } },
{ "type": "Feature", "properties": { "i": 722 }, "geometry": { "type": "Polygon", "coordinates": [ [ [ -63.22163, -17.35634 ], [ -63.22135, -17.35678 ], [ -63.22132, -17.35684 ], [ -63.22133, -17.35688 ], [ -63.2226, -17.35766 ], [ -63.22293, -17.35712 ], [ -63.22163, -17.35634 ] ] ] } },
{ "type": "Feature", "properties": { "i": 723 }, "geometry": { "type": "Polygon", "coordinates": [ [ [ -63.22516, -17.35597 ], [ -63.22468, -17.35681 ], [ -63.22523, -17.35713 ], [ -63.22572, -17.35629 ], [ -63.22572, -17.35625 ], [ -63.2252, -17.35597 ], [ -63.22516, -17.35597 ] ] ] } },
{ "type": "Feature", "properties": { "i": 724 }, "geometry": { "type": "Polygon", "coordinates": [ [ [ -63.2178, -17.35824 ], [ -63.21781, -17.35819 ], [ -63.21641, -17.35735 ], [ -63.21636, -17.3581 ], [ -63.21746, -17.35876 ], [ -63.2178, -17.35824 ] ] ] } },
{ "type": "Feature", "properties": { "i": 725 }, "geometry": { "type": "Polygon", "coordinates": [ [ [ -63.25314, -17.35146 ], [ -63.25312, -17.35142 ], [ -63.2524, -17.351 ], [ -63.25237, -17.35101 ], [ -63.2519, -17.35173 ], [ -63.25262, -17.35216 ], [ -63.25271, -17.35215 ], [ -63.25314, -17.35146 ] ] ] } },
{ "type": "Feature", "properties": { "i": 726 }, "geometry": { "type": "Polygon", "coordinates": [ [ [ -63.24803, -17.35218 ], [ -63.24802, -17.35215 ], [ -63.24744, -17.35181 ], [ -63.24738, -17.35182 ], [ -63.24671, -17.35282 ], [ -63.24672, -17.35288 ], [ -63.24704, -17.35307 ], [ -63.24707, -17.35307 ], [ -63.24803, -17.35218 ] ] ] } },
{ "type": "Feature", "properties": { "i": 727 }, "geometry": { "type": "Polygon", "coordinates": [ [ [ -63.25417, -17.35185 ], [ -63.25462, -17.35114 ], [ -63.25461, -17.35109 ], [ -63.25381, -17.35073 ], [ -63.25377, -17.35074 ], [ -63.25336, -17.3514 ], [ -63.25417, -17.35185 ] ] ] } },
{ "type": "Feature", "properties": { "i": 728 }, "geometry": { "type": "Polygon", "coordinates": [ [ [ -63.25562, -17.35152 ], [ -63.25608, -17.35078 ], [ -63.25527, -17.35036 ], [ -63.25485, -17.35103 ], [ -63.25486, -17.35109 ], [ -63.25562, -17.35152 ] ] ] } },
{ "type": "Feature", "properties": { "i": 729 }, "geometry": { "type": "Polygon", "coordinates": [ [ [ -63.23432, -17.35556 ], [ -63.23465, -17.35504 ], [ -63.23321, -17.35423 ], [ -63.23291, -17.35473 ], [ -63.23432, -17.35556 ] ] ] } },
{ "type": "Feature", "properties": { "i": 730 }, "geometry": { "type": "Polygon", "coordinates": [ [ [ -63.26974, -17.34885 ], [ -63.27025, -17.34915 ], [ -63.27029, -17.34914 ], [ -63.27124, -17.34762 ], [ -63.27057, -17.34757 ], [ -63.27051, -17.34759 ], [ -63.26973, -17.34882 ], [ -63.26974, -17.34885 ] ] ] } },
{ "type": "Feature", "properties": { "i": 731 }, "geometry": { "type": "Polygon", "coordinates": [ [ [ -63.24024, -17.35382 ], [ -63.23919, -17.35319 ], [ -63.23917, -17.35319 ], [ -63.2389, -17.35363 ], [ -63.2389, -17.35365 ], [ -63.23994, -17.35426 ], [ -63.23997, -17.35425 ], [ -63.24024, -17.35382 ] ] ] } },
{ "type": "Feature", "properties": { "i": 732 }, "geometry": { "type": "Polygon", "coordinates": [ [ [ -63.23816, -17.35338 ], [ -63.23761, -17.35426 ], [ -63.23809, -17.35453 ], [ -63.23812, -17.35452 ], [ -63.23863, -17.35368 ], [ -63.23862, -17.35363 ], [ -63.23816, -17.35338 ] ] ] } },
{ "type": "Feature", "properties": { "i": 733 }, "geometry": { "type": "Polygon", "coordinates": [ [ [ -63.2575, -17.35042 ], [ -63.25681, -17.34996 ], [ -63.25676, -17.34996 ], [ -63.25628, -17.35071 ], [ -63.25629, -17.35074 ], [ -63.25702, -17.35117 ], [ -63.25707, -17.35116 ], [ -63.25751, -17.35045 ], [ -63.2575, -17.35042 ] ] ] } },
{ "type": "Feature", "properties": { "i": 734 }, "geometry": { "type": "Polygon", "coordinates": [ [ [ -63.23695, -17.35511 ], [ -63.23805, -17.35333 ], [ -63.23804, -17.3533 ], [ -63.23761, -17.35304 ], [ -63.23757, -17.35304 ], [ -63.23648, -17.35481 ], [ -63.23648, -17.35484 ], [ -63.23695, -17.35511 ] ] ] } },
{ "type": "Feature", "properties": { "i": 735 }, "geometry": { "type": "Polygon", "coordinates": [ [ [ -63.2452, -17.35318 ], [ -63.24526, -17.35318 ], [ -63.2457, -17.35247 ], [ -63.24507, -17.3521 ], [ -63.24462, -17.35278 ], [ -63.24463, -17.35281 ], [ -63.2452, -17.35318 ] ] ] } },
{ "type": "Feature", "properties": { "i": 736 }, "geometry": { "type": "Polygon", "coordinates": [ [ [ -63.23689, -17.35392 ], [ -63.23639, -17.35364 ], [ -63.23637, -17.35365 ], [ -63.23589, -17.35445 ], [ -63.2359, -17.3545 ], [ -63.23634, -17.35476 ], [ -63.23638, -17.35475 ], [ -63.23689, -17.35392 ] ] ] } },
{ "type": "Feature", "properties": { "i": 737 }, "geometry": { "type": "Polygon", "coordinates": [ [ [ -63.25867, -17.35047 ], [ -63.25872, -17.3505 ], [ -63.25895, -17.35015 ], [ -63.25894, -17.35007 ], [ -63.25821, -17.34965 ], [ -63.25773, -17.35036 ], [ -63.25774, -17.35041 ], [ -63.25847, -17.35084 ], [ -63.25851, -17.35084 ], [ -63.25868, -17.35056 ], [ -63.25863, -17.35054 ], [ -63.25867, -17.35047 ] ] ] } },
{ "type": "Feature", "properties": { "i": 738 }, "geometry": { "type": "Polygon", "coordinates": [ [ [ -63.26582, -17.34896 ], [ -63.26646, -17.34935 ], [ -63.26649, -17.34935 ], [ -63.26697, -17.3486 ], [ -63.26697, -17.34857 ], [ -63.2663, -17.34819 ], [ -63.26582, -17.34896 ] ] ] } },
{ "type": "Feature", "properties": { "i": 739 }, "geometry": { "type": "Polygon", "coordinates": [ [ [ -63.2625, -17.3488 ], [ -63.26201, -17.34954 ], [ -63.26202, -17.34957 ], [ -63.26268, -17.3499 ], [ -63.26279, -17.3499 ], [ -63.26288, -17.34984 ], [ -63.26326, -17.34923 ], [ -63.26325, -17.34919 ], [ -63.26259, -17.34883 ], [ -63.2625, -17.3488 ] ] ] } },
{ "type": "Feature", "properties": { "i": 740 }, "geometry": { "type": "Polygon", "coordinates": [ [ [ -63.26176, -17.34963 ], [ -63.26175, -17.3496 ], [ -63.26098, -17.34921 ], [ -63.26064, -17.34971 ], [ -63.26065, -17.34974 ], [ -63.26138, -17.35017 ], [ -63.26142, -17.35016 ], [ -63.26176, -17.34963 ] ] ] } },
{ "type": "Feature", "properties": { "i": 741 }, "geometry": { "type": "Polygon", "coordinates": [ [ [ -63.26041, -17.34981 ], [ -63.2604, -17.34976 ], [ -63.25964, -17.34932 ], [ -63.25919, -17.35001 ], [ -63.25919, -17.35006 ], [ -63.25992, -17.35051 ], [ -63.25996, -17.3505 ], [ -63.26041, -17.34981 ] ] ] } },
{ "type": "Feature", "properties": { "i": 742 }, "geometry": { "type": "Polygon", "coordinates": [ [ [ -63.24159, -17.3536 ], [ -63.24123, -17.35415 ], [ -63.23904, -17.35287 ], [ -63.23903, -17.35282 ], [ -63.23934, -17.35233 ], [ -63.23941, -17.35231 ], [ -63.24159, -17.3536 ] ] ] } },
{ "type": "Feature", "properties": { "i": 743 }, "geometry": { "type": "Polygon", "coordinates": [ [ [ -63.22458, -17.35671 ], [ -63.22473, -17.35649 ], [ -63.22506, -17.3559 ], [ -63.22454, -17.35562 ], [ -63.22447, -17.35564 ], [ -63.22404, -17.35639 ], [ -63.22458, -17.35671 ] ] ] } },
{ "type": "Feature", "properties": { "i": 744 }, "geometry": { "type": "Polygon", "coordinates": [ [ [ -63.21646, -17.35731 ], [ -63.21785, -17.35815 ], [ -63.21817, -17.35764 ], [ -63.21805, -17.35755 ], [ -63.21646, -17.35661 ], [ -63.21643, -17.35725 ], [ -63.21646, -17.35731 ] ] ] } },
{ "type": "Feature", "properties": { "i": 745 }, "geometry": { "type": "Polygon", "coordinates": [ [ [ -63.22004, -17.35711 ], [ -63.21902, -17.35651 ], [ -63.21895, -17.35654 ], [ -63.21866, -17.35701 ], [ -63.21971, -17.35763 ], [ -63.22004, -17.35711 ] ] ] } },
{ "type": "Feature", "properties": { "i": 746 }, "geometry": { "type": "Polygon", "coordinates": [ [ [ -63.26784, -17.34894 ], [ -63.26839, -17.34925 ], [ -63.26949, -17.34751 ], [ -63.26948, -17.34747 ], [ -63.2688, -17.34741 ], [ -63.26877, -17.34743 ], [ -63.26784, -17.34891 ], [ -63.26784, -17.34894 ] ] ] } },
{ "type": "Feature", "properties": { "i": 747 }, "geometry": { "type": "Polygon", "coordinates": [ [ [ -63.26962, -17.34875 ], [ -63.27037, -17.34758 ], [ -63.27032, -17.34754 ], [ -63.26966, -17.34749 ], [ -63.26906, -17.34842 ], [ -63.26907, -17.34846 ], [ -63.26959, -17.34876 ], [ -63.26962, -17.34875 ] ] ] } },
{ "type": "Feature", "properties": { "i": 748 }, "geometry": { "type": "Polygon", "coordinates": [ [ [ -63.2436, -17.35363 ], [ -63.24365, -17.35362 ], [ -63.24474, -17.35192 ], [ -63.24474, -17.35187 ], [ -63.24414, -17.35151 ], [ -63.24412, -17.35151 ], [ -63.24301, -17.35325 ], [ -63.24301, -17.35329 ], [ -63.2436, -17.35363 ] ] ] } },
{ "type": "Feature", "properties": { "i": 749 }, "geometry": { "type": "Polygon", "coordinates": [ [ [ -63.22333, -17.35654 ], [ -63.22333, -17.35648 ], [ -63.22331, -17.35646 ], [ -63.22205, -17.35571 ], [ -63.2217, -17.35624 ], [ -63.22299, -17.35702 ], [ -63.22304, -17.35699 ], [ -63.22333, -17.35654 ] ] ] } },
{ "type": "Feature", "properties": { "i": 750 }, "geometry": { "type": "Polygon", "coordinates": [ [ [ -63.24592, -17.35238 ], [ -63.24655, -17.35275 ], [ -63.24724, -17.3517 ], [ -63.24724, -17.35167 ], [ -63.24664, -17.35132 ], [ -63.24659, -17.35133 ], [ -63.24592, -17.35238 ] ] ] } },
{ "type": "Feature", "properties": { "i": 751 }, "geometry": { "type": "Polygon", "coordinates": [ [ [ -63.25225, -17.35095 ], [ -63.25224, -17.35091 ], [ -63.2516, -17.35055 ], [ -63.25157, -17.35056 ], [ -63.25135, -17.35092 ], [ -63.25115, -17.3513 ], [ -63.2518, -17.35166 ], [ -63.25225, -17.35095 ] ] ] } },
{ "type": "Feature", "properties": { "i": 752 }, "geometry": { "type": "Polygon", "coordinates": [ [ [ -63.28174, -17.34515 ], [ -63.28143, -17.34572 ], [ -63.28252, -17.34627 ], [ -63.28282, -17.3457 ], [ -63.28174, -17.34515 ] ] ] } },
{ "type": "Feature", "properties": { "i": 753 }, "geometry": { "type": "Polygon", "coordinates": [ [ [ -63.22953, -17.35513 ], [ -63.22856, -17.35455 ], [ -63.22817, -17.35515 ], [ -63.22914, -17.35574 ], [ -63.22953, -17.35513 ] ] ] } },
{ "type": "Feature", "properties": { "i": 754 }, "geometry": { "type": "Polygon", "coordinates": [ [ [ -63.24069, -17.35291 ], [ -63.24164, -17.35347 ], [ -63.24169, -17.35345 ], [ -63.24203, -17.35291 ], [ -63.24202, -17.35287 ], [ -63.24111, -17.35232 ], [ -63.24106, -17.35233 ], [ -63.24069, -17.35291 ] ] ] } },
{ "type": "Feature", "properties": { "i": 755 }, "geometry": { "type": "Polygon", "coordinates": [ [ [ -63.25364, -17.35069 ], [ -63.25363, -17.35065 ], [ -63.25288, -17.35034 ], [ -63.25283, -17.35035 ], [ -63.25247, -17.35086 ], [ -63.25247, -17.35089 ], [ -63.25321, -17.35132 ], [ -63.25325, -17.3513 ], [ -63.25364, -17.35069 ] ] ] } },
{ "type": "Feature", "properties": { "i": 756 }, "geometry": { "type": "Polygon", "coordinates": [ [ [ -63.22511, -17.35514 ], [ -63.22482, -17.35563 ], [ -63.22578, -17.35614 ], [ -63.22581, -17.35613 ], [ -63.22609, -17.35563 ], [ -63.22511, -17.35514 ] ] ] } },
{ "type": "Feature", "properties": { "i": 757 }, "geometry": { "type": "Polygon", "coordinates": [ [ [ -63.22106, -17.35687 ], [ -63.21938, -17.35588 ], [ -63.21906, -17.35638 ], [ -63.22072, -17.35739 ], [ -63.22075, -17.35739 ], [ -63.22107, -17.35692 ], [ -63.22106, -17.35687 ] ] ] } },
{ "type": "Feature", "properties": { "i": 758 }, "geometry": { "type": "Polygon", "coordinates": [ [ [ -63.23511, -17.35416 ], [ -63.23372, -17.35339 ], [ -63.23353, -17.35371 ], [ -63.23354, -17.35385 ], [ -63.23359, -17.35396 ], [ -63.23479, -17.35464 ], [ -63.23483, -17.35464 ], [ -63.23511, -17.35416 ] ] ] } },
{ "type": "Feature", "properties": { "i": 759 }, "geometry": { "type": "Polygon", "coordinates": [ [ [ -63.25386, -17.3506 ], [ -63.25466, -17.35099 ], [ -63.25472, -17.35098 ], [ -63.25513, -17.35032 ], [ -63.25512, -17.35029 ], [ -63.25435, -17.34987 ], [ -63.25386, -17.3506 ] ] ] } },
{ "type": "Feature", "properties": { "i": 760 }, "geometry": { "type": "Polygon", "coordinates": [ [ [ -63.24809, -17.35204 ], [ -63.24816, -17.35204 ], [ -63.24856, -17.35168 ], [ -63.2486, -17.35163 ], [ -63.24861, -17.35154 ], [ -63.24856, -17.35147 ], [ -63.248, -17.35114 ], [ -63.24789, -17.35112 ], [ -63.24781, -17.35116 ], [ -63.24748, -17.35167 ], [ -63.24809, -17.35204 ] ] ] } },
{ "type": "Feature", "properties": { "i": 761 }, "geometry": { "type": "Polygon", "coordinates": [ [ [ -63.26437, -17.34793 ], [ -63.26434, -17.34793 ], [ -63.26402, -17.3484 ], [ -63.26403, -17.34843 ], [ -63.26506, -17.34936 ], [ -63.26515, -17.34934 ], [ -63.26553, -17.34877 ], [ -63.26553, -17.34872 ], [ -63.26437, -17.34793 ] ] ] } },
{ "type": "Feature", "properties": { "i": 762 }, "geometry": { "type": "Polygon", "coordinates": [ [ [ -63.26791, -17.34734 ], [ -63.26716, -17.34854 ], [ -63.26771, -17.34888 ], [ -63.26862, -17.34746 ], [ -63.2686, -17.3474 ], [ -63.26791, -17.34734 ] ] ] } },
{ "type": "Feature", "properties": { "i": 763 }, "geometry": { "type": "Polygon", "coordinates": [ [ [ -63.25666, -17.34987 ], [ -63.25665, -17.34984 ], [ -63.25589, -17.3494 ], [ -63.25585, -17.34941 ], [ -63.25533, -17.35027 ], [ -63.25611, -17.35069 ], [ -63.25615, -17.35069 ], [ -63.25666, -17.34987 ] ] ] } },
{ "type": "Feature", "properties": { "i": 764 }, "geometry": { "type": "Polygon", "coordinates": [ [ [ -63.2495, -17.35153 ], [ -63.25001, -17.35179 ], [ -63.25014, -17.3518 ], [ -63.25032, -17.35172 ], [ -63.25085, -17.35089 ], [ -63.25084, -17.35084 ], [ -63.25013, -17.35046 ], [ -63.25009, -17.35047 ], [ -63.24922, -17.35128 ], [ -63.24922, -17.35133 ], [ -63.24952, -17.35151 ], [ -63.2495, -17.35153 ] ] ] } },
{ "type": "Feature", "properties": { "i": 765 }, "geometry": { "type": "Polygon", "coordinates": [ [ [ -63.2239, -17.35631 ], [ -63.22396, -17.3563 ], [ -63.22436, -17.35558 ], [ -63.22434, -17.35551 ], [ -63.22382, -17.35524 ], [ -63.22339, -17.35599 ], [ -63.2234, -17.35604 ], [ -63.2239, -17.35631 ] ] ] } },
{ "type": "Feature", "properties": { "i": 766 }, "geometry": { "type": "Polygon", "coordinates": [ [ [ -63.23578, -17.35441 ], [ -63.23683, -17.35262 ], [ -63.23682, -17.35258 ], [ -63.23642, -17.35234 ], [ -63.23637, -17.35236 ], [ -63.2353, -17.35411 ], [ -63.23531, -17.35417 ], [ -63.23574, -17.35442 ], [ -63.23578, -17.35441 ] ] ] } },
{ "type": "Feature", "properties": { "i": 767 }, "geometry": { "type": "Polygon", "coordinates": [ [ [ -63.21853, -17.35705 ], [ -63.217, -17.35611 ], [ -63.21694, -17.35611 ], [ -63.21692, -17.35613 ], [ -63.21662, -17.35658 ], [ -63.21665, -17.35665 ], [ -63.21822, -17.35757 ], [ -63.21853, -17.3571 ], [ -63.21853, -17.35705 ] ] ] } },
{ "type": "Feature", "properties": { "i": 768 }, "geometry": { "type": "Polygon", "coordinates": [ [ [ -63.25808, -17.34958 ], [ -63.25807, -17.34955 ], [ -63.25735, -17.34909 ], [ -63.25687, -17.34979 ], [ -63.25687, -17.34983 ], [ -63.25758, -17.35031 ], [ -63.25761, -17.35031 ], [ -63.25808, -17.34958 ] ] ] } },
{ "type": "Feature", "properties": { "i": 769 }, "geometry": { "type": "Polygon", "coordinates": [ [ [ -63.26054, -17.34963 ], [ -63.26084, -17.34916 ], [ -63.26083, -17.34911 ], [ -63.26004, -17.34872 ], [ -63.25973, -17.34918 ], [ -63.25974, -17.34922 ], [ -63.26048, -17.34964 ], [ -63.26054, -17.34963 ] ] ] } },
{ "type": "Feature", "properties": { "i": 770 }, "geometry": { "type": "Polygon", "coordinates": [ [ [ -63.26237, -17.34877 ], [ -63.26236, -17.34872 ], [ -63.262, -17.34852 ], [ -63.26161, -17.34832 ], [ -63.26155, -17.34833 ], [ -63.26109, -17.34905 ], [ -63.26109, -17.34909 ], [ -63.26184, -17.34948 ], [ -63.26189, -17.34946 ], [ -63.26237, -17.34877 ] ] ] } },
{ "type": "Feature", "properties": { "i": 771 }, "geometry": { "type": "Polygon", "coordinates": [ [ [ -63.24648, -17.35123 ], [ -63.24588, -17.35087 ], [ -63.24585, -17.35087 ], [ -63.24517, -17.35192 ], [ -63.24517, -17.35196 ], [ -63.24577, -17.35231 ], [ -63.24582, -17.3523 ], [ -63.24649, -17.35126 ], [ -63.24648, -17.35123 ] ] ] } },
{ "type": "Feature", "properties": { "i": 772 }, "geometry": { "type": "Polygon", "coordinates": [ [ [ -63.25949, -17.3493 ], [ -63.25948, -17.34922 ], [ -63.25878, -17.34878 ], [ -63.25875, -17.34879 ], [ -63.25829, -17.34952 ], [ -63.25904, -17.34998 ], [ -63.25949, -17.3493 ] ] ] } },
{ "type": "Feature", "properties": { "i": 773 }, "geometry": { "type": "Polygon", "coordinates": [ [ [ -63.23867, -17.35353 ], [ -63.23874, -17.35351 ], [ -63.23899, -17.35308 ], [ -63.23796, -17.35246 ], [ -63.23792, -17.35247 ], [ -63.23766, -17.3529 ], [ -63.23767, -17.35295 ], [ -63.23867, -17.35353 ] ] ] } },
{ "type": "Feature", "properties": { "i": 774 }, "geometry": { "type": "Polygon", "coordinates": [ [ [ -63.2429, -17.35316 ], [ -63.24399, -17.35145 ], [ -63.24398, -17.35142 ], [ -63.24338, -17.35106 ], [ -63.24226, -17.35281 ], [ -63.24226, -17.35285 ], [ -63.24284, -17.35318 ], [ -63.2429, -17.35316 ] ] ] } },
{ "type": "Feature", "properties": { "i": 775 }, "geometry": { "type": "Polygon", "coordinates": [ [ [ -63.28206, -17.34455 ], [ -63.28176, -17.3451 ], [ -63.28285, -17.34565 ], [ -63.28315, -17.34509 ], [ -63.28206, -17.34455 ] ] ] } },
{ "type": "Feature", "properties": { "i": 776 }, "geometry": { "type": "Polygon", "coordinates": [ [ [ -63.23745, -17.35295 ], [ -63.23699, -17.35267 ], [ -63.23694, -17.35268 ], [ -63.23642, -17.35355 ], [ -63.23643, -17.35359 ], [ -63.23689, -17.35385 ], [ -63.23694, -17.35384 ], [ -63.23746, -17.35298 ], [ -63.23745, -17.35295 ] ] ] } },
{ "type": "Feature", "properties": { "i": 777 }, "geometry": { "type": "Polygon", "coordinates": [ [ [ -63.23502, -17.35284 ], [ -63.23451, -17.3537 ], [ -63.23515, -17.35407 ], [ -63.23566, -17.35319 ], [ -63.23502, -17.35284 ] ] ] } },
{ "type": "Feature", "properties": { "i": 778 }, "geometry": { "type": "Polygon", "coordinates": [ [ [ -63.26372, -17.34851 ], [ -63.26371, -17.34843 ], [ -63.26309, -17.34791 ], [ -63.2626, -17.34865 ], [ -63.26261, -17.34868 ], [ -63.26333, -17.34907 ], [ -63.26338, -17.34906 ], [ -63.26372, -17.34851 ] ] ] } },
{ "type": "Feature", "properties": { "i": 779 }, "geometry": { "type": "Polygon", "coordinates": [ [ [ -63.26775, -17.34731 ], [ -63.26687, -17.34726 ], [ -63.26637, -17.34806 ], [ -63.26702, -17.34845 ], [ -63.26708, -17.34844 ], [ -63.26776, -17.34736 ], [ -63.26775, -17.34731 ] ] ] } },
{ "type": "Feature", "properties": { "i": 780 }, "geometry": { "type": "Polygon", "coordinates": [ [ [ -63.22116, -17.35677 ], [ -63.22147, -17.35624 ], [ -63.2198, -17.35527 ], [ -63.21948, -17.35579 ], [ -63.22113, -17.35678 ], [ -63.22116, -17.35677 ] ] ] } },
{ "type": "Feature", "properties": { "i": 781 }, "geometry": { "type": "Polygon", "coordinates": [ [ [ -63.25231, -17.35079 ], [ -63.25237, -17.35077 ], [ -63.25271, -17.35029 ], [ -63.25269, -17.35026 ], [ -63.25186, -17.34993 ], [ -63.25183, -17.34994 ], [ -63.25158, -17.35034 ], [ -63.25158, -17.35038 ], [ -63.25231, -17.35079 ] ] ] } },
{ "type": "Feature", "properties": { "i": 782 }, "geometry": { "type": "Polygon", "coordinates": [ [ [ -63.22863, -17.35445 ], [ -63.22899, -17.35388 ], [ -63.22995, -17.35442 ], [ -63.22957, -17.35499 ], [ -63.22952, -17.35499 ], [ -63.22865, -17.35448 ], [ -63.22863, -17.35445 ] ] ] } },
{ "type": "Feature", "properties": { "i": 783 }, "geometry": { "type": "Polygon", "coordinates": [ [ [ -63.22639, -17.3551 ], [ -63.22639, -17.35505 ], [ -63.22544, -17.35455 ], [ -63.2254, -17.35459 ], [ -63.22516, -17.35505 ], [ -63.22609, -17.35555 ], [ -63.22616, -17.35552 ], [ -63.22639, -17.3551 ] ] ] } },
{ "type": "Feature", "properties": { "i": 784 }, "geometry": { "type": "Polygon", "coordinates": [ [ [ -63.2535, -17.34942 ], [ -63.25344, -17.34943 ], [ -63.25294, -17.35022 ], [ -63.2537, -17.35054 ], [ -63.25375, -17.35053 ], [ -63.25423, -17.34979 ], [ -63.2535, -17.34942 ] ] ] } },
{ "type": "Feature", "properties": { "i": 785 }, "geometry": { "type": "Polygon", "coordinates": [ [ [ -63.26471, -17.3473 ], [ -63.2644, -17.3478 ], [ -63.26526, -17.34839 ], [ -63.26524, -17.34841 ], [ -63.26553, -17.34863 ], [ -63.2656, -17.34862 ], [ -63.26603, -17.348 ], [ -63.26602, -17.34794 ], [ -63.26476, -17.3473 ], [ -63.26471, -17.3473 ] ] ] } },
{ "type": "Feature", "properties": { "i": 786 }, "geometry": { "type": "Polygon", "coordinates": [ [ [ -63.22805, -17.35511 ], [ -63.22846, -17.35449 ], [ -63.22774, -17.35408 ], [ -63.22738, -17.3547 ], [ -63.22805, -17.35511 ] ] ] } },
{ "type": "Feature", "properties": { "i": 787 }, "geometry": { "type": "Polygon", "coordinates": [ [ [ -63.24229, -17.35134 ], [ -63.24158, -17.35242 ], [ -63.24159, -17.35245 ], [ -63.24208, -17.35276 ], [ -63.24214, -17.35275 ], [ -63.24283, -17.35166 ], [ -63.24282, -17.35163 ], [ -63.24232, -17.35133 ], [ -63.24229, -17.35134 ] ] ] } },
{ "type": "Feature", "properties": { "i": 788 }, "geometry": { "type": "Polygon", "coordinates": [ [ [ -63.24997, -17.35041 ], [ -63.24996, -17.35037 ], [ -63.2495, -17.35015 ], [ -63.24945, -17.35017 ], [ -63.24891, -17.35108 ], [ -63.24891, -17.35114 ], [ -63.24904, -17.35122 ], [ -63.24908, -17.35122 ], [ -63.24997, -17.35041 ] ] ] } },
{ "type": "Feature", "properties": { "i": 789 }, "geometry": { "type": "Polygon", "coordinates": [ [ [ -63.24765, -17.35097 ], [ -63.24759, -17.35091 ], [ -63.24711, -17.35063 ], [ -63.24705, -17.35064 ], [ -63.24669, -17.35119 ], [ -63.2467, -17.35122 ], [ -63.24731, -17.35158 ], [ -63.24767, -17.35104 ], [ -63.24765, -17.35097 ] ] ] } },
{ "type": "Feature", "properties": { "i": 790 }, "geometry": { "type": "Polygon", "coordinates": [ [ [ -63.27314, -17.34757 ], [ -63.27433, -17.34767 ], [ -63.2748, -17.3462 ], [ -63.27382, -17.34573 ], [ -63.27257, -17.34509 ], [ -63.27172, -17.34664 ], [ -63.27134, -17.34737 ], [ -63.27135, -17.34739 ], [ -63.27308, -17.34756 ], [ -63.27316, -17.34669 ], [ -63.2732, -17.34669 ], [ -63.27316, -17.34718 ], [ -63.27321, -17.34721 ], [ -63.27315, -17.34732 ], [ -63.27314, -17.34757 ] ] ] } },
{ "type": "Feature", "properties": { "i": 791 }, "geometry": { "type": "Polygon", "coordinates": [ [ [ -63.22357, -17.35548 ], [ -63.22357, -17.35544 ], [ -63.22252, -17.35481 ], [ -63.22222, -17.35532 ], [ -63.22223, -17.35537 ], [ -63.22327, -17.35599 ], [ -63.22357, -17.35548 ] ] ] } },
{ "type": "Feature", "properties": { "i": 792 }, "geometry": { "type": "Polygon", "coordinates": [ [ [ -63.25465, -17.34987 ], [ -63.25521, -17.35016 ], [ -63.25525, -17.35015 ], [ -63.25573, -17.34934 ], [ -63.25572, -17.34929 ], [ -63.25518, -17.34897 ], [ -63.25516, -17.34898 ], [ -63.25464, -17.34982 ], [ -63.25465, -17.34987 ] ] ] } },
{ "type": "Feature", "properties": { "i": 793 }, "geometry": { "type": "Polygon", "coordinates": [ [ [ -63.22472, -17.35556 ], [ -63.225, -17.35507 ], [ -63.22416, -17.35462 ], [ -63.22387, -17.35513 ], [ -63.22469, -17.35557 ], [ -63.22472, -17.35556 ] ] ] } },
{ "type": "Feature", "properties": { "i": 794 }, "geometry": { "type": "Polygon", "coordinates": [ [ [ -63.21736, -17.35553 ], [ -63.21701, -17.35603 ], [ -63.21703, -17.35607 ], [ -63.21856, -17.35698 ], [ -63.2186, -17.35697 ], [ -63.21892, -17.35646 ], [ -63.21892, -17.35642 ], [ -63.21889, -17.35639 ], [ -63.21741, -17.35553 ], [ -63.21736, -17.35553 ] ] ] } },
{ "type": "Feature", "properties": { "i": 795 }, "geometry": { "type": "Polygon", "coordinates": [ [ [ -63.23946, -17.35221 ], [ -63.24054, -17.35283 ], [ -63.24059, -17.35282 ], [ -63.24094, -17.35226 ], [ -63.24093, -17.35222 ], [ -63.23985, -17.35158 ], [ -63.23982, -17.35158 ], [ -63.23945, -17.35216 ], [ -63.23946, -17.35221 ] ] ] } },
{ "type": "Feature", "properties": { "i": 796 }, "geometry": { "type": "Polygon", "coordinates": [ [ [ -63.27127, -17.34582 ], [ -63.27055, -17.34715 ], [ -63.27049, -17.34732 ], [ -63.27128, -17.34739 ], [ -63.2713, -17.34718 ], [ -63.27185, -17.34616 ], [ -63.27184, -17.34609 ], [ -63.27135, -17.3458 ], [ -63.27127, -17.34582 ] ] ] } },
{ "type": "Feature", "properties": { "i": 797 }, "geometry": { "type": "Polygon", "coordinates": [ [ [ -63.25052, -17.35053 ], [ -63.25108, -17.35083 ], [ -63.2517, -17.34988 ], [ -63.2517, -17.34985 ], [ -63.25116, -17.34954 ], [ -63.2511, -17.34955 ], [ -63.25049, -17.35011 ], [ -63.25042, -17.35022 ], [ -63.2504, -17.35026 ], [ -63.25041, -17.35037 ], [ -63.25045, -17.35046 ], [ -63.25052, -17.35053 ] ] ] } },
{ "type": "Feature", "properties": { "i": 798 }, "geometry": { "type": "Polygon", "coordinates": [ [ [ -63.2599, -17.34868 ], [ -63.25988, -17.34861 ], [ -63.25913, -17.34824 ], [ -63.25909, -17.34825 ], [ -63.25884, -17.34864 ], [ -63.25885, -17.34867 ], [ -63.25958, -17.3491 ], [ -63.25964, -17.34908 ], [ -63.2599, -17.34868 ] ] ] } },
{ "type": "Feature", "properties": { "i": 799 }, "geometry": { "type": "Polygon", "coordinates": [ [ [ -63.26096, -17.34897 ], [ -63.26144, -17.34823 ], [ -63.26091, -17.34792 ], [ -63.26076, -17.34814 ], [ -63.26089, -17.34791 ], [ -63.26064, -17.34779 ], [ -63.26016, -17.34854 ], [ -63.26016, -17.34858 ], [ -63.26089, -17.34897 ], [ -63.26096, -17.34897 ] ] ] } },
{ "type": "Feature", "properties": { "i": 800 }, "geometry": { "type": "Polygon", "coordinates": [ [ [ -63.26514, -17.3467 ], [ -63.26509, -17.34672 ], [ -63.2648, -17.34718 ], [ -63.26611, -17.34787 ], [ -63.26613, -17.34786 ], [ -63.26623, -17.34769 ], [ -63.26626, -17.3477 ], [ -63.26655, -17.34724 ], [ -63.26654, -17.34722 ], [ -63.26581, -17.34703 ], [ -63.26514, -17.3467 ] ] ] } },
{ "type": "Feature", "properties": { "i": 801 }, "geometry": { "type": "Polygon", "coordinates": [ [ [ -63.25817, -17.34942 ], [ -63.2586, -17.34873 ], [ -63.25858, -17.34868 ], [ -63.25797, -17.34827 ], [ -63.25793, -17.34827 ], [ -63.25743, -17.34896 ], [ -63.25813, -17.34942 ], [ -63.25817, -17.34942 ] ] ] } },
{ "type": "Feature", "properties": { "i": 802 }, "geometry": { "type": "Polygon", "coordinates": [ [ [ -63.25705, -17.34842 ], [ -63.25701, -17.34842 ], [ -63.25641, -17.34952 ], [ -63.25643, -17.34956 ], [ -63.25671, -17.34973 ], [ -63.25676, -17.34972 ], [ -63.25748, -17.34866 ], [ -63.25748, -17.34862 ], [ -63.25705, -17.34842 ] ] ] } },
{ "type": "Feature", "properties": { "i": 803 }, "geometry": { "type": "Polygon", "coordinates": [ [ [ -63.23442, -17.35363 ], [ -63.23491, -17.3528 ], [ -63.2349, -17.35275 ], [ -63.23431, -17.35244 ], [ -63.23428, -17.35245 ], [ -63.23379, -17.35328 ], [ -63.23439, -17.35363 ], [ -63.23442, -17.35363 ] ] ] } },
{ "type": "Feature", "properties": { "i": 804 }, "geometry": { "type": "Polygon", "coordinates": [ [ [ -63.263, -17.34783 ], [ -63.26228, -17.34727 ], [ -63.26168, -17.34816 ], [ -63.26169, -17.34819 ], [ -63.26242, -17.3486 ], [ -63.26248, -17.34858 ], [ -63.263, -17.34783 ] ] ] } },
{ "type": "Feature", "properties": { "i": 805 }, "geometry": { "type": "Polygon", "coordinates": [ [ [ -63.24877, -17.35106 ], [ -63.24933, -17.3501 ], [ -63.24933, -17.35007 ], [ -63.24859, -17.34968 ], [ -63.24856, -17.34969 ], [ -63.2481, -17.35068 ], [ -63.2487, -17.35107 ], [ -63.24877, -17.35106 ] ] ] } },
{ "type": "Feature", "properties": { "i": 806 }, "geometry": { "type": "Polygon", "coordinates": [ [ [ -63.23042, -17.35374 ], [ -63.22949, -17.35317 ], [ -63.22945, -17.35318 ], [ -63.22907, -17.35377 ], [ -63.23004, -17.35434 ], [ -63.23042, -17.35374 ] ] ] } },
{ "type": "Feature", "properties": { "i": 807 }, "geometry": { "type": "Polygon", "coordinates": [ [ [ -63.23304, -17.35217 ], [ -63.2337, -17.35254 ], [ -63.23292, -17.35382 ], [ -63.23226, -17.3534 ], [ -63.23301, -17.35218 ], [ -63.23304, -17.35217 ] ] ] } },
{ "type": "Feature", "properties": { "i": 808 }, "geometry": { "type": "Polygon", "coordinates": [ [ [ -63.21987, -17.35517 ], [ -63.22151, -17.35615 ], [ -63.22158, -17.35614 ], [ -63.22192, -17.35561 ], [ -63.22022, -17.35462 ], [ -63.22019, -17.35462 ], [ -63.21988, -17.3551 ], [ -63.21987, -17.35517 ] ] ] } },
{ "type": "Feature", "properties": { "i": 809 }, "geometry": { "type": "Polygon", "coordinates": [ [ [ -63.22551, -17.3545 ], [ -63.22639, -17.35496 ], [ -63.22646, -17.35496 ], [ -63.22649, -17.35494 ], [ -63.22673, -17.35453 ], [ -63.22671, -17.35448 ], [ -63.22578, -17.35398 ], [ -63.22551, -17.35446 ], [ -63.22551, -17.3545 ] ] ] } },
{ "type": "Feature", "properties": { "i": 810 }, "geometry": { "type": "Polygon", "coordinates": [ [ [ -63.21929, -17.35581 ], [ -63.2178, -17.35493 ], [ -63.21743, -17.35543 ], [ -63.21895, -17.35633 ], [ -63.21901, -17.35631 ], [ -63.2193, -17.35585 ], [ -63.21929, -17.35581 ] ] ] } },
{ "type": "Feature", "properties": { "i": 811 }, "geometry": { "type": "Polygon", "coordinates": [ [ [ -63.28237, -17.34398 ], [ -63.28208, -17.34451 ], [ -63.28223, -17.34458 ], [ -63.28255, -17.34407 ], [ -63.28237, -17.34398 ] ] ] } },
{ "type": "Feature", "properties": { "i": 812 }, "geometry": { "type": "Polygon", "coordinates": [ [ [ -63.2378, -17.35238 ], [ -63.23674, -17.35176 ], [ -63.23669, -17.35178 ], [ -63.23645, -17.35219 ], [ -63.23645, -17.35223 ], [ -63.23751, -17.35284 ], [ -63.23755, -17.35283 ], [ -63.23781, -17.35242 ], [ -63.2378, -17.35238 ] ] ] } },
{ "type": "Feature", "properties": { "i": 813 }, "geometry": { "type": "Polygon", "coordinates": [ [ [ -63.22533, -17.35454 ], [ -63.22532, -17.35448 ], [ -63.22451, -17.35405 ], [ -63.22444, -17.35408 ], [ -63.2242, -17.35449 ], [ -63.22422, -17.35456 ], [ -63.22502, -17.35499 ], [ -63.22509, -17.35496 ], [ -63.22533, -17.35454 ] ] ] } },
{ "type": "Feature", "properties": { "i": 814 }, "geometry": { "type": "Polygon", "coordinates": [ [ [ -63.24659, -17.35111 ], [ -63.24694, -17.35052 ], [ -63.24653, -17.35028 ], [ -63.2464, -17.35028 ], [ -63.24627, -17.35032 ], [ -63.24619, -17.35037 ], [ -63.24612, -17.35044 ], [ -63.24594, -17.35073 ], [ -63.24659, -17.35111 ] ] ] } },
{ "type": "Feature", "properties": { "i": 815 }, "geometry": { "type": "Polygon", "coordinates": [ [ [ -63.22813, -17.35336 ], [ -63.2278, -17.35389 ], [ -63.22779, -17.35395 ], [ -63.22782, -17.35399 ], [ -63.22852, -17.35439 ], [ -63.2289, -17.35381 ], [ -63.22888, -17.35376 ], [ -63.2282, -17.35334 ], [ -63.22813, -17.35336 ] ] ] } },
{ "type": "Feature", "properties": { "i": 816 }, "geometry": { "type": "Polygon", "coordinates": [ [ [ -63.26462, -17.34702 ], [ -63.26396, -17.34668 ], [ -63.26391, -17.34668 ], [ -63.26324, -17.34771 ], [ -63.26325, -17.34777 ], [ -63.26384, -17.34828 ], [ -63.26388, -17.34827 ], [ -63.26463, -17.34708 ], [ -63.26462, -17.34702 ] ] ] } },
{ "type": "Feature", "properties": { "i": 817 }, "geometry": { "type": "Polygon", "coordinates": [ [ [ -63.2532, -17.34958 ], [ -63.25333, -17.34937 ], [ -63.2533, -17.34932 ], [ -63.25251, -17.3489 ], [ -63.25191, -17.34978 ], [ -63.25192, -17.34981 ], [ -63.25274, -17.35015 ], [ -63.25281, -17.35013 ], [ -63.25305, -17.34974 ], [ -63.25302, -17.34972 ], [ -63.25309, -17.34962 ], [ -63.25275, -17.34942 ], [ -63.25278, -17.34938 ], [ -63.25311, -17.34957 ], [ -63.25316, -17.34959 ], [ -63.2532, -17.34958 ] ] ] } },
{ "type": "Feature", "properties": { "i": 818 }, "geometry": { "type": "Polygon", "coordinates": [ [ [ -63.2563, -17.34946 ], [ -63.25691, -17.34839 ], [ -63.2569, -17.34835 ], [ -63.2566, -17.3482 ], [ -63.25657, -17.34822 ], [ -63.25595, -17.34923 ], [ -63.25596, -17.34927 ], [ -63.2563, -17.34946 ] ] ] } },
{ "type": "Feature", "properties": { "i": 819 }, "geometry": { "type": "Polygon", "coordinates": [ [ [ -63.26945, -17.3461 ], [ -63.26882, -17.3459 ], [ -63.26804, -17.34713 ], [ -63.26877, -17.34717 ], [ -63.26945, -17.3461 ] ] ] } },
{ "type": "Feature", "properties": { "i": 820 }, "geometry": { "type": "Polygon", "coordinates": [ [ [ -63.27117, -17.34569 ], [ -63.27031, -17.34521 ], [ -63.27017, -17.3452 ], [ -63.2689, -17.34719 ], [ -63.26897, -17.34721 ], [ -63.27038, -17.34732 ], [ -63.27048, -17.34704 ], [ -63.27117, -17.34569 ] ] ] } },
{ "type": "Feature", "properties": { "i": 821 }, "geometry": { "type": "Polygon", "coordinates": [ [ [ -63.23567, -17.3519 ], [ -63.23562, -17.35191 ], [ -63.23513, -17.35275 ], [ -63.23571, -17.35307 ], [ -63.23576, -17.35306 ], [ -63.23624, -17.35222 ], [ -63.23567, -17.3519 ] ] ] } },
{ "type": "Feature", "properties": { "i": 822 }, "geometry": { "type": "Polygon", "coordinates": [ [ [ -63.25451, -17.34976 ], [ -63.25503, -17.34887 ], [ -63.25407, -17.34836 ], [ -63.25399, -17.34836 ], [ -63.2535, -17.34927 ], [ -63.25355, -17.34932 ], [ -63.25447, -17.34976 ], [ -63.25451, -17.34976 ] ] ] } },
{ "type": "Feature", "properties": { "i": 823 }, "geometry": { "type": "Polygon", "coordinates": [ [ [ -63.28856, -17.34213 ], [ -63.28922, -17.34179 ], [ -63.28966, -17.34054 ], [ -63.28825, -17.33948 ], [ -63.28782, -17.33997 ], [ -63.28602, -17.33885 ], [ -63.28585, -17.33879 ], [ -63.28568, -17.33876 ], [ -63.28542, -17.33877 ], [ -63.28525, -17.33882 ], [ -63.2852, -17.33887 ], [ -63.28508, -17.33938 ], [ -63.28534, -17.33975 ], [ -63.28534, -17.33986 ], [ -63.28531, -17.33991 ], [ -63.28511, -17.34004 ], [ -63.285, -17.34016 ], [ -63.28492, -17.34032 ], [ -63.28488, -17.34058 ], [ -63.28341, -17.34289 ], [ -63.2843, -17.34331 ], [ -63.28199, -17.34754 ], [ -63.28151, -17.34847 ], [ -63.28173, -17.34851 ], [ -63.28185, -17.34848 ], [ -63.28285, -17.34747 ], [ -63.2833, -17.34712 ], [ -63.28324, -17.34698 ], [ -63.28332, -17.34696 ], [ -63.28337, -17.34714 ], [ -63.28812, -17.34286 ], [ -63.28856, -17.34213 ] ] ] } },
{ "type": "Feature", "properties": { "i": 824 }, "geometry": { "type": "Polygon", "coordinates": [ [ [ -63.24484, -17.35177 ], [ -63.24589, -17.35011 ], [ -63.24589, -17.34999 ], [ -63.2458, -17.34991 ], [ -63.24525, -17.3498 ], [ -63.24521, -17.34982 ], [ -63.24419, -17.35138 ], [ -63.24484, -17.35177 ] ] ] } },
{ "type": "Feature", "properties": { "i": 825 }, "geometry": { "type": "Polygon", "coordinates": [ [ [ -63.23089, -17.353 ], [ -63.22993, -17.35246 ], [ -63.22989, -17.35247 ], [ -63.22952, -17.35305 ], [ -63.23048, -17.35365 ], [ -63.23089, -17.353 ] ] ] } },
{ "type": "Feature", "properties": { "i": 826 }, "geometry": { "type": "Polygon", "coordinates": [ [ [ -63.24104, -17.35212 ], [ -63.24174, -17.35101 ], [ -63.24173, -17.35098 ], [ -63.24128, -17.35072 ], [ -63.24123, -17.35073 ], [ -63.24055, -17.35179 ], [ -63.24056, -17.35183 ], [ -63.24104, -17.35212 ] ] ] } },
{ "type": "Feature", "properties": { "i": 827 }, "geometry": { "type": "Polygon", "coordinates": [ [ [ -63.25097, -17.34946 ], [ -63.25096, -17.3494 ], [ -63.2502, -17.34895 ], [ -63.24957, -17.35 ], [ -63.24958, -17.35004 ], [ -63.25005, -17.35029 ], [ -63.25011, -17.35028 ], [ -63.25097, -17.34946 ] ] ] } },
{ "type": "Feature", "properties": { "i": 828 }, "geometry": { "type": "Polygon", "coordinates": [ [ [ -63.23886, -17.35274 ], [ -63.2392, -17.3522 ], [ -63.23918, -17.35217 ], [ -63.2372, -17.351 ], [ -63.23715, -17.35101 ], [ -63.23683, -17.35155 ], [ -63.23684, -17.35159 ], [ -63.23881, -17.35275 ], [ -63.23886, -17.35274 ] ] ] } },
{ "type": "Feature", "properties": { "i": 829 }, "geometry": { "type": "Polygon", "coordinates": [ [ [ -63.22582, -17.3539 ], [ -63.22682, -17.35443 ], [ -63.2271, -17.35396 ], [ -63.2271, -17.35392 ], [ -63.22708, -17.35389 ], [ -63.2261, -17.35338 ], [ -63.22582, -17.35387 ], [ -63.22582, -17.3539 ] ] ] } },
{ "type": "Feature", "properties": { "i": 830 }, "geometry": { "type": "Polygon", "coordinates": [ [ [ -63.25894, -17.34815 ], [ -63.25825, -17.34779 ], [ -63.2582, -17.34782 ], [ -63.25798, -17.34815 ], [ -63.25869, -17.34859 ], [ -63.25872, -17.34858 ], [ -63.25896, -17.34821 ], [ -63.25894, -17.34815 ] ] ] } },
{ "type": "Feature", "properties": { "i": 831 }, "geometry": { "type": "Polygon", "coordinates": [ [ [ -63.26703, -17.34705 ], [ -63.26793, -17.3471 ], [ -63.26869, -17.34589 ], [ -63.26868, -17.34584 ], [ -63.26794, -17.3456 ], [ -63.26703, -17.34705 ] ] ] } },
{ "type": "Feature", "properties": { "i": 832 }, "geometry": { "type": "Polygon", "coordinates": [ [ [ -63.24293, -17.35152 ], [ -63.24324, -17.35102 ], [ -63.24323, -17.35098 ], [ -63.24231, -17.35043 ], [ -63.24228, -17.35043 ], [ -63.24195, -17.35094 ], [ -63.24196, -17.35097 ], [ -63.24288, -17.35152 ], [ -63.24293, -17.35152 ] ] ] } },
{ "type": "Feature", "properties": { "i": 833 }, "geometry": { "type": "Polygon", "coordinates": [ [ [ -63.22566, -17.35391 ], [ -63.2248, -17.35346 ], [ -63.22451, -17.35395 ], [ -63.22451, -17.35399 ], [ -63.22537, -17.35446 ], [ -63.22566, -17.35397 ], [ -63.22566, -17.35391 ] ] ] } },
{ "type": "Feature", "properties": { "i": 834 }, "geometry": { "type": "Polygon", "coordinates": [ [ [ -63.23221, -17.35332 ], [ -63.23255, -17.35276 ], [ -63.2316, -17.35222 ], [ -63.23126, -17.35272 ], [ -63.23126, -17.35278 ], [ -63.23221, -17.35332 ] ] ] } },
{ "type": "Feature", "properties": { "i": 835 }, "geometry": { "type": "Polygon", "coordinates": [ [ [ -63.25645, -17.34817 ], [ -63.25644, -17.34813 ], [ -63.25633, -17.34807 ], [ -63.25587, -17.34784 ], [ -63.25584, -17.34785 ], [ -63.25531, -17.34872 ], [ -63.25525, -17.34886 ], [ -63.25579, -17.34918 ], [ -63.25584, -17.34917 ], [ -63.25645, -17.34817 ] ] ] } },
{ "type": "Feature", "properties": { "i": 836 }, "geometry": { "type": "Polygon", "coordinates": [ [ [ -63.28089, -17.34662 ], [ -63.28338, -17.34202 ], [ -63.2829, -17.34178 ], [ -63.28293, -17.34174 ], [ -63.28375, -17.34216 ], [ -63.28382, -17.34213 ], [ -63.28424, -17.34139 ], [ -63.28479, -17.34055 ], [ -63.2848, -17.34033 ], [ -63.28487, -17.34016 ], [ -63.28498, -17.34003 ], [ -63.28525, -17.33984 ], [ -63.28525, -17.33979 ], [ -63.28514, -17.33961 ], [ -63.28499, -17.33948 ], [ -63.28489, -17.33948 ], [ -63.28469, -17.33958 ], [ -63.28429, -17.33984 ], [ -63.28393, -17.34011 ], [ -63.28375, -17.34036 ], [ -63.2837, -17.34033 ], [ -63.2838, -17.34022 ], [ -63.28385, -17.34012 ], [ -63.28334, -17.33985 ], [ -63.2826, -17.34062 ], [ -63.28229, -17.34099 ], [ -63.28202, -17.34127 ], [ -63.28192, -17.3413 ], [ -63.28182, -17.34128 ], [ -63.28145, -17.34099 ], [ -63.2814, -17.34098 ], [ -63.28137, -17.341 ], [ -63.28118, -17.34139 ], [ -63.28061, -17.34279 ], [ -63.28064, -17.34288 ], [ -63.28124, -17.34341 ], [ -63.28122, -17.34344 ], [ -63.28064, -17.34293 ], [ -63.2806, -17.34292 ], [ -63.28056, -17.34294 ], [ -63.28017, -17.3438 ], [ -63.28008, -17.34426 ], [ -63.27995, -17.34475 ], [ -63.27977, -17.34513 ], [ -63.28029, -17.34534 ], [ -63.28044, -17.34538 ], [ -63.28051, -17.34523 ], [ -63.28055, -17.34524 ], [ -63.28046, -17.34544 ], [ -63.27973, -17.34517 ], [ -63.27933, -17.34554 ], [ -63.27924, -17.34564 ], [ -63.27905, -17.34598 ], [ -63.27925, -17.34606 ], [ -63.27964, -17.34613 ], [ -63.27992, -17.34608 ], [ -63.28006, -17.34614 ], [ -63.28004, -17.34618 ], [ -63.27989, -17.34613 ], [ -63.27964, -17.34617 ], [ -63.27924, -17.34609 ], [ -63.27903, -17.34602 ], [ -63.27851, -17.34691 ], [ -63.27923, -17.34729 ], [ -63.27921, -17.34733 ], [ -63.27849, -17.34695 ], [ -63.27796, -17.34786 ], [ -63.27793, -17.34794 ], [ -63.27795, -17.34799 ], [ -63.2799, -17.34816 ], [ -63.28048, -17.34673 ], [ -63.28052, -17.34675 ], [ -63.27995, -17.34817 ], [ -63.28013, -17.34818 ], [ -63.28135, -17.34844 ], [ -63.28203, -17.34717 ], [ -63.28089, -17.34662 ] ] ] } },
{ "type": "Feature", "properties": { "i": 837 }, "geometry": { "type": "Polygon", "coordinates": [ [ [ -63.25235, -17.34887 ], [ -63.25234, -17.34882 ], [ -63.25209, -17.34867 ], [ -63.25203, -17.34868 ], [ -63.25126, -17.34941 ], [ -63.25127, -17.34946 ], [ -63.25174, -17.34973 ], [ -63.2518, -17.34972 ], [ -63.25235, -17.34887 ] ] ] } },
{ "type": "Feature", "properties": { "i": 838 }, "geometry": { "type": "Polygon", "coordinates": [ [ [ -63.26076, -17.34768 ], [ -63.2615, -17.34809 ], [ -63.26156, -17.34808 ], [ -63.26215, -17.34719 ], [ -63.26214, -17.34716 ], [ -63.26147, -17.3468 ], [ -63.26142, -17.3468 ], [ -63.26075, -17.34763 ], [ -63.26076, -17.34768 ] ] ] } },
{ "type": "Feature", "properties": { "i": 839 }, "geometry": { "type": "Polygon", "coordinates": [ [ [ -63.21971, -17.35523 ], [ -63.21969, -17.35517 ], [ -63.21828, -17.35434 ], [ -63.21822, -17.35434 ], [ -63.2182, -17.35436 ], [ -63.21787, -17.35481 ], [ -63.21788, -17.35484 ], [ -63.21939, -17.35573 ], [ -63.21971, -17.35523 ] ] ] } },
{ "type": "Feature", "properties": { "i": 840 }, "geometry": { "type": "Polygon", "coordinates": [ [ [ -63.25997, -17.34849 ], [ -63.26003, -17.34847 ], [ -63.26052, -17.34772 ], [ -63.26052, -17.34769 ], [ -63.25914, -17.34694 ], [ -63.25909, -17.34694 ], [ -63.25852, -17.34764 ], [ -63.25852, -17.34771 ], [ -63.25997, -17.34849 ] ] ] } },
{ "type": "Feature", "properties": { "i": 841 }, "geometry": { "type": "Polygon", "coordinates": [ [ [ -63.24725, -17.35016 ], [ -63.24783, -17.35049 ], [ -63.24782, -17.35051 ], [ -63.24795, -17.35059 ], [ -63.24799, -17.35057 ], [ -63.24846, -17.34963 ], [ -63.24845, -17.3496 ], [ -63.24756, -17.34915 ], [ -63.24709, -17.35006 ], [ -63.2471, -17.35012 ], [ -63.24722, -17.3502 ], [ -63.24725, -17.35016 ] ] ] } },
{ "type": "Feature", "properties": { "i": 842 }, "geometry": { "type": "Polygon", "coordinates": [ [ [ -63.24111, -17.35065 ], [ -63.2411, -17.35062 ], [ -63.24064, -17.35035 ], [ -63.24059, -17.35036 ], [ -63.2399, -17.35145 ], [ -63.24039, -17.35177 ], [ -63.24041, -17.35176 ], [ -63.24111, -17.35065 ] ] ] } },
{ "type": "Feature", "properties": { "i": 843 }, "geometry": { "type": "Polygon", "coordinates": [ [ [ -63.22935, -17.35311 ], [ -63.22861, -17.35263 ], [ -63.22858, -17.35263 ], [ -63.22825, -17.35319 ], [ -63.22825, -17.35323 ], [ -63.2288, -17.3536 ], [ -63.22897, -17.35369 ], [ -63.22935, -17.35311 ] ] ] } },
{ "type": "Feature", "properties": { "i": 844 }, "geometry": { "type": "Polygon", "coordinates": [ [ [ -63.25759, -17.34745 ], [ -63.25712, -17.34827 ], [ -63.25713, -17.34832 ], [ -63.25755, -17.34851 ], [ -63.2576, -17.34849 ], [ -63.25811, -17.34774 ], [ -63.25809, -17.34768 ], [ -63.25763, -17.34744 ], [ -63.25759, -17.34745 ] ] ] } },
{ "type": "Feature", "properties": { "i": 845 }, "geometry": { "type": "Polygon", "coordinates": [ [ [ -63.23928, -17.35205 ], [ -63.23997, -17.35096 ], [ -63.23937, -17.3506 ], [ -63.23933, -17.35061 ], [ -63.23863, -17.3517 ], [ -63.23925, -17.35206 ], [ -63.23928, -17.35205 ] ] ] } },
{ "type": "Feature", "properties": { "i": 846 }, "geometry": { "type": "Polygon", "coordinates": [ [ [ -63.22244, -17.35477 ], [ -63.22072, -17.35376 ], [ -63.22041, -17.35423 ], [ -63.22042, -17.35431 ], [ -63.2221, -17.35529 ], [ -63.22214, -17.35529 ], [ -63.22244, -17.35477 ] ] ] } },
{ "type": "Feature", "properties": { "i": 847 }, "geometry": { "type": "Polygon", "coordinates": [ [ [ -63.23657, -17.3517 ], [ -63.23656, -17.35165 ], [ -63.23601, -17.35132 ], [ -63.23597, -17.35132 ], [ -63.23572, -17.35174 ], [ -63.23573, -17.3518 ], [ -63.23628, -17.35212 ], [ -63.23633, -17.35211 ], [ -63.23657, -17.3517 ] ] ] } },
{ "type": "Feature", "properties": { "i": 848 }, "geometry": { "type": "Polygon", "coordinates": [ [ [ -63.24404, -17.3513 ], [ -63.24409, -17.3513 ], [ -63.24504, -17.34982 ], [ -63.24504, -17.34975 ], [ -63.24435, -17.34958 ], [ -63.2443, -17.3496 ], [ -63.24345, -17.35093 ], [ -63.24345, -17.35096 ], [ -63.24404, -17.3513 ] ] ] } },
{ "type": "Feature", "properties": { "i": 849 }, "geometry": { "type": "Polygon", "coordinates": [ [ [ -63.27245, -17.34502 ], [ -63.27187, -17.34471 ], [ -63.27137, -17.34564 ], [ -63.27137, -17.34568 ], [ -63.27189, -17.346 ], [ -63.27195, -17.34599 ], [ -63.27246, -17.34506 ], [ -63.27245, -17.34502 ] ] ] } },
{ "type": "Feature", "properties": { "i": 850 }, "geometry": { "type": "Polygon", "coordinates": [ [ [ -63.2274, -17.35335 ], [ -63.22643, -17.35284 ], [ -63.22615, -17.35332 ], [ -63.22709, -17.35381 ], [ -63.22715, -17.35379 ], [ -63.2274, -17.35335 ] ] ] } },
{ "type": "Feature", "properties": { "i": 851 }, "geometry": { "type": "GeometryCollection", "geometries": [ { "type": "Polygon", "coordinates": [ [ [ -63.26312, -17.34766 ], [ -63.26379, -17.34665 ], [ -63.26377, -17.34659 ], [ -63.26292, -17.34619 ], [ -63.26288, -17.3462 ], [ -63.26271, -17.34646 ], [ -63.26269, -17.34645 ], [ -63.26266, -17.34649 ], [ -63.26261, -17.34657 ], [ -63.2626, -17.34659 ], [ -63.2623, -17.34705 ], [ -63.26312, -17.34766 ] ] ] }, { "type": "MultiLineString", "coordinates": [ [ [ -63.263, -17.34701 ], [ -63.2627, -17.34679 ], [ -63.26276, -17.34671 ], [ -63.2626, -17.34659 ] ], [ [ -63.26261, -17.34657 ], [ -63.26279, -17.3467 ], [ -63.26274, -17.34677 ], [ -63.26302, -17.34697 ], [ -63.263, -17.34701 ] ] ] } ] } },
{ "type": "Feature", "properties": { "i": 852 }, "geometry": { "type": "Polygon", "coordinates": [ [ [ -63.25192, -17.34862 ], [ -63.25192, -17.3486 ], [ -63.25166, -17.34848 ], [ -63.25124, -17.34916 ], [ -63.2513, -17.34921 ], [ -63.25192, -17.34862 ] ] ] } },
{ "type": "Feature", "properties": { "i": 853 }, "geometry": { "type": "Polygon", "coordinates": [ [ [ -63.23583, -17.35126 ], [ -63.23582, -17.35121 ], [ -63.23528, -17.35088 ], [ -63.23522, -17.3509 ], [ -63.23438, -17.3523 ], [ -63.23439, -17.35234 ], [ -63.23494, -17.35265 ], [ -63.23503, -17.35263 ], [ -63.23583, -17.35126 ] ] ] } },
{ "type": "Feature", "properties": { "i": 854 }, "geometry": { "type": "Polygon", "coordinates": [ [ [ -63.25391, -17.34831 ], [ -63.25391, -17.34827 ], [ -63.25314, -17.34786 ], [ -63.25311, -17.34787 ], [ -63.25255, -17.3488 ], [ -63.25337, -17.34922 ], [ -63.25343, -17.3492 ], [ -63.25391, -17.34831 ] ] ] } },
{ "type": "Feature", "properties": { "i": 855 }, "geometry": { "type": "Polygon", "coordinates": [ [ [ -63.2748, -17.34443 ], [ -63.27409, -17.34406 ], [ -63.27338, -17.3453 ], [ -63.2734, -17.34538 ], [ -63.27456, -17.34596 ], [ -63.27499, -17.34505 ], [ -63.27519, -17.34457 ], [ -63.2748, -17.34443 ] ] ] } },
{ "type": "Feature", "properties": { "i": 856 }, "geometry": { "type": "Polygon", "coordinates": [ [ [ -63.26493, -17.34659 ], [ -63.26422, -17.3462 ], [ -63.26401, -17.34652 ], [ -63.26402, -17.34656 ], [ -63.26469, -17.34691 ], [ -63.26474, -17.34689 ], [ -63.26493, -17.34659 ] ] ] } },
{ "type": "Feature", "properties": { "i": 857 }, "geometry": { "type": "Polygon", "coordinates": [ [ [ -63.25007, -17.34887 ], [ -63.24924, -17.34838 ], [ -63.24919, -17.34841 ], [ -63.24865, -17.34957 ], [ -63.24939, -17.34995 ], [ -63.24944, -17.34993 ], [ -63.25007, -17.34887 ] ] ] } },
{ "type": "Feature", "properties": { "i": 858 }, "geometry": { "type": "Polygon", "coordinates": [ [ [ -63.27673, -17.34598 ], [ -63.27628, -17.34678 ], [ -63.27595, -17.34719 ], [ -63.27576, -17.34774 ], [ -63.27608, -17.34777 ], [ -63.27629, -17.34775 ], [ -63.27673, -17.34754 ], [ -63.27688, -17.34731 ], [ -63.27713, -17.34683 ], [ -63.27744, -17.34589 ], [ -63.27798, -17.34503 ], [ -63.27827, -17.34482 ], [ -63.27828, -17.3449 ], [ -63.27798, -17.34515 ], [ -63.27747, -17.34598 ], [ -63.27716, -17.34698 ], [ -63.27683, -17.34758 ], [ -63.27643, -17.34782 ], [ -63.27644, -17.34784 ], [ -63.27777, -17.34798 ], [ -63.27875, -17.34632 ], [ -63.27908, -17.34569 ], [ -63.2792, -17.34552 ], [ -63.27953, -17.34522 ], [ -63.27975, -17.3449 ], [ -63.28, -17.34418 ], [ -63.28004, -17.34388 ], [ -63.28057, -17.34267 ], [ -63.28095, -17.34173 ], [ -63.28132, -17.34092 ], [ -63.28133, -17.34087 ], [ -63.2813, -17.34082 ], [ -63.28097, -17.34061 ], [ -63.28081, -17.34054 ], [ -63.28041, -17.34042 ], [ -63.28012, -17.3411 ], [ -63.28006, -17.34108 ], [ -63.28034, -17.34042 ], [ -63.28031, -17.34036 ], [ -63.27937, -17.34006 ], [ -63.27887, -17.33995 ], [ -63.27885, -17.34001 ], [ -63.27893, -17.3401 ], [ -63.27892, -17.34026 ], [ -63.27878, -17.34064 ], [ -63.27849, -17.3413 ], [ -63.27843, -17.34158 ], [ -63.27831, -17.34193 ], [ -63.27834, -17.34218 ], [ -63.27845, -17.34228 ], [ -63.27842, -17.34235 ], [ -63.27827, -17.34224 ], [ -63.27824, -17.34206 ], [ -63.27811, -17.34247 ], [ -63.27764, -17.34324 ], [ -63.27763, -17.34329 ], [ -63.27767, -17.34336 ], [ -63.27793, -17.34347 ], [ -63.27797, -17.34354 ], [ -63.27796, -17.3436 ], [ -63.27719, -17.34494 ], [ -63.2771, -17.34493 ], [ -63.27786, -17.34362 ], [ -63.27786, -17.34359 ], [ -63.27784, -17.34357 ], [ -63.27729, -17.34346 ], [ -63.27713, -17.34373 ], [ -63.27714, -17.34381 ], [ -63.27711, -17.34392 ], [ -63.27706, -17.34398 ], [ -63.27696, -17.34403 ], [ -63.27647, -17.34488 ], [ -63.27642, -17.34487 ], [ -63.27673, -17.34428 ], [ -63.27692, -17.34398 ], [ -63.27698, -17.34394 ], [ -63.27702, -17.34388 ], [ -63.27705, -17.34377 ], [ -63.27717, -17.34352 ], [ -63.27716, -17.34345 ], [ -63.27712, -17.34343 ], [ -63.27677, -17.34336 ], [ -63.27658, -17.34326 ], [ -63.27584, -17.34483 ], [ -63.2754, -17.34477 ], [ -63.27529, -17.34497 ], [ -63.275, -17.34558 ], [ -63.27497, -17.3458 ], [ -63.2744, -17.34766 ], [ -63.27557, -17.34779 ], [ -63.27565, -17.34777 ], [ -63.27569, -17.34773 ], [ -63.27585, -17.34724 ], [ -63.27593, -17.34709 ], [ -63.27578, -17.34682 ], [ -63.27582, -17.3468 ], [ -63.27596, -17.34706 ], [ -63.27625, -17.34669 ], [ -63.27668, -17.34595 ], [ -63.27673, -17.34598 ] ] ] } },
{ "type": "Feature", "properties": { "i": 859 }, "geometry": { "type": "Polygon", "coordinates": [ [ [ -63.24364, -17.35036 ], [ -63.24364, -17.35033 ], [ -63.24272, -17.34979 ], [ -63.24268, -17.34979 ], [ -63.24237, -17.35028 ], [ -63.24238, -17.35032 ], [ -63.2433, -17.35086 ], [ -63.24332, -17.35086 ], [ -63.24364, -17.35036 ] ] ] } },
{ "type": "Feature", "properties": { "i": 860 }, "geometry": { "type": "Polygon", "coordinates": [ [ [ -63.28299, -17.34283 ], [ -63.28271, -17.34336 ], [ -63.28293, -17.34347 ], [ -63.28326, -17.34296 ], [ -63.28299, -17.34283 ] ] ] } },
{ "type": "Feature", "properties": { "i": 861 }, "geometry": { "type": "Polygon", "coordinates": [ [ [ -63.2257, -17.35383 ], [ -63.22597, -17.35335 ], [ -63.22512, -17.3529 ], [ -63.22484, -17.35338 ], [ -63.2257, -17.35383 ] ] ] } },
{ "type": "Feature", "properties": { "i": 862 }, "geometry": { "type": "Polygon", "coordinates": [ [ [ -63.25715, -17.34722 ], [ -63.25668, -17.34804 ], [ -63.25668, -17.34809 ], [ -63.25695, -17.34822 ], [ -63.257, -17.34821 ], [ -63.25746, -17.34738 ], [ -63.25745, -17.34734 ], [ -63.25718, -17.34721 ], [ -63.25715, -17.34722 ] ] ] } },
{ "type": "Feature", "properties": { "i": 863 }, "geometry": { "type": "Polygon", "coordinates": [ [ [ -63.23199, -17.3516 ], [ -63.23168, -17.3521 ], [ -63.23168, -17.35214 ], [ -63.23261, -17.35266 ], [ -63.23293, -17.35212 ], [ -63.23228, -17.35174 ], [ -63.23199, -17.3516 ] ] ] } },
{ "type": "Feature", "properties": { "i": 864 }, "geometry": { "type": "Polygon", "coordinates": [ [ [ -63.26669, -17.34695 ], [ -63.26698, -17.3465 ], [ -63.26697, -17.34646 ], [ -63.26574, -17.34577 ], [ -63.2657, -17.34578 ], [ -63.26522, -17.34653 ], [ -63.26522, -17.34656 ], [ -63.26585, -17.34687 ], [ -63.26653, -17.34702 ], [ -63.26662, -17.34701 ], [ -63.26669, -17.34695 ] ] ] } },
{ "type": "Feature", "properties": { "i": 865 }, "geometry": { "type": "Polygon", "coordinates": [ [ [ -63.2695, -17.34475 ], [ -63.26887, -17.34584 ], [ -63.26889, -17.34588 ], [ -63.26944, -17.34602 ], [ -63.26952, -17.34601 ], [ -63.26955, -17.34599 ], [ -63.2701, -17.34509 ], [ -63.26953, -17.34474 ], [ -63.2695, -17.34475 ] ] ] } },
{ "type": "Feature", "properties": { "i": 866 }, "geometry": { "type": "Polygon", "coordinates": [ [ [ -63.21871, -17.35372 ], [ -63.21866, -17.35371 ], [ -63.21864, -17.35373 ], [ -63.21829, -17.35423 ], [ -63.2183, -17.35429 ], [ -63.2197, -17.35511 ], [ -63.21979, -17.35509 ], [ -63.22014, -17.35458 ], [ -63.21871, -17.35372 ] ] ] } },
{ "type": "Feature", "properties": { "i": 867 }, "geometry": { "type": "Polygon", "coordinates": [ [ [ -63.23923, -17.35054 ], [ -63.23872, -17.35021 ], [ -63.23867, -17.35021 ], [ -63.23799, -17.35129 ], [ -63.23799, -17.35132 ], [ -63.2385, -17.35163 ], [ -63.23856, -17.35161 ], [ -63.23923, -17.35054 ] ] ] } },
{ "type": "Feature", "properties": { "i": 868 }, "geometry": { "type": "Polygon", "coordinates": [ [ [ -63.23094, -17.35287 ], [ -63.2313, -17.35231 ], [ -63.23129, -17.35226 ], [ -63.23042, -17.35176 ], [ -63.23036, -17.35176 ], [ -63.23, -17.35235 ], [ -63.23089, -17.35288 ], [ -63.23094, -17.35287 ] ] ] } },
{ "type": "Feature", "properties": { "i": 869 }, "geometry": { "type": "Polygon", "coordinates": [ [ [ -63.25568, -17.34779 ], [ -63.25567, -17.34775 ], [ -63.25465, -17.34724 ], [ -63.25412, -17.34819 ], [ -63.25413, -17.34825 ], [ -63.25507, -17.34876 ], [ -63.25512, -17.34875 ], [ -63.25568, -17.34779 ] ] ] } },
{ "type": "Feature", "properties": { "i": 870 }, "geometry": { "type": "Polygon", "coordinates": [ [ [ -63.22247, -17.3547 ], [ -63.22288, -17.354 ], [ -63.22287, -17.35394 ], [ -63.22126, -17.35308 ], [ -63.22119, -17.35308 ], [ -63.22077, -17.35368 ], [ -63.22077, -17.35371 ], [ -63.22247, -17.3547 ] ] ] } },
{ "type": "Feature", "properties": { "i": 871 }, "geometry": { "type": "Polygon", "coordinates": [ [ [ -63.24686, -17.35 ], [ -63.247, -17.35003 ], [ -63.24741, -17.34908 ], [ -63.2468, -17.34877 ], [ -63.24674, -17.34877 ], [ -63.2467, -17.34881 ], [ -63.24663, -17.3493 ], [ -63.24663, -17.34956 ], [ -63.24673, -17.34984 ], [ -63.24686, -17.35 ] ] ] } },
{ "type": "Feature", "properties": { "i": 872 }, "geometry": { "type": "Polygon", "coordinates": [ [ [ -63.25029, -17.34885 ], [ -63.25097, -17.34926 ], [ -63.25101, -17.34925 ], [ -63.25154, -17.34843 ], [ -63.2508, -17.348 ], [ -63.25077, -17.348 ], [ -63.25028, -17.34882 ], [ -63.25029, -17.34885 ] ] ] } },
{ "type": "Feature", "properties": { "i": 873 }, "geometry": { "type": "Polygon", "coordinates": [ [ [ -63.26065, -17.34738 ], [ -63.26112, -17.34677 ], [ -63.2606, -17.34637 ], [ -63.25992, -17.34719 ], [ -63.26003, -17.34728 ], [ -63.26054, -17.34755 ], [ -63.26065, -17.34738 ] ] ] } },
{ "type": "Feature", "properties": { "i": 874 }, "geometry": { "type": "Polygon", "coordinates": [ [ [ -63.25237, -17.34871 ], [ -63.25243, -17.34869 ], [ -63.25284, -17.34804 ], [ -63.25282, -17.348 ], [ -63.25279, -17.348 ], [ -63.25217, -17.34853 ], [ -63.25217, -17.34859 ], [ -63.25237, -17.34871 ] ] ] } },
{ "type": "Feature", "properties": { "i": 875 }, "geometry": { "type": "Polygon", "coordinates": [ [ [ -63.24216, -17.35037 ], [ -63.24215, -17.35034 ], [ -63.24105, -17.34969 ], [ -63.24101, -17.3497 ], [ -63.24071, -17.35019 ], [ -63.24073, -17.35025 ], [ -63.2418, -17.35088 ], [ -63.24184, -17.35087 ], [ -63.24216, -17.35037 ] ] ] } },
{ "type": "Feature", "properties": { "i": 876 }, "geometry": { "type": "Polygon", "coordinates": [ [ [ -63.2331, -17.35207 ], [ -63.23375, -17.35242 ], [ -63.23443, -17.35131 ], [ -63.2344, -17.35119 ], [ -63.23386, -17.35089 ], [ -63.2338, -17.3509 ], [ -63.2331, -17.35207 ] ] ] } },
{ "type": "Feature", "properties": { "i": 877 }, "geometry": { "type": "Polygon", "coordinates": [ [ [ -63.24413, -17.34951 ], [ -63.24305, -17.34927 ], [ -63.243, -17.34929 ], [ -63.24277, -17.34965 ], [ -63.24371, -17.35022 ], [ -63.24374, -17.35021 ], [ -63.24416, -17.34956 ], [ -63.24413, -17.34951 ] ] ] } },
{ "type": "Feature", "properties": { "i": 878 }, "geometry": { "type": "Polygon", "coordinates": [ [ [ -63.22473, -17.35344 ], [ -63.22472, -17.35341 ], [ -63.22362, -17.35283 ], [ -63.22334, -17.35334 ], [ -63.22334, -17.35337 ], [ -63.22442, -17.35392 ], [ -63.22446, -17.3539 ], [ -63.22473, -17.35344 ] ] ] } },
{ "type": "Feature", "properties": { "i": 879 }, "geometry": { "type": "Polygon", "coordinates": [ [ [ -63.27123, -17.34557 ], [ -63.27176, -17.34468 ], [ -63.27175, -17.34465 ], [ -63.27136, -17.34444 ], [ -63.27081, -17.34534 ], [ -63.27082, -17.34537 ], [ -63.27119, -17.34558 ], [ -63.27123, -17.34557 ] ] ] } },
{ "type": "Feature", "properties": { "i": 880 }, "geometry": { "type": "Polygon", "coordinates": [ [ [ -63.22944, -17.35296 ], [ -63.2298, -17.35238 ], [ -63.22902, -17.35191 ], [ -63.22898, -17.35192 ], [ -63.22867, -17.35247 ], [ -63.22868, -17.35254 ], [ -63.2294, -17.35297 ], [ -63.22944, -17.35296 ] ] ] } },
{ "type": "Feature", "properties": { "i": 881 }, "geometry": { "type": "Polygon", "coordinates": [ [ [ -63.22676, -17.35226 ], [ -63.22648, -17.35275 ], [ -63.2274, -17.35323 ], [ -63.22745, -17.35323 ], [ -63.22773, -17.35276 ], [ -63.22676, -17.35226 ] ] ] } },
{ "type": "Feature", "properties": { "i": 882 }, "geometry": { "type": "Polygon", "coordinates": [ [ [ -63.27395, -17.34409 ], [ -63.27336, -17.34379 ], [ -63.27329, -17.3438 ], [ -63.27265, -17.34497 ], [ -63.27327, -17.34527 ], [ -63.27395, -17.34409 ] ] ] } },
{ "type": "Feature", "properties": { "i": 883 }, "geometry": { "type": "Polygon", "coordinates": [ [ [ -63.2406, -17.35002 ], [ -63.24056, -17.34997 ], [ -63.23882, -17.34999 ], [ -63.23877, -17.35008 ], [ -63.24006, -17.35084 ], [ -63.2406, -17.35002 ] ] ] } },
{ "type": "Feature", "properties": { "i": 884 }, "geometry": { "type": "Polygon", "coordinates": [ [ [ -63.25703, -17.34717 ], [ -63.25702, -17.34712 ], [ -63.25649, -17.34685 ], [ -63.25645, -17.34686 ], [ -63.25593, -17.34769 ], [ -63.25594, -17.34774 ], [ -63.25649, -17.34801 ], [ -63.25655, -17.34799 ], [ -63.25703, -17.34717 ] ] ] } },
{ "type": "Feature", "properties": { "i": 885 }, "geometry": { "type": "Polygon", "coordinates": [ [ [ -63.25896, -17.34687 ], [ -63.25895, -17.34683 ], [ -63.25886, -17.34678 ], [ -63.25817, -17.34642 ], [ -63.25813, -17.34643 ], [ -63.25768, -17.34729 ], [ -63.2577, -17.34732 ], [ -63.25832, -17.34763 ], [ -63.25896, -17.34687 ] ] ] } },
{ "type": "Feature", "properties": { "i": 886 }, "geometry": { "type": "Polygon", "coordinates": [ [ [ -63.2676, -17.34553 ], [ -63.26761, -17.34539 ], [ -63.26753, -17.34527 ], [ -63.26657, -17.34478 ], [ -63.26645, -17.34477 ], [ -63.26637, -17.34479 ], [ -63.26629, -17.34484 ], [ -63.26582, -17.34561 ], [ -63.26583, -17.34564 ], [ -63.26708, -17.34634 ], [ -63.2676, -17.34553 ] ] ] } },
{ "type": "Feature", "properties": { "i": 887 }, "geometry": { "type": "Polygon", "coordinates": [ [ [ -63.26222, -17.34696 ], [ -63.26276, -17.34614 ], [ -63.26275, -17.3461 ], [ -63.26209, -17.34578 ], [ -63.26204, -17.3458 ], [ -63.26156, -17.3466 ], [ -63.26157, -17.34665 ], [ -63.26218, -17.34697 ], [ -63.26222, -17.34696 ] ] ] } },
{ "type": "Feature", "properties": { "i": 888 }, "geometry": { "type": "Polygon", "coordinates": [ [ [ -63.2707, -17.3453 ], [ -63.27123, -17.34442 ], [ -63.27122, -17.34436 ], [ -63.27083, -17.34416 ], [ -63.27026, -17.34504 ], [ -63.2707, -17.3453 ] ] ] } },
{ "type": "Feature", "properties": { "i": 889 }, "geometry": { "type": "Polygon", "coordinates": [ [ [ -63.26432, -17.34605 ], [ -63.265, -17.34643 ], [ -63.26504, -17.34642 ], [ -63.26552, -17.34568 ], [ -63.26552, -17.34565 ], [ -63.26485, -17.34526 ], [ -63.2648, -17.34526 ], [ -63.26432, -17.34605 ] ] ] } },
{ "type": "Feature", "properties": { "i": 890 }, "geometry": { "type": "Polygon", "coordinates": [ [ [ -63.2372, -17.35061 ], [ -63.23663, -17.3503 ], [ -63.23659, -17.35031 ], [ -63.23609, -17.35112 ], [ -63.2361, -17.35117 ], [ -63.23663, -17.35146 ], [ -63.23673, -17.35143 ], [ -63.2372, -17.35064 ], [ -63.2372, -17.35061 ] ] ] } },
{ "type": "Feature", "properties": { "i": 891 }, "geometry": { "type": "Polygon", "coordinates": [ [ [ -63.26345, -17.3458 ], [ -63.26337, -17.34593 ], [ -63.26344, -17.3458 ], [ -63.26332, -17.34574 ], [ -63.26327, -17.34575 ], [ -63.263, -17.34604 ], [ -63.26301, -17.34607 ], [ -63.26385, -17.34648 ], [ -63.26389, -17.34647 ], [ -63.26407, -17.34619 ], [ -63.26406, -17.34615 ], [ -63.26391, -17.34606 ], [ -63.26387, -17.34612 ], [ -63.26365, -17.34601 ], [ -63.2637, -17.34592 ], [ -63.26345, -17.3458 ] ] ] } },
{ "type": "Feature", "properties": { "i": 892 }, "geometry": { "type": "Polygon", "coordinates": [ [ [ -63.25204, -17.34852 ], [ -63.25288, -17.34778 ], [ -63.25288, -17.34775 ], [ -63.25229, -17.34742 ], [ -63.25173, -17.34835 ], [ -63.25175, -17.34838 ], [ -63.25204, -17.34852 ] ] ] } },
{ "type": "Feature", "properties": { "i": 893 }, "geometry": { "type": "Polygon", "coordinates": [ [ [ -63.22633, -17.35277 ], [ -63.22548, -17.35232 ], [ -63.22543, -17.35234 ], [ -63.22519, -17.35277 ], [ -63.22522, -17.35283 ], [ -63.22604, -17.35325 ], [ -63.22633, -17.35277 ] ] ] } },
{ "type": "Feature", "properties": { "i": 894 }, "geometry": { "type": "Polygon", "coordinates": [ [ [ -63.28342, -17.34204 ], [ -63.28301, -17.34278 ], [ -63.28329, -17.34291 ], [ -63.28374, -17.34221 ], [ -63.28342, -17.34204 ] ] ] } },
{ "type": "Feature", "properties": { "i": 895 }, "geometry": { "type": "Polygon", "coordinates": [ [ [ -63.24288, -17.34924 ], [ -63.24282, -17.3492 ], [ -63.24136, -17.34921 ], [ -63.24131, -17.34924 ], [ -63.24111, -17.34955 ], [ -63.24112, -17.34959 ], [ -63.24127, -17.34968 ], [ -63.24222, -17.35023 ], [ -63.24225, -17.35023 ], [ -63.24288, -17.34924 ] ] ] } },
{ "type": "Feature", "properties": { "i": 896 }, "geometry": { "type": "Polygon", "coordinates": [ [ [ -63.233, -17.35201 ], [ -63.23332, -17.35145 ], [ -63.23239, -17.35096 ], [ -63.23204, -17.35148 ], [ -63.233, -17.35201 ] ] ] } },
{ "type": "Feature", "properties": { "i": 897 }, "geometry": { "type": "Polygon", "coordinates": [ [ [ -63.24826, -17.34782 ], [ -63.24762, -17.34901 ], [ -63.24763, -17.34905 ], [ -63.24849, -17.34947 ], [ -63.24853, -17.34946 ], [ -63.24909, -17.34832 ], [ -63.24908, -17.34829 ], [ -63.24826, -17.34782 ] ] ] } },
{ "type": "Feature", "properties": { "i": 898 }, "geometry": { "type": "Polygon", "coordinates": [ [ [ -63.23787, -17.35123 ], [ -63.23855, -17.35016 ], [ -63.23852, -17.35011 ], [ -63.23795, -17.34977 ], [ -63.2379, -17.34979 ], [ -63.23721, -17.35087 ], [ -63.23783, -17.35124 ], [ -63.23787, -17.35123 ] ] ] } },
{ "type": "Feature", "properties": { "i": 899 }, "geometry": { "type": "Polygon", "coordinates": [ [ [ -63.26046, -17.34629 ], [ -63.26014, -17.34605 ], [ -63.25967, -17.34581 ], [ -63.25966, -17.34583 ], [ -63.25963, -17.34581 ], [ -63.25919, -17.34678 ], [ -63.25919, -17.34682 ], [ -63.25977, -17.34714 ], [ -63.26045, -17.34632 ], [ -63.26046, -17.34629 ] ] ] } },
{ "type": "Feature", "properties": { "i": 900 }, "geometry": { "type": "Polygon", "coordinates": [ [ [ -63.23173, -17.35163 ], [ -63.23172, -17.35156 ], [ -63.23084, -17.35106 ], [ -63.23079, -17.35107 ], [ -63.23044, -17.35162 ], [ -63.23044, -17.35167 ], [ -63.23139, -17.35219 ], [ -63.23173, -17.35163 ] ] ] } },
{ "type": "Feature", "properties": { "i": 901 }, "geometry": { "type": "Polygon", "coordinates": [ [ [ -63.24606, -17.34959 ], [ -63.2463, -17.34853 ], [ -63.24626, -17.34848 ], [ -63.24553, -17.34834 ], [ -63.24549, -17.34837 ], [ -63.24531, -17.34942 ], [ -63.24606, -17.34959 ] ] ] } },
{ "type": "Feature", "properties": { "i": 902 }, "geometry": { "type": "Polygon", "coordinates": [ [ [ -63.22293, -17.35388 ], [ -63.2232, -17.3534 ], [ -63.22318, -17.35335 ], [ -63.2216, -17.35252 ], [ -63.22126, -17.35299 ], [ -63.22126, -17.35302 ], [ -63.2229, -17.35389 ], [ -63.22293, -17.35388 ] ] ] } },
{ "type": "Feature", "properties": { "i": 903 }, "geometry": { "type": "Polygon", "coordinates": [ [ [ -63.22505, -17.35285 ], [ -63.22395, -17.35226 ], [ -63.22366, -17.35276 ], [ -63.22475, -17.35333 ], [ -63.2248, -17.35331 ], [ -63.22506, -17.35288 ], [ -63.22505, -17.35285 ] ] ] } },
{ "type": "Feature", "properties": { "i": 904 }, "geometry": { "type": "Polygon", "coordinates": [ [ [ -63.25376, -17.34681 ], [ -63.25373, -17.34682 ], [ -63.2532, -17.34774 ], [ -63.25321, -17.34779 ], [ -63.25394, -17.34816 ], [ -63.25399, -17.34815 ], [ -63.25449, -17.34721 ], [ -63.25447, -17.34715 ], [ -63.25376, -17.34681 ] ] ] } },
{ "type": "Feature", "properties": { "i": 905 }, "geometry": { "type": "Polygon", "coordinates": [ [ [ -63.27197, -17.34461 ], [ -63.27255, -17.34491 ], [ -63.27316, -17.34371 ], [ -63.27258, -17.34343 ], [ -63.27195, -17.34458 ], [ -63.27197, -17.34461 ] ] ] } },
{ "type": "Feature", "properties": { "i": 906 }, "geometry": { "type": "Polygon", "coordinates": [ [ [ -63.22937, -17.35121 ], [ -63.22908, -17.35173 ], [ -63.22907, -17.35177 ], [ -63.22909, -17.35182 ], [ -63.22988, -17.35228 ], [ -63.23025, -17.35171 ], [ -63.23022, -17.35167 ], [ -63.22944, -17.3512 ], [ -63.22937, -17.35121 ] ] ] } },
{ "type": "Feature", "properties": { "i": 907 }, "geometry": { "type": "Polygon", "coordinates": [ [ [ -63.25062, -17.3479 ], [ -63.24969, -17.34741 ], [ -63.24966, -17.34742 ], [ -63.24928, -17.34822 ], [ -63.24929, -17.34827 ], [ -63.25012, -17.34874 ], [ -63.25015, -17.34874 ], [ -63.25063, -17.34795 ], [ -63.25062, -17.3479 ] ] ] } },
{ "type": "Feature", "properties": { "i": 908 }, "geometry": { "type": "Polygon", "coordinates": [ [ [ -63.27416, -17.34405 ], [ -63.27499, -17.34446 ], [ -63.27572, -17.34319 ], [ -63.27569, -17.34314 ], [ -63.27538, -17.34303 ], [ -63.27486, -17.34276 ], [ -63.27415, -17.34401 ], [ -63.27416, -17.34405 ] ] ] } },
{ "type": "Feature", "properties": { "i": 909 }, "geometry": { "type": "Polygon", "coordinates": [ [ [ -63.24452, -17.34855 ], [ -63.24438, -17.3492 ], [ -63.24518, -17.3494 ], [ -63.24532, -17.34873 ], [ -63.24452, -17.34855 ] ] ] } },
{ "type": "Feature", "properties": { "i": 910 }, "geometry": { "type": "Polygon", "coordinates": [ [ [ -63.22717, -17.35235 ], [ -63.22771, -17.35265 ], [ -63.22778, -17.35265 ], [ -63.22823, -17.3519 ], [ -63.22821, -17.35186 ], [ -63.22767, -17.35157 ], [ -63.22761, -17.35159 ], [ -63.22717, -17.35235 ] ] ] } },
{ "type": "Feature", "properties": { "i": 911 }, "geometry": { "type": "Polygon", "coordinates": [ [ [ -63.21671, -17.35337 ], [ -63.21667, -17.35338 ], [ -63.21663, -17.35403 ], [ -63.21757, -17.35467 ], [ -63.21792, -17.35415 ], [ -63.21671, -17.35337 ] ] ] } },
{ "type": "Feature", "properties": { "i": 912 }, "geometry": { "type": "Polygon", "coordinates": [ [ [ -63.27071, -17.34413 ], [ -63.2707, -17.34409 ], [ -63.27009, -17.34376 ], [ -63.26953, -17.34347 ], [ -63.26946, -17.34348 ], [ -63.26921, -17.34384 ], [ -63.26835, -17.3452 ], [ -63.26833, -17.34525 ], [ -63.26835, -17.34534 ], [ -63.2684, -17.34539 ], [ -63.26883, -17.34552 ], [ -63.26892, -17.34551 ], [ -63.26944, -17.34469 ], [ -63.26951, -17.34461 ], [ -63.27013, -17.34497 ], [ -63.27019, -17.34496 ], [ -63.27071, -17.34413 ] ] ] } },
{ "type": "Feature", "properties": { "i": 913 }, "geometry": { "type": "Polygon", "coordinates": [ [ [ -63.22663, -17.35222 ], [ -63.22662, -17.35219 ], [ -63.22578, -17.35175 ], [ -63.2255, -17.35224 ], [ -63.22637, -17.35268 ], [ -63.22663, -17.35222 ] ] ] } },
{ "type": "Feature", "properties": { "i": 914 }, "geometry": { "type": "Polygon", "coordinates": [ [ [ -63.23582, -17.3499 ], [ -63.23534, -17.35068 ], [ -63.23535, -17.35072 ], [ -63.23592, -17.35104 ], [ -63.23598, -17.35102 ], [ -63.23647, -17.3502 ], [ -63.23587, -17.34988 ], [ -63.23582, -17.3499 ] ] ] } },
{ "type": "Feature", "properties": { "i": 915 }, "geometry": { "type": "Polygon", "coordinates": [ [ [ -63.25522, -17.34623 ], [ -63.25473, -17.34708 ], [ -63.25475, -17.34714 ], [ -63.25575, -17.34764 ], [ -63.25579, -17.34763 ], [ -63.25631, -17.3468 ], [ -63.25631, -17.34677 ], [ -63.25526, -17.34622 ], [ -63.25522, -17.34623 ] ] ] } },
{ "type": "Feature", "properties": { "i": 916 }, "geometry": { "type": "Polygon", "coordinates": [ [ [ -63.23486, -17.35051 ], [ -63.2342, -17.35025 ], [ -63.23389, -17.35075 ], [ -63.2339, -17.35079 ], [ -63.23447, -17.35111 ], [ -63.23456, -17.35108 ], [ -63.23488, -17.35056 ], [ -63.23486, -17.35051 ] ] ] } },
{ "type": "Feature", "properties": { "i": 917 }, "geometry": { "type": "Polygon", "coordinates": [ [ [ -63.2619, -17.34573 ], [ -63.26188, -17.34567 ], [ -63.26113, -17.3453 ], [ -63.26109, -17.34532 ], [ -63.26069, -17.34619 ], [ -63.2607, -17.34622 ], [ -63.26137, -17.34657 ], [ -63.26141, -17.34656 ], [ -63.2619, -17.34573 ] ] ] } },
{ "type": "Feature", "properties": { "i": 918 }, "geometry": { "type": "Polygon", "coordinates": [ [ [ -63.25214, -17.34733 ], [ -63.25138, -17.34692 ], [ -63.25134, -17.34693 ], [ -63.25085, -17.34785 ], [ -63.25086, -17.3479 ], [ -63.25157, -17.34829 ], [ -63.25163, -17.34827 ], [ -63.25215, -17.34737 ], [ -63.25214, -17.34733 ] ] ] } },
{ "type": "Feature", "properties": { "i": 919 }, "geometry": { "type": "Polygon", "coordinates": [ [ [ -63.26464, -17.34516 ], [ -63.26391, -17.34475 ], [ -63.26387, -17.34475 ], [ -63.26344, -17.34551 ], [ -63.26344, -17.34557 ], [ -63.26414, -17.34599 ], [ -63.26422, -17.34596 ], [ -63.26466, -17.34522 ], [ -63.26464, -17.34516 ] ] ] } },
{ "type": "Feature", "properties": { "i": 920 }, "geometry": { "type": "Polygon", "coordinates": [ [ [ -63.25657, -17.34672 ], [ -63.25751, -17.34722 ], [ -63.25755, -17.34721 ], [ -63.25802, -17.34637 ], [ -63.258, -17.34632 ], [ -63.25705, -17.3458 ], [ -63.25702, -17.3458 ], [ -63.25689, -17.34604 ], [ -63.25762, -17.34643 ], [ -63.25745, -17.34676 ], [ -63.25723, -17.34663 ], [ -63.25739, -17.34637 ], [ -63.25688, -17.34608 ], [ -63.25656, -17.34665 ], [ -63.25657, -17.34672 ] ] ] } },
{ "type": "Feature", "properties": { "i": 921 }, "geometry": { "type": "Polygon", "coordinates": [ [ [ -63.24429, -17.34919 ], [ -63.24443, -17.34853 ], [ -63.24431, -17.34851 ], [ -63.24416, -17.34913 ], [ -63.24417, -17.34917 ], [ -63.24429, -17.34919 ] ] ] } },
{ "type": "Feature", "properties": { "i": 922 }, "geometry": { "type": "Polygon", "coordinates": [ [ [ -63.22198, -17.35197 ], [ -63.22165, -17.35243 ], [ -63.22165, -17.35246 ], [ -63.22318, -17.35329 ], [ -63.22327, -17.35326 ], [ -63.22353, -17.35278 ], [ -63.22198, -17.35197 ] ] ] } },
{ "type": "Feature", "properties": { "i": 923 }, "geometry": { "type": "Polygon", "coordinates": [ [ [ -63.22507, -17.35274 ], [ -63.22514, -17.35273 ], [ -63.22538, -17.35229 ], [ -63.22537, -17.35226 ], [ -63.2243, -17.35168 ], [ -63.22402, -17.35218 ], [ -63.22507, -17.35274 ] ] ] } },
{ "type": "Feature", "properties": { "i": 924 }, "geometry": { "type": "Polygon", "coordinates": [ [ [ -63.23716, -17.34965 ], [ -63.23642, -17.34925 ], [ -63.23621, -17.34926 ], [ -63.23593, -17.3497 ], [ -63.23593, -17.34975 ], [ -63.23703, -17.35035 ], [ -63.23716, -17.34965 ] ] ] } },
{ "type": "Feature", "properties": { "i": 925 }, "geometry": { "type": "Polygon", "coordinates": [ [ [ -63.2481, -17.34774 ], [ -63.24737, -17.34734 ], [ -63.24734, -17.34734 ], [ -63.24676, -17.34849 ], [ -63.24674, -17.34859 ], [ -63.24746, -17.34896 ], [ -63.24749, -17.34895 ], [ -63.24811, -17.34778 ], [ -63.2481, -17.34774 ] ] ] } },
{ "type": "Feature", "properties": { "i": 926 }, "geometry": { "type": "Polygon", "coordinates": [ [ [ -63.27184, -17.34452 ], [ -63.27245, -17.34338 ], [ -63.27245, -17.34335 ], [ -63.2719, -17.34308 ], [ -63.27185, -17.34309 ], [ -63.27123, -17.34421 ], [ -63.27184, -17.34452 ] ] ] } },
{ "type": "Feature", "properties": { "i": 927 }, "geometry": { "type": "Polygon", "coordinates": [ [ [ -63.24108, -17.34926 ], [ -63.24106, -17.34921 ], [ -63.23824, -17.34925 ], [ -63.23802, -17.34961 ], [ -63.23803, -17.34965 ], [ -63.2386, -17.35 ], [ -63.23866, -17.34999 ], [ -63.23874, -17.34986 ], [ -63.24065, -17.34985 ], [ -63.24072, -17.34981 ], [ -63.24108, -17.34926 ] ] ] } },
{ "type": "Feature", "properties": { "i": 928 }, "geometry": { "type": "Polygon", "coordinates": [ [ [ -63.22153, -17.35251 ], [ -63.22153, -17.35247 ], [ -63.22089, -17.35207 ], [ -63.22006, -17.35325 ], [ -63.22007, -17.35328 ], [ -63.22069, -17.35368 ], [ -63.22072, -17.35367 ], [ -63.22153, -17.35251 ] ] ] } },
{ "type": "Feature", "properties": { "i": 929 }, "geometry": { "type": "Polygon", "coordinates": [ [ [ -63.26241, -17.34521 ], [ -63.26236, -17.34522 ], [ -63.26213, -17.34562 ], [ -63.26215, -17.34565 ], [ -63.26283, -17.34598 ], [ -63.26287, -17.34597 ], [ -63.26319, -17.34564 ], [ -63.26241, -17.34521 ] ] ] } },
{ "type": "Feature", "properties": { "i": 930 }, "geometry": { "type": "Polygon", "coordinates": [ [ [ -63.22708, -17.35226 ], [ -63.22749, -17.35154 ], [ -63.22747, -17.35147 ], [ -63.22695, -17.35119 ], [ -63.22691, -17.3512 ], [ -63.22647, -17.35194 ], [ -63.22648, -17.35199 ], [ -63.22701, -17.35227 ], [ -63.22708, -17.35226 ] ] ] } },
{ "type": "Feature", "properties": { "i": 931 }, "geometry": { "type": "Polygon", "coordinates": [ [ [ -63.26615, -17.34459 ], [ -63.26539, -17.34422 ], [ -63.26536, -17.34424 ], [ -63.26489, -17.34509 ], [ -63.2649, -17.34513 ], [ -63.26558, -17.34552 ], [ -63.26562, -17.34552 ], [ -63.26617, -17.34466 ], [ -63.26615, -17.34459 ] ] ] } },
{ "type": "Feature", "properties": { "i": 932 }, "geometry": { "type": "Polygon", "coordinates": [ [ [ -63.23223, -17.35089 ], [ -63.23128, -17.35035 ], [ -63.23125, -17.35035 ], [ -63.2309, -17.35092 ], [ -63.23091, -17.35096 ], [ -63.23184, -17.35149 ], [ -63.23223, -17.35089 ] ] ] } },
{ "type": "Feature", "properties": { "i": 933 }, "geometry": { "type": "Polygon", "coordinates": [ [ [ -63.25951, -17.34575 ], [ -63.25874, -17.34535 ], [ -63.25822, -17.34628 ], [ -63.25904, -17.34674 ], [ -63.25951, -17.34575 ] ] ] } },
{ "type": "Feature", "properties": { "i": 934 }, "geometry": { "type": "Polygon", "coordinates": [ [ [ -63.24427, -17.34814 ], [ -63.24425, -17.34811 ], [ -63.24337, -17.34796 ], [ -63.24333, -17.34798 ], [ -63.24311, -17.34889 ], [ -63.24313, -17.34892 ], [ -63.24399, -17.34912 ], [ -63.24404, -17.3491 ], [ -63.24427, -17.34814 ] ] ] } },
{ "type": "Feature", "properties": { "i": 935 }, "geometry": { "type": "Polygon", "coordinates": [ [ [ -63.23252, -17.35089 ], [ -63.23339, -17.35133 ], [ -63.23341, -17.35131 ], [ -63.23406, -17.35023 ], [ -63.23317, -17.34988 ], [ -63.23252, -17.35089 ] ] ] } },
{ "type": "Feature", "properties": { "i": 936 }, "geometry": { "type": "Polygon", "coordinates": [ [ [ -63.25307, -17.34766 ], [ -63.25355, -17.34672 ], [ -63.25352, -17.34666 ], [ -63.2529, -17.34638 ], [ -63.25287, -17.34639 ], [ -63.25235, -17.34729 ], [ -63.25236, -17.34733 ], [ -63.25301, -17.34767 ], [ -63.25307, -17.34766 ] ] ] } },
{ "type": "Feature", "properties": { "i": 937 }, "geometry": { "type": "Polygon", "coordinates": [ [ [ -63.2454, -17.34834 ], [ -63.24537, -17.34831 ], [ -63.24443, -17.34815 ], [ -63.2444, -17.34816 ], [ -63.24434, -17.34841 ], [ -63.24436, -17.34845 ], [ -63.24533, -17.34865 ], [ -63.2454, -17.34834 ] ] ] } },
{ "type": "Feature", "properties": { "i": 938 }, "geometry": { "type": "Polygon", "coordinates": [ [ [ -63.23068, -17.35097 ], [ -63.22979, -17.35045 ], [ -63.22944, -17.35106 ], [ -63.23028, -17.35157 ], [ -63.23031, -17.35157 ], [ -63.23034, -17.35156 ], [ -63.23069, -17.35103 ], [ -63.23068, -17.35097 ] ] ] } },
{ "type": "Feature", "properties": { "i": 939 }, "geometry": { "type": "Polygon", "coordinates": [ [ [ -63.26786, -17.34528 ], [ -63.26866, -17.34411 ], [ -63.26717, -17.34341 ], [ -63.26713, -17.34341 ], [ -63.2671, -17.34343 ], [ -63.26656, -17.3444 ], [ -63.26655, -17.34462 ], [ -63.26786, -17.34528 ] ] ] } },
{ "type": "Feature", "properties": { "i": 940 }, "geometry": { "type": "Polygon", "coordinates": [ [ [ -63.22825, -17.35175 ], [ -63.22833, -17.35173 ], [ -63.22857, -17.3513 ], [ -63.22759, -17.35079 ], [ -63.22733, -17.35121 ], [ -63.22733, -17.35125 ], [ -63.22825, -17.35175 ] ] ] } },
{ "type": "Feature", "properties": { "i": 941 }, "geometry": { "type": "Polygon", "coordinates": [ [ [ -63.24916, -17.34815 ], [ -63.24955, -17.34736 ], [ -63.24954, -17.34732 ], [ -63.24876, -17.34689 ], [ -63.24873, -17.3469 ], [ -63.24832, -17.34768 ], [ -63.24834, -17.34773 ], [ -63.24913, -17.34816 ], [ -63.24916, -17.34815 ] ] ] } },
{ "type": "Feature", "properties": { "i": 942 }, "geometry": { "type": "Polygon", "coordinates": [ [ [ -63.29182, -17.3372 ], [ -63.29167, -17.33692 ], [ -63.2916, -17.33692 ], [ -63.29063, -17.3385 ], [ -63.28933, -17.34185 ], [ -63.29269, -17.34228 ], [ -63.29321, -17.33954 ], [ -63.29357, -17.33807 ], [ -63.29277, -17.33798 ], [ -63.2927, -17.33801 ], [ -63.29246, -17.33863 ], [ -63.29187, -17.33845 ], [ -63.29182, -17.3372 ] ] ] } },
{ "type": "Feature", "properties": { "i": 943 }, "geometry": { "type": "Polygon", "coordinates": [ [ [ -63.26054, -17.34612 ], [ -63.26059, -17.3461 ], [ -63.26097, -17.34522 ], [ -63.26008, -17.34479 ], [ -63.26006, -17.3448 ], [ -63.2597, -17.34564 ], [ -63.25971, -17.34567 ], [ -63.26054, -17.34612 ] ] ] } },
{ "type": "Feature", "properties": { "i": 944 }, "geometry": { "type": "Polygon", "coordinates": [ [ [ -63.21179, -17.35567 ], [ -63.21191, -17.35499 ], [ -63.21261, -17.35404 ], [ -63.21293, -17.3535 ], [ -63.21314, -17.35227 ], [ -63.21317, -17.3519 ], [ -63.21277, -17.35164 ], [ -63.21009, -17.35172 ], [ -63.20955, -17.35538 ], [ -63.21179, -17.35567 ] ] ] } },
{ "type": "Feature", "properties": { "i": 945 }, "geometry": { "type": "Polygon", "coordinates": [ [ [ -63.2551, -17.34615 ], [ -63.25509, -17.34612 ], [ -63.25466, -17.34589 ], [ -63.25427, -17.34569 ], [ -63.25424, -17.3457 ], [ -63.25378, -17.34662 ], [ -63.25379, -17.34666 ], [ -63.25455, -17.34705 ], [ -63.2546, -17.34704 ], [ -63.2551, -17.34615 ] ] ] } },
{ "type": "Feature", "properties": { "i": 946 }, "geometry": { "type": "Polygon", "coordinates": [ [ [ -63.22388, -17.35221 ], [ -63.22238, -17.35143 ], [ -63.22233, -17.35146 ], [ -63.22202, -17.35191 ], [ -63.22355, -17.35271 ], [ -63.22358, -17.3527 ], [ -63.22388, -17.35221 ] ] ] } },
{ "type": "Feature", "properties": { "i": 947 }, "geometry": { "type": "Polygon", "coordinates": [ [ [ -63.27404, -17.34396 ], [ -63.27477, -17.34269 ], [ -63.27409, -17.34234 ], [ -63.27337, -17.34365 ], [ -63.274, -17.34396 ], [ -63.27404, -17.34396 ] ] ] } },
{ "type": "Feature", "properties": { "i": 948 }, "geometry": { "type": "Polygon", "coordinates": [ [ [ -63.26145, -17.34469 ], [ -63.26139, -17.34469 ], [ -63.26117, -17.34515 ], [ -63.26194, -17.34555 ], [ -63.26202, -17.34554 ], [ -63.26223, -17.34519 ], [ -63.26222, -17.34511 ], [ -63.26145, -17.34469 ] ] ] } },
{ "type": "Feature", "properties": { "i": 949 }, "geometry": { "type": "Polygon", "coordinates": [ [ [ -63.27174, -17.34302 ], [ -63.27114, -17.34271 ], [ -63.27052, -17.34383 ], [ -63.27053, -17.34386 ], [ -63.2711, -17.34415 ], [ -63.27113, -17.34414 ], [ -63.27174, -17.34302 ] ] ] } },
{ "type": "Feature", "properties": { "i": 950 }, "geometry": { "type": "Polygon", "coordinates": [ [ [ -63.22633, -17.35083 ], [ -63.22587, -17.35163 ], [ -63.22588, -17.35168 ], [ -63.22637, -17.35194 ], [ -63.22683, -17.35111 ], [ -63.22633, -17.35083 ] ] ] } },
{ "type": "Feature", "properties": { "i": 951 }, "geometry": { "type": "Polygon", "coordinates": [ [ [ -63.23544, -17.34927 ], [ -63.2349, -17.34926 ], [ -63.23434, -17.35019 ], [ -63.23497, -17.3504 ], [ -63.23553, -17.34946 ], [ -63.23555, -17.34938 ], [ -63.23551, -17.34931 ], [ -63.23544, -17.34927 ] ] ] } },
{ "type": "Feature", "properties": { "i": 952 }, "geometry": { "type": "Polygon", "coordinates": [ [ [ -63.22568, -17.35171 ], [ -63.22567, -17.35168 ], [ -63.22461, -17.35113 ], [ -63.22433, -17.35162 ], [ -63.22541, -17.35219 ], [ -63.22568, -17.35171 ] ] ] } },
{ "type": "Feature", "properties": { "i": 953 }, "geometry": { "type": "Polygon", "coordinates": [ [ [ -63.26331, -17.34547 ], [ -63.26375, -17.34469 ], [ -63.26374, -17.34464 ], [ -63.26299, -17.34421 ], [ -63.26294, -17.34423 ], [ -63.26248, -17.34499 ], [ -63.26247, -17.34504 ], [ -63.26328, -17.34549 ], [ -63.26331, -17.34547 ] ] ] } },
{ "type": "Feature", "properties": { "i": 954 }, "geometry": { "type": "Polygon", "coordinates": [ [ [ -63.2512, -17.34683 ], [ -63.25022, -17.3463 ], [ -63.25018, -17.34632 ], [ -63.24974, -17.34725 ], [ -63.24976, -17.3473 ], [ -63.25067, -17.34779 ], [ -63.25072, -17.34778 ], [ -63.2512, -17.34687 ], [ -63.2512, -17.34683 ] ] ] } },
{ "type": "Feature", "properties": { "i": 955 }, "geometry": { "type": "Polygon", "coordinates": [ [ [ -63.24688, -17.34799 ], [ -63.24725, -17.34724 ], [ -63.24707, -17.34714 ], [ -63.24704, -17.34716 ], [ -63.24688, -17.34799 ] ] ] } },
{ "type": "Feature", "properties": { "i": 956 }, "geometry": { "type": "Polygon", "coordinates": [ [ [ -63.24323, -17.34797 ], [ -63.24322, -17.34794 ], [ -63.24234, -17.34778 ], [ -63.24229, -17.34781 ], [ -63.24205, -17.3488 ], [ -63.24206, -17.34883 ], [ -63.243, -17.34884 ], [ -63.24323, -17.34797 ] ] ] } },
{ "type": "Feature", "properties": { "i": 957 }, "geometry": { "type": "Polygon", "coordinates": [ [ [ -63.22002, -17.35322 ], [ -63.22085, -17.35204 ], [ -63.22016, -17.35159 ], [ -63.21934, -17.35275 ], [ -63.22002, -17.35322 ] ] ] } },
{ "type": "Feature", "properties": { "i": 958 }, "geometry": { "type": "Polygon", "coordinates": [ [ [ -63.23134, -17.35026 ], [ -63.23226, -17.35079 ], [ -63.23263, -17.35022 ], [ -63.23262, -17.35017 ], [ -63.23174, -17.34966 ], [ -63.23169, -17.34967 ], [ -63.23134, -17.35022 ], [ -63.23134, -17.35026 ] ] ] } },
{ "type": "Feature", "properties": { "i": 959 }, "geometry": { "type": "Polygon", "coordinates": [ [ [ -63.25532, -17.34609 ], [ -63.25636, -17.34664 ], [ -63.25641, -17.34663 ], [ -63.25689, -17.34575 ], [ -63.25689, -17.34571 ], [ -63.2558, -17.34519 ], [ -63.25531, -17.34606 ], [ -63.25532, -17.34609 ] ] ] } },
{ "type": "Feature", "properties": { "i": 960 }, "geometry": { "type": "Polygon", "coordinates": [ [ [ -63.26398, -17.34462 ], [ -63.26469, -17.34504 ], [ -63.26474, -17.34504 ], [ -63.26478, -17.34502 ], [ -63.26527, -17.34417 ], [ -63.26523, -17.34412 ], [ -63.26453, -17.34375 ], [ -63.26448, -17.34377 ], [ -63.26397, -17.34457 ], [ -63.26398, -17.34462 ] ] ] } },
{ "type": "Feature", "properties": { "i": 961 }, "geometry": { "type": "Polygon", "coordinates": [ [ [ -63.27393, -17.34235 ], [ -63.27392, -17.34231 ], [ -63.27385, -17.34227 ], [ -63.27339, -17.34203 ], [ -63.27334, -17.34204 ], [ -63.27265, -17.3433 ], [ -63.27321, -17.34359 ], [ -63.27327, -17.34358 ], [ -63.27393, -17.34235 ] ] ] } },
{ "type": "Feature", "properties": { "i": 962 }, "geometry": { "type": "Polygon", "coordinates": [ [ [ -63.24656, -17.34708 ], [ -63.24653, -17.34704 ], [ -63.24584, -17.34692 ], [ -63.2458, -17.34694 ], [ -63.24555, -17.34819 ], [ -63.24558, -17.34823 ], [ -63.24632, -17.34835 ], [ -63.24635, -17.34833 ], [ -63.24656, -17.34708 ] ] ] } },
{ "type": "Feature", "properties": { "i": 963 }, "geometry": { "type": "Polygon", "coordinates": [ [ [ -63.25222, -17.34722 ], [ -63.25274, -17.34635 ], [ -63.25273, -17.3463 ], [ -63.2519, -17.34592 ], [ -63.25141, -17.34677 ], [ -63.25143, -17.34682 ], [ -63.25222, -17.34722 ] ] ] } },
{ "type": "Feature", "properties": { "i": 964 }, "geometry": { "type": "Polygon", "coordinates": [ [ [ -63.25711, -17.34566 ], [ -63.25808, -17.34621 ], [ -63.25811, -17.3462 ], [ -63.25859, -17.34531 ], [ -63.25858, -17.34527 ], [ -63.25787, -17.34491 ], [ -63.25763, -17.34481 ], [ -63.2576, -17.34483 ], [ -63.25711, -17.34566 ] ] ] } },
{ "type": "Feature", "properties": { "i": 965 }, "geometry": { "type": "Polygon", "coordinates": [ [ [ -63.24214, -17.34775 ], [ -63.24127, -17.3476 ], [ -63.24122, -17.34763 ], [ -63.24093, -17.34885 ], [ -63.24103, -17.34887 ], [ -63.24189, -17.34885 ], [ -63.24192, -17.34881 ], [ -63.24217, -17.34781 ], [ -63.24214, -17.34775 ] ] ] } },
{ "type": "Feature", "properties": { "i": 966 }, "geometry": { "type": "Polygon", "coordinates": [ [ [ -63.22989, -17.35038 ], [ -63.23078, -17.35088 ], [ -63.23119, -17.35027 ], [ -63.23027, -17.34972 ], [ -63.23021, -17.34972 ], [ -63.22987, -17.35028 ], [ -63.22986, -17.35033 ], [ -63.22989, -17.35038 ] ] ] } },
{ "type": "Feature", "properties": { "i": 967 }, "geometry": { "type": "Polygon", "coordinates": [ [ [ -63.22418, -17.35162 ], [ -63.22275, -17.35088 ], [ -63.22241, -17.35135 ], [ -63.22388, -17.35213 ], [ -63.22392, -17.35212 ], [ -63.22418, -17.35162 ] ] ] } },
{ "type": "Feature", "properties": { "i": 968 }, "geometry": { "type": "Polygon", "coordinates": [ [ [ -63.22887, -17.3507 ], [ -63.22791, -17.35018 ], [ -63.22764, -17.35067 ], [ -63.22859, -17.35117 ], [ -63.22863, -17.35117 ], [ -63.22887, -17.35077 ], [ -63.22887, -17.3507 ] ] ] } },
{ "type": "Feature", "properties": { "i": 969 }, "geometry": { "type": "Polygon", "coordinates": [ [ [ -63.23478, -17.34928 ], [ -63.23405, -17.34926 ], [ -63.23367, -17.34991 ], [ -63.23367, -17.34994 ], [ -63.23417, -17.35014 ], [ -63.23425, -17.35012 ], [ -63.23478, -17.34928 ] ] ] } },
{ "type": "Feature", "properties": { "i": 970 }, "geometry": { "type": "Polygon", "coordinates": [ [ [ -63.22567, -17.35053 ], [ -63.22522, -17.35132 ], [ -63.22524, -17.35135 ], [ -63.22571, -17.35161 ], [ -63.22575, -17.35161 ], [ -63.22583, -17.35152 ], [ -63.22622, -17.35085 ], [ -63.22622, -17.35079 ], [ -63.22572, -17.35052 ], [ -63.22567, -17.35053 ] ] ] } },
{ "type": "Feature", "properties": { "i": 971 }, "geometry": { "type": "Polygon", "coordinates": [ [ [ -63.21355, -17.35285 ], [ -63.21434, -17.35336 ], [ -63.21527, -17.35324 ], [ -63.21392, -17.35235 ], [ -63.21381, -17.35235 ], [ -63.21352, -17.35274 ], [ -63.21352, -17.35281 ], [ -63.21355, -17.35285 ] ] ] } },
{ "type": "Feature", "properties": { "i": 972 }, "geometry": { "type": "Polygon", "coordinates": [ [ [ -63.23352, -17.3499 ], [ -63.23366, -17.34971 ], [ -63.23391, -17.3493 ], [ -63.23391, -17.34927 ], [ -63.23352, -17.34928 ], [ -63.23346, -17.34932 ], [ -63.23319, -17.34973 ], [ -63.2332, -17.34979 ], [ -63.23352, -17.3499 ] ] ] } },
{ "type": "Feature", "properties": { "i": 973 }, "geometry": { "type": "Polygon", "coordinates": [ [ [ -63.25993, -17.34476 ], [ -63.25992, -17.34471 ], [ -63.25927, -17.3444 ], [ -63.25923, -17.34441 ], [ -63.25881, -17.34518 ], [ -63.25882, -17.34523 ], [ -63.25957, -17.34561 ], [ -63.25993, -17.34476 ] ] ] } },
{ "type": "Feature", "properties": { "i": 974 }, "geometry": { "type": "Polygon", "coordinates": [ [ [ -63.22161, -17.35106 ], [ -63.22093, -17.35202 ], [ -63.2213, -17.35227 ], [ -63.22156, -17.35243 ], [ -63.22159, -17.35243 ], [ -63.2223, -17.35142 ], [ -63.2223, -17.35139 ], [ -63.22167, -17.35105 ], [ -63.22161, -17.35106 ] ] ] } },
{ "type": "Feature", "properties": { "i": 975 }, "geometry": { "type": "Polygon", "coordinates": [ [ [ -63.22747, -17.35076 ], [ -63.22746, -17.35071 ], [ -63.22667, -17.3503 ], [ -63.22664, -17.3503 ], [ -63.22638, -17.35075 ], [ -63.2264, -17.35078 ], [ -63.22722, -17.35121 ], [ -63.22747, -17.35076 ] ] ] } },
{ "type": "Feature", "properties": { "i": 976 }, "geometry": { "type": "Polygon", "coordinates": [ [ [ -63.26956, -17.34331 ], [ -63.26956, -17.34334 ], [ -63.2704, -17.34377 ], [ -63.27103, -17.34266 ], [ -63.27023, -17.34225 ], [ -63.26956, -17.34331 ] ] ] } },
{ "type": "Feature", "properties": { "i": 977 }, "geometry": { "type": "Polygon", "coordinates": [ [ [ -63.24861, -17.34683 ], [ -63.24859, -17.34678 ], [ -63.24785, -17.34635 ], [ -63.24779, -17.34636 ], [ -63.2474, -17.34719 ], [ -63.24741, -17.34723 ], [ -63.24815, -17.34763 ], [ -63.2482, -17.34761 ], [ -63.24861, -17.34683 ] ] ] } },
{ "type": "Feature", "properties": { "i": 978 }, "geometry": { "type": "Polygon", "coordinates": [ [ [ -63.24567, -17.34688 ], [ -63.24482, -17.34672 ], [ -63.24478, -17.34675 ], [ -63.24445, -17.34798 ], [ -63.24447, -17.34803 ], [ -63.24541, -17.34819 ], [ -63.24543, -17.34817 ], [ -63.24567, -17.34688 ] ] ] } },
{ "type": "Feature", "properties": { "i": 979 }, "geometry": { "type": "Polygon", "coordinates": [ [ [ -63.27885, -17.3402 ], [ -63.27884, -17.34011 ], [ -63.27863, -17.33994 ], [ -63.278, -17.33986 ], [ -63.27622, -17.34288 ], [ -63.27682, -17.3433 ], [ -63.27752, -17.34343 ], [ -63.27755, -17.34342 ], [ -63.27755, -17.34327 ], [ -63.27808, -17.34234 ], [ -63.27819, -17.34195 ], [ -63.27834, -17.34163 ], [ -63.27842, -17.34126 ], [ -63.27885, -17.3402 ] ] ] } },
{ "type": "Feature", "properties": { "i": 980 }, "geometry": { "type": "Polygon", "coordinates": [ [ [ -63.2411, -17.3476 ], [ -63.24108, -17.34756 ], [ -63.24034, -17.34744 ], [ -63.24031, -17.34745 ], [ -63.24, -17.34882 ], [ -63.24004, -17.34885 ], [ -63.2408, -17.34885 ], [ -63.24082, -17.34883 ], [ -63.2411, -17.3476 ] ] ] } },
{ "type": "Feature", "properties": { "i": 981 }, "geometry": { "type": "Polygon", "coordinates": [ [ [ -63.26612, -17.34442 ], [ -63.26626, -17.34443 ], [ -63.26633, -17.3444 ], [ -63.26638, -17.34435 ], [ -63.26693, -17.34332 ], [ -63.26692, -17.34328 ], [ -63.26616, -17.34292 ], [ -63.26609, -17.34295 ], [ -63.26548, -17.34408 ], [ -63.26612, -17.34442 ] ] ] } },
{ "type": "Feature", "properties": { "i": 982 }, "geometry": { "type": "Polygon", "coordinates": [ [ [ -63.261, -17.34509 ], [ -63.26105, -17.34507 ], [ -63.26127, -17.34463 ], [ -63.26125, -17.34459 ], [ -63.26037, -17.34411 ], [ -63.26013, -17.34464 ], [ -63.26015, -17.34468 ], [ -63.261, -17.34509 ] ] ] } },
{ "type": "Feature", "properties": { "i": 983 }, "geometry": { "type": "Polygon", "coordinates": [ [ [ -63.24883, -17.34677 ], [ -63.2496, -17.3472 ], [ -63.24963, -17.34719 ], [ -63.25007, -17.34621 ], [ -63.24935, -17.34584 ], [ -63.24929, -17.34585 ], [ -63.24882, -17.34673 ], [ -63.24883, -17.34677 ] ] ] } },
{ "type": "Feature", "properties": { "i": 984 }, "geometry": { "type": "Polygon", "coordinates": [ [ [ -63.25345, -17.34536 ], [ -63.25296, -17.34623 ], [ -63.25298, -17.34628 ], [ -63.25357, -17.34656 ], [ -63.25363, -17.34655 ], [ -63.25409, -17.34567 ], [ -63.25407, -17.34559 ], [ -63.2535, -17.34534 ], [ -63.25345, -17.34536 ] ] ] } },
{ "type": "Feature", "properties": { "i": 985 }, "geometry": { "type": "Polygon", "coordinates": [ [ [ -63.22557, -17.35046 ], [ -63.22516, -17.35024 ], [ -63.22469, -17.35107 ], [ -63.22513, -17.3513 ], [ -63.22558, -17.35052 ], [ -63.22557, -17.35046 ] ] ] } },
{ "type": "Feature", "properties": { "i": 986 }, "geometry": { "type": "Polygon", "coordinates": [ [ [ -63.22919, -17.35012 ], [ -63.22826, -17.34963 ], [ -63.22799, -17.35011 ], [ -63.22896, -17.35062 ], [ -63.22921, -17.35018 ], [ -63.22919, -17.35012 ] ] ] } },
{ "type": "Feature", "properties": { "i": 987 }, "geometry": { "type": "Polygon", "coordinates": [ [ [ -63.26386, -17.34451 ], [ -63.26435, -17.34372 ], [ -63.26434, -17.34366 ], [ -63.26352, -17.34325 ], [ -63.26304, -17.34407 ], [ -63.26305, -17.3441 ], [ -63.26379, -17.34452 ], [ -63.26386, -17.34451 ] ] ] } },
{ "type": "Feature", "properties": { "i": 988 }, "geometry": { "type": "Polygon", "coordinates": [ [ [ -63.24017, -17.34746 ], [ -63.24015, -17.34741 ], [ -63.23938, -17.34728 ], [ -63.23934, -17.3473 ], [ -63.23901, -17.34883 ], [ -63.23904, -17.34888 ], [ -63.23982, -17.34887 ], [ -63.23986, -17.34883 ], [ -63.24017, -17.34746 ] ] ] } },
{ "type": "Feature", "properties": { "i": 989 }, "geometry": { "type": "Polygon", "coordinates": [ [ [ -63.27249, -17.34322 ], [ -63.27254, -17.34321 ], [ -63.27326, -17.34194 ], [ -63.27325, -17.34191 ], [ -63.27264, -17.34161 ], [ -63.27194, -17.34292 ], [ -63.27196, -17.34296 ], [ -63.27249, -17.34322 ] ] ] } },
{ "type": "Feature", "properties": { "i": 990 }, "geometry": { "type": "Polygon", "coordinates": [ [ [ -63.25567, -17.34512 ], [ -63.25566, -17.34509 ], [ -63.25484, -17.34469 ], [ -63.25481, -17.34471 ], [ -63.2547, -17.34491 ], [ -63.25467, -17.3449 ], [ -63.25432, -17.34555 ], [ -63.25516, -17.346 ], [ -63.25519, -17.34599 ], [ -63.25567, -17.34512 ] ] ] } },
{ "type": "Feature", "properties": { "i": 991 }, "geometry": { "type": "Polygon", "coordinates": [ [ [ -63.2228, -17.35082 ], [ -63.22424, -17.35157 ], [ -63.22453, -17.35105 ], [ -63.22313, -17.35032 ], [ -63.2228, -17.35079 ], [ -63.2228, -17.35082 ] ] ] } },
{ "type": "Feature", "properties": { "i": 992 }, "geometry": { "type": "Polygon", "coordinates": [ [ [ -63.23218, -17.34891 ], [ -63.23175, -17.34955 ], [ -63.23267, -17.35005 ], [ -63.23275, -17.35004 ], [ -63.23328, -17.34921 ], [ -63.23235, -17.34893 ], [ -63.23224, -17.3489 ], [ -63.23218, -17.34891 ] ] ] } },
{ "type": "Feature", "properties": { "i": 993 }, "geometry": { "type": "Polygon", "coordinates": [ [ [ -63.23068, -17.34906 ], [ -63.23062, -17.34906 ], [ -63.23058, -17.34912 ], [ -63.23031, -17.34961 ], [ -63.23033, -17.34966 ], [ -63.23122, -17.35019 ], [ -63.23161, -17.34958 ], [ -63.23068, -17.34906 ] ] ] } },
{ "type": "Feature", "properties": { "i": 994 }, "geometry": { "type": "Polygon", "coordinates": [ [ [ -63.24378, -17.34654 ], [ -63.24372, -17.34657 ], [ -63.2434, -17.34782 ], [ -63.2443, -17.34799 ], [ -63.24432, -17.34798 ], [ -63.24465, -17.34672 ], [ -63.24463, -17.34669 ], [ -63.24378, -17.34654 ] ] ] } },
{ "type": "Feature", "properties": { "i": 995 }, "geometry": { "type": "Polygon", "coordinates": [ [ [ -63.2513, -17.34671 ], [ -63.25175, -17.34587 ], [ -63.25174, -17.34584 ], [ -63.25072, -17.34534 ], [ -63.25067, -17.34536 ], [ -63.25027, -17.34616 ], [ -63.25028, -17.34619 ], [ -63.25127, -17.34672 ], [ -63.2513, -17.34671 ] ] ] } },
{ "type": "Feature", "properties": { "i": 996 }, "geometry": { "type": "Polygon", "coordinates": [ [ [ -63.24729, -17.3471 ], [ -63.24769, -17.3463 ], [ -63.24767, -17.34624 ], [ -63.24727, -17.34602 ], [ -63.24723, -17.34604 ], [ -63.24707, -17.34699 ], [ -63.24709, -17.34703 ], [ -63.24724, -17.34712 ], [ -63.24729, -17.3471 ] ] ] } },
{ "type": "Feature", "properties": { "i": 997 }, "geometry": { "type": "Polygon", "coordinates": [ [ [ -63.22156, -17.351 ], [ -63.22087, -17.35062 ], [ -63.22083, -17.35063 ], [ -63.22036, -17.35129 ], [ -63.22032, -17.35143 ], [ -63.22032, -17.35153 ], [ -63.22038, -17.35166 ], [ -63.22085, -17.35198 ], [ -63.2209, -17.35197 ], [ -63.22156, -17.35103 ], [ -63.22156, -17.351 ] ] ] } },
{ "type": "Feature", "properties": { "i": 998 }, "geometry": { "type": "Polygon", "coordinates": [ [ [ -63.22754, -17.35062 ], [ -63.22779, -17.35018 ], [ -63.22778, -17.35012 ], [ -63.227, -17.34972 ], [ -63.22695, -17.34973 ], [ -63.22671, -17.35016 ], [ -63.22672, -17.3502 ], [ -63.22754, -17.35062 ] ] ] } },
{ "type": "Feature", "properties": { "i": 999 }, "geometry": { "type": "Polygon", "coordinates": [ [ [ -63.2436, -17.34655 ], [ -63.24358, -17.3465 ], [ -63.24269, -17.34635 ], [ -63.24236, -17.34763 ], [ -63.24238, -17.34766 ], [ -63.24327, -17.34782 ], [ -63.2436, -17.34655 ] ] ] } },
{ "type": "Feature", "properties": { "i": 1000 }, "geometry": { "type": "Polygon", "coordinates": [ [ [ -63.25699, -17.34557 ], [ -63.25749, -17.34475 ], [ -63.25748, -17.3447 ], [ -63.2564, -17.34415 ], [ -63.2559, -17.34503 ], [ -63.2559, -17.34506 ], [ -63.25691, -17.34559 ], [ -63.25695, -17.3456 ], [ -63.25699, -17.34557 ] ] ] } },
{ "type": "Feature", "properties": { "i": 1001 }, "geometry": { "type": "Polygon", "coordinates": [ [ [ -63.26863, -17.34395 ], [ -63.26883, -17.34366 ], [ -63.26878, -17.34363 ], [ -63.26904, -17.34322 ], [ -63.26764, -17.34247 ], [ -63.26721, -17.34323 ], [ -63.26721, -17.34327 ], [ -63.26855, -17.34394 ], [ -63.26863, -17.34395 ] ] ] } },
{ "type": "Feature", "properties": { "i": 1002 }, "geometry": { "type": "Polygon", "coordinates": [ [ [ -63.25332, -17.34525 ], [ -63.25244, -17.34488 ], [ -63.25238, -17.34489 ], [ -63.25194, -17.34575 ], [ -63.25195, -17.34578 ], [ -63.25279, -17.34618 ], [ -63.25288, -17.34615 ], [ -63.25335, -17.34533 ], [ -63.25332, -17.34525 ] ] ] } },
{ "type": "Feature", "properties": { "i": 1003 }, "geometry": { "type": "Polygon", "coordinates": [ [ [ -63.23919, -17.34725 ], [ -63.23833, -17.34709 ], [ -63.23829, -17.34713 ], [ -63.23797, -17.34884 ], [ -63.23799, -17.34886 ], [ -63.23887, -17.34886 ], [ -63.23919, -17.34725 ] ] ] } },
{ "type": "Feature", "properties": { "i": 1004 }, "geometry": { "type": "Polygon", "coordinates": [ [ [ -63.25847, -17.344 ], [ -63.25841, -17.34401 ], [ -63.25811, -17.34456 ], [ -63.25806, -17.34453 ], [ -63.25837, -17.34396 ], [ -63.25816, -17.34384 ], [ -63.25813, -17.34385 ], [ -63.25769, -17.34465 ], [ -63.25867, -17.34516 ], [ -63.2591, -17.34435 ], [ -63.25905, -17.34429 ], [ -63.25847, -17.344 ] ] ] } },
{ "type": "Feature", "properties": { "i": 1005 }, "geometry": { "type": "Polygon", "coordinates": [ [ [ -63.26538, -17.34398 ], [ -63.26598, -17.34288 ], [ -63.26596, -17.34282 ], [ -63.26526, -17.3425 ], [ -63.2652, -17.34252 ], [ -63.26458, -17.34362 ], [ -63.26531, -17.344 ], [ -63.26538, -17.34398 ] ] ] } },
{ "type": "Feature", "properties": { "i": 1006 }, "geometry": { "type": "Polygon", "coordinates": [ [ [ -63.24869, -17.34555 ], [ -63.24833, -17.34646 ], [ -63.24834, -17.34651 ], [ -63.24866, -17.34667 ], [ -63.2487, -17.34666 ], [ -63.24918, -17.34578 ], [ -63.24917, -17.34574 ], [ -63.24874, -17.34553 ], [ -63.24869, -17.34555 ] ] ] } },
{ "type": "Feature", "properties": { "i": 1007 }, "geometry": { "type": "Polygon", "coordinates": [ [ [ -63.27252, -17.34161 ], [ -63.27198, -17.34133 ], [ -63.27188, -17.34134 ], [ -63.27131, -17.34239 ], [ -63.27123, -17.34256 ], [ -63.27124, -17.3426 ], [ -63.27181, -17.34289 ], [ -63.27252, -17.34161 ] ] ] } },
{ "type": "Feature", "properties": { "i": 1008 }, "geometry": { "type": "Polygon", "coordinates": [ [ [ -63.26024, -17.34405 ], [ -63.26023, -17.344 ], [ -63.25966, -17.3437 ], [ -63.25962, -17.34371 ], [ -63.25933, -17.34425 ], [ -63.26001, -17.34457 ], [ -63.26024, -17.34405 ] ] ] } },
{ "type": "Feature", "properties": { "i": 1009 }, "geometry": { "type": "Polygon", "coordinates": [ [ [ -63.22518, -17.35015 ], [ -63.22626, -17.35072 ], [ -63.22629, -17.3507 ], [ -63.22657, -17.35023 ], [ -63.22657, -17.3502 ], [ -63.22548, -17.34963 ], [ -63.22518, -17.35015 ] ] ] } },
{ "type": "Feature", "properties": { "i": 1010 }, "geometry": { "type": "Polygon", "coordinates": [ [ [ -63.22929, -17.35003 ], [ -63.22955, -17.34958 ], [ -63.22954, -17.34954 ], [ -63.22858, -17.34905 ], [ -63.22832, -17.3495 ], [ -63.22833, -17.34956 ], [ -63.22929, -17.35003 ] ] ] } },
{ "type": "Feature", "properties": { "i": 1011 }, "geometry": { "type": "Polygon", "coordinates": [ [ [ -63.24681, -17.34578 ], [ -63.24677, -17.34571 ], [ -63.24609, -17.34554 ], [ -63.24607, -17.34556 ], [ -63.24583, -17.3468 ], [ -63.24656, -17.34693 ], [ -63.24681, -17.34578 ] ] ] } },
{ "type": "Feature", "properties": { "i": 1012 }, "geometry": { "type": "Polygon", "coordinates": [ [ [ -63.28945, -17.3372 ], [ -63.2892, -17.33749 ], [ -63.28897, -17.33744 ], [ -63.28865, -17.33744 ], [ -63.28851, -17.33772 ], [ -63.28854, -17.33783 ], [ -63.28887, -17.33815 ], [ -63.28889, -17.33819 ], [ -63.28889, -17.33831 ], [ -63.28844, -17.33912 ], [ -63.28832, -17.33944 ], [ -63.2892, -17.3401 ], [ -63.28929, -17.33999 ], [ -63.28977, -17.3403 ], [ -63.29059, -17.33832 ], [ -63.29081, -17.33795 ], [ -63.28945, -17.3372 ] ] ] } },
{ "type": "Feature", "properties": { "i": 1013 }, "geometry": { "type": "Polygon", "coordinates": [ [ [ -63.21844, -17.35183 ], [ -63.21888, -17.35122 ], [ -63.21912, -17.35093 ], [ -63.21823, -17.35103 ], [ -63.21817, -17.35107 ], [ -63.21789, -17.35146 ], [ -63.21789, -17.35151 ], [ -63.21791, -17.35154 ], [ -63.21835, -17.35181 ], [ -63.21844, -17.35183 ] ] ] } },
{ "type": "Feature", "properties": { "i": 1014 }, "geometry": { "type": "Polygon", "coordinates": [ [ [ -63.21465, -17.35114 ], [ -63.21429, -17.35166 ], [ -63.21429, -17.35174 ], [ -63.21565, -17.35261 ], [ -63.21573, -17.3526 ], [ -63.21607, -17.35212 ], [ -63.21607, -17.35204 ], [ -63.21469, -17.35113 ], [ -63.21465, -17.35114 ] ] ] } },
{ "type": "Feature", "properties": { "i": 1015 }, "geometry": { "type": "Polygon", "coordinates": [ [ [ -63.26167, -17.34222 ], [ -63.26161, -17.34221 ], [ -63.26154, -17.34225 ], [ -63.26044, -17.34394 ], [ -63.26133, -17.34442 ], [ -63.26138, -17.3444 ], [ -63.26162, -17.34392 ], [ -63.26174, -17.34398 ], [ -63.26149, -17.34447 ], [ -63.26151, -17.34452 ], [ -63.26231, -17.34498 ], [ -63.26236, -17.34497 ], [ -63.2634, -17.3432 ], [ -63.26338, -17.34315 ], [ -63.26167, -17.34222 ] ] ] } },
{ "type": "Feature", "properties": { "i": 1016 }, "geometry": { "type": "Polygon", "coordinates": [ [ [ -63.23171, -17.34941 ], [ -63.23203, -17.34889 ], [ -63.23201, -17.34886 ], [ -63.23175, -17.34876 ], [ -63.23092, -17.34852 ], [ -63.23069, -17.34892 ], [ -63.23163, -17.34945 ], [ -63.23167, -17.34945 ], [ -63.23171, -17.34941 ] ] ] } },
{ "type": "Feature", "properties": { "i": 1017 }, "geometry": { "type": "Polygon", "coordinates": [ [ [ -63.26849, -17.34273 ], [ -63.26913, -17.34311 ], [ -63.26915, -17.3431 ], [ -63.26958, -17.34242 ], [ -63.26956, -17.34241 ], [ -63.26976, -17.34207 ], [ -63.26947, -17.3419 ], [ -63.26948, -17.34187 ], [ -63.26915, -17.34171 ], [ -63.26911, -17.34171 ], [ -63.26849, -17.34273 ] ] ] } },
{ "type": "Feature", "properties": { "i": 1018 }, "geometry": { "type": "Polygon", "coordinates": [ [ [ -63.25417, -17.3455 ], [ -63.25463, -17.3446 ], [ -63.25462, -17.34456 ], [ -63.25407, -17.3443 ], [ -63.25401, -17.34433 ], [ -63.25353, -17.34519 ], [ -63.25353, -17.34523 ], [ -63.25417, -17.3455 ] ] ] } },
{ "type": "Feature", "properties": { "i": 1019 }, "geometry": { "type": "Polygon", "coordinates": [ [ [ -63.22811, -17.34955 ], [ -63.2273, -17.34915 ], [ -63.22705, -17.34958 ], [ -63.22706, -17.34962 ], [ -63.22788, -17.35003 ], [ -63.22812, -17.34961 ], [ -63.22811, -17.34955 ] ] ] } },
{ "type": "Feature", "properties": { "i": 1020 }, "geometry": { "type": "Polygon", "coordinates": [ [ [ -63.26697, -17.34318 ], [ -63.26701, -17.34317 ], [ -63.26745, -17.34237 ], [ -63.26671, -17.34197 ], [ -63.26667, -17.34197 ], [ -63.2662, -17.34278 ], [ -63.26623, -17.34282 ], [ -63.26697, -17.34318 ] ] ] } },
{ "type": "Feature", "properties": { "i": 1021 }, "geometry": { "type": "Polygon", "coordinates": [ [ [ -63.24837, -17.34532 ], [ -63.24832, -17.34535 ], [ -63.24788, -17.3462 ], [ -63.24789, -17.34624 ], [ -63.24826, -17.34645 ], [ -63.24838, -17.3462 ], [ -63.24864, -17.3455 ], [ -63.24863, -17.34544 ], [ -63.24837, -17.34532 ] ] ] } },
{ "type": "Feature", "properties": { "i": 1022 }, "geometry": { "type": "Polygon", "coordinates": [ [ [ -63.25015, -17.34609 ], [ -63.25058, -17.34527 ], [ -63.2498, -17.34488 ], [ -63.24977, -17.34489 ], [ -63.24942, -17.34558 ], [ -63.24938, -17.34572 ], [ -63.25011, -17.3461 ], [ -63.25015, -17.34609 ] ] ] } },
{ "type": "Feature", "properties": { "i": 1023 }, "geometry": { "type": "Polygon", "coordinates": [ [ [ -63.27111, -17.34093 ], [ -63.27032, -17.34214 ], [ -63.27108, -17.34253 ], [ -63.27176, -17.3413 ], [ -63.27173, -17.34121 ], [ -63.27117, -17.34091 ], [ -63.27111, -17.34093 ] ] ] } },
{ "type": "Feature", "properties": { "i": 1024 }, "geometry": { "type": "Polygon", "coordinates": [ [ [ -63.24256, -17.34634 ], [ -63.24255, -17.34632 ], [ -63.24163, -17.34614 ], [ -63.24159, -17.34616 ], [ -63.24127, -17.34745 ], [ -63.24128, -17.34747 ], [ -63.2422, -17.34763 ], [ -63.24223, -17.3476 ], [ -63.24256, -17.34634 ] ] ] } },
{ "type": "Feature", "properties": { "i": 1025 }, "geometry": { "type": "Polygon", "coordinates": [ [ [ -63.2335, -17.3489 ], [ -63.23363, -17.3487 ], [ -63.23362, -17.34867 ], [ -63.2327, -17.34812 ], [ -63.23264, -17.34817 ], [ -63.2324, -17.34856 ], [ -63.23244, -17.34862 ], [ -63.2335, -17.3489 ] ] ] } },
{ "type": "Feature", "properties": { "i": 1026 }, "geometry": { "type": "Polygon", "coordinates": [ [ [ -63.23817, -17.34706 ], [ -63.23755, -17.34698 ], [ -63.23654, -17.34869 ], [ -63.23651, -17.34878 ], [ -63.23656, -17.34889 ], [ -63.23781, -17.34888 ], [ -63.23817, -17.34706 ] ] ] } },
{ "type": "Feature", "properties": { "i": 1027 }, "geometry": { "type": "Polygon", "coordinates": [ [ [ -63.2558, -17.34382 ], [ -63.25567, -17.34414 ], [ -63.25559, -17.3441 ], [ -63.25573, -17.34378 ], [ -63.2554, -17.34361 ], [ -63.25483, -17.3445 ], [ -63.25485, -17.34456 ], [ -63.25571, -17.34498 ], [ -63.25577, -17.34496 ], [ -63.25628, -17.3441 ], [ -63.25627, -17.34406 ], [ -63.2558, -17.34382 ] ] ] } },
{ "type": "Feature", "properties": { "i": 1028 }, "geometry": { "type": "Polygon", "coordinates": [ [ [ -63.25125, -17.3444 ], [ -63.25116, -17.34443 ], [ -63.25076, -17.3452 ], [ -63.25177, -17.34572 ], [ -63.25183, -17.34571 ], [ -63.25226, -17.34482 ], [ -63.25125, -17.3444 ] ] ] } },
{ "type": "Feature", "properties": { "i": 1029 }, "geometry": { "type": "Polygon", "coordinates": [ [ [ -63.26421, -17.34205 ], [ -63.26361, -17.3431 ], [ -63.26444, -17.34356 ], [ -63.26448, -17.34354 ], [ -63.26509, -17.34242 ], [ -63.26426, -17.34203 ], [ -63.26421, -17.34205 ] ] ] } },
{ "type": "Feature", "properties": { "i": 1030 }, "geometry": { "type": "Polygon", "coordinates": [ [ [ -63.21992, -17.3513 ], [ -63.22053, -17.35044 ], [ -63.21984, -17.35003 ], [ -63.21979, -17.35003 ], [ -63.21922, -17.35084 ], [ -63.21921, -17.3509 ], [ -63.21924, -17.35094 ], [ -63.21983, -17.35131 ], [ -63.21988, -17.35132 ], [ -63.21992, -17.3513 ] ] ] } },
{ "type": "Feature", "properties": { "i": 1031 }, "geometry": { "type": "Polygon", "coordinates": [ [ [ -63.26897, -17.34162 ], [ -63.26834, -17.34131 ], [ -63.26828, -17.34133 ], [ -63.26772, -17.34232 ], [ -63.26773, -17.34236 ], [ -63.26832, -17.34268 ], [ -63.26837, -17.34266 ], [ -63.26898, -17.34167 ], [ -63.26897, -17.34162 ] ] ] } },
{ "type": "Feature", "properties": { "i": 1032 }, "geometry": { "type": "Polygon", "coordinates": [ [ [ -63.25752, -17.34459 ], [ -63.25758, -17.34458 ], [ -63.25802, -17.34381 ], [ -63.25801, -17.34376 ], [ -63.25698, -17.34329 ], [ -63.25694, -17.3433 ], [ -63.25651, -17.344 ], [ -63.25652, -17.34406 ], [ -63.25752, -17.34459 ] ] ] } },
{ "type": "Feature", "properties": { "i": 1033 }, "geometry": { "type": "Polygon", "coordinates": [ [ [ -63.22959, -17.34944 ], [ -63.22964, -17.34943 ], [ -63.22989, -17.34899 ], [ -63.22896, -17.34849 ], [ -63.22889, -17.34851 ], [ -63.22866, -17.34892 ], [ -63.22868, -17.34897 ], [ -63.22959, -17.34944 ] ] ] } },
{ "type": "Feature", "properties": { "i": 1034 }, "geometry": { "type": "Polygon", "coordinates": [ [ [ -63.24595, -17.34553 ], [ -63.24592, -17.34549 ], [ -63.24514, -17.34538 ], [ -63.24482, -17.34657 ], [ -63.24487, -17.34661 ], [ -63.24567, -17.34675 ], [ -63.24572, -17.34672 ], [ -63.24595, -17.34553 ] ] ] } },
{ "type": "Feature", "properties": { "i": 1035 }, "geometry": { "type": "Polygon", "coordinates": [ [ [ -63.23448, -17.34773 ], [ -63.23383, -17.34872 ], [ -63.23383, -17.34884 ], [ -63.23392, -17.34892 ], [ -63.23589, -17.34889 ], [ -63.23654, -17.34788 ], [ -63.23672, -17.34758 ], [ -63.23672, -17.34755 ], [ -63.2367, -17.34752 ], [ -63.23515, -17.34661 ], [ -63.23508, -17.34663 ], [ -63.2344, -17.34769 ], [ -63.23448, -17.34773 ] ] ] } },
{ "type": "Feature", "properties": { "i": 1036 }, "geometry": { "type": "Polygon", "coordinates": [ [ [ -63.25922, -17.34417 ], [ -63.25949, -17.34366 ], [ -63.25948, -17.34361 ], [ -63.2586, -17.34312 ], [ -63.25855, -17.34313 ], [ -63.25823, -17.34369 ], [ -63.25825, -17.34375 ], [ -63.25915, -17.3442 ], [ -63.25922, -17.34417 ] ] ] } },
{ "type": "Feature", "properties": { "i": 1037 }, "geometry": { "type": "Polygon", "coordinates": [ [ [ -63.24774, -17.34616 ], [ -63.2482, -17.34529 ], [ -63.24818, -17.34523 ], [ -63.24757, -17.34492 ], [ -63.24753, -17.34493 ], [ -63.24743, -17.34517 ], [ -63.24727, -17.34587 ], [ -63.24729, -17.34592 ], [ -63.24774, -17.34616 ] ] ] } },
{ "type": "Feature", "properties": { "i": 1038 }, "geometry": { "type": "Polygon", "coordinates": [ [ [ -63.2266, -17.35009 ], [ -63.22718, -17.3491 ], [ -63.22717, -17.34905 ], [ -63.22618, -17.34852 ], [ -63.22614, -17.34853 ], [ -63.22557, -17.34953 ], [ -63.22558, -17.34958 ], [ -63.22654, -17.35009 ], [ -63.2266, -17.35009 ] ] ] } },
{ "type": "Feature", "properties": { "i": 1039 }, "geometry": { "type": "Polygon", "coordinates": [ [ [ -63.25344, -17.34515 ], [ -63.2539, -17.34428 ], [ -63.25388, -17.34425 ], [ -63.25294, -17.34376 ], [ -63.2529, -17.34378 ], [ -63.25247, -17.34474 ], [ -63.25248, -17.34477 ], [ -63.25337, -17.34517 ], [ -63.25344, -17.34515 ] ] ] } },
{ "type": "Feature", "properties": { "i": 1040 }, "geometry": { "type": "Polygon", "coordinates": [ [ [ -63.22847, -17.34899 ], [ -63.22764, -17.34853 ], [ -63.22739, -17.34898 ], [ -63.22739, -17.34903 ], [ -63.22819, -17.34947 ], [ -63.22847, -17.34899 ] ] ] } },
{ "type": "Feature", "properties": { "i": 1041 }, "geometry": { "type": "Polygon", "coordinates": [ [ [ -63.23369, -17.3486 ], [ -63.2341, -17.34796 ], [ -63.23313, -17.3474 ], [ -63.23277, -17.34797 ], [ -63.23277, -17.34803 ], [ -63.23369, -17.3486 ] ] ] } },
{ "type": "Feature", "properties": { "i": 1042 }, "geometry": { "type": "Polygon", "coordinates": [ [ [ -63.27792, -17.33991 ], [ -63.27791, -17.33985 ], [ -63.27172, -17.33856 ], [ -63.27167, -17.33859 ], [ -63.27165, -17.33866 ], [ -63.27122, -17.3405 ], [ -63.27126, -17.3406 ], [ -63.27133, -17.34068 ], [ -63.27164, -17.34089 ], [ -63.27446, -17.34235 ], [ -63.27485, -17.34251 ], [ -63.27519, -17.34261 ], [ -63.27619, -17.34282 ], [ -63.27792, -17.33991 ] ] ] } },
{ "type": "Feature", "properties": { "i": 1043 }, "geometry": { "type": "Polygon", "coordinates": [ [ [ -63.21816, -17.35099 ], [ -63.21911, -17.35088 ], [ -63.21917, -17.35083 ], [ -63.2197, -17.35009 ], [ -63.21973, -17.35002 ], [ -63.21808, -17.35021 ], [ -63.21816, -17.35099 ] ] ] } },
{ "type": "Feature", "properties": { "i": 1044 }, "geometry": { "type": "Polygon", "coordinates": [ [ [ -63.26608, -17.3427 ], [ -63.26654, -17.34192 ], [ -63.26652, -17.34186 ], [ -63.26575, -17.34145 ], [ -63.2657, -17.34146 ], [ -63.26531, -17.3423 ], [ -63.26534, -17.34238 ], [ -63.26604, -17.34271 ], [ -63.26608, -17.3427 ] ] ] } },
{ "type": "Feature", "properties": { "i": 1045 }, "geometry": { "type": "Polygon", "coordinates": [ [ [ -63.245, -17.34538 ], [ -63.24498, -17.34534 ], [ -63.24443, -17.34526 ], [ -63.24439, -17.34529 ], [ -63.24411, -17.34647 ], [ -63.24466, -17.34657 ], [ -63.2447, -17.34654 ], [ -63.245, -17.34538 ] ] ] } },
{ "type": "Feature", "properties": { "i": 1046 }, "geometry": { "type": "Polygon", "coordinates": [ [ [ -63.26753, -17.34223 ], [ -63.26779, -17.34179 ], [ -63.26778, -17.34176 ], [ -63.26702, -17.34137 ], [ -63.26699, -17.34138 ], [ -63.26675, -17.34185 ], [ -63.26749, -17.34223 ], [ -63.26753, -17.34223 ] ] ] } },
{ "type": "Feature", "properties": { "i": 1047 }, "geometry": { "type": "Polygon", "coordinates": [ [ [ -63.24927, -17.3456 ], [ -63.24963, -17.34485 ], [ -63.24961, -17.34479 ], [ -63.24885, -17.34443 ], [ -63.24879, -17.34444 ], [ -63.24842, -17.34514 ], [ -63.24845, -17.34521 ], [ -63.24921, -17.34562 ], [ -63.24927, -17.3456 ] ] ] } },
{ "type": "Feature", "properties": { "i": 1048 }, "geometry": { "type": "Polygon", "coordinates": [ [ [ -63.22896, -17.34838 ], [ -63.22996, -17.34888 ], [ -63.23026, -17.34838 ], [ -63.23025, -17.34834 ], [ -63.22908, -17.34809 ], [ -63.22894, -17.34835 ], [ -63.22896, -17.34838 ] ] ] } },
{ "type": "Feature", "properties": { "i": 1049 }, "geometry": { "type": "Polygon", "coordinates": [ [ [ -63.23227, -17.34854 ], [ -63.23256, -17.34809 ], [ -63.23255, -17.34804 ], [ -63.23158, -17.34747 ], [ -63.2315, -17.34747 ], [ -63.23115, -17.34809 ], [ -63.23115, -17.34817 ], [ -63.23117, -17.3482 ], [ -63.23227, -17.34854 ] ] ] } },
{ "type": "Feature", "properties": { "i": 1050 }, "geometry": { "type": "Polygon", "coordinates": [ [ [ -63.24046, -17.34592 ], [ -63.23967, -17.34578 ], [ -63.23963, -17.34582 ], [ -63.23937, -17.34712 ], [ -63.24019, -17.34727 ], [ -63.24022, -17.34725 ], [ -63.24048, -17.34595 ], [ -63.24046, -17.34592 ] ] ] } },
{ "type": "Feature", "properties": { "i": 1051 }, "geometry": { "type": "Polygon", "coordinates": [ [ [ -63.26035, -17.34386 ], [ -63.26083, -17.34306 ], [ -63.26081, -17.34301 ], [ -63.25926, -17.34214 ], [ -63.25918, -17.34215 ], [ -63.25869, -17.34298 ], [ -63.2587, -17.34302 ], [ -63.26028, -17.34386 ], [ -63.26035, -17.34386 ] ] ] } },
{ "type": "Feature", "properties": { "i": 1052 }, "geometry": { "type": "Polygon", "coordinates": [ [ [ -63.25467, -17.34319 ], [ -63.25464, -17.3432 ], [ -63.25411, -17.34416 ], [ -63.25413, -17.34422 ], [ -63.25466, -17.34448 ], [ -63.25471, -17.34447 ], [ -63.2553, -17.34356 ], [ -63.25529, -17.34352 ], [ -63.25467, -17.34319 ] ] ] } },
{ "type": "Feature", "properties": { "i": 1053 }, "geometry": { "type": "Polygon", "coordinates": [ [ [ -63.2628, -17.34266 ], [ -63.26348, -17.34303 ], [ -63.2641, -17.34197 ], [ -63.2641, -17.34194 ], [ -63.26341, -17.34159 ], [ -63.26337, -17.34159 ], [ -63.26279, -17.34261 ], [ -63.2628, -17.34266 ] ] ] } },
{ "type": "Feature", "properties": { "i": 1054 }, "geometry": { "type": "Polygon", "coordinates": [ [ [ -63.21378, -17.35059 ], [ -63.21343, -17.3511 ], [ -63.21342, -17.35115 ], [ -63.21345, -17.3512 ], [ -63.21407, -17.35159 ], [ -63.21418, -17.35161 ], [ -63.21422, -17.35159 ], [ -63.21459, -17.35107 ], [ -63.21382, -17.35057 ], [ -63.21378, -17.35059 ] ] ] } },
{ "type": "Feature", "properties": { "i": 1055 }, "geometry": { "type": "Polygon", "coordinates": [ [ [ -63.25023, -17.34402 ], [ -63.24984, -17.34477 ], [ -63.25061, -17.34514 ], [ -63.25066, -17.34512 ], [ -63.25104, -17.34439 ], [ -63.25103, -17.34433 ], [ -63.25028, -17.344 ], [ -63.25023, -17.34402 ] ] ] } },
{ "type": "Feature", "properties": { "i": 1056 }, "geometry": { "type": "Polygon", "coordinates": [ [ [ -63.28202, -17.33852 ], [ -63.28169, -17.33885 ], [ -63.28163, -17.33959 ], [ -63.28155, -17.33971 ], [ -63.28141, -17.33983 ], [ -63.28121, -17.33991 ], [ -63.28068, -17.33994 ], [ -63.28035, -17.34002 ], [ -63.28013, -17.3401 ], [ -63.28008, -17.34018 ], [ -63.28098, -17.34049 ], [ -63.28187, -17.34118 ], [ -63.28197, -17.34118 ], [ -63.28206, -17.34113 ], [ -63.28241, -17.3407 ], [ -63.28171, -17.34011 ], [ -63.28175, -17.34007 ], [ -63.28244, -17.34065 ], [ -63.28342, -17.33963 ], [ -63.2834, -17.33956 ], [ -63.28251, -17.3388 ], [ -63.28243, -17.33878 ], [ -63.2824, -17.3388 ], [ -63.2824, -17.33876 ], [ -63.28247, -17.33875 ], [ -63.28254, -17.33878 ], [ -63.28348, -17.33958 ], [ -63.28389, -17.33913 ], [ -63.28342, -17.33872 ], [ -63.28344, -17.33869 ], [ -63.28392, -17.33909 ], [ -63.28423, -17.33875 ], [ -63.2842, -17.3386 ], [ -63.28412, -17.33847 ], [ -63.28373, -17.33819 ], [ -63.28359, -17.33805 ], [ -63.28361, -17.33802 ], [ -63.28389, -17.33824 ], [ -63.28416, -17.3384 ], [ -63.28425, -17.33852 ], [ -63.28429, -17.33868 ], [ -63.2845, -17.33842 ], [ -63.28451, -17.33832 ], [ -63.28444, -17.33811 ], [ -63.28446, -17.33786 ], [ -63.28438, -17.33774 ], [ -63.28428, -17.33769 ], [ -63.28419, -17.33759 ], [ -63.28415, -17.33751 ], [ -63.28421, -17.3375 ], [ -63.28431, -17.33765 ], [ -63.28446, -17.33773 ], [ -63.28452, -17.33782 ], [ -63.28453, -17.3379 ], [ -63.28451, -17.33797 ], [ -63.28459, -17.33795 ], [ -63.28475, -17.33775 ], [ -63.28477, -17.33776 ], [ -63.28461, -17.33797 ], [ -63.28451, -17.338 ], [ -63.28453, -17.33816 ], [ -63.28458, -17.3383 ], [ -63.28458, -17.33841 ], [ -63.28455, -17.33853 ], [ -63.28343, -17.33975 ], [ -63.28371, -17.33976 ], [ -63.28419, -17.33941 ], [ -63.28422, -17.33945 ], [ -63.28377, -17.3398 ], [ -63.28362, -17.33986 ], [ -63.28379, -17.33997 ], [ -63.28395, -17.33998 ], [ -63.28486, -17.3394 ], [ -63.28493, -17.33931 ], [ -63.28494, -17.33921 ], [ -63.28468, -17.33849 ], [ -63.28468, -17.33841 ], [ -63.28478, -17.33818 ], [ -63.2849, -17.33802 ], [ -63.28525, -17.33764 ], [ -63.28529, -17.33754 ], [ -63.28529, -17.33743 ], [ -63.28525, -17.33727 ], [ -63.28519, -17.33717 ], [ -63.28506, -17.33707 ], [ -63.285, -17.33705 ], [ -63.28461, -17.33702 ], [ -63.28444, -17.33696 ], [ -63.28419, -17.3368 ], [ -63.28396, -17.33678 ], [ -63.28385, -17.33681 ], [ -63.28376, -17.33686 ], [ -63.28351, -17.33725 ], [ -63.28259, -17.33828 ], [ -63.28243, -17.33838 ], [ -63.28202, -17.33852 ] ] ] } },
{ "type": "Feature", "properties": { "i": 1057 }, "geometry": { "type": "Polygon", "coordinates": [ [ [ -63.24394, -17.34521 ], [ -63.24391, -17.34517 ], [ -63.24307, -17.34502 ], [ -63.24303, -17.34505 ], [ -63.24272, -17.34621 ], [ -63.24359, -17.34639 ], [ -63.24365, -17.34638 ], [ -63.24394, -17.34521 ] ] ] } },
{ "type": "Feature", "properties": { "i": 1058 }, "geometry": { "type": "Polygon", "coordinates": [ [ [ -63.27041, -17.34057 ], [ -63.27028, -17.34047 ], [ -63.27, -17.34033 ], [ -63.26993, -17.34035 ], [ -63.26924, -17.34154 ], [ -63.26925, -17.34161 ], [ -63.26985, -17.34192 ], [ -63.26991, -17.34191 ], [ -63.2705, -17.3409 ], [ -63.27051, -17.34079 ], [ -63.27048, -17.34067 ], [ -63.27041, -17.34057 ] ] ] } },
{ "type": "Feature", "properties": { "i": 1059 }, "geometry": { "type": "Polygon", "coordinates": [ [ [ -63.23948, -17.34574 ], [ -63.23864, -17.34558 ], [ -63.23858, -17.34562 ], [ -63.23833, -17.34696 ], [ -63.23925, -17.34711 ], [ -63.23951, -17.34579 ], [ -63.23948, -17.34574 ] ] ] } },
{ "type": "Feature", "properties": { "i": 1060 }, "geometry": { "type": "Polygon", "coordinates": [ [ [ -63.23712, -17.34682 ], [ -63.2371, -17.34677 ], [ -63.23641, -17.34637 ], [ -63.23605, -17.34693 ], [ -63.23604, -17.347 ], [ -63.23674, -17.34743 ], [ -63.23712, -17.34682 ] ] ] } },
{ "type": "Feature", "properties": { "i": 1061 }, "geometry": { "type": "Polygon", "coordinates": [ [ [ -63.25744, -17.34253 ], [ -63.25738, -17.34254 ], [ -63.25704, -17.34313 ], [ -63.25705, -17.34318 ], [ -63.25811, -17.34369 ], [ -63.25845, -17.34307 ], [ -63.25744, -17.34253 ] ] ] } },
{ "type": "Feature", "properties": { "i": 1062 }, "geometry": { "type": "Polygon", "coordinates": [ [ [ -63.25682, -17.34323 ], [ -63.25681, -17.3432 ], [ -63.256, -17.34278 ], [ -63.25593, -17.34281 ], [ -63.25549, -17.34348 ], [ -63.25633, -17.34396 ], [ -63.25638, -17.34394 ], [ -63.25682, -17.34323 ] ] ] } },
{ "type": "Feature", "properties": { "i": 1063 }, "geometry": { "type": "Polygon", "coordinates": [ [ [ -63.22036, -17.34927 ], [ -63.22031, -17.3493 ], [ -63.21985, -17.34993 ], [ -63.21985, -17.34996 ], [ -63.22055, -17.35039 ], [ -63.22143, -17.34914 ], [ -63.22036, -17.34927 ] ] ] } },
{ "type": "Feature", "properties": { "i": 1064 }, "geometry": { "type": "Polygon", "coordinates": [ [ [ -63.2277, -17.34844 ], [ -63.22854, -17.34889 ], [ -63.229, -17.34809 ], [ -63.22899, -17.34803 ], [ -63.22806, -17.34785 ], [ -63.22803, -17.34786 ], [ -63.2277, -17.34844 ] ] ] } },
{ "type": "Feature", "properties": { "i": 1065 }, "geometry": { "type": "Polygon", "coordinates": [ [ [ -63.24627, -17.34449 ], [ -63.2461, -17.34537 ], [ -63.24622, -17.34543 ], [ -63.24681, -17.3456 ], [ -63.24685, -17.34558 ], [ -63.24714, -17.34463 ], [ -63.24713, -17.34461 ], [ -63.24629, -17.34447 ], [ -63.24627, -17.34449 ] ] ] } },
{ "type": "Feature", "properties": { "i": 1066 }, "geometry": { "type": "Polygon", "coordinates": [ [ [ -63.23455, -17.34726 ], [ -63.23361, -17.3467 ], [ -63.23358, -17.34672 ], [ -63.23322, -17.3473 ], [ -63.23329, -17.34737 ], [ -63.23412, -17.34785 ], [ -63.23415, -17.34785 ], [ -63.23455, -17.34726 ] ] ] } },
{ "type": "Feature", "properties": { "i": 1067 }, "geometry": { "type": "Polygon", "coordinates": [ [ [ -63.21319, -17.3518 ], [ -63.21327, -17.35116 ], [ -63.21224, -17.35048 ], [ -63.21188, -17.35098 ], [ -63.21319, -17.3518 ] ] ] } },
{ "type": "Feature", "properties": { "i": 1068 }, "geometry": { "type": "Polygon", "coordinates": [ [ [ -63.25227, -17.34471 ], [ -63.25233, -17.34468 ], [ -63.2528, -17.34373 ], [ -63.2528, -17.34369 ], [ -63.25183, -17.34321 ], [ -63.2518, -17.34322 ], [ -63.25125, -17.34429 ], [ -63.25227, -17.34471 ] ] ] } },
{ "type": "Feature", "properties": { "i": 1069 }, "geometry": { "type": "Polygon", "coordinates": [ [ [ -63.26433, -17.34191 ], [ -63.26507, -17.34227 ], [ -63.26512, -17.34229 ], [ -63.26517, -17.34227 ], [ -63.26558, -17.3414 ], [ -63.26557, -17.34136 ], [ -63.26488, -17.34101 ], [ -63.26484, -17.34101 ], [ -63.26431, -17.34187 ], [ -63.26433, -17.34191 ] ] ] } },
{ "type": "Feature", "properties": { "i": 1070 }, "geometry": { "type": "Polygon", "coordinates": [ [ [ -63.21864, -17.35009 ], [ -63.21977, -17.34994 ], [ -63.21982, -17.3499 ], [ -63.22025, -17.34929 ], [ -63.22019, -17.34928 ], [ -63.218, -17.34955 ], [ -63.21806, -17.35008 ], [ -63.21811, -17.35013 ], [ -63.21864, -17.35009 ] ] ] } },
{ "type": "Feature", "properties": { "i": 1071 }, "geometry": { "type": "Polygon", "coordinates": [ [ [ -63.26143, -17.34212 ], [ -63.2607, -17.3417 ], [ -63.26067, -17.34171 ], [ -63.26025, -17.34248 ], [ -63.26026, -17.34252 ], [ -63.26088, -17.34289 ], [ -63.26094, -17.34288 ], [ -63.26144, -17.34216 ], [ -63.26143, -17.34212 ] ] ] } },
{ "type": "Feature", "properties": { "i": 1072 }, "geometry": { "type": "Polygon", "coordinates": [ [ [ -63.2384, -17.34587 ], [ -63.23843, -17.34559 ], [ -63.23838, -17.34557 ], [ -63.23835, -17.3456 ], [ -63.23763, -17.34684 ], [ -63.23817, -17.34693 ], [ -63.2382, -17.34691 ], [ -63.2384, -17.34587 ] ] ] } },
{ "type": "Feature", "properties": { "i": 1073 }, "geometry": { "type": "Polygon", "coordinates": [ [ [ -63.24828, -17.34513 ], [ -63.24869, -17.34436 ], [ -63.24867, -17.34433 ], [ -63.24807, -17.34405 ], [ -63.24804, -17.34406 ], [ -63.2476, -17.34476 ], [ -63.2476, -17.34485 ], [ -63.24823, -17.34516 ], [ -63.24828, -17.34513 ] ] ] } },
{ "type": "Feature", "properties": { "i": 1074 }, "geometry": { "type": "Polygon", "coordinates": [ [ [ -63.23301, -17.34738 ], [ -63.23301, -17.34733 ], [ -63.23205, -17.34676 ], [ -63.23198, -17.34678 ], [ -63.23162, -17.3473 ], [ -63.23163, -17.34737 ], [ -63.23261, -17.34794 ], [ -63.23268, -17.34791 ], [ -63.23301, -17.34738 ] ] ] } },
{ "type": "Feature", "properties": { "i": 1075 }, "geometry": { "type": "Polygon", "coordinates": [ [ [ -63.22786, -17.34781 ], [ -63.22725, -17.34767 ], [ -63.22671, -17.34863 ], [ -63.22671, -17.3487 ], [ -63.2272, -17.34895 ], [ -63.22726, -17.34894 ], [ -63.22788, -17.34786 ], [ -63.22786, -17.34781 ] ] ] } },
{ "type": "Feature", "properties": { "i": 1076 }, "geometry": { "type": "Polygon", "coordinates": [ [ [ -63.2429, -17.34502 ], [ -63.24289, -17.34499 ], [ -63.24208, -17.34485 ], [ -63.24195, -17.34483 ], [ -63.2419, -17.34486 ], [ -63.24163, -17.34597 ], [ -63.24166, -17.34602 ], [ -63.24259, -17.34619 ], [ -63.2429, -17.34502 ] ] ] } },
{ "type": "Feature", "properties": { "i": 1077 }, "geometry": { "type": "Polygon", "coordinates": [ [ [ -63.24616, -17.34448 ], [ -63.24614, -17.34444 ], [ -63.24547, -17.34431 ], [ -63.24543, -17.34434 ], [ -63.24517, -17.3452 ], [ -63.24518, -17.34523 ], [ -63.24598, -17.34537 ], [ -63.24616, -17.34448 ] ] ] } },
{ "type": "Feature", "properties": { "i": 1078 }, "geometry": { "type": "Polygon", "coordinates": [ [ [ -63.25454, -17.34314 ], [ -63.25453, -17.34311 ], [ -63.25355, -17.34261 ], [ -63.25351, -17.34262 ], [ -63.253, -17.3436 ], [ -63.25301, -17.34364 ], [ -63.25394, -17.34413 ], [ -63.254, -17.34411 ], [ -63.25454, -17.34314 ] ] ] } },
{ "type": "Feature", "properties": { "i": 1079 }, "geometry": { "type": "Polygon", "coordinates": [ [ [ -63.25012, -17.34394 ], [ -63.24928, -17.34356 ], [ -63.24923, -17.34357 ], [ -63.24887, -17.34427 ], [ -63.24888, -17.34432 ], [ -63.24969, -17.3447 ], [ -63.24974, -17.34468 ], [ -63.25012, -17.34394 ] ] ] } },
{ "type": "Feature", "properties": { "i": 1080 }, "geometry": { "type": "Polygon", "coordinates": [ [ [ -63.23009, -17.34725 ], [ -63.22908, -17.34726 ], [ -63.22912, -17.34768 ], [ -63.22915, -17.34772 ], [ -63.23001, -17.3479 ], [ -63.23004, -17.34789 ], [ -63.23009, -17.34725 ] ] ] } },
{ "type": "Feature", "properties": { "i": 1081 }, "geometry": { "type": "Polygon", "coordinates": [ [ [ -63.26265, -17.34256 ], [ -63.26324, -17.34154 ], [ -63.26324, -17.3415 ], [ -63.26234, -17.34103 ], [ -63.26229, -17.34105 ], [ -63.2617, -17.34199 ], [ -63.26169, -17.34206 ], [ -63.2626, -17.34256 ], [ -63.26265, -17.34256 ] ] ] } },
{ "type": "Feature", "properties": { "i": 1082 }, "geometry": { "type": "Polygon", "coordinates": [ [ [ -63.2692, -17.33999 ], [ -63.26909, -17.33997 ], [ -63.26904, -17.34 ], [ -63.26839, -17.34114 ], [ -63.26839, -17.34117 ], [ -63.26905, -17.3415 ], [ -63.26912, -17.34148 ], [ -63.26984, -17.34026 ], [ -63.2692, -17.33999 ] ] ] } },
{ "type": "Feature", "properties": { "i": 1083 }, "geometry": { "type": "Polygon", "coordinates": [ [ [ -63.27783, -17.33956 ], [ -63.27811, -17.33824 ], [ -63.27809, -17.33821 ], [ -63.27749, -17.33808 ], [ -63.27746, -17.3381 ], [ -63.27719, -17.33944 ], [ -63.27783, -17.33956 ] ] ] } },
{ "type": "Feature", "properties": { "i": 1084 }, "geometry": { "type": "Polygon", "coordinates": [ [ [ -63.26716, -17.34072 ], [ -63.26631, -17.34029 ], [ -63.26579, -17.34129 ], [ -63.2658, -17.34133 ], [ -63.2666, -17.34176 ], [ -63.26664, -17.34174 ], [ -63.26718, -17.34078 ], [ -63.26716, -17.34072 ] ] ] } },
{ "type": "Feature", "properties": { "i": 1085 }, "geometry": { "type": "Polygon", "coordinates": [ [ [ -63.21561, -17.34981 ], [ -63.21555, -17.34985 ], [ -63.21552, -17.34991 ], [ -63.2155, -17.34997 ], [ -63.21552, -17.35001 ], [ -63.2161, -17.35037 ], [ -63.21797, -17.35017 ], [ -63.218, -17.35014 ], [ -63.21793, -17.34954 ], [ -63.21561, -17.34981 ] ] ] } },
{ "type": "Feature", "properties": { "i": 1086 }, "geometry": { "type": "Polygon", "coordinates": [ [ [ -63.28128, -17.33886 ], [ -63.28164, -17.33841 ], [ -63.28182, -17.33829 ], [ -63.28203, -17.33822 ], [ -63.28218, -17.3382 ], [ -63.28251, -17.33798 ], [ -63.28275, -17.33775 ], [ -63.28291, -17.3375 ], [ -63.28183, -17.33734 ], [ -63.28168, -17.33769 ], [ -63.2815, -17.33802 ], [ -63.28103, -17.33884 ], [ -63.28098, -17.33887 ], [ -63.28092, -17.33887 ], [ -63.27978, -17.33858 ], [ -63.2794, -17.33852 ], [ -63.27897, -17.33926 ], [ -63.27874, -17.33975 ], [ -63.27876, -17.33978 ], [ -63.27883, -17.33981 ], [ -63.27922, -17.33992 ], [ -63.27956, -17.33933 ], [ -63.27959, -17.33934 ], [ -63.27927, -17.33994 ], [ -63.27951, -17.34001 ], [ -63.27978, -17.33999 ], [ -63.28067, -17.33962 ], [ -63.28089, -17.33948 ], [ -63.281, -17.33936 ], [ -63.28108, -17.33925 ], [ -63.28128, -17.33886 ] ] ] } },
{ "type": "Feature", "properties": { "i": 1087 }, "geometry": { "type": "Polygon", "coordinates": [ [ [ -63.27877, -17.33836 ], [ -63.27831, -17.33826 ], [ -63.27828, -17.33829 ], [ -63.27807, -17.33935 ], [ -63.27818, -17.33937 ], [ -63.27861, -17.33875 ], [ -63.27877, -17.33836 ] ] ] } },
{ "type": "Feature", "properties": { "i": 1088 }, "geometry": { "type": "Polygon", "coordinates": [ [ [ -63.23584, -17.34689 ], [ -63.23591, -17.34689 ], [ -63.23626, -17.34633 ], [ -63.23625, -17.34628 ], [ -63.23575, -17.34598 ], [ -63.23567, -17.34594 ], [ -63.23562, -17.34594 ], [ -63.23527, -17.3465 ], [ -63.23526, -17.34656 ], [ -63.23584, -17.34689 ] ] ] } },
{ "type": "Feature", "properties": { "i": 1089 }, "geometry": { "type": "Polygon", "coordinates": [ [ [ -63.21079, -17.35119 ], [ -63.21017, -17.35076 ], [ -63.2102, -17.35159 ], [ -63.21079, -17.35158 ], [ -63.21079, -17.35119 ] ] ] } },
{ "type": "Feature", "properties": { "i": 1090 }, "geometry": { "type": "Polygon", "coordinates": [ [ [ -63.21144, -17.35149 ], [ -63.20994, -17.35054 ], [ -63.21021, -17.35001 ], [ -63.21178, -17.35101 ], [ -63.21144, -17.35149 ] ] ] } },
{ "type": "Feature", "properties": { "i": 1091 }, "geometry": { "type": "Polygon", "coordinates": [ [ [ -63.23754, -17.3461 ], [ -63.23752, -17.34604 ], [ -63.23685, -17.34565 ], [ -63.23644, -17.34625 ], [ -63.23717, -17.34668 ], [ -63.23754, -17.3461 ] ] ] } },
{ "type": "Feature", "properties": { "i": 1092 }, "geometry": { "type": "Polygon", "coordinates": [ [ [ -63.22717, -17.34764 ], [ -63.2267, -17.34761 ], [ -63.22659, -17.34763 ], [ -63.22617, -17.34836 ], [ -63.22618, -17.34844 ], [ -63.22658, -17.34866 ], [ -63.22717, -17.34764 ] ] ] } },
{ "type": "Feature", "properties": { "i": 1093 }, "geometry": { "type": "Polygon", "coordinates": [ [ [ -63.25586, -17.34276 ], [ -63.25583, -17.34269 ], [ -63.25513, -17.34236 ], [ -63.25508, -17.34237 ], [ -63.25471, -17.34302 ], [ -63.2547, -17.34308 ], [ -63.25534, -17.34344 ], [ -63.25539, -17.34344 ], [ -63.25586, -17.34276 ] ] ] } },
{ "type": "Feature", "properties": { "i": 1094 }, "geometry": { "type": "Polygon", "coordinates": [ [ [ -63.25691, -17.34308 ], [ -63.25726, -17.3425 ], [ -63.25726, -17.34245 ], [ -63.25663, -17.34211 ], [ -63.25647, -17.34203 ], [ -63.25644, -17.34204 ], [ -63.25606, -17.34268 ], [ -63.25607, -17.34271 ], [ -63.25684, -17.34309 ], [ -63.25691, -17.34308 ] ] ] } },
{ "type": "Feature", "properties": { "i": 1095 }, "geometry": { "type": "Polygon", "coordinates": [ [ [ -63.23406, -17.34597 ], [ -63.23367, -17.34659 ], [ -63.23461, -17.34716 ], [ -63.23501, -17.34653 ], [ -63.23406, -17.34597 ] ] ] } },
{ "type": "Feature", "properties": { "i": 1096 }, "geometry": { "type": "Polygon", "coordinates": [ [ [ -63.25848, -17.34294 ], [ -63.25855, -17.34292 ], [ -63.25907, -17.34207 ], [ -63.25906, -17.34202 ], [ -63.25799, -17.34144 ], [ -63.25748, -17.34238 ], [ -63.25749, -17.34242 ], [ -63.25848, -17.34294 ] ] ] } },
{ "type": "Feature", "properties": { "i": 1097 }, "geometry": { "type": "Polygon", "coordinates": [ [ [ -63.25169, -17.34315 ], [ -63.25093, -17.34278 ], [ -63.25086, -17.3428 ], [ -63.25034, -17.34382 ], [ -63.25036, -17.34388 ], [ -63.25107, -17.34421 ], [ -63.25113, -17.34419 ], [ -63.2517, -17.34318 ], [ -63.25169, -17.34315 ] ] ] } },
{ "type": "Feature", "properties": { "i": 1098 }, "geometry": { "type": "Polygon", "coordinates": [ [ [ -63.2642, -17.34181 ], [ -63.26474, -17.34091 ], [ -63.26401, -17.34053 ], [ -63.26396, -17.34054 ], [ -63.26345, -17.34143 ], [ -63.26346, -17.34147 ], [ -63.26417, -17.34183 ], [ -63.2642, -17.34181 ] ] ] } },
{ "type": "Feature", "properties": { "i": 1099 }, "geometry": { "type": "Polygon", "coordinates": [ [ [ -63.22586, -17.34877 ], [ -63.22652, -17.34755 ], [ -63.2265, -17.34753 ], [ -63.22393, -17.34779 ], [ -63.22395, -17.34799 ], [ -63.22465, -17.34837 ], [ -63.22518, -17.34863 ], [ -63.22514, -17.34884 ], [ -63.22576, -17.3489 ], [ -63.22586, -17.34877 ] ] ] } },
{ "type": "Feature", "properties": { "i": 1100 }, "geometry": { "type": "Polygon", "coordinates": [ [ [ -63.24506, -17.34523 ], [ -63.24529, -17.34429 ], [ -63.24438, -17.34413 ], [ -63.24434, -17.34415 ], [ -63.24413, -17.34504 ], [ -63.24415, -17.34508 ], [ -63.24506, -17.34523 ] ] ] } },
{ "type": "Feature", "properties": { "i": 1101 }, "geometry": { "type": "Polygon", "coordinates": [ [ [ -63.26867, -17.34023 ], [ -63.26867, -17.34016 ], [ -63.26793, -17.3398 ], [ -63.26788, -17.33981 ], [ -63.26741, -17.34064 ], [ -63.26742, -17.34068 ], [ -63.2682, -17.34108 ], [ -63.26867, -17.34023 ] ] ] } },
{ "type": "Feature", "properties": { "i": 1102 }, "geometry": { "type": "Polygon", "coordinates": [ [ [ -63.23348, -17.34664 ], [ -63.23347, -17.34661 ], [ -63.23332, -17.34652 ], [ -63.23258, -17.34611 ], [ -63.23253, -17.3461 ], [ -63.2321, -17.34663 ], [ -63.23211, -17.34667 ], [ -63.2331, -17.34725 ], [ -63.23348, -17.34664 ] ] ] } },
{ "type": "Feature", "properties": { "i": 1103 }, "geometry": { "type": "Polygon", "coordinates": [ [ [ -63.22033, -17.34919 ], [ -63.22023, -17.34834 ], [ -63.22217, -17.34811 ], [ -63.22147, -17.34907 ], [ -63.22139, -17.3491 ], [ -63.22037, -17.34921 ], [ -63.22033, -17.34919 ] ] ] } },
{ "type": "Feature", "properties": { "i": 1104 }, "geometry": { "type": "Polygon", "coordinates": [ [ [ -63.24095, -17.34468 ], [ -63.24068, -17.34581 ], [ -63.2407, -17.34584 ], [ -63.24148, -17.34598 ], [ -63.24177, -17.34482 ], [ -63.24175, -17.34479 ], [ -63.24097, -17.34466 ], [ -63.24095, -17.34468 ] ] ] } },
{ "type": "Feature", "properties": { "i": 1105 }, "geometry": { "type": "Polygon", "coordinates": [ [ [ -63.21474, -17.35075 ], [ -63.21482, -17.35073 ], [ -63.21619, -17.34879 ], [ -63.21495, -17.34893 ], [ -63.21403, -17.35023 ], [ -63.21404, -17.3503 ], [ -63.21474, -17.35075 ] ] ] } },
{ "type": "Feature", "properties": { "i": 1106 }, "geometry": { "type": "Polygon", "coordinates": [ [ [ -63.25973, -17.34117 ], [ -63.2593, -17.34192 ], [ -63.25929, -17.34197 ], [ -63.25932, -17.34201 ], [ -63.26006, -17.34242 ], [ -63.2601, -17.34242 ], [ -63.26055, -17.34164 ], [ -63.26054, -17.34159 ], [ -63.25976, -17.34116 ], [ -63.25973, -17.34117 ] ] ] } },
{ "type": "Feature", "properties": { "i": 1107 }, "geometry": { "type": "Polygon", "coordinates": [ [ [ -63.27733, -17.33808 ], [ -63.27731, -17.33804 ], [ -63.27675, -17.33792 ], [ -63.27671, -17.33794 ], [ -63.27644, -17.33923 ], [ -63.27647, -17.33929 ], [ -63.277, -17.33941 ], [ -63.27707, -17.33937 ], [ -63.27733, -17.33808 ] ] ] } },
{ "type": "Feature", "properties": { "i": 1108 }, "geometry": { "type": "Polygon", "coordinates": [ [ [ -63.24878, -17.34422 ], [ -63.24914, -17.34354 ], [ -63.24913, -17.3435 ], [ -63.2485, -17.34323 ], [ -63.24805, -17.34393 ], [ -63.24872, -17.34424 ], [ -63.24878, -17.34422 ] ] ] } },
{ "type": "Feature", "properties": { "i": 1109 }, "geometry": { "type": "Polygon", "coordinates": [ [ [ -63.22026, -17.34923 ], [ -63.22017, -17.34834 ], [ -63.21793, -17.3486 ], [ -63.21789, -17.34864 ], [ -63.21798, -17.34946 ], [ -63.21802, -17.34949 ], [ -63.22026, -17.34923 ] ] ] } },
{ "type": "Feature", "properties": { "i": 1110 }, "geometry": { "type": "Polygon", "coordinates": [ [ [ -63.24778, -17.34312 ], [ -63.24707, -17.34311 ], [ -63.24704, -17.34313 ], [ -63.24701, -17.34329 ], [ -63.24696, -17.34328 ], [ -63.2469, -17.34354 ], [ -63.24687, -17.34355 ], [ -63.24696, -17.34314 ], [ -63.24692, -17.34311 ], [ -63.24656, -17.3431 ], [ -63.24653, -17.34313 ], [ -63.24631, -17.34432 ], [ -63.24633, -17.34435 ], [ -63.24724, -17.34449 ], [ -63.24792, -17.34337 ], [ -63.24792, -17.34326 ], [ -63.24789, -17.3432 ], [ -63.24778, -17.34312 ] ] ] } },
{ "type": "Feature", "properties": { "i": 1111 }, "geometry": { "type": "Polygon", "coordinates": [ [ [ -63.28634, -17.33703 ], [ -63.28638, -17.33702 ], [ -63.28641, -17.33698 ], [ -63.28651, -17.33679 ], [ -63.28655, -17.3368 ], [ -63.28641, -17.33708 ], [ -63.28637, -17.33709 ], [ -63.28611, -17.33702 ], [ -63.28599, -17.33688 ], [ -63.28592, -17.33697 ], [ -63.28588, -17.33709 ], [ -63.28588, -17.33742 ], [ -63.28585, -17.33752 ], [ -63.28581, -17.33762 ], [ -63.28543, -17.33817 ], [ -63.28528, -17.33869 ], [ -63.28531, -17.3387 ], [ -63.28558, -17.33864 ], [ -63.2859, -17.33867 ], [ -63.28618, -17.33879 ], [ -63.28635, -17.33893 ], [ -63.28673, -17.33859 ], [ -63.28714, -17.33814 ], [ -63.28717, -17.33816 ], [ -63.28679, -17.33859 ], [ -63.28639, -17.33895 ], [ -63.28701, -17.33938 ], [ -63.2877, -17.33979 ], [ -63.28782, -17.3398 ], [ -63.28787, -17.33978 ], [ -63.28827, -17.3393 ], [ -63.28835, -17.33906 ], [ -63.28881, -17.33829 ], [ -63.28881, -17.33822 ], [ -63.28842, -17.33785 ], [ -63.28837, -17.33778 ], [ -63.28828, -17.33776 ], [ -63.2883, -17.33771 ], [ -63.28841, -17.33772 ], [ -63.28856, -17.33745 ], [ -63.28856, -17.3374 ], [ -63.28822, -17.33712 ], [ -63.2879, -17.33691 ], [ -63.28784, -17.33694 ], [ -63.28769, -17.33721 ], [ -63.28766, -17.33719 ], [ -63.28785, -17.33678 ], [ -63.28755, -17.3366 ], [ -63.2873, -17.33654 ], [ -63.28731, -17.33652 ], [ -63.28756, -17.33657 ], [ -63.28786, -17.33675 ], [ -63.28795, -17.33656 ], [ -63.28807, -17.33643 ], [ -63.28808, -17.33627 ], [ -63.28811, -17.33618 ], [ -63.28823, -17.336 ], [ -63.28821, -17.33596 ], [ -63.2881, -17.33596 ], [ -63.28808, -17.33593 ], [ -63.28829, -17.33537 ], [ -63.28803, -17.33525 ], [ -63.28774, -17.33487 ], [ -63.28757, -17.33502 ], [ -63.28755, -17.33522 ], [ -63.28752, -17.33522 ], [ -63.28753, -17.33502 ], [ -63.28773, -17.3348 ], [ -63.28777, -17.33465 ], [ -63.28776, -17.33455 ], [ -63.28772, -17.33451 ], [ -63.28685, -17.33409 ], [ -63.28659, -17.33391 ], [ -63.28624, -17.33426 ], [ -63.2859, -17.33479 ], [ -63.28565, -17.33508 ], [ -63.2854, -17.3353 ], [ -63.28513, -17.33549 ], [ -63.28469, -17.3356 ], [ -63.28433, -17.33572 ], [ -63.28416, -17.33585 ], [ -63.28412, -17.33603 ], [ -63.28413, -17.33621 ], [ -63.2842, -17.33639 ], [ -63.28432, -17.33651 ], [ -63.2845, -17.33659 ], [ -63.28487, -17.33667 ], [ -63.28522, -17.33671 ], [ -63.28546, -17.33678 ], [ -63.28557, -17.33683 ], [ -63.2858, -17.337 ], [ -63.28583, -17.3369 ], [ -63.28594, -17.33674 ], [ -63.28596, -17.33663 ], [ -63.2852, -17.33622 ], [ -63.28514, -17.33622 ], [ -63.28504, -17.33628 ], [ -63.28488, -17.33649 ], [ -63.28484, -17.33646 ], [ -63.28501, -17.33625 ], [ -63.2851, -17.33619 ], [ -63.2852, -17.33618 ], [ -63.28526, -17.3362 ], [ -63.28549, -17.33593 ], [ -63.2855, -17.33585 ], [ -63.28548, -17.33581 ], [ -63.28529, -17.33569 ], [ -63.28532, -17.33566 ], [ -63.28551, -17.33578 ], [ -63.28555, -17.33584 ], [ -63.28555, -17.33592 ], [ -63.2853, -17.33622 ], [ -63.28599, -17.33659 ], [ -63.28609, -17.33642 ], [ -63.28614, -17.33625 ], [ -63.28613, -17.33618 ], [ -63.2861, -17.33613 ], [ -63.28588, -17.33593 ], [ -63.2864, -17.33477 ], [ -63.28644, -17.33479 ], [ -63.28594, -17.33591 ], [ -63.28616, -17.33611 ], [ -63.28619, -17.33618 ], [ -63.28619, -17.33625 ], [ -63.28615, -17.33638 ], [ -63.28673, -17.33644 ], [ -63.28672, -17.33648 ], [ -63.28621, -17.33644 ], [ -63.28614, -17.33647 ], [ -63.28611, -17.33651 ], [ -63.28601, -17.33683 ], [ -63.28614, -17.33698 ], [ -63.28634, -17.33703 ] ] ] } },
{ "type": "Feature", "properties": { "i": 1112 }, "geometry": { "type": "Polygon", "coordinates": [ [ [ -63.24422, -17.34411 ], [ -63.24421, -17.34409 ], [ -63.2434, -17.34395 ], [ -63.24335, -17.34398 ], [ -63.24309, -17.34488 ], [ -63.24395, -17.34506 ], [ -63.244, -17.34503 ], [ -63.24422, -17.34411 ] ] ] } },
{ "type": "Feature", "properties": { "i": 1113 }, "geometry": { "type": "Polygon", "coordinates": [ [ [ -63.22857, -17.34762 ], [ -63.22773, -17.34745 ], [ -63.22772, -17.34735 ], [ -63.22892, -17.34674 ], [ -63.22896, -17.34676 ], [ -63.22898, -17.34765 ], [ -63.22857, -17.34762 ] ] ] } },
{ "type": "Feature", "properties": { "i": 1114 }, "geometry": { "type": "Polygon", "coordinates": [ [ [ -63.27595, -17.33777 ], [ -63.27569, -17.33914 ], [ -63.27624, -17.33925 ], [ -63.2763, -17.33924 ], [ -63.27658, -17.33794 ], [ -63.27657, -17.3379 ], [ -63.27595, -17.33777 ] ] ] } },
{ "type": "Feature", "properties": { "i": 1115 }, "geometry": { "type": "Polygon", "coordinates": [ [ [ -63.2662, -17.34025 ], [ -63.26618, -17.3402 ], [ -63.26555, -17.3399 ], [ -63.26551, -17.33991 ], [ -63.26494, -17.34085 ], [ -63.26495, -17.34089 ], [ -63.2656, -17.34124 ], [ -63.26565, -17.34124 ], [ -63.2662, -17.34025 ] ] ] } },
{ "type": "Feature", "properties": { "i": 1116 }, "geometry": { "type": "Polygon", "coordinates": [ [ [ -63.26218, -17.34099 ], [ -63.26217, -17.34096 ], [ -63.26139, -17.34055 ], [ -63.26136, -17.34056 ], [ -63.26077, -17.34154 ], [ -63.26079, -17.34157 ], [ -63.26152, -17.34199 ], [ -63.26218, -17.34099 ] ] ] } },
{ "type": "Feature", "properties": { "i": 1117 }, "geometry": { "type": "Polygon", "coordinates": [ [ [ -63.25189, -17.34308 ], [ -63.25284, -17.34357 ], [ -63.25287, -17.34356 ], [ -63.25339, -17.34256 ], [ -63.25338, -17.34252 ], [ -63.25247, -17.34204 ], [ -63.25244, -17.34205 ], [ -63.25189, -17.34308 ] ] ] } },
{ "type": "Feature", "properties": { "i": 1118 }, "geometry": { "type": "Polygon", "coordinates": [ [ [ -63.23014, -17.34612 ], [ -63.23009, -17.34609 ], [ -63.22959, -17.34634 ], [ -63.22966, -17.34712 ], [ -63.2297, -17.34716 ], [ -63.23011, -17.34714 ], [ -63.23014, -17.34612 ] ] ] } },
{ "type": "Feature", "properties": { "i": 1119 }, "geometry": { "type": "Polygon", "coordinates": [ [ [ -63.23674, -17.34559 ], [ -63.23608, -17.34519 ], [ -63.23569, -17.34581 ], [ -63.23635, -17.34619 ], [ -63.23674, -17.34559 ] ] ] } },
{ "type": "Feature", "properties": { "i": 1120 }, "geometry": { "type": "Polygon", "coordinates": [ [ [ -63.21389, -17.35019 ], [ -63.21479, -17.34892 ], [ -63.21362, -17.34906 ], [ -63.21352, -17.34995 ], [ -63.21389, -17.35019 ] ] ] } },
{ "type": "Feature", "properties": { "i": 1121 }, "geometry": { "type": "Polygon", "coordinates": [ [ [ -63.23765, -17.34593 ], [ -63.23801, -17.34532 ], [ -63.23733, -17.34494 ], [ -63.23696, -17.34554 ], [ -63.23697, -17.34559 ], [ -63.23759, -17.34595 ], [ -63.23765, -17.34593 ] ] ] } },
{ "type": "Feature", "properties": { "i": 1122 }, "geometry": { "type": "Polygon", "coordinates": [ [ [ -63.21564, -17.34974 ], [ -63.21787, -17.3495 ], [ -63.21791, -17.34944 ], [ -63.21783, -17.34868 ], [ -63.21782, -17.34865 ], [ -63.21777, -17.34862 ], [ -63.21689, -17.3487 ], [ -63.21629, -17.34878 ], [ -63.21564, -17.34974 ] ] ] } },
{ "type": "Feature", "properties": { "i": 1123 }, "geometry": { "type": "Polygon", "coordinates": [ [ [ -63.2397, -17.34565 ], [ -63.24055, -17.3458 ], [ -63.24082, -17.34465 ], [ -63.2408, -17.34462 ], [ -63.23995, -17.34448 ], [ -63.2399, -17.34452 ], [ -63.23968, -17.34562 ], [ -63.2397, -17.34565 ] ] ] } },
{ "type": "Feature", "properties": { "i": 1124 }, "geometry": { "type": "Polygon", "coordinates": [ [ [ -63.25464, -17.34299 ], [ -63.25498, -17.34235 ], [ -63.25497, -17.34231 ], [ -63.25396, -17.34181 ], [ -63.25392, -17.34182 ], [ -63.25359, -17.34245 ], [ -63.25361, -17.3425 ], [ -63.25459, -17.34301 ], [ -63.25464, -17.34299 ] ] ] } },
{ "type": "Feature", "properties": { "i": 1125 }, "geometry": { "type": "Polygon", "coordinates": [ [ [ -63.22957, -17.34716 ], [ -63.22951, -17.34661 ], [ -63.2295, -17.34645 ], [ -63.22906, -17.34666 ], [ -63.22908, -17.34721 ], [ -63.22957, -17.34716 ] ] ] } },
{ "type": "Feature", "properties": { "i": 1126 }, "geometry": { "type": "Polygon", "coordinates": [ [ [ -63.23507, -17.34643 ], [ -63.23546, -17.34582 ], [ -63.2345, -17.34526 ], [ -63.23412, -17.34587 ], [ -63.2346, -17.34617 ], [ -63.23507, -17.34643 ] ] ] } },
{ "type": "Feature", "properties": { "i": 1127 }, "geometry": { "type": "Polygon", "coordinates": [ [ [ -63.25015, -17.34382 ], [ -63.25018, -17.34381 ], [ -63.25076, -17.34275 ], [ -63.25076, -17.3427 ], [ -63.25, -17.34232 ], [ -63.24995, -17.34234 ], [ -63.24936, -17.34343 ], [ -63.24939, -17.34349 ], [ -63.25015, -17.34382 ] ] ] } },
{ "type": "Feature", "properties": { "i": 1128 }, "geometry": { "type": "Polygon", "coordinates": [ [ [ -63.23199, -17.34599 ], [ -63.23138, -17.34665 ], [ -63.23077, -17.34763 ], [ -63.23071, -17.3476 ], [ -63.23047, -17.34797 ], [ -63.23038, -17.34801 ], [ -63.23025, -17.34799 ], [ -63.23018, -17.34792 ], [ -63.23017, -17.34787 ], [ -63.23027, -17.34635 ], [ -63.23025, -17.34605 ], [ -63.23197, -17.34518 ], [ -63.23229, -17.34503 ], [ -63.23234, -17.34503 ], [ -63.23261, -17.34536 ], [ -63.23199, -17.34599 ] ] ] } },
{ "type": "Feature", "properties": { "i": 1129 }, "geometry": { "type": "Polygon", "coordinates": [ [ [ -63.20957, -17.34971 ], [ -63.2101, -17.35003 ], [ -63.20984, -17.35048 ], [ -63.20934, -17.35018 ], [ -63.20957, -17.34971 ] ] ] } },
{ "type": "Feature", "properties": { "i": 1130 }, "geometry": { "type": "Polygon", "coordinates": [ [ [ -63.23975, -17.34446 ], [ -63.23916, -17.34436 ], [ -63.23852, -17.34537 ], [ -63.23855, -17.34543 ], [ -63.23954, -17.34562 ], [ -63.23978, -17.34449 ], [ -63.23975, -17.34446 ] ] ] } },
{ "type": "Feature", "properties": { "i": 1131 }, "geometry": { "type": "Polygon", "coordinates": [ [ [ -63.26334, -17.34136 ], [ -63.26383, -17.34047 ], [ -63.26382, -17.34044 ], [ -63.26297, -17.34 ], [ -63.26292, -17.34002 ], [ -63.2624, -17.34089 ], [ -63.26241, -17.34093 ], [ -63.26327, -17.34137 ], [ -63.26334, -17.34136 ] ] ] } },
{ "type": "Feature", "properties": { "i": 1132 }, "geometry": { "type": "Polygon", "coordinates": [ [ [ -63.24323, -17.34396 ], [ -63.24321, -17.34392 ], [ -63.24219, -17.34375 ], [ -63.24215, -17.34378 ], [ -63.24196, -17.34466 ], [ -63.24197, -17.34469 ], [ -63.24292, -17.34486 ], [ -63.24296, -17.34484 ], [ -63.24323, -17.34396 ] ] ] } },
{ "type": "Feature", "properties": { "i": 1133 }, "geometry": { "type": "Polygon", "coordinates": [ [ [ -63.26875, -17.33972 ], [ -63.26816, -17.33941 ], [ -63.26811, -17.33942 ], [ -63.26798, -17.33965 ], [ -63.26799, -17.33969 ], [ -63.2687, -17.34007 ], [ -63.26874, -17.34005 ], [ -63.26883, -17.3399 ], [ -63.26881, -17.33979 ], [ -63.26875, -17.33972 ] ] ] } },
{ "type": "Feature", "properties": { "i": 1134 }, "geometry": { "type": "Polygon", "coordinates": [ [ [ -63.26727, -17.34061 ], [ -63.26776, -17.33974 ], [ -63.26774, -17.33971 ], [ -63.2669, -17.33928 ], [ -63.26686, -17.33928 ], [ -63.26683, -17.3393 ], [ -63.2664, -17.34013 ], [ -63.26641, -17.34017 ], [ -63.26723, -17.34062 ], [ -63.26727, -17.34061 ] ] ] } },
{ "type": "Feature", "properties": { "i": 1135 }, "geometry": { "type": "Polygon", "coordinates": [ [ [ -63.25734, -17.34236 ], [ -63.25788, -17.3414 ], [ -63.25787, -17.34136 ], [ -63.25704, -17.34091 ], [ -63.25701, -17.34093 ], [ -63.2565, -17.34191 ], [ -63.25651, -17.34194 ], [ -63.2573, -17.34237 ], [ -63.25734, -17.34236 ] ] ] } },
{ "type": "Feature", "properties": { "i": 1136 }, "geometry": { "type": "Polygon", "coordinates": [ [ [ -63.25891, -17.34132 ], [ -63.25872, -17.3412 ], [ -63.25856, -17.34134 ], [ -63.25851, -17.34143 ], [ -63.25849, -17.34154 ], [ -63.25911, -17.34191 ], [ -63.25916, -17.3419 ], [ -63.2596, -17.34113 ], [ -63.25958, -17.34109 ], [ -63.25853, -17.34054 ], [ -63.25807, -17.34131 ], [ -63.25807, -17.34134 ], [ -63.25841, -17.34151 ], [ -63.25853, -17.34131 ], [ -63.25876, -17.34109 ], [ -63.25886, -17.34114 ], [ -63.2589, -17.34108 ], [ -63.25901, -17.34114 ], [ -63.25891, -17.34132 ] ] ] } },
{ "type": "Feature", "properties": { "i": 1137 }, "geometry": { "type": "Polygon", "coordinates": [ [ [ -63.24643, -17.34316 ], [ -63.24639, -17.34311 ], [ -63.24576, -17.3431 ], [ -63.24572, -17.34312 ], [ -63.24545, -17.34418 ], [ -63.24616, -17.3443 ], [ -63.24619, -17.34428 ], [ -63.24643, -17.34316 ] ] ] } },
{ "type": "Feature", "properties": { "i": 1138 }, "geometry": { "type": "Polygon", "coordinates": [ [ [ -63.27575, -17.33775 ], [ -63.27571, -17.33771 ], [ -63.27517, -17.3376 ], [ -63.27509, -17.33765 ], [ -63.27482, -17.33892 ], [ -63.27483, -17.33895 ], [ -63.27543, -17.33908 ], [ -63.27548, -17.33907 ], [ -63.27575, -17.33775 ] ] ] } },
{ "type": "Feature", "properties": { "i": 1139 }, "geometry": { "type": "Polygon", "coordinates": [ [ [ -63.2744, -17.33743 ], [ -63.27435, -17.33745 ], [ -63.27406, -17.33876 ], [ -63.27411, -17.33881 ], [ -63.27468, -17.33893 ], [ -63.27471, -17.33891 ], [ -63.27499, -17.3376 ], [ -63.27493, -17.33754 ], [ -63.2744, -17.33743 ] ] ] } },
{ "type": "Feature", "properties": { "i": 1140 }, "geometry": { "type": "Polygon", "coordinates": [ [ [ -63.22752, -17.34606 ], [ -63.22747, -17.34726 ], [ -63.2283, -17.34686 ], [ -63.22828, -17.34612 ], [ -63.22823, -17.34607 ], [ -63.22755, -17.34603 ], [ -63.22752, -17.34606 ] ] ] } },
{ "type": "Feature", "properties": { "i": 1141 }, "geometry": { "type": "Polygon", "coordinates": [ [ [ -63.27066, -17.3401 ], [ -63.27076, -17.3401 ], [ -63.27085, -17.34002 ], [ -63.27118, -17.33882 ], [ -63.27117, -17.33878 ], [ -63.27109, -17.33864 ], [ -63.27097, -17.33853 ], [ -63.27089, -17.33849 ], [ -63.27018, -17.33829 ], [ -63.27004, -17.33832 ], [ -63.26994, -17.33841 ], [ -63.26934, -17.33944 ], [ -63.26935, -17.33949 ], [ -63.27066, -17.3401 ] ] ] } },
{ "type": "Feature", "properties": { "i": 1142 }, "geometry": { "type": "Polygon", "coordinates": [ [ [ -63.21345, -17.34957 ], [ -63.21261, -17.34957 ], [ -63.21262, -17.34904 ], [ -63.21352, -17.349 ], [ -63.21345, -17.34957 ] ] ] } },
{ "type": "Feature", "properties": { "i": 1143 }, "geometry": { "type": "Polygon", "coordinates": [ [ [ -63.26456, -17.33944 ], [ -63.26405, -17.34038 ], [ -63.26406, -17.34041 ], [ -63.26477, -17.34079 ], [ -63.26483, -17.34078 ], [ -63.26537, -17.33984 ], [ -63.26535, -17.3398 ], [ -63.2646, -17.33943 ], [ -63.26456, -17.33944 ] ] ] } },
{ "type": "Feature", "properties": { "i": 1144 }, "geometry": { "type": "Polygon", "coordinates": [ [ [ -63.22661, -17.34739 ], [ -63.2273, -17.34734 ], [ -63.22733, -17.34722 ], [ -63.22739, -17.34605 ], [ -63.22735, -17.34602 ], [ -63.22662, -17.34598 ], [ -63.2266, -17.34602 ], [ -63.22654, -17.34736 ], [ -63.22656, -17.34739 ], [ -63.22661, -17.34739 ] ] ] } },
{ "type": "Feature", "properties": { "i": 1145 }, "geometry": { "type": "Polygon", "coordinates": [ [ [ -63.2453, -17.34414 ], [ -63.24558, -17.34313 ], [ -63.24554, -17.34309 ], [ -63.24466, -17.34307 ], [ -63.24462, -17.3431 ], [ -63.24439, -17.34399 ], [ -63.24527, -17.34415 ], [ -63.2453, -17.34414 ] ] ] } },
{ "type": "Feature", "properties": { "i": 1146 }, "geometry": { "type": "Polygon", "coordinates": [ [ [ -63.2886, -17.33735 ], [ -63.28895, -17.33739 ], [ -63.28918, -17.33745 ], [ -63.28936, -17.33724 ], [ -63.28967, -17.33678 ], [ -63.29101, -17.33438 ], [ -63.29051, -17.33437 ], [ -63.28985, -17.33428 ], [ -63.28687, -17.3337 ], [ -63.28672, -17.33393 ], [ -63.2878, -17.3345 ], [ -63.28889, -17.33489 ], [ -63.28915, -17.33496 ], [ -63.28919, -17.33496 ], [ -63.28945, -17.33483 ], [ -63.28953, -17.33483 ], [ -63.28978, -17.33491 ], [ -63.28975, -17.33496 ], [ -63.28948, -17.33489 ], [ -63.28913, -17.33502 ], [ -63.28791, -17.33461 ], [ -63.28784, -17.33465 ], [ -63.28779, -17.33473 ], [ -63.28779, -17.33481 ], [ -63.28811, -17.33526 ], [ -63.28833, -17.33535 ], [ -63.28812, -17.33589 ], [ -63.28814, -17.33592 ], [ -63.28826, -17.33592 ], [ -63.28828, -17.33597 ], [ -63.28816, -17.33615 ], [ -63.28811, -17.33631 ], [ -63.2881, -17.33645 ], [ -63.28799, -17.33658 ], [ -63.2879, -17.33675 ], [ -63.2879, -17.3368 ], [ -63.2886, -17.33735 ] ] ] } },
{ "type": "Feature", "properties": { "i": 1147 }, "geometry": { "type": "Polygon", "coordinates": [ [ [ -63.26121, -17.34045 ], [ -63.2604, -17.34007 ], [ -63.26036, -17.34008 ], [ -63.25982, -17.34102 ], [ -63.25983, -17.34105 ], [ -63.26062, -17.34148 ], [ -63.26066, -17.34147 ], [ -63.26122, -17.3405 ], [ -63.26121, -17.34045 ] ] ] } },
{ "type": "Feature", "properties": { "i": 1148 }, "geometry": { "type": "Polygon", "coordinates": [ [ [ -63.24179, -17.34467 ], [ -63.24182, -17.34465 ], [ -63.24204, -17.34373 ], [ -63.24202, -17.34371 ], [ -63.24123, -17.34359 ], [ -63.24119, -17.34362 ], [ -63.24098, -17.34453 ], [ -63.24179, -17.34467 ] ] ] } },
{ "type": "Feature", "properties": { "i": 1149 }, "geometry": { "type": "Polygon", "coordinates": [ [ [ -63.25176, -17.34303 ], [ -63.25233, -17.34197 ], [ -63.25154, -17.34156 ], [ -63.25095, -17.34263 ], [ -63.25096, -17.34267 ], [ -63.25171, -17.34304 ], [ -63.25176, -17.34303 ] ] ] } },
{ "type": "Feature", "properties": { "i": 1150 }, "geometry": { "type": "Polygon", "coordinates": [ [ [ -63.23847, -17.34462 ], [ -63.23782, -17.34425 ], [ -63.23778, -17.34425 ], [ -63.23737, -17.34485 ], [ -63.23808, -17.34527 ], [ -63.23847, -17.34462 ] ] ] } },
{ "type": "Feature", "properties": { "i": 1151 }, "geometry": { "type": "Polygon", "coordinates": [ [ [ -63.23725, -17.34487 ], [ -63.23657, -17.34447 ], [ -63.2362, -17.34505 ], [ -63.2362, -17.34513 ], [ -63.23685, -17.34552 ], [ -63.23725, -17.34487 ] ] ] } },
{ "type": "Feature", "properties": { "i": 1152 }, "geometry": { "type": "Polygon", "coordinates": [ [ [ -63.22651, -17.34597 ], [ -63.22578, -17.34593 ], [ -63.22575, -17.34597 ], [ -63.22566, -17.34747 ], [ -63.22645, -17.34739 ], [ -63.22651, -17.34597 ] ] ] } },
{ "type": "Feature", "properties": { "i": 1153 }, "geometry": { "type": "Polygon", "coordinates": [ [ [ -63.24985, -17.34232 ], [ -63.24985, -17.34226 ], [ -63.24983, -17.34224 ], [ -63.24928, -17.34199 ], [ -63.24861, -17.34307 ], [ -63.2492, -17.34341 ], [ -63.24985, -17.34232 ] ] ] } },
{ "type": "Feature", "properties": { "i": 1154 }, "geometry": { "type": "Polygon", "coordinates": [ [ [ -63.23458, -17.34515 ], [ -63.23554, -17.34572 ], [ -63.23592, -17.34514 ], [ -63.2359, -17.34508 ], [ -63.23496, -17.34454 ], [ -63.23458, -17.34515 ] ] ] } },
{ "type": "Feature", "properties": { "i": 1155 }, "geometry": { "type": "Polygon", "coordinates": [ [ [ -63.25433, -17.34107 ], [ -63.25401, -17.34165 ], [ -63.25403, -17.34171 ], [ -63.25504, -17.34221 ], [ -63.25508, -17.3422 ], [ -63.25538, -17.34162 ], [ -63.25537, -17.34158 ], [ -63.25433, -17.34107 ] ] ] } },
{ "type": "Feature", "properties": { "i": 1156 }, "geometry": { "type": "Polygon", "coordinates": [ [ [ -63.241, -17.34375 ], [ -63.24103, -17.34376 ], [ -63.24107, -17.34358 ], [ -63.24013, -17.34341 ], [ -63.23996, -17.34435 ], [ -63.24085, -17.3445 ], [ -63.241, -17.34375 ] ] ] } },
{ "type": "Feature", "properties": { "i": 1157 }, "geometry": { "type": "Polygon", "coordinates": [ [ [ -63.25344, -17.34241 ], [ -63.25348, -17.34239 ], [ -63.25382, -17.34177 ], [ -63.25381, -17.34174 ], [ -63.25291, -17.34129 ], [ -63.25287, -17.34129 ], [ -63.25253, -17.34191 ], [ -63.25344, -17.34241 ] ] ] } },
{ "type": "Feature", "properties": { "i": 1158 }, "geometry": { "type": "Polygon", "coordinates": [ [ [ -63.26198, -17.33953 ], [ -63.26146, -17.34041 ], [ -63.26146, -17.34044 ], [ -63.26223, -17.34084 ], [ -63.26229, -17.34082 ], [ -63.26282, -17.33996 ], [ -63.2628, -17.33993 ], [ -63.26201, -17.33952 ], [ -63.26198, -17.33953 ] ] ] } },
{ "type": "Feature", "properties": { "i": 1159 }, "geometry": { "type": "Polygon", "coordinates": [ [ [ -63.26673, -17.33923 ], [ -63.26672, -17.3392 ], [ -63.26613, -17.33889 ], [ -63.26609, -17.3389 ], [ -63.26561, -17.33972 ], [ -63.26561, -17.33978 ], [ -63.26622, -17.34009 ], [ -63.26629, -17.34007 ], [ -63.26673, -17.33923 ] ] ] } },
{ "type": "Feature", "properties": { "i": 1160 }, "geometry": { "type": "Polygon", "coordinates": [ [ [ -63.24427, -17.34393 ], [ -63.2445, -17.34309 ], [ -63.24448, -17.34307 ], [ -63.24396, -17.34307 ], [ -63.24359, -17.34307 ], [ -63.24356, -17.34309 ], [ -63.2434, -17.3438 ], [ -63.24342, -17.34382 ], [ -63.24421, -17.34397 ], [ -63.24427, -17.34393 ] ] ] } },
{ "type": "Feature", "properties": { "i": 1161 }, "geometry": { "type": "Polygon", "coordinates": [ [ [ -63.27421, -17.33743 ], [ -63.27419, -17.33738 ], [ -63.27358, -17.33727 ], [ -63.2733, -17.3386 ], [ -63.27331, -17.33863 ], [ -63.2739, -17.33876 ], [ -63.27396, -17.33872 ], [ -63.27421, -17.33743 ] ] ] } },
{ "type": "Feature", "properties": { "i": 1162 }, "geometry": { "type": "Polygon", "coordinates": [ [ [ -63.26785, -17.33963 ], [ -63.268, -17.33937 ], [ -63.26798, -17.33929 ], [ -63.26708, -17.33882 ], [ -63.26691, -17.33913 ], [ -63.26785, -17.33963 ] ] ] } },
{ "type": "Feature", "properties": { "i": 1163 }, "geometry": { "type": "Polygon", "coordinates": [ [ [ -63.27677, -17.3378 ], [ -63.27737, -17.33792 ], [ -63.27752, -17.33718 ], [ -63.27689, -17.33705 ], [ -63.27674, -17.33776 ], [ -63.27677, -17.3378 ] ] ] } },
{ "type": "Feature", "properties": { "i": 1164 }, "geometry": { "type": "Polygon", "coordinates": [ [ [ -63.25693, -17.34086 ], [ -63.25691, -17.34082 ], [ -63.25614, -17.3404 ], [ -63.25611, -17.34041 ], [ -63.25559, -17.34151 ], [ -63.2556, -17.34153 ], [ -63.25633, -17.34185 ], [ -63.2564, -17.34183 ], [ -63.25675, -17.34115 ], [ -63.25649, -17.341 ], [ -63.25651, -17.34095 ], [ -63.2568, -17.34109 ], [ -63.25693, -17.34086 ] ] ] } },
{ "type": "Feature", "properties": { "i": 1165 }, "geometry": { "type": "Polygon", "coordinates": [ [ [ -63.22563, -17.34591 ], [ -63.22498, -17.34587 ], [ -63.22459, -17.34753 ], [ -63.2246, -17.34757 ], [ -63.22554, -17.3475 ], [ -63.22563, -17.34591 ] ] ] } },
{ "type": "Feature", "properties": { "i": 1166 }, "geometry": { "type": "Polygon", "coordinates": [ [ [ -63.23355, -17.34653 ], [ -63.23532, -17.34376 ], [ -63.23493, -17.34361 ], [ -63.23454, -17.34396 ], [ -63.23298, -17.34548 ], [ -63.23261, -17.34597 ], [ -63.23262, -17.34601 ], [ -63.23355, -17.34653 ] ] ] } },
{ "type": "Feature", "properties": { "i": 1167 }, "geometry": { "type": "Polygon", "coordinates": [ [ [ -63.27786, -17.33641 ], [ -63.27782, -17.33644 ], [ -63.27749, -17.33795 ], [ -63.2781, -17.33809 ], [ -63.27812, -17.33807 ], [ -63.27847, -17.33655 ], [ -63.27846, -17.33653 ], [ -63.27786, -17.33641 ] ] ] } },
{ "type": "Feature", "properties": { "i": 1168 }, "geometry": { "type": "Polygon", "coordinates": [ [ [ -63.23999, -17.3434 ], [ -63.23972, -17.34335 ], [ -63.23925, -17.34416 ], [ -63.23931, -17.34424 ], [ -63.23977, -17.34433 ], [ -63.23981, -17.3443 ], [ -63.23999, -17.3434 ] ] ] } },
{ "type": "Feature", "properties": { "i": 1169 }, "geometry": { "type": "Polygon", "coordinates": [ [ [ -63.24741, -17.34292 ], [ -63.24742, -17.34289 ], [ -63.24655, -17.34252 ], [ -63.24635, -17.34288 ], [ -63.24741, -17.34292 ] ] ] } },
{ "type": "Feature", "properties": { "i": 1170 }, "geometry": { "type": "Polygon", "coordinates": [ [ [ -63.22101, -17.34768 ], [ -63.22013, -17.34713 ], [ -63.22007, -17.34713 ], [ -63.22003, -17.34715 ], [ -63.21972, -17.3476 ], [ -63.21971, -17.34765 ], [ -63.21976, -17.34806 ], [ -63.2211, -17.34787 ], [ -63.22114, -17.34782 ], [ -63.22113, -17.34779 ], [ -63.22101, -17.34768 ] ] ] } },
{ "type": "Feature", "properties": { "i": 1171 }, "geometry": { "type": "Polygon", "coordinates": [ [ [ -63.27328, -17.33802 ], [ -63.27325, -17.33797 ], [ -63.27313, -17.33794 ], [ -63.2719, -17.3377 ], [ -63.27186, -17.33773 ], [ -63.27177, -17.33816 ], [ -63.2718, -17.33827 ], [ -63.27189, -17.33835 ], [ -63.27315, -17.3386 ], [ -63.27328, -17.33802 ] ] ] } },
{ "type": "Feature", "properties": { "i": 1172 }, "geometry": { "type": "Polygon", "coordinates": [ [ [ -63.24343, -17.3431 ], [ -63.24341, -17.34307 ], [ -63.24234, -17.34306 ], [ -63.24232, -17.34308 ], [ -63.24221, -17.3436 ], [ -63.24222, -17.34362 ], [ -63.24324, -17.34381 ], [ -63.24328, -17.34378 ], [ -63.24343, -17.3431 ] ] ] } },
{ "type": "Feature", "properties": { "i": 1173 }, "geometry": { "type": "Polygon", "coordinates": [ [ [ -63.26392, -17.34032 ], [ -63.26446, -17.33939 ], [ -63.26444, -17.33934 ], [ -63.26363, -17.33893 ], [ -63.26359, -17.33895 ], [ -63.26306, -17.33984 ], [ -63.26308, -17.33992 ], [ -63.26386, -17.34034 ], [ -63.26392, -17.34032 ] ] ] } },
{ "type": "Feature", "properties": { "i": 1174 }, "geometry": { "type": "Polygon", "coordinates": [ [ [ -63.23726, -17.34479 ], [ -63.2373, -17.34477 ], [ -63.23769, -17.34419 ], [ -63.23767, -17.34414 ], [ -63.23699, -17.34376 ], [ -63.23659, -17.34438 ], [ -63.23726, -17.34479 ] ] ] } },
{ "type": "Feature", "properties": { "i": 1175 }, "geometry": { "type": "Polygon", "coordinates": [ [ [ -63.25797, -17.34123 ], [ -63.25818, -17.34087 ], [ -63.2579, -17.34067 ], [ -63.2582, -17.34083 ], [ -63.25838, -17.3405 ], [ -63.25838, -17.34045 ], [ -63.25757, -17.34 ], [ -63.25754, -17.34 ], [ -63.2575, -17.34002 ], [ -63.2571, -17.34081 ], [ -63.25791, -17.34125 ], [ -63.25797, -17.34123 ] ] ] } },
{ "type": "Feature", "properties": { "i": 1176 }, "geometry": { "type": "Polygon", "coordinates": [ [ [ -63.27613, -17.33689 ], [ -63.27598, -17.33764 ], [ -63.27658, -17.33777 ], [ -63.27662, -17.33776 ], [ -63.27676, -17.33703 ], [ -63.27613, -17.33689 ] ] ] } },
{ "type": "Feature", "properties": { "i": 1177 }, "geometry": { "type": "Polygon", "coordinates": [ [ [ -63.23094, -17.34516 ], [ -63.23022, -17.34506 ], [ -63.23016, -17.34576 ], [ -63.23018, -17.34585 ], [ -63.23022, -17.34586 ], [ -63.23093, -17.3455 ], [ -63.23096, -17.34519 ], [ -63.23094, -17.34516 ] ] ] } },
{ "type": "Feature", "properties": { "i": 1178 }, "geometry": { "type": "Polygon", "coordinates": [ [ [ -63.24624, -17.34287 ], [ -63.24641, -17.34249 ], [ -63.24576, -17.3422 ], [ -63.24537, -17.3428 ], [ -63.24541, -17.34285 ], [ -63.24624, -17.34287 ] ] ] } },
{ "type": "Feature", "properties": { "i": 1179 }, "geometry": { "type": "Polygon", "coordinates": [ [ [ -63.2301, -17.34507 ], [ -63.22935, -17.34496 ], [ -63.22933, -17.34498 ], [ -63.22928, -17.34629 ], [ -63.22932, -17.34632 ], [ -63.23005, -17.34594 ], [ -63.2301, -17.34507 ] ] ] } },
{ "type": "Feature", "properties": { "i": 1180 }, "geometry": { "type": "Polygon", "coordinates": [ [ [ -63.22152, -17.34764 ], [ -63.22177, -17.34729 ], [ -63.22177, -17.34726 ], [ -63.22053, -17.34648 ], [ -63.2205, -17.34649 ], [ -63.22015, -17.34699 ], [ -63.22014, -17.34706 ], [ -63.22016, -17.34709 ], [ -63.22122, -17.34773 ], [ -63.22127, -17.34774 ], [ -63.22143, -17.34771 ], [ -63.22152, -17.34764 ] ] ] } },
{ "type": "Feature", "properties": { "i": 1181 }, "geometry": { "type": "Polygon", "coordinates": [ [ [ -63.26021, -17.34004 ], [ -63.2602, -17.33997 ], [ -63.25916, -17.33945 ], [ -63.25911, -17.33949 ], [ -63.2586, -17.34039 ], [ -63.25964, -17.34096 ], [ -63.2597, -17.34095 ], [ -63.26021, -17.34004 ] ] ] } },
{ "type": "Feature", "properties": { "i": 1182 }, "geometry": { "type": "Polygon", "coordinates": [ [ [ -63.2225, -17.34765 ], [ -63.22335, -17.34643 ], [ -63.22272, -17.34604 ], [ -63.22154, -17.34771 ], [ -63.2225, -17.34765 ] ] ] } },
{ "type": "Feature", "properties": { "i": 1183 }, "geometry": { "type": "Polygon", "coordinates": [ [ [ -63.23597, -17.34498 ], [ -63.23601, -17.34496 ], [ -63.23637, -17.34441 ], [ -63.23635, -17.34438 ], [ -63.23546, -17.34384 ], [ -63.23542, -17.34384 ], [ -63.23504, -17.34445 ], [ -63.23597, -17.34498 ] ] ] } },
{ "type": "Feature", "properties": { "i": 1184 }, "geometry": { "type": "Polygon", "coordinates": [ [ [ -63.26694, -17.33881 ], [ -63.26635, -17.33853 ], [ -63.26632, -17.33854 ], [ -63.26618, -17.33878 ], [ -63.26679, -17.33909 ], [ -63.26694, -17.33881 ] ] ] } },
{ "type": "Feature", "properties": { "i": 1185 }, "geometry": { "type": "Polygon", "coordinates": [ [ [ -63.24825, -17.34282 ], [ -63.24888, -17.3418 ], [ -63.24887, -17.34175 ], [ -63.24818, -17.34145 ], [ -63.24815, -17.34146 ], [ -63.24755, -17.34251 ], [ -63.24758, -17.34258 ], [ -63.24803, -17.34283 ], [ -63.24818, -17.34284 ], [ -63.24825, -17.34282 ] ] ] } },
{ "type": "Feature", "properties": { "i": 1186 }, "geometry": { "type": "Polygon", "coordinates": [ [ [ -63.20649, -17.34924 ], [ -63.20808, -17.34923 ], [ -63.2081, -17.34978 ], [ -63.20642, -17.34979 ], [ -63.20649, -17.34924 ] ] ] } },
{ "type": "Feature", "properties": { "i": 1187 }, "geometry": { "type": "Polygon", "coordinates": [ [ [ -63.24216, -17.34304 ], [ -63.24132, -17.34304 ], [ -63.24124, -17.34345 ], [ -63.24205, -17.34358 ], [ -63.24208, -17.34356 ], [ -63.24219, -17.34308 ], [ -63.24216, -17.34304 ] ] ] } },
{ "type": "Feature", "properties": { "i": 1188 }, "geometry": { "type": "Polygon", "coordinates": [ [ [ -63.26597, -17.33882 ], [ -63.26519, -17.33842 ], [ -63.26514, -17.33843 ], [ -63.26469, -17.33924 ], [ -63.26469, -17.33932 ], [ -63.26543, -17.33969 ], [ -63.26549, -17.33968 ], [ -63.26598, -17.33886 ], [ -63.26597, -17.33882 ] ] ] } },
{ "type": "Feature", "properties": { "i": 1189 }, "geometry": { "type": "Polygon", "coordinates": [ [ [ -63.25191, -17.34085 ], [ -63.25162, -17.3414 ], [ -63.25163, -17.34145 ], [ -63.25237, -17.34184 ], [ -63.25242, -17.34183 ], [ -63.25273, -17.34126 ], [ -63.25271, -17.34122 ], [ -63.25191, -17.34085 ] ] ] } },
{ "type": "Feature", "properties": { "i": 1190 }, "geometry": { "type": "Polygon", "coordinates": [ [ [ -63.28047, -17.33444 ], [ -63.28039, -17.3344 ], [ -63.27957, -17.33589 ], [ -63.2787, -17.33739 ], [ -63.2785, -17.33743 ], [ -63.27845, -17.33748 ], [ -63.27831, -17.33808 ], [ -63.27834, -17.33813 ], [ -63.27886, -17.33824 ], [ -63.28053, -17.33503 ], [ -63.28033, -17.33476 ], [ -63.28047, -17.33444 ] ] ] } },
{ "type": "Feature", "properties": { "i": 1191 }, "geometry": { "type": "Polygon", "coordinates": [ [ [ -63.25383, -17.34158 ], [ -63.25387, -17.34157 ], [ -63.25417, -17.34099 ], [ -63.25326, -17.34055 ], [ -63.25295, -17.34112 ], [ -63.25296, -17.34116 ], [ -63.25383, -17.34158 ] ] ] } },
{ "type": "Feature", "properties": { "i": 1192 }, "geometry": { "type": "Polygon", "coordinates": [ [ [ -63.26134, -17.34035 ], [ -63.26185, -17.33948 ], [ -63.26183, -17.33944 ], [ -63.261, -17.33902 ], [ -63.26095, -17.33903 ], [ -63.26047, -17.3399 ], [ -63.26049, -17.33996 ], [ -63.26129, -17.34036 ], [ -63.26134, -17.34035 ] ] ] } },
{ "type": "Feature", "properties": { "i": 1193 }, "geometry": { "type": "Polygon", "coordinates": [ [ [ -63.25088, -17.34257 ], [ -63.25179, -17.34076 ], [ -63.25102, -17.3404 ], [ -63.25099, -17.34041 ], [ -63.25004, -17.34215 ], [ -63.25005, -17.34222 ], [ -63.25081, -17.3426 ], [ -63.25088, -17.34257 ] ] ] } },
{ "type": "Feature", "properties": { "i": 1194 }, "geometry": { "type": "Polygon", "coordinates": [ [ [ -63.22856, -17.34485 ], [ -63.2284, -17.34608 ], [ -63.22844, -17.34673 ], [ -63.22849, -17.34673 ], [ -63.22917, -17.34639 ], [ -63.22923, -17.34495 ], [ -63.22856, -17.34485 ] ] ] } },
{ "type": "Feature", "properties": { "i": 1195 }, "geometry": { "type": "Polygon", "coordinates": [ [ [ -63.23376, -17.34424 ], [ -63.23349, -17.34411 ], [ -63.2332, -17.34422 ], [ -63.23295, -17.3444 ], [ -63.2324, -17.34489 ], [ -63.23267, -17.34524 ], [ -63.23272, -17.34524 ], [ -63.23376, -17.34424 ] ] ] } },
{ "type": "Feature", "properties": { "i": 1196 }, "geometry": { "type": "Polygon", "coordinates": [ [ [ -63.22473, -17.34667 ], [ -63.22487, -17.34601 ], [ -63.22493, -17.34479 ], [ -63.22416, -17.3459 ], [ -63.22409, -17.34753 ], [ -63.2245, -17.3475 ], [ -63.22473, -17.34667 ] ] ] } },
{ "type": "Feature", "properties": { "i": 1197 }, "geometry": { "type": "Polygon", "coordinates": [ [ [ -63.22842, -17.34488 ], [ -63.22839, -17.34484 ], [ -63.22761, -17.34483 ], [ -63.22758, -17.34486 ], [ -63.22752, -17.34593 ], [ -63.22826, -17.34596 ], [ -63.22829, -17.34593 ], [ -63.22842, -17.34488 ] ] ] } },
{ "type": "Feature", "properties": { "i": 1198 }, "geometry": { "type": "Polygon", "coordinates": [ [ [ -63.27855, -17.33725 ], [ -63.2786, -17.33727 ], [ -63.27864, -17.33725 ], [ -63.27939, -17.33595 ], [ -63.27937, -17.3359 ], [ -63.27886, -17.3358 ], [ -63.27881, -17.33582 ], [ -63.27856, -17.33708 ], [ -63.27855, -17.33725 ] ] ] } },
{ "type": "Feature", "properties": { "i": 1199 }, "geometry": { "type": "Polygon", "coordinates": [ [ [ -63.23851, -17.34449 ], [ -63.23934, -17.34312 ], [ -63.23933, -17.34303 ], [ -63.23929, -17.343 ], [ -63.23856, -17.343 ], [ -63.23788, -17.34408 ], [ -63.23788, -17.34413 ], [ -63.23851, -17.34449 ] ] ] } },
{ "type": "Feature", "properties": { "i": 1200 }, "geometry": { "type": "Polygon", "coordinates": [ [ [ -63.24488, -17.34186 ], [ -63.24482, -17.34189 ], [ -63.24426, -17.34279 ], [ -63.24428, -17.34283 ], [ -63.2452, -17.34284 ], [ -63.2456, -17.34221 ], [ -63.24559, -17.34214 ], [ -63.24488, -17.34186 ] ] ] } },
{ "type": "Feature", "properties": { "i": 1201 }, "geometry": { "type": "Polygon", "coordinates": [ [ [ -63.21179, -17.34887 ], [ -63.21357, -17.34878 ], [ -63.21361, -17.34786 ], [ -63.21359, -17.34779 ], [ -63.21354, -17.34776 ], [ -63.20998, -17.34773 ], [ -63.21179, -17.34887 ] ] ] } },
{ "type": "Feature", "properties": { "i": 1202 }, "geometry": { "type": "Polygon", "coordinates": [ [ [ -63.25543, -17.34147 ], [ -63.25547, -17.34147 ], [ -63.25601, -17.34032 ], [ -63.25501, -17.33977 ], [ -63.25438, -17.34096 ], [ -63.25543, -17.34147 ] ] ] } },
{ "type": "Feature", "properties": { "i": 1203 }, "geometry": { "type": "Polygon", "coordinates": [ [ [ -63.24118, -17.34307 ], [ -63.24114, -17.34304 ], [ -63.24022, -17.34303 ], [ -63.24019, -17.34305 ], [ -63.24016, -17.34325 ], [ -63.24018, -17.34329 ], [ -63.2411, -17.34344 ], [ -63.24118, -17.34307 ] ] ] } },
{ "type": "Feature", "properties": { "i": 1204 }, "geometry": { "type": "Polygon", "coordinates": [ [ [ -63.22745, -17.34482 ], [ -63.22672, -17.3448 ], [ -63.22664, -17.34484 ], [ -63.22661, -17.34584 ], [ -63.22663, -17.34586 ], [ -63.22738, -17.34591 ], [ -63.22741, -17.34589 ], [ -63.22745, -17.34482 ] ] ] } },
{ "type": "Feature", "properties": { "i": 1205 }, "geometry": { "type": "Polygon", "coordinates": [ [ [ -63.26982, -17.33814 ], [ -63.2673, -17.337 ], [ -63.26724, -17.33703 ], [ -63.26661, -17.33805 ], [ -63.26662, -17.33814 ], [ -63.26912, -17.33938 ], [ -63.26917, -17.33936 ], [ -63.26984, -17.33818 ], [ -63.26982, -17.33814 ] ] ] } },
{ "type": "Feature", "properties": { "i": 1206 }, "geometry": { "type": "Polygon", "coordinates": [ [ [ -63.22222, -17.34663 ], [ -63.22095, -17.34585 ], [ -63.22055, -17.34643 ], [ -63.22182, -17.34722 ], [ -63.22222, -17.34663 ] ] ] } },
{ "type": "Feature", "properties": { "i": 1207 }, "geometry": { "type": "Polygon", "coordinates": [ [ [ -63.27201, -17.33699 ], [ -63.27191, -17.33753 ], [ -63.27195, -17.33758 ], [ -63.27327, -17.33784 ], [ -63.27333, -17.33782 ], [ -63.27343, -17.33729 ], [ -63.27341, -17.33723 ], [ -63.27208, -17.33695 ], [ -63.27201, -17.33699 ] ] ] } },
{ "type": "Feature", "properties": { "i": 1208 }, "geometry": { "type": "Polygon", "coordinates": [ [ [ -63.24996, -17.34212 ], [ -63.25055, -17.341 ], [ -63.25054, -17.34097 ], [ -63.25006, -17.34074 ], [ -63.25001, -17.34075 ], [ -63.24937, -17.34183 ], [ -63.24938, -17.3419 ], [ -63.24989, -17.34214 ], [ -63.24996, -17.34212 ] ] ] } },
{ "type": "Feature", "properties": { "i": 1209 }, "geometry": { "type": "Polygon", "coordinates": [ [ [ -63.27579, -17.33759 ], [ -63.27609, -17.33603 ], [ -63.27547, -17.33589 ], [ -63.27544, -17.33592 ], [ -63.27541, -17.33606 ], [ -63.27515, -17.33746 ], [ -63.27576, -17.3376 ], [ -63.27579, -17.33759 ] ] ] } },
{ "type": "Feature", "properties": { "i": 1210 }, "geometry": { "type": "Polygon", "coordinates": [ [ [ -63.28283, -17.33484 ], [ -63.28278, -17.33483 ], [ -63.28161, -17.33766 ], [ -63.281, -17.33875 ], [ -63.28097, -17.33878 ], [ -63.28089, -17.33879 ], [ -63.27941, -17.33842 ], [ -63.28055, -17.33584 ], [ -63.28133, -17.33453 ], [ -63.28119, -17.33431 ], [ -63.28199, -17.33288 ], [ -63.28208, -17.33291 ], [ -63.28214, -17.33296 ], [ -63.28223, -17.33297 ], [ -63.28249, -17.33292 ], [ -63.28294, -17.33298 ], [ -63.28315, -17.33304 ], [ -63.28406, -17.33321 ], [ -63.28399, -17.33343 ], [ -63.28402, -17.33344 ], [ -63.28409, -17.33321 ], [ -63.28453, -17.33331 ], [ -63.28444, -17.33358 ], [ -63.28448, -17.33359 ], [ -63.28457, -17.33332 ], [ -63.28497, -17.33341 ], [ -63.28459, -17.33444 ], [ -63.28464, -17.33446 ], [ -63.28506, -17.3334 ], [ -63.28555, -17.33352 ], [ -63.28545, -17.33371 ], [ -63.28545, -17.33396 ], [ -63.2855, -17.33397 ], [ -63.28549, -17.33371 ], [ -63.28558, -17.33352 ], [ -63.28573, -17.33356 ], [ -63.28604, -17.33358 ], [ -63.28625, -17.3337 ], [ -63.28538, -17.33481 ], [ -63.28491, -17.33514 ], [ -63.28409, -17.33542 ], [ -63.28393, -17.33555 ], [ -63.28381, -17.3357 ], [ -63.28375, -17.33583 ], [ -63.28361, -17.33646 ], [ -63.28357, -17.33656 ], [ -63.28341, -17.33679 ], [ -63.28294, -17.33737 ], [ -63.28285, -17.33742 ], [ -63.28274, -17.33743 ], [ -63.28283, -17.33736 ], [ -63.28365, -17.3353 ], [ -63.28384, -17.33502 ], [ -63.2838, -17.33501 ], [ -63.2836, -17.3353 ], [ -63.28278, -17.33733 ], [ -63.28271, -17.33738 ], [ -63.28267, -17.33738 ], [ -63.28187, -17.33727 ], [ -63.28283, -17.33484 ] ] ] } },
{ "type": "Feature", "properties": { "i": 1211 }, "geometry": { "type": "Polygon", "coordinates": [ [ [ -63.26347, -17.33888 ], [ -63.26346, -17.33885 ], [ -63.26265, -17.33845 ], [ -63.26262, -17.33846 ], [ -63.26208, -17.33936 ], [ -63.26209, -17.33941 ], [ -63.26286, -17.33981 ], [ -63.26293, -17.33979 ], [ -63.26347, -17.33888 ] ] ] } },
{ "type": "Feature", "properties": { "i": 1212 }, "geometry": { "type": "Polygon", "coordinates": [ [ [ -63.27629, -17.33607 ], [ -63.27614, -17.33677 ], [ -63.2775, -17.33705 ], [ -63.27756, -17.33701 ], [ -63.27768, -17.33641 ], [ -63.27765, -17.33637 ], [ -63.27629, -17.33607 ] ] ] } },
{ "type": "Feature", "properties": { "i": 1213 }, "geometry": { "type": "Polygon", "coordinates": [ [ [ -63.23244, -17.34461 ], [ -63.23242, -17.3442 ], [ -63.23183, -17.3441 ], [ -63.23183, -17.34508 ], [ -63.23241, -17.3447 ], [ -63.23244, -17.34461 ] ] ] } },
{ "type": "Feature", "properties": { "i": 1214 }, "geometry": { "type": "Polygon", "coordinates": [ [ [ -63.24746, -17.34249 ], [ -63.24807, -17.3414 ], [ -63.24743, -17.3411 ], [ -63.24739, -17.34111 ], [ -63.24675, -17.34216 ], [ -63.24678, -17.34223 ], [ -63.2474, -17.34249 ], [ -63.24746, -17.34249 ] ] ] } },
{ "type": "Feature", "properties": { "i": 1215 }, "geometry": { "type": "Polygon", "coordinates": [ [ [ -63.23168, -17.3451 ], [ -63.2317, -17.34507 ], [ -63.23171, -17.34408 ], [ -63.23118, -17.34401 ], [ -63.23115, -17.34405 ], [ -63.23108, -17.34537 ], [ -63.23112, -17.34538 ], [ -63.23168, -17.3451 ] ] ] } },
{ "type": "Feature", "properties": { "i": 1216 }, "geometry": { "type": "Polygon", "coordinates": [ [ [ -63.25739, -17.33996 ], [ -63.25737, -17.3399 ], [ -63.25655, -17.33949 ], [ -63.25618, -17.34027 ], [ -63.25619, -17.3403 ], [ -63.25695, -17.34073 ], [ -63.257, -17.34072 ], [ -63.25739, -17.33996 ] ] ] } },
{ "type": "Feature", "properties": { "i": 1217 }, "geometry": { "type": "Polygon", "coordinates": [ [ [ -63.24011, -17.34295 ], [ -63.23992, -17.34294 ], [ -63.23977, -17.3432 ], [ -63.23978, -17.34323 ], [ -63.24005, -17.34327 ], [ -63.24011, -17.34295 ] ] ] } },
{ "type": "Feature", "properties": { "i": 1218 }, "geometry": { "type": "Polygon", "coordinates": [ [ [ -63.22653, -17.34478 ], [ -63.22585, -17.34474 ], [ -63.22581, -17.34478 ], [ -63.22576, -17.34584 ], [ -63.22651, -17.34587 ], [ -63.22656, -17.34481 ], [ -63.22653, -17.34478 ] ] ] } },
{ "type": "Feature", "properties": { "i": 1219 }, "geometry": { "type": "Polygon", "coordinates": [ [ [ -63.2381, -17.34354 ], [ -63.23843, -17.34302 ], [ -63.23841, -17.34299 ], [ -63.23751, -17.34299 ], [ -63.23707, -17.34367 ], [ -63.23772, -17.34404 ], [ -63.23775, -17.34404 ], [ -63.2381, -17.34354 ] ] ] } },
{ "type": "Feature", "properties": { "i": 1220 }, "geometry": { "type": "Polygon", "coordinates": [ [ [ -63.27514, -17.33666 ], [ -63.27471, -17.33657 ], [ -63.27471, -17.33659 ], [ -63.27455, -17.33655 ], [ -63.27452, -17.33657 ], [ -63.27441, -17.33705 ], [ -63.27438, -17.33729 ], [ -63.27502, -17.33741 ], [ -63.27516, -17.33671 ], [ -63.27514, -17.33666 ] ] ] } },
{ "type": "Feature", "properties": { "i": 1221 }, "geometry": { "type": "Polygon", "coordinates": [ [ [ -63.23643, -17.34429 ], [ -63.23682, -17.3437 ], [ -63.23681, -17.34365 ], [ -63.23592, -17.34314 ], [ -63.23587, -17.34314 ], [ -63.23553, -17.34368 ], [ -63.23553, -17.34375 ], [ -63.23643, -17.34429 ] ] ] } },
{ "type": "Feature", "properties": { "i": 1222 }, "geometry": { "type": "Polygon", "coordinates": [ [ [ -63.24411, -17.34282 ], [ -63.24472, -17.34179 ], [ -63.24404, -17.34151 ], [ -63.24333, -17.34279 ], [ -63.24334, -17.34281 ], [ -63.24411, -17.34282 ] ] ] } },
{ "type": "Feature", "properties": { "i": 1223 }, "geometry": { "type": "Polygon", "coordinates": [ [ [ -63.27154, -17.33743 ], [ -63.27059, -17.33696 ], [ -63.2701, -17.33784 ], [ -63.2701, -17.3379 ], [ -63.27039, -17.33802 ], [ -63.27137, -17.33822 ], [ -63.27146, -17.33782 ], [ -63.27145, -17.33778 ], [ -63.27072, -17.33743 ], [ -63.27075, -17.33738 ], [ -63.27146, -17.33771 ], [ -63.2715, -17.33769 ], [ -63.27154, -17.33743 ] ] ] } },
{ "type": "Feature", "properties": { "i": 1224 }, "geometry": { "type": "Polygon", "coordinates": [ [ [ -63.26619, -17.33844 ], [ -63.26541, -17.33804 ], [ -63.26536, -17.33806 ], [ -63.26524, -17.33827 ], [ -63.26525, -17.33831 ], [ -63.26602, -17.3387 ], [ -63.26608, -17.33868 ], [ -63.2662, -17.33848 ], [ -63.26619, -17.33844 ] ] ] } },
{ "type": "Feature", "properties": { "i": 1225 }, "geometry": { "type": "Polygon", "coordinates": [ [ [ -63.27437, -17.33648 ], [ -63.27377, -17.33637 ], [ -63.27373, -17.33638 ], [ -63.2736, -17.33714 ], [ -63.27422, -17.33725 ], [ -63.27425, -17.33721 ], [ -63.27439, -17.33653 ], [ -63.27437, -17.33648 ] ] ] } },
{ "type": "Feature", "properties": { "i": 1226 }, "geometry": { "type": "Polygon", "coordinates": [ [ [ -63.25848, -17.34032 ], [ -63.25902, -17.3394 ], [ -63.259, -17.33935 ], [ -63.25815, -17.33888 ], [ -63.25808, -17.3389 ], [ -63.25759, -17.33983 ], [ -63.25844, -17.34033 ], [ -63.25848, -17.34032 ] ] ] } },
{ "type": "Feature", "properties": { "i": 1227 }, "geometry": { "type": "Polygon", "coordinates": [ [ [ -63.2194, -17.34582 ], [ -63.21903, -17.34636 ], [ -63.21903, -17.3464 ], [ -63.22005, -17.34703 ], [ -63.22042, -17.3465 ], [ -63.22042, -17.34643 ], [ -63.21946, -17.34582 ], [ -63.2194, -17.34582 ] ] ] } },
{ "type": "Feature", "properties": { "i": 1228 }, "geometry": { "type": "Polygon", "coordinates": [ [ [ -63.26502, -17.33837 ], [ -63.26501, -17.33833 ], [ -63.26419, -17.33792 ], [ -63.26416, -17.33793 ], [ -63.26368, -17.33878 ], [ -63.26368, -17.33881 ], [ -63.26451, -17.33923 ], [ -63.26454, -17.33922 ], [ -63.26502, -17.33837 ] ] ] } },
{ "type": "Feature", "properties": { "i": 1229 }, "geometry": { "type": "Polygon", "coordinates": [ [ [ -63.25313, -17.34048 ], [ -63.25231, -17.34007 ], [ -63.25227, -17.34011 ], [ -63.25218, -17.34029 ], [ -63.25201, -17.34065 ], [ -63.25202, -17.34071 ], [ -63.25274, -17.34109 ], [ -63.25281, -17.34109 ], [ -63.25313, -17.34048 ] ] ] } },
{ "type": "Feature", "properties": { "i": 1230 }, "geometry": { "type": "Polygon", "coordinates": [ [ [ -63.23097, -17.34506 ], [ -63.23102, -17.34403 ], [ -63.23098, -17.34398 ], [ -63.23035, -17.34389 ], [ -63.23027, -17.34391 ], [ -63.23022, -17.34496 ], [ -63.23097, -17.34506 ] ] ] } },
{ "type": "Feature", "properties": { "i": 1231 }, "geometry": { "type": "Polygon", "coordinates": [ [ [ -63.24615, -17.3421 ], [ -63.24461, -17.34145 ], [ -63.24458, -17.34153 ], [ -63.24612, -17.34218 ], [ -63.24615, -17.3421 ] ] ] } },
{ "type": "Feature", "properties": { "i": 1232 }, "geometry": { "type": "Polygon", "coordinates": [ [ [ -63.24624, -17.34131 ], [ -63.24597, -17.34182 ], [ -63.24599, -17.34188 ], [ -63.24608, -17.34197 ], [ -63.24656, -17.34214 ], [ -63.24665, -17.3421 ], [ -63.24727, -17.34107 ], [ -63.24726, -17.341 ], [ -63.24666, -17.34072 ], [ -63.24661, -17.34074 ], [ -63.24624, -17.34131 ] ] ] } },
{ "type": "Feature", "properties": { "i": 1233 }, "geometry": { "type": "Polygon", "coordinates": [ [ [ -63.2294, -17.34374 ], [ -63.22934, -17.34485 ], [ -63.23009, -17.34495 ], [ -63.23015, -17.34386 ], [ -63.2294, -17.34374 ] ] ] } },
{ "type": "Feature", "properties": { "i": 1234 }, "geometry": { "type": "Polygon", "coordinates": [ [ [ -63.26081, -17.33897 ], [ -63.2608, -17.3389 ], [ -63.25975, -17.33841 ], [ -63.25923, -17.33929 ], [ -63.25924, -17.33933 ], [ -63.26028, -17.33986 ], [ -63.26033, -17.33984 ], [ -63.26081, -17.33897 ] ] ] } },
{ "type": "Feature", "properties": { "i": 1235 }, "geometry": { "type": "Polygon", "coordinates": [ [ [ -63.21359, -17.34774 ], [ -63.21359, -17.34752 ], [ -63.21355, -17.34746 ], [ -63.21175, -17.34743 ], [ -63.21172, -17.34744 ], [ -63.21156, -17.34767 ], [ -63.21156, -17.3477 ], [ -63.21158, -17.34772 ], [ -63.21359, -17.34774 ] ] ] } },
{ "type": "Feature", "properties": { "i": 1236 }, "geometry": { "type": "Polygon", "coordinates": [ [ [ -63.23686, -17.34356 ], [ -63.23692, -17.34354 ], [ -63.23732, -17.34293 ], [ -63.23606, -17.34289 ], [ -63.23596, -17.34302 ], [ -63.23598, -17.34304 ], [ -63.23686, -17.34356 ] ] ] } },
{ "type": "Feature", "properties": { "i": 1237 }, "geometry": { "type": "Polygon", "coordinates": [ [ [ -63.24319, -17.3428 ], [ -63.24393, -17.34149 ], [ -63.24392, -17.34145 ], [ -63.24326, -17.34116 ], [ -63.24234, -17.34273 ], [ -63.24237, -17.3428 ], [ -63.24319, -17.3428 ] ] ] } },
{ "type": "Feature", "properties": { "i": 1238 }, "geometry": { "type": "Polygon", "coordinates": [ [ [ -63.2234, -17.34636 ], [ -63.22427, -17.34514 ], [ -63.22363, -17.34475 ], [ -63.22275, -17.34599 ], [ -63.22337, -17.34636 ], [ -63.2234, -17.34636 ] ] ] } },
{ "type": "Feature", "properties": { "i": 1239 }, "geometry": { "type": "Polygon", "coordinates": [ [ [ -63.25422, -17.34088 ], [ -63.25425, -17.34087 ], [ -63.25487, -17.33969 ], [ -63.25486, -17.33965 ], [ -63.25396, -17.33913 ], [ -63.25393, -17.33914 ], [ -63.25335, -17.34038 ], [ -63.25338, -17.34047 ], [ -63.25422, -17.34088 ] ] ] } },
{ "type": "Feature", "properties": { "i": 1240 }, "geometry": { "type": "Polygon", "coordinates": [ [ [ -63.26987, -17.3366 ], [ -63.26938, -17.33753 ], [ -63.2694, -17.33756 ], [ -63.26995, -17.33782 ], [ -63.26999, -17.33782 ], [ -63.27049, -17.33692 ], [ -63.27047, -17.33687 ], [ -63.26992, -17.3366 ], [ -63.26987, -17.3366 ] ] ] } },
{ "type": "Feature", "properties": { "i": 1241 }, "geometry": { "type": "Polygon", "coordinates": [ [ [ -63.23259, -17.34451 ], [ -63.23295, -17.34423 ], [ -63.233, -17.34418 ], [ -63.23299, -17.34416 ], [ -63.23327, -17.34401 ], [ -63.23343, -17.34398 ], [ -63.23367, -17.34311 ], [ -63.23364, -17.34308 ], [ -63.23252, -17.34301 ], [ -63.23249, -17.34305 ], [ -63.23256, -17.3445 ], [ -63.23259, -17.34451 ] ] ] } },
{ "type": "Feature", "properties": { "i": 1242 }, "geometry": { "type": "Polygon", "coordinates": [ [ [ -63.2625, -17.33842 ], [ -63.26249, -17.33838 ], [ -63.2616, -17.33792 ], [ -63.26155, -17.33793 ], [ -63.26106, -17.33885 ], [ -63.26107, -17.33891 ], [ -63.26193, -17.33933 ], [ -63.26196, -17.33931 ], [ -63.2625, -17.33842 ] ] ] } },
{ "type": "Feature", "properties": { "i": 1243 }, "geometry": { "type": "Polygon", "coordinates": [ [ [ -63.21097, -17.34879 ], [ -63.20938, -17.34772 ], [ -63.20761, -17.34773 ], [ -63.20439, -17.34766 ], [ -63.20418, -17.34787 ], [ -63.20385, -17.34907 ], [ -63.20448, -17.349 ], [ -63.20879, -17.34884 ], [ -63.21097, -17.34879 ] ] ] } },
{ "type": "Feature", "properties": { "i": 1244 }, "geometry": { "type": "Polygon", "coordinates": [ [ [ -63.2785, -17.33639 ], [ -63.27877, -17.33498 ], [ -63.27817, -17.33486 ], [ -63.27813, -17.33488 ], [ -63.27786, -17.33627 ], [ -63.27847, -17.3364 ], [ -63.2785, -17.33639 ] ] ] } },
{ "type": "Feature", "properties": { "i": 1245 }, "geometry": { "type": "Polygon", "coordinates": [ [ [ -63.21594, -17.34749 ], [ -63.2146, -17.34681 ], [ -63.21366, -17.34621 ], [ -63.21366, -17.34778 ], [ -63.21363, -17.34877 ], [ -63.21591, -17.34848 ], [ -63.21594, -17.34749 ] ] ] } },
{ "type": "Feature", "properties": { "i": 1246 }, "geometry": { "type": "Polygon", "coordinates": [ [ [ -63.24233, -17.3425 ], [ -63.24232, -17.34246 ], [ -63.24065, -17.34182 ], [ -63.24014, -17.3427 ], [ -63.24017, -17.34278 ], [ -63.24215, -17.3428 ], [ -63.24233, -17.3425 ] ] ] } },
{ "type": "Feature", "properties": { "i": 1247 }, "geometry": { "type": "Polygon", "coordinates": [ [ [ -63.27522, -17.33654 ], [ -63.27535, -17.33588 ], [ -63.27468, -17.33574 ], [ -63.27454, -17.33642 ], [ -63.27518, -17.33656 ], [ -63.27522, -17.33654 ] ] ] } },
{ "type": "Feature", "properties": { "i": 1248 }, "geometry": { "type": "Polygon", "coordinates": [ [ [ -63.22927, -17.34373 ], [ -63.22881, -17.34366 ], [ -63.22877, -17.34367 ], [ -63.22858, -17.34471 ], [ -63.22922, -17.34482 ], [ -63.22927, -17.34373 ] ] ] } },
{ "type": "Feature", "properties": { "i": 1249 }, "geometry": { "type": "Polygon", "coordinates": [ [ [ -63.25643, -17.33946 ], [ -63.25641, -17.33941 ], [ -63.25546, -17.33892 ], [ -63.25507, -17.3396 ], [ -63.25509, -17.33964 ], [ -63.25601, -17.34021 ], [ -63.25608, -17.34019 ], [ -63.25643, -17.33946 ] ] ] } },
{ "type": "Feature", "properties": { "i": 1250 }, "geometry": { "type": "Polygon", "coordinates": [ [ [ -63.25089, -17.34031 ], [ -63.25044, -17.34009 ], [ -63.25037, -17.34011 ], [ -63.25009, -17.34062 ], [ -63.25051, -17.34085 ], [ -63.25059, -17.34087 ], [ -63.25089, -17.34031 ] ] ] } },
{ "type": "Feature", "properties": { "i": 1251 }, "geometry": { "type": "Polygon", "coordinates": [ [ [ -63.2798, -17.33519 ], [ -63.279, -17.33503 ], [ -63.27897, -17.33505 ], [ -63.27885, -17.33569 ], [ -63.27949, -17.33581 ], [ -63.27982, -17.33522 ], [ -63.2798, -17.33519 ] ] ] } },
{ "type": "Feature", "properties": { "i": 1252 }, "geometry": { "type": "Polygon", "coordinates": [ [ [ -63.27784, -17.33559 ], [ -63.27647, -17.33531 ], [ -63.27643, -17.33534 ], [ -63.2763, -17.33597 ], [ -63.27771, -17.33623 ], [ -63.27773, -17.33622 ], [ -63.27784, -17.33559 ] ] ] } },
{ "type": "Feature", "properties": { "i": 1253 }, "geometry": { "type": "Polygon", "coordinates": [ [ [ -63.26513, -17.33819 ], [ -63.26521, -17.33804 ], [ -63.26519, -17.33797 ], [ -63.2644, -17.33757 ], [ -63.26436, -17.33758 ], [ -63.26426, -17.33776 ], [ -63.26428, -17.33782 ], [ -63.26506, -17.33821 ], [ -63.26513, -17.33819 ] ] ] } },
{ "type": "Feature", "properties": { "i": 1254 }, "geometry": { "type": "Polygon", "coordinates": [ [ [ -63.22855, -17.34408 ], [ -63.22765, -17.34406 ], [ -63.22761, -17.3441 ], [ -63.22759, -17.34473 ], [ -63.22847, -17.34474 ], [ -63.22855, -17.34408 ] ] ] } },
{ "type": "Feature", "properties": { "i": 1255 }, "geometry": { "type": "Polygon", "coordinates": [ [ [ -63.21891, -17.34642 ], [ -63.21889, -17.34637 ], [ -63.21745, -17.34544 ], [ -63.21738, -17.34545 ], [ -63.21704, -17.34595 ], [ -63.21706, -17.34601 ], [ -63.21852, -17.3469 ], [ -63.21858, -17.34688 ], [ -63.21891, -17.34642 ] ] ] } },
{ "type": "Feature", "properties": { "i": 1256 }, "geometry": { "type": "Polygon", "coordinates": [ [ [ -63.21361, -17.34689 ], [ -63.21215, -17.34686 ], [ -63.2121, -17.3469 ], [ -63.21178, -17.34734 ], [ -63.21178, -17.34737 ], [ -63.2118, -17.34739 ], [ -63.21209, -17.34738 ], [ -63.21359, -17.34742 ], [ -63.21361, -17.34689 ] ] ] } },
{ "type": "Feature", "properties": { "i": 1257 }, "geometry": { "type": "Polygon", "coordinates": [ [ [ -63.22088, -17.34584 ], [ -63.22088, -17.34581 ], [ -63.21988, -17.34518 ], [ -63.21984, -17.34519 ], [ -63.21946, -17.34576 ], [ -63.22046, -17.34639 ], [ -63.22051, -17.34637 ], [ -63.22088, -17.34584 ] ] ] } },
{ "type": "Feature", "properties": { "i": 1258 }, "geometry": { "type": "Polygon", "coordinates": [ [ [ -63.25219, -17.34002 ], [ -63.25218, -17.33999 ], [ -63.25143, -17.33964 ], [ -63.25139, -17.33965 ], [ -63.25107, -17.34027 ], [ -63.25184, -17.34064 ], [ -63.2519, -17.34061 ], [ -63.25219, -17.34002 ] ] ] } },
{ "type": "Feature", "properties": { "i": 1259 }, "geometry": { "type": "Polygon", "coordinates": [ [ [ -63.26327, -17.33744 ], [ -63.26321, -17.33746 ], [ -63.26272, -17.33833 ], [ -63.26352, -17.33873 ], [ -63.26356, -17.33871 ], [ -63.26405, -17.33786 ], [ -63.26327, -17.33744 ] ] ] } },
{ "type": "Feature", "properties": { "i": 1260 }, "geometry": { "type": "Polygon", "coordinates": [ [ [ -63.25797, -17.33879 ], [ -63.25709, -17.33836 ], [ -63.25705, -17.33838 ], [ -63.25663, -17.33931 ], [ -63.25665, -17.33937 ], [ -63.25744, -17.33978 ], [ -63.25747, -17.33977 ], [ -63.25799, -17.33884 ], [ -63.25797, -17.33879 ] ] ] } },
{ "type": "Feature", "properties": { "i": 1261 }, "geometry": { "type": "Polygon", "coordinates": [ [ [ -63.23188, -17.34399 ], [ -63.23241, -17.34406 ], [ -63.23236, -17.3431 ], [ -63.23232, -17.34305 ], [ -63.23186, -17.34303 ], [ -63.23182, -17.34306 ], [ -63.23183, -17.34395 ], [ -63.23188, -17.34399 ] ] ] } },
{ "type": "Feature", "properties": { "i": 1262 }, "geometry": { "type": "Polygon", "coordinates": [ [ [ -63.23398, -17.34372 ], [ -63.2337, -17.34388 ], [ -63.23361, -17.34387 ], [ -63.23359, -17.34384 ], [ -63.23397, -17.34252 ], [ -63.23402, -17.34248 ], [ -63.23498, -17.34281 ], [ -63.23398, -17.34372 ] ] ] } },
{ "type": "Feature", "properties": { "i": 1263 }, "geometry": { "type": "Polygon", "coordinates": [ [ [ -63.24105, -17.34114 ], [ -63.24072, -17.3417 ], [ -63.24237, -17.3424 ], [ -63.24241, -17.34238 ], [ -63.24271, -17.34183 ], [ -63.24105, -17.34114 ] ] ] } },
{ "type": "Feature", "properties": { "i": 1264 }, "geometry": { "type": "Polygon", "coordinates": [ [ [ -63.27117, -17.3359 ], [ -63.27066, -17.33684 ], [ -63.27068, -17.33687 ], [ -63.27157, -17.33729 ], [ -63.27179, -17.33621 ], [ -63.27117, -17.3359 ] ] ] } },
{ "type": "Feature", "properties": { "i": 1265 }, "geometry": { "type": "Polygon", "coordinates": [ [ [ -63.27451, -17.33569 ], [ -63.27396, -17.33556 ], [ -63.27392, -17.33557 ], [ -63.27378, -17.3362 ], [ -63.27379, -17.33625 ], [ -63.2744, -17.33636 ], [ -63.27454, -17.33574 ], [ -63.27451, -17.33569 ] ] ] } },
{ "type": "Feature", "properties": { "i": 1266 }, "geometry": { "type": "Polygon", "coordinates": [ [ [ -63.26624, -17.33657 ], [ -63.26572, -17.33752 ], [ -63.26576, -17.33754 ], [ -63.26574, -17.33761 ], [ -63.26579, -17.33767 ], [ -63.26577, -17.33771 ], [ -63.26641, -17.33804 ], [ -63.26645, -17.33804 ], [ -63.26649, -17.33801 ], [ -63.26664, -17.33777 ], [ -63.26712, -17.33696 ], [ -63.26712, -17.33693 ], [ -63.2663, -17.33656 ], [ -63.26624, -17.33657 ] ] ] } },
{ "type": "Feature", "properties": { "i": 1267 }, "geometry": { "type": "Polygon", "coordinates": [ [ [ -63.26977, -17.33654 ], [ -63.2692, -17.33625 ], [ -63.26916, -17.33625 ], [ -63.26864, -17.33719 ], [ -63.26865, -17.33722 ], [ -63.26924, -17.33749 ], [ -63.26927, -17.33748 ], [ -63.26977, -17.33654 ] ] ] } },
{ "type": "Feature", "properties": { "i": 1268 }, "geometry": { "type": "Polygon", "coordinates": [ [ [ -63.21133, -17.3477 ], [ -63.21012, -17.34693 ], [ -63.21009, -17.34694 ], [ -63.2097, -17.3475 ], [ -63.20972, -17.34756 ], [ -63.20995, -17.3477 ], [ -63.21133, -17.3477 ] ] ] } },
{ "type": "Feature", "properties": { "i": 1269 }, "geometry": { "type": "Polygon", "coordinates": [ [ [ -63.2384, -17.34274 ], [ -63.23841, -17.34248 ], [ -63.23723, -17.34203 ], [ -63.23687, -17.34238 ], [ -63.23667, -17.34265 ], [ -63.23668, -17.34273 ], [ -63.23765, -17.34275 ], [ -63.2384, -17.34274 ] ] ] } },
{ "type": "Feature", "properties": { "i": 1270 }, "geometry": { "type": "Polygon", "coordinates": [ [ [ -63.23169, -17.34394 ], [ -63.23169, -17.34304 ], [ -63.23166, -17.34302 ], [ -63.23123, -17.34298 ], [ -63.2312, -17.34301 ], [ -63.23116, -17.34375 ], [ -63.23116, -17.34386 ], [ -63.23118, -17.34389 ], [ -63.23169, -17.34394 ] ] ] } },
{ "type": "Feature", "properties": { "i": 1271 }, "geometry": { "type": "Polygon", "coordinates": [ [ [ -63.27307, -17.3354 ], [ -63.27304, -17.33541 ], [ -63.27274, -17.33694 ], [ -63.27277, -17.33697 ], [ -63.27345, -17.3371 ], [ -63.27376, -17.33556 ], [ -63.27373, -17.33553 ], [ -63.27307, -17.3354 ] ] ] } },
{ "type": "Feature", "properties": { "i": 1272 }, "geometry": { "type": "Polygon", "coordinates": [ [ [ -63.22674, -17.34359 ], [ -63.22668, -17.34471 ], [ -63.22742, -17.34473 ], [ -63.22745, -17.34471 ], [ -63.2275, -17.34379 ], [ -63.22749, -17.34363 ], [ -63.22674, -17.34359 ] ] ] } },
{ "type": "Feature", "properties": { "i": 1273 }, "geometry": { "type": "Polygon", "coordinates": [ [ [ -63.24864, -17.3405 ], [ -63.24856, -17.34047 ], [ -63.24818, -17.34132 ], [ -63.24748, -17.34095 ], [ -63.24852, -17.33926 ], [ -63.24856, -17.33924 ], [ -63.24994, -17.33989 ], [ -63.24996, -17.33992 ], [ -63.24997, -17.33998 ], [ -63.24893, -17.34167 ], [ -63.24887, -17.34167 ], [ -63.24825, -17.34136 ], [ -63.24824, -17.34132 ], [ -63.24864, -17.3405 ] ] ] } },
{ "type": "Feature", "properties": { "i": 1274 }, "geometry": { "type": "Polygon", "coordinates": [ [ [ -63.25847, -17.3382 ], [ -63.25876, -17.33835 ], [ -63.25875, -17.33837 ], [ -63.25846, -17.33822 ], [ -63.25817, -17.33875 ], [ -63.25818, -17.33878 ], [ -63.25906, -17.33923 ], [ -63.25911, -17.33922 ], [ -63.25962, -17.33837 ], [ -63.2596, -17.33832 ], [ -63.25867, -17.33786 ], [ -63.25847, -17.3382 ] ] ] } },
{ "type": "Feature", "properties": { "i": 1275 }, "geometry": { "type": "Polygon", "coordinates": [ [ [ -63.24585, -17.34178 ], [ -63.24648, -17.34072 ], [ -63.24648, -17.34065 ], [ -63.24505, -17.33998 ], [ -63.24438, -17.34113 ], [ -63.24439, -17.34116 ], [ -63.2458, -17.34179 ], [ -63.24585, -17.34178 ] ] ] } },
{ "type": "Feature", "properties": { "i": 1276 }, "geometry": { "type": "Polygon", "coordinates": [ [ [ -63.2136, -17.34656 ], [ -63.21238, -17.34658 ], [ -63.21232, -17.34661 ], [ -63.21219, -17.34681 ], [ -63.2136, -17.34684 ], [ -63.2136, -17.34656 ] ] ] } },
{ "type": "Feature", "properties": { "i": 1277 }, "geometry": { "type": "Polygon", "coordinates": [ [ [ -63.27258, -17.33692 ], [ -63.27261, -17.3369 ], [ -63.27291, -17.33538 ], [ -63.27288, -17.33535 ], [ -63.27239, -17.33525 ], [ -63.27236, -17.33527 ], [ -63.27205, -17.33682 ], [ -63.27258, -17.33692 ] ] ] } },
{ "type": "Feature", "properties": { "i": 1278 }, "geometry": { "type": "Polygon", "coordinates": [ [ [ -63.23978, -17.34235 ], [ -63.23978, -17.34227 ], [ -63.23975, -17.34223 ], [ -63.23783, -17.34149 ], [ -63.23734, -17.34194 ], [ -63.23855, -17.34242 ], [ -63.23853, -17.34275 ], [ -63.23855, -17.34277 ], [ -63.23889, -17.34277 ], [ -63.23889, -17.34272 ], [ -63.23947, -17.34273 ], [ -63.2396, -17.34264 ], [ -63.23978, -17.34235 ] ] ] } },
{ "type": "Feature", "properties": { "i": 1279 }, "geometry": { "type": "Polygon", "coordinates": [ [ [ -63.25322, -17.34033 ], [ -63.25384, -17.33908 ], [ -63.25383, -17.33905 ], [ -63.25309, -17.33864 ], [ -63.25305, -17.33866 ], [ -63.25239, -17.33993 ], [ -63.2524, -17.33997 ], [ -63.25316, -17.34034 ], [ -63.25322, -17.34033 ] ] ] } },
{ "type": "Feature", "properties": { "i": 1280 }, "geometry": { "type": "Polygon", "coordinates": [ [ [ -63.21175, -17.34728 ], [ -63.21071, -17.34657 ], [ -63.21035, -17.34657 ], [ -63.21016, -17.34685 ], [ -63.2114, -17.34767 ], [ -63.21148, -17.34767 ], [ -63.21151, -17.34765 ], [ -63.21176, -17.34731 ], [ -63.21175, -17.34728 ] ] ] } },
{ "type": "Feature", "properties": { "i": 1281 }, "geometry": { "type": "Polygon", "coordinates": [ [ [ -63.2614, -17.33784 ], [ -63.2604, -17.33734 ], [ -63.25982, -17.33827 ], [ -63.26013, -17.33844 ], [ -63.26088, -17.3388 ], [ -63.26092, -17.3388 ], [ -63.26142, -17.33787 ], [ -63.2614, -17.33784 ] ] ] } },
{ "type": "Feature", "properties": { "i": 1282 }, "geometry": { "type": "Polygon", "coordinates": [ [ [ -63.22491, -17.34421 ], [ -63.22312, -17.3441 ], [ -63.22311, -17.3443 ], [ -63.22433, -17.34506 ], [ -63.22491, -17.34425 ], [ -63.22491, -17.34421 ] ] ] } },
{ "type": "Feature", "properties": { "i": 1283 }, "geometry": { "type": "Polygon", "coordinates": [ [ [ -63.22093, -17.34577 ], [ -63.22133, -17.34522 ], [ -63.22131, -17.34517 ], [ -63.22031, -17.34454 ], [ -63.21992, -17.3451 ], [ -63.21994, -17.34516 ], [ -63.22093, -17.34577 ] ] ] } },
{ "type": "Feature", "properties": { "i": 1284 }, "geometry": { "type": "Polygon", "coordinates": [ [ [ -63.25095, -17.34019 ], [ -63.25126, -17.33957 ], [ -63.25088, -17.33938 ], [ -63.25085, -17.33939 ], [ -63.2505, -17.33997 ], [ -63.25095, -17.34019 ] ] ] } },
{ "type": "Feature", "properties": { "i": 1285 }, "geometry": { "type": "Polygon", "coordinates": [ [ [ -63.22767, -17.34363 ], [ -63.22763, -17.34367 ], [ -63.22762, -17.34392 ], [ -63.22765, -17.34394 ], [ -63.2286, -17.34396 ], [ -63.22861, -17.34365 ], [ -63.22859, -17.34364 ], [ -63.22767, -17.34363 ] ] ] } },
{ "type": "Feature", "properties": { "i": 1286 }, "geometry": { "type": "Polygon", "coordinates": [ [ [ -63.22661, -17.3436 ], [ -63.22657, -17.34358 ], [ -63.22591, -17.34354 ], [ -63.22586, -17.34358 ], [ -63.22582, -17.34457 ], [ -63.22585, -17.34461 ], [ -63.22656, -17.34464 ], [ -63.22661, -17.3436 ] ] ] } },
{ "type": "Feature", "properties": { "i": 1287 }, "geometry": { "type": "Polygon", "coordinates": [ [ [ -63.21003, -17.34694 ], [ -63.21003, -17.34689 ], [ -63.20958, -17.3466 ], [ -63.20818, -17.34656 ], [ -63.20964, -17.3475 ], [ -63.21003, -17.34694 ] ] ] } },
{ "type": "Feature", "properties": { "i": 1288 }, "geometry": { "type": "Polygon", "coordinates": [ [ [ -63.278, -17.33483 ], [ -63.2766, -17.33452 ], [ -63.27655, -17.33467 ], [ -63.27646, -17.33516 ], [ -63.27648, -17.33518 ], [ -63.27785, -17.33547 ], [ -63.27787, -17.33545 ], [ -63.278, -17.33483 ] ] ] } },
{ "type": "Feature", "properties": { "i": 1289 }, "geometry": { "type": "Polygon", "coordinates": [ [ [ -63.26424, -17.33744 ], [ -63.26344, -17.33704 ], [ -63.26332, -17.33727 ], [ -63.26333, -17.33733 ], [ -63.26409, -17.33772 ], [ -63.26414, -17.33771 ], [ -63.26425, -17.33749 ], [ -63.26424, -17.33744 ] ] ] } },
{ "type": "Feature", "properties": { "i": 1290 }, "geometry": { "type": "Polygon", "coordinates": [ [ [ -63.26858, -17.33708 ], [ -63.26904, -17.33617 ], [ -63.26844, -17.33588 ], [ -63.26791, -17.33684 ], [ -63.26791, -17.33689 ], [ -63.26852, -17.33716 ], [ -63.26858, -17.33708 ] ] ] } },
{ "type": "Feature", "properties": { "i": 1291 }, "geometry": { "type": "Polygon", "coordinates": [ [ [ -63.22577, -17.34355 ], [ -63.22497, -17.34474 ], [ -63.22494, -17.34579 ], [ -63.22566, -17.34581 ], [ -63.22577, -17.34355 ] ] ] } },
{ "type": "Feature", "properties": { "i": 1292 }, "geometry": { "type": "Polygon", "coordinates": [ [ [ -63.23719, -17.34183 ], [ -63.237, -17.34162 ], [ -63.23587, -17.3427 ], [ -63.23581, -17.3427 ], [ -63.23581, -17.34275 ], [ -63.23615, -17.34275 ], [ -63.23628, -17.3427 ], [ -63.23719, -17.34183 ] ] ] } },
{ "type": "Feature", "properties": { "i": 1293 }, "geometry": { "type": "Polygon", "coordinates": [ [ [ -63.22226, -17.34399 ], [ -63.22189, -17.34452 ], [ -63.22191, -17.34455 ], [ -63.22313, -17.3453 ], [ -63.22319, -17.34528 ], [ -63.22358, -17.34472 ], [ -63.22235, -17.34396 ], [ -63.22226, -17.34399 ] ] ] } },
{ "type": "Feature", "properties": { "i": 1294 }, "geometry": { "type": "Polygon", "coordinates": [ [ [ -63.25404, -17.33902 ], [ -63.25493, -17.33955 ], [ -63.25496, -17.33954 ], [ -63.25531, -17.33888 ], [ -63.2553, -17.33884 ], [ -63.25439, -17.33833 ], [ -63.25436, -17.33833 ], [ -63.25403, -17.33896 ], [ -63.25404, -17.33902 ] ] ] } },
{ "type": "Feature", "properties": { "i": 1295 }, "geometry": { "type": "Polygon", "coordinates": [ [ [ -63.28001, -17.33391 ], [ -63.27977, -17.33506 ], [ -63.27981, -17.33509 ], [ -63.2799, -17.33507 ], [ -63.28046, -17.33403 ], [ -63.28046, -17.33401 ], [ -63.28001, -17.33391 ] ] ] } },
{ "type": "Feature", "properties": { "i": 1296 }, "geometry": { "type": "Polygon", "coordinates": [ [ [ -63.27576, -17.33435 ], [ -63.27549, -17.33575 ], [ -63.27612, -17.33589 ], [ -63.2764, -17.3345 ], [ -63.27637, -17.33447 ], [ -63.27576, -17.33435 ] ] ] } },
{ "type": "Feature", "properties": { "i": 1297 }, "geometry": { "type": "Polygon", "coordinates": [ [ [ -63.2621, -17.33693 ], [ -63.26165, -17.33778 ], [ -63.26166, -17.33781 ], [ -63.26254, -17.33826 ], [ -63.26259, -17.33824 ], [ -63.26309, -17.3374 ], [ -63.26309, -17.33737 ], [ -63.26217, -17.3369 ], [ -63.2621, -17.33693 ] ] ] } },
{ "type": "Feature", "properties": { "i": 1298 }, "geometry": { "type": "Polygon", "coordinates": [ [ [ -63.24189, -17.34056 ], [ -63.2419, -17.34054 ], [ -63.24168, -17.34044 ], [ -63.24158, -17.34044 ], [ -63.24142, -17.34052 ], [ -63.24114, -17.341 ], [ -63.24116, -17.34106 ], [ -63.24274, -17.3417 ], [ -63.2428, -17.3417 ], [ -63.24313, -17.34115 ], [ -63.24311, -17.34111 ], [ -63.24189, -17.34056 ] ] ] } },
{ "type": "Feature", "properties": { "i": 1299 }, "geometry": { "type": "Polygon", "coordinates": [ [ [ -63.23019, -17.3429 ], [ -63.22945, -17.34286 ], [ -63.2294, -17.34362 ], [ -63.23015, -17.34373 ], [ -63.23019, -17.3429 ] ] ] } },
{ "type": "Feature", "properties": { "i": 1300 }, "geometry": { "type": "Polygon", "coordinates": [ [ [ -63.2565, -17.33928 ], [ -63.25695, -17.33831 ], [ -63.25693, -17.33828 ], [ -63.25604, -17.33787 ], [ -63.25599, -17.33789 ], [ -63.25553, -17.33878 ], [ -63.25646, -17.33929 ], [ -63.2565, -17.33928 ] ] ] } },
{ "type": "Feature", "properties": { "i": 1301 }, "geometry": { "type": "Polygon", "coordinates": [ [ [ -63.24019, -17.34169 ], [ -63.24017, -17.34163 ], [ -63.2384, -17.34093 ], [ -63.23795, -17.34136 ], [ -63.23794, -17.3414 ], [ -63.239, -17.34179 ], [ -63.23989, -17.34215 ], [ -63.23994, -17.34211 ], [ -63.24019, -17.34169 ] ] ] } },
{ "type": "Feature", "properties": { "i": 1302 }, "geometry": { "type": "Polygon", "coordinates": [ [ [ -63.27084, -17.33626 ], [ -63.27105, -17.33584 ], [ -63.27048, -17.33555 ], [ -63.27043, -17.33556 ], [ -63.27023, -17.33594 ], [ -63.27023, -17.33598 ], [ -63.27079, -17.33626 ], [ -63.27084, -17.33626 ] ] ] } },
{ "type": "Feature", "properties": { "i": 1303 }, "geometry": { "type": "Polygon", "coordinates": [ [ [ -63.26596, -17.33635 ], [ -63.26537, -17.3359 ], [ -63.26531, -17.33591 ], [ -63.26465, -17.33709 ], [ -63.26466, -17.33714 ], [ -63.2653, -17.33747 ], [ -63.26544, -17.33746 ], [ -63.26551, -17.3374 ], [ -63.266, -17.33654 ], [ -63.266, -17.33643 ], [ -63.26596, -17.33635 ] ] ] } },
{ "type": "Feature", "properties": { "i": 1304 }, "geometry": { "type": "Polygon", "coordinates": [ [ [ -63.22934, -17.34286 ], [ -63.22932, -17.34284 ], [ -63.2286, -17.3428 ], [ -63.22855, -17.34282 ], [ -63.22852, -17.34337 ], [ -63.22856, -17.34347 ], [ -63.2286, -17.3435 ], [ -63.22929, -17.34359 ], [ -63.22931, -17.34356 ], [ -63.22934, -17.34286 ] ] ] } },
{ "type": "Feature", "properties": { "i": 1305 }, "geometry": { "type": "Polygon", "coordinates": [ [ [ -63.23387, -17.34242 ], [ -63.23245, -17.34196 ], [ -63.23243, -17.34197 ], [ -63.23248, -17.34287 ], [ -63.23251, -17.3429 ], [ -63.23371, -17.34296 ], [ -63.23387, -17.34242 ] ] ] } },
{ "type": "Feature", "properties": { "i": 1306 }, "geometry": { "type": "Polygon", "coordinates": [ [ [ -63.24843, -17.33918 ], [ -63.24778, -17.33886 ], [ -63.24774, -17.33887 ], [ -63.24672, -17.34056 ], [ -63.24673, -17.34061 ], [ -63.24738, -17.34091 ], [ -63.24843, -17.33918 ] ] ] } },
{ "type": "Feature", "properties": { "i": 1307 }, "geometry": { "type": "Polygon", "coordinates": [ [ [ -63.25294, -17.33859 ], [ -63.25292, -17.33854 ], [ -63.25218, -17.33813 ], [ -63.25214, -17.33814 ], [ -63.25147, -17.33947 ], [ -63.25148, -17.3395 ], [ -63.25223, -17.33988 ], [ -63.25227, -17.33987 ], [ -63.25294, -17.33859 ] ] ] } },
{ "type": "Feature", "properties": { "i": 1308 }, "geometry": { "type": "Polygon", "coordinates": [ [ [ -63.27498, -17.33421 ], [ -63.27471, -17.33558 ], [ -63.27473, -17.3356 ], [ -63.27536, -17.33573 ], [ -63.27562, -17.33434 ], [ -63.27561, -17.33432 ], [ -63.27529, -17.33425 ], [ -63.27502, -17.3342 ], [ -63.27498, -17.33421 ] ] ] } },
{ "type": "Feature", "properties": { "i": 1309 }, "geometry": { "type": "Polygon", "coordinates": [ [ [ -63.27177, -17.33482 ], [ -63.27174, -17.33483 ], [ -63.27125, -17.33575 ], [ -63.27182, -17.33602 ], [ -63.27184, -17.33601 ], [ -63.27206, -17.335 ], [ -63.27205, -17.33497 ], [ -63.27177, -17.33482 ] ] ] } },
{ "type": "Feature", "properties": { "i": 1310 }, "geometry": { "type": "Polygon", "coordinates": [ [ [ -63.27963, -17.33503 ], [ -63.27987, -17.33389 ], [ -63.27924, -17.33376 ], [ -63.2791, -17.33447 ], [ -63.27905, -17.33446 ], [ -63.27897, -17.3349 ], [ -63.27963, -17.33503 ] ] ] } },
{ "type": "Feature", "properties": { "i": 1311 }, "geometry": { "type": "Polygon", "coordinates": [ [ [ -63.25803, -17.33868 ], [ -63.25807, -17.33868 ], [ -63.25853, -17.33782 ], [ -63.25852, -17.33779 ], [ -63.25759, -17.33732 ], [ -63.25754, -17.33734 ], [ -63.25714, -17.33819 ], [ -63.25715, -17.33824 ], [ -63.25803, -17.33868 ] ] ] } },
{ "type": "Feature", "properties": { "i": 1312 }, "geometry": { "type": "Polygon", "coordinates": [ [ [ -63.21362, -17.34649 ], [ -63.21357, -17.34527 ], [ -63.21258, -17.34525 ], [ -63.21257, -17.34653 ], [ -63.21362, -17.34649 ] ] ] } },
{ "type": "Feature", "properties": { "i": 1313 }, "geometry": { "type": "Polygon", "coordinates": [ [ [ -63.27485, -17.33417 ], [ -63.27484, -17.33414 ], [ -63.27434, -17.33403 ], [ -63.27424, -17.33402 ], [ -63.27421, -17.33404 ], [ -63.27394, -17.33543 ], [ -63.27458, -17.33555 ], [ -63.27485, -17.33417 ] ] ] } },
{ "type": "Feature", "properties": { "i": 1314 }, "geometry": { "type": "Polygon", "coordinates": [ [ [ -63.24491, -17.33989 ], [ -63.24434, -17.33961 ], [ -63.24429, -17.33963 ], [ -63.24361, -17.34078 ], [ -63.24361, -17.34082 ], [ -63.24426, -17.3411 ], [ -63.24492, -17.33993 ], [ -63.24491, -17.33989 ] ] ] } },
{ "type": "Feature", "properties": { "i": 1315 }, "geometry": { "type": "Polygon", "coordinates": [ [ [ -63.26831, -17.3358 ], [ -63.26772, -17.33553 ], [ -63.26717, -17.33655 ], [ -63.26778, -17.33683 ], [ -63.2678, -17.33682 ], [ -63.26833, -17.33585 ], [ -63.26831, -17.3358 ] ] ] } },
{ "type": "Feature", "properties": { "i": 1316 }, "geometry": { "type": "Polygon", "coordinates": [ [ [ -63.23422, -17.34146 ], [ -63.23362, -17.34218 ], [ -63.23364, -17.34222 ], [ -63.23512, -17.34268 ], [ -63.23517, -17.34266 ], [ -63.23537, -17.3424 ], [ -63.23431, -17.34151 ], [ -63.23422, -17.34146 ] ] ] } },
{ "type": "Feature", "properties": { "i": 1317 }, "geometry": { "type": "Polygon", "coordinates": [ [ [ -63.23235, -17.34293 ], [ -63.23231, -17.34184 ], [ -63.23189, -17.34157 ], [ -63.23185, -17.34157 ], [ -63.23181, -17.34291 ], [ -63.23235, -17.34293 ] ] ] } },
{ "type": "Feature", "properties": { "i": 1318 }, "geometry": { "type": "Polygon", "coordinates": [ [ [ -63.25972, -17.3382 ], [ -63.26026, -17.33728 ], [ -63.26024, -17.33725 ], [ -63.25928, -17.33678 ], [ -63.25924, -17.33679 ], [ -63.25872, -17.33772 ], [ -63.25873, -17.33775 ], [ -63.25965, -17.33822 ], [ -63.25972, -17.3382 ] ] ] } },
{ "type": "Feature", "properties": { "i": 1319 }, "geometry": { "type": "Polygon", "coordinates": [ [ [ -63.26972, -17.33519 ], [ -63.26923, -17.33614 ], [ -63.26979, -17.33642 ], [ -63.26983, -17.33641 ], [ -63.27033, -17.33551 ], [ -63.27031, -17.33546 ], [ -63.27013, -17.33536 ], [ -63.26978, -17.33518 ], [ -63.26972, -17.33519 ] ] ] } },
{ "type": "Feature", "properties": { "i": 1320 }, "geometry": { "type": "Polygon", "coordinates": [ [ [ -63.27818, -17.33472 ], [ -63.27878, -17.33485 ], [ -63.2788, -17.33484 ], [ -63.27903, -17.33373 ], [ -63.27901, -17.33371 ], [ -63.27843, -17.33358 ], [ -63.27838, -17.33359 ], [ -63.27816, -17.33469 ], [ -63.27818, -17.33472 ] ] ] } },
{ "type": "Feature", "properties": { "i": 1321 }, "geometry": { "type": "Polygon", "coordinates": [ [ [ -63.22542, -17.34349 ], [ -63.22317, -17.34338 ], [ -63.22313, -17.34403 ], [ -63.22496, -17.34415 ], [ -63.22542, -17.34349 ] ] ] } },
{ "type": "Feature", "properties": { "i": 1322 }, "geometry": { "type": "Polygon", "coordinates": [ [ [ -63.27392, -17.33475 ], [ -63.27321, -17.33461 ], [ -63.27309, -17.33522 ], [ -63.27312, -17.33527 ], [ -63.27377, -17.3354 ], [ -63.2738, -17.33538 ], [ -63.27392, -17.33475 ] ] ] } },
{ "type": "Feature", "properties": { "i": 1323 }, "geometry": { "type": "Polygon", "coordinates": [ [ [ -63.26329, -17.33704 ], [ -63.26328, -17.33691 ], [ -63.26239, -17.33647 ], [ -63.26236, -17.33648 ], [ -63.26221, -17.33674 ], [ -63.26222, -17.33678 ], [ -63.26314, -17.33725 ], [ -63.26318, -17.33723 ], [ -63.26329, -17.33704 ] ] ] } },
{ "type": "Feature", "properties": { "i": 1324 }, "geometry": { "type": "Polygon", "coordinates": [ [ [ -63.24058, -17.34093 ], [ -63.23907, -17.34029 ], [ -63.23852, -17.34083 ], [ -63.23853, -17.34087 ], [ -63.2395, -17.34122 ], [ -63.24025, -17.34153 ], [ -63.24029, -17.34151 ], [ -63.2406, -17.34099 ], [ -63.24058, -17.34093 ] ] ] } },
{ "type": "Feature", "properties": { "i": 1325 }, "geometry": { "type": "Polygon", "coordinates": [ [ [ -63.23107, -17.34282 ], [ -63.23114, -17.34173 ], [ -63.23039, -17.34169 ], [ -63.23033, -17.34279 ], [ -63.23107, -17.34282 ] ] ] } },
{ "type": "Feature", "properties": { "i": 1326 }, "geometry": { "type": "Polygon", "coordinates": [ [ [ -63.23651, -17.34124 ], [ -63.23611, -17.3409 ], [ -63.23519, -17.34187 ], [ -63.2352, -17.34192 ], [ -63.2356, -17.34224 ], [ -63.23651, -17.34124 ] ] ] } },
{ "type": "Feature", "properties": { "i": 1327 }, "geometry": { "type": "Polygon", "coordinates": [ [ [ -63.25048, -17.33918 ], [ -63.24905, -17.33843 ], [ -63.24901, -17.33844 ], [ -63.24864, -17.33904 ], [ -63.25005, -17.33975 ], [ -63.2501, -17.33975 ], [ -63.25016, -17.33971 ], [ -63.25048, -17.33918 ] ] ] } },
{ "type": "Feature", "properties": { "i": 1328 }, "geometry": { "type": "Polygon", "coordinates": [ [ [ -63.25392, -17.3389 ], [ -63.25426, -17.33827 ], [ -63.25352, -17.33787 ], [ -63.25347, -17.33787 ], [ -63.25315, -17.33846 ], [ -63.25317, -17.33852 ], [ -63.25387, -17.33892 ], [ -63.25392, -17.3389 ] ] ] } },
{ "type": "Feature", "properties": { "i": 1329 }, "geometry": { "type": "Polygon", "coordinates": [ [ [ -63.26147, -17.33772 ], [ -63.26151, -17.33771 ], [ -63.262, -17.33685 ], [ -63.26198, -17.33681 ], [ -63.26103, -17.33631 ], [ -63.26099, -17.33633 ], [ -63.26049, -17.3372 ], [ -63.2605, -17.33723 ], [ -63.26147, -17.33772 ] ] ] } },
{ "type": "Feature", "properties": { "i": 1330 }, "geometry": { "type": "Polygon", "coordinates": [ [ [ -63.25096, -17.33925 ], [ -63.25128, -17.33942 ], [ -63.25136, -17.3394 ], [ -63.25202, -17.33807 ], [ -63.25201, -17.33804 ], [ -63.25176, -17.33789 ], [ -63.25172, -17.3379 ], [ -63.25094, -17.33919 ], [ -63.25096, -17.33925 ] ] ] } },
{ "type": "Feature", "properties": { "i": 1331 }, "geometry": { "type": "Polygon", "coordinates": [ [ [ -63.27742, -17.33456 ], [ -63.27803, -17.33467 ], [ -63.27806, -17.33454 ], [ -63.27826, -17.33354 ], [ -63.27763, -17.33341 ], [ -63.27761, -17.33342 ], [ -63.27739, -17.33453 ], [ -63.27742, -17.33456 ] ] ] } },
{ "type": "Feature", "properties": { "i": 1332 }, "geometry": { "type": "Polygon", "coordinates": [ [ [ -63.23696, -17.34146 ], [ -63.23729, -17.34175 ], [ -63.23755, -17.34147 ], [ -63.23822, -17.34084 ], [ -63.23822, -17.34079 ], [ -63.23792, -17.34053 ], [ -63.23696, -17.34146 ] ] ] } },
{ "type": "Feature", "properties": { "i": 1333 }, "geometry": { "type": "Polygon", "coordinates": [ [ [ -63.24763, -17.33881 ], [ -63.24697, -17.33849 ], [ -63.24593, -17.3402 ], [ -63.24594, -17.34023 ], [ -63.24656, -17.34053 ], [ -63.24659, -17.34052 ], [ -63.24763, -17.33881 ] ] ] } },
{ "type": "Feature", "properties": { "i": 1334 }, "geometry": { "type": "Polygon", "coordinates": [ [ [ -63.28016, -17.33312 ], [ -63.28003, -17.33371 ], [ -63.28066, -17.33386 ], [ -63.28073, -17.33384 ], [ -63.28105, -17.33332 ], [ -63.28016, -17.33312 ] ] ] } },
{ "type": "Feature", "properties": { "i": 1335 }, "geometry": { "type": "Polygon", "coordinates": [ [ [ -63.25588, -17.33781 ], [ -63.25587, -17.33777 ], [ -63.25492, -17.33733 ], [ -63.25488, -17.33733 ], [ -63.25444, -17.33818 ], [ -63.25445, -17.33822 ], [ -63.25536, -17.33872 ], [ -63.25539, -17.33871 ], [ -63.25588, -17.33781 ] ] ] } },
{ "type": "Feature", "properties": { "i": 1336 }, "geometry": { "type": "Polygon", "coordinates": [ [ [ -63.24418, -17.33957 ], [ -63.24362, -17.33929 ], [ -63.24358, -17.33929 ], [ -63.24288, -17.3405 ], [ -63.24347, -17.34079 ], [ -63.24418, -17.33957 ] ] ] } },
{ "type": "Feature", "properties": { "i": 1337 }, "geometry": { "type": "Polygon", "coordinates": [ [ [ -63.23131, -17.34125 ], [ -63.23122, -17.34282 ], [ -63.23124, -17.34285 ], [ -63.23166, -17.34291 ], [ -63.23169, -17.34288 ], [ -63.23171, -17.3415 ], [ -63.23131, -17.34125 ] ] ] } },
{ "type": "Feature", "properties": { "i": 1338 }, "geometry": { "type": "Polygon", "coordinates": [ [ [ -63.26759, -17.33547 ], [ -63.26704, -17.33518 ], [ -63.26698, -17.33519 ], [ -63.26645, -17.33619 ], [ -63.26646, -17.33622 ], [ -63.26702, -17.33649 ], [ -63.26707, -17.33648 ], [ -63.26759, -17.33551 ], [ -63.26759, -17.33547 ] ] ] } },
{ "type": "Feature", "properties": { "i": 1339 }, "geometry": { "type": "Polygon", "coordinates": [ [ [ -63.26964, -17.3351 ], [ -63.26904, -17.3348 ], [ -63.26851, -17.33577 ], [ -63.26912, -17.33608 ], [ -63.26964, -17.3351 ] ] ] } },
{ "type": "Feature", "properties": { "i": 1340 }, "geometry": { "type": "Polygon", "coordinates": [ [ [ -63.26452, -17.33705 ], [ -63.26521, -17.33581 ], [ -63.26521, -17.33579 ], [ -63.26455, -17.33533 ], [ -63.2645, -17.33534 ], [ -63.2637, -17.33664 ], [ -63.26374, -17.33672 ], [ -63.26447, -17.33707 ], [ -63.26452, -17.33705 ] ] ] } },
{ "type": "Feature", "properties": { "i": 1341 }, "geometry": { "type": "Polygon", "coordinates": [ [ [ -63.27116, -17.3357 ], [ -63.27164, -17.33478 ], [ -63.27108, -17.33448 ], [ -63.27103, -17.33448 ], [ -63.27054, -17.33536 ], [ -63.27054, -17.33541 ], [ -63.27116, -17.3357 ] ] ] } },
{ "type": "Feature", "properties": { "i": 1342 }, "geometry": { "type": "Polygon", "coordinates": [ [ [ -63.25742, -17.33723 ], [ -63.25658, -17.33682 ], [ -63.25651, -17.33684 ], [ -63.25605, -17.33773 ], [ -63.25698, -17.33816 ], [ -63.25701, -17.33815 ], [ -63.25743, -17.33726 ], [ -63.25742, -17.33723 ] ] ] } },
{ "type": "Feature", "properties": { "i": 1343 }, "geometry": { "type": "Polygon", "coordinates": [ [ [ -63.23023, -17.34168 ], [ -63.2295, -17.34165 ], [ -63.22943, -17.34273 ], [ -63.23018, -17.34277 ], [ -63.2302, -17.34275 ], [ -63.23025, -17.34171 ], [ -63.23023, -17.34168 ] ] ] } },
{ "type": "Feature", "properties": { "i": 1344 }, "geometry": { "type": "Polygon", "coordinates": [ [ [ -63.22937, -17.34166 ], [ -63.22934, -17.34163 ], [ -63.22865, -17.34159 ], [ -63.22862, -17.34162 ], [ -63.22857, -17.34265 ], [ -63.2286, -17.34269 ], [ -63.22932, -17.34272 ], [ -63.22937, -17.34166 ] ] ] } },
{ "type": "Feature", "properties": { "i": 1345 }, "geometry": { "type": "Polygon", "coordinates": [ [ [ -63.27726, -17.33451 ], [ -63.27747, -17.3334 ], [ -63.27745, -17.33337 ], [ -63.27687, -17.33325 ], [ -63.27684, -17.33327 ], [ -63.27663, -17.33437 ], [ -63.27686, -17.33444 ], [ -63.27726, -17.33451 ] ] ] } },
{ "type": "Feature", "properties": { "i": 1346 }, "geometry": { "type": "Polygon", "coordinates": [ [ [ -63.22601, -17.34142 ], [ -63.22597, -17.34146 ], [ -63.22587, -17.34342 ], [ -63.22658, -17.34345 ], [ -63.22663, -17.34342 ], [ -63.22671, -17.34149 ], [ -63.22668, -17.34146 ], [ -63.22601, -17.34142 ] ] ] } },
{ "type": "Feature", "properties": { "i": 1347 }, "geometry": { "type": "Polygon", "coordinates": [ [ [ -63.27323, -17.33382 ], [ -63.27273, -17.33372 ], [ -63.2727, -17.33373 ], [ -63.27241, -17.33508 ], [ -63.27244, -17.33513 ], [ -63.27291, -17.33522 ], [ -63.27295, -17.3352 ], [ -63.27323, -17.33382 ] ] ] } },
{ "type": "Feature", "properties": { "i": 1348 }, "geometry": { "type": "Polygon", "coordinates": [ [ [ -63.21862, -17.34375 ], [ -63.22008, -17.34469 ], [ -63.22013, -17.34468 ], [ -63.22044, -17.34424 ], [ -63.22042, -17.34419 ], [ -63.21898, -17.34324 ], [ -63.21894, -17.34325 ], [ -63.21861, -17.34372 ], [ -63.21862, -17.34375 ] ] ] } },
{ "type": "Feature", "properties": { "i": 1349 }, "geometry": { "type": "Polygon", "coordinates": [ [ [ -63.2276, -17.34152 ], [ -63.22685, -17.34148 ], [ -63.22677, -17.34346 ], [ -63.22752, -17.3435 ], [ -63.2276, -17.34152 ] ] ] } },
{ "type": "Feature", "properties": { "i": 1350 }, "geometry": { "type": "Polygon", "coordinates": [ [ [ -63.22848, -17.34157 ], [ -63.22774, -17.34154 ], [ -63.22772, -17.34156 ], [ -63.22764, -17.34348 ], [ -63.22766, -17.34351 ], [ -63.22835, -17.34352 ], [ -63.2284, -17.34346 ], [ -63.22848, -17.34157 ] ] ] } },
{ "type": "Feature", "properties": { "i": 1351 }, "geometry": { "type": "Polygon", "coordinates": [ [ [ -63.23979, -17.33962 ], [ -63.24108, -17.34015 ], [ -63.24072, -17.3408 ], [ -63.24063, -17.34082 ], [ -63.23921, -17.34023 ], [ -63.23922, -17.34016 ], [ -63.23979, -17.33962 ] ] ] } },
{ "type": "Feature", "properties": { "i": 1352 }, "geometry": { "type": "Polygon", "coordinates": [ [ [ -63.27041, -17.33533 ], [ -63.27045, -17.33531 ], [ -63.27092, -17.33444 ], [ -63.27091, -17.33439 ], [ -63.27035, -17.33411 ], [ -63.2703, -17.33412 ], [ -63.26982, -17.33504 ], [ -63.27041, -17.33533 ] ] ] } },
{ "type": "Feature", "properties": { "i": 1353 }, "geometry": { "type": "Polygon", "coordinates": [ [ [ -63.24685, -17.33844 ], [ -63.24617, -17.33812 ], [ -63.24611, -17.33814 ], [ -63.24515, -17.33983 ], [ -63.24516, -17.33986 ], [ -63.24576, -17.34015 ], [ -63.24582, -17.34014 ], [ -63.24685, -17.33844 ] ] ] } },
{ "type": "Feature", "properties": { "i": 1354 }, "geometry": { "type": "Polygon", "coordinates": [ [ [ -63.25912, -17.33675 ], [ -63.2591, -17.33672 ], [ -63.25809, -17.33622 ], [ -63.25805, -17.33624 ], [ -63.25762, -17.3372 ], [ -63.2586, -17.33768 ], [ -63.25912, -17.33675 ] ] ] } },
{ "type": "Feature", "properties": { "i": 1355 }, "geometry": { "type": "Polygon", "coordinates": [ [ [ -63.23448, -17.34133 ], [ -63.23481, -17.34165 ], [ -63.23495, -17.34173 ], [ -63.23592, -17.34074 ], [ -63.23541, -17.3403 ], [ -63.23448, -17.34129 ], [ -63.23448, -17.34133 ] ] ] } },
{ "type": "Feature", "properties": { "i": 1356 }, "geometry": { "type": "Polygon", "coordinates": [ [ [ -63.24951, -17.33768 ], [ -63.2494, -17.33771 ], [ -63.24918, -17.33809 ], [ -63.24909, -17.33826 ], [ -63.24911, -17.33831 ], [ -63.25055, -17.33907 ], [ -63.25091, -17.33846 ], [ -63.24951, -17.33768 ] ] ] } },
{ "type": "Feature", "properties": { "i": 1357 }, "geometry": { "type": "Polygon", "coordinates": [ [ [ -63.26206, -17.33667 ], [ -63.26219, -17.33642 ], [ -63.26123, -17.33594 ], [ -63.26121, -17.33594 ], [ -63.26106, -17.33618 ], [ -63.26108, -17.33621 ], [ -63.26199, -17.33667 ], [ -63.26206, -17.33667 ] ] ] } },
{ "type": "Feature", "properties": { "i": 1358 }, "geometry": { "type": "Polygon", "coordinates": [ [ [ -63.28014, -17.33246 ], [ -63.27948, -17.33233 ], [ -63.27925, -17.33355 ], [ -63.27927, -17.33357 ], [ -63.27991, -17.33369 ], [ -63.28014, -17.33246 ] ] ] } },
{ "type": "Feature", "properties": { "i": 1359 }, "geometry": { "type": "Polygon", "coordinates": [ [ [ -63.24259, -17.33959 ], [ -63.24253, -17.33957 ], [ -63.24257, -17.33929 ], [ -63.24279, -17.3389 ], [ -63.24251, -17.33877 ], [ -63.24246, -17.33878 ], [ -63.24187, -17.33983 ], [ -63.24187, -17.33995 ], [ -63.24193, -17.34008 ], [ -63.24276, -17.34045 ], [ -63.24346, -17.33925 ], [ -63.24346, -17.33922 ], [ -63.24284, -17.33893 ], [ -63.24263, -17.3393 ], [ -63.24259, -17.33959 ] ] ] } },
{ "type": "Feature", "properties": { "i": 1360 }, "geometry": { "type": "Polygon", "coordinates": [ [ [ -63.26891, -17.33477 ], [ -63.2689, -17.33473 ], [ -63.26881, -17.33468 ], [ -63.26831, -17.33445 ], [ -63.26786, -17.33527 ], [ -63.2678, -17.33543 ], [ -63.26837, -17.33571 ], [ -63.26841, -17.3357 ], [ -63.26891, -17.33477 ] ] ] } },
{ "type": "Feature", "properties": { "i": 1361 }, "geometry": { "type": "Polygon", "coordinates": [ [ [ -63.27645, -17.33432 ], [ -63.27666, -17.33322 ], [ -63.27663, -17.33319 ], [ -63.27603, -17.33307 ], [ -63.27601, -17.33308 ], [ -63.27578, -17.3342 ], [ -63.2758, -17.33423 ], [ -63.27641, -17.33435 ], [ -63.27645, -17.33432 ] ] ] } },
{ "type": "Feature", "properties": { "i": 1362 }, "geometry": { "type": "Polygon", "coordinates": [ [ [ -63.23232, -17.34166 ], [ -63.23283, -17.3419 ], [ -63.23343, -17.34211 ], [ -63.23351, -17.34211 ], [ -63.23407, -17.34144 ], [ -63.23407, -17.34136 ], [ -63.2335, -17.34086 ], [ -63.23313, -17.3405 ], [ -63.23306, -17.34049 ], [ -63.23302, -17.3405 ], [ -63.2323, -17.34157 ], [ -63.23232, -17.34166 ] ] ] } },
{ "type": "Feature", "properties": { "i": 1363 }, "geometry": { "type": "Polygon", "coordinates": [ [ [ -63.28154, -17.33285 ], [ -63.28156, -17.33273 ], [ -63.28029, -17.33249 ], [ -63.28018, -17.333 ], [ -63.28115, -17.33321 ], [ -63.28154, -17.33285 ] ] ] } },
{ "type": "Feature", "properties": { "i": 1364 }, "geometry": { "type": "Polygon", "coordinates": [ [ [ -63.26036, -17.33712 ], [ -63.26084, -17.3363 ], [ -63.26084, -17.33623 ], [ -63.25998, -17.33578 ], [ -63.25995, -17.33579 ], [ -63.25983, -17.336 ], [ -63.25979, -17.33599 ], [ -63.25975, -17.33607 ], [ -63.25977, -17.33609 ], [ -63.25944, -17.33667 ], [ -63.25945, -17.33671 ], [ -63.26031, -17.33713 ], [ -63.26036, -17.33712 ] ] ] } },
{ "type": "Feature", "properties": { "i": 1365 }, "geometry": { "type": "Polygon", "coordinates": [ [ [ -63.25473, -17.33737 ], [ -63.25472, -17.33731 ], [ -63.25388, -17.3372 ], [ -63.25385, -17.33721 ], [ -63.25354, -17.3377 ], [ -63.25355, -17.33773 ], [ -63.25431, -17.33814 ], [ -63.25473, -17.33737 ] ] ] } },
{ "type": "Feature", "properties": { "i": 1366 }, "geometry": { "type": "Polygon", "coordinates": [ [ [ -63.25296, -17.33763 ], [ -63.25289, -17.33755 ], [ -63.25218, -17.33719 ], [ -63.25214, -17.33721 ], [ -63.25183, -17.33774 ], [ -63.25184, -17.33778 ], [ -63.25298, -17.33843 ], [ -63.25302, -17.33842 ], [ -63.25332, -17.33785 ], [ -63.25318, -17.33786 ], [ -63.2531, -17.33783 ], [ -63.25301, -17.33775 ], [ -63.25296, -17.33763 ] ] ] } },
{ "type": "Feature", "properties": { "i": 1367 }, "geometry": { "type": "Polygon", "coordinates": [ [ [ -63.24889, -17.3384 ], [ -63.24887, -17.33835 ], [ -63.24828, -17.33804 ], [ -63.24823, -17.33804 ], [ -63.24787, -17.33866 ], [ -63.24788, -17.33871 ], [ -63.2485, -17.339 ], [ -63.24855, -17.33899 ], [ -63.24889, -17.3384 ] ] ] } },
{ "type": "Feature", "properties": { "i": 1368 }, "geometry": { "type": "Polygon", "coordinates": [ [ [ -63.26681, -17.33509 ], [ -63.26679, -17.33504 ], [ -63.26622, -17.33477 ], [ -63.26618, -17.33477 ], [ -63.26568, -17.33566 ], [ -63.26568, -17.3357 ], [ -63.26614, -17.33603 ], [ -63.26624, -17.33603 ], [ -63.26631, -17.336 ], [ -63.26681, -17.33509 ] ] ] } },
{ "type": "Feature", "properties": { "i": 1369 }, "geometry": { "type": "Polygon", "coordinates": [ [ [ -63.22588, -17.3414 ], [ -63.22508, -17.34137 ], [ -63.22499, -17.34335 ], [ -63.22575, -17.3434 ], [ -63.22581, -17.34187 ], [ -63.22584, -17.34187 ], [ -63.22588, -17.3414 ] ] ] } },
{ "type": "Feature", "properties": { "i": 1370 }, "geometry": { "type": "Polygon", "coordinates": [ [ [ -63.27219, -17.33435 ], [ -63.27215, -17.33428 ], [ -63.27136, -17.33391 ], [ -63.27131, -17.33391 ], [ -63.2711, -17.3343 ], [ -63.27112, -17.33436 ], [ -63.27203, -17.3348 ], [ -63.27209, -17.33478 ], [ -63.27219, -17.33435 ] ] ] } },
{ "type": "Feature", "properties": { "i": 1371 }, "geometry": { "type": "Polygon", "coordinates": [ [ [ -63.26358, -17.33462 ], [ -63.26352, -17.33462 ], [ -63.26278, -17.336 ], [ -63.26278, -17.33613 ], [ -63.26286, -17.33626 ], [ -63.26354, -17.33661 ], [ -63.26359, -17.33659 ], [ -63.26441, -17.33523 ], [ -63.26358, -17.33462 ] ] ] } },
{ "type": "Feature", "properties": { "i": 1372 }, "geometry": { "type": "Polygon", "coordinates": [ [ [ -63.23717, -17.33984 ], [ -63.23713, -17.33985 ], [ -63.23624, -17.34075 ], [ -63.23624, -17.3408 ], [ -63.2366, -17.34111 ], [ -63.23748, -17.34015 ], [ -63.23717, -17.33984 ] ] ] } },
{ "type": "Feature", "properties": { "i": 1373 }, "geometry": { "type": "Polygon", "coordinates": [ [ [ -63.27527, -17.33291 ], [ -63.27524, -17.33292 ], [ -63.27501, -17.33404 ], [ -63.27503, -17.33407 ], [ -63.27566, -17.33419 ], [ -63.27589, -17.33303 ], [ -63.27527, -17.33291 ] ] ] } },
{ "type": "Feature", "properties": { "i": 1374 }, "geometry": { "type": "Polygon", "coordinates": [ [ [ -63.26763, -17.33411 ], [ -63.26755, -17.33413 ], [ -63.26708, -17.33502 ], [ -63.26708, -17.33506 ], [ -63.26767, -17.33536 ], [ -63.26815, -17.33446 ], [ -63.26817, -17.33439 ], [ -63.26763, -17.33411 ] ] ] } },
{ "type": "Feature", "properties": { "i": 1375 }, "geometry": { "type": "Polygon", "coordinates": [ [ [ -63.2559, -17.33767 ], [ -63.25639, -17.33675 ], [ -63.25638, -17.33671 ], [ -63.25548, -17.33628 ], [ -63.25544, -17.33629 ], [ -63.25497, -17.3372 ], [ -63.25499, -17.33724 ], [ -63.2559, -17.33767 ] ] ] } },
{ "type": "Feature", "properties": { "i": 1376 }, "geometry": { "type": "Polygon", "coordinates": [ [ [ -63.22238, -17.34118 ], [ -63.22226, -17.3438 ], [ -63.22303, -17.34425 ], [ -63.22308, -17.34363 ], [ -63.22305, -17.34362 ], [ -63.22319, -17.34123 ], [ -63.22238, -17.34118 ] ] ] } },
{ "type": "Feature", "properties": { "i": 1377 }, "geometry": { "type": "Polygon", "coordinates": [ [ [ -63.24543, -17.33775 ], [ -63.24539, -17.33776 ], [ -63.2444, -17.33945 ], [ -63.2444, -17.3395 ], [ -63.24497, -17.33977 ], [ -63.24503, -17.33976 ], [ -63.24603, -17.33802 ], [ -63.24543, -17.33775 ] ] ] } },
{ "type": "Feature", "properties": { "i": 1378 }, "geometry": { "type": "Polygon", "coordinates": [ [ [ -63.24474, -17.33855 ], [ -63.24426, -17.33829 ], [ -63.2442, -17.33829 ], [ -63.24369, -17.33913 ], [ -63.2437, -17.33915 ], [ -63.24425, -17.33942 ], [ -63.24429, -17.3394 ], [ -63.24475, -17.33859 ], [ -63.24474, -17.33855 ] ] ] } },
{ "type": "Feature", "properties": { "i": 1379 }, "geometry": { "type": "Polygon", "coordinates": [ [ [ -63.26362, -17.33437 ], [ -63.26358, -17.33443 ], [ -63.26359, -17.33446 ], [ -63.26612, -17.33628 ], [ -63.26621, -17.33628 ], [ -63.26623, -17.33626 ], [ -63.26623, -17.33623 ], [ -63.26362, -17.33437 ] ] ] } },
{ "type": "Feature", "properties": { "i": 1380 }, "geometry": { "type": "Polygon", "coordinates": [ [ [ -63.23116, -17.34111 ], [ -63.23043, -17.34069 ], [ -63.23041, -17.34071 ], [ -63.23035, -17.34159 ], [ -63.23114, -17.34161 ], [ -63.23116, -17.34111 ] ] ] } },
{ "type": "Feature", "properties": { "i": 1381 }, "geometry": { "type": "Polygon", "coordinates": [ [ [ -63.2702, -17.33404 ], [ -63.26962, -17.33374 ], [ -63.26959, -17.33375 ], [ -63.2691, -17.33464 ], [ -63.26912, -17.33468 ], [ -63.26969, -17.33497 ], [ -63.26972, -17.33496 ], [ -63.2702, -17.33408 ], [ -63.2702, -17.33404 ] ] ] } },
{ "type": "Feature", "properties": { "i": 1382 }, "geometry": { "type": "Polygon", "coordinates": [ [ [ -63.2656, -17.3356 ], [ -63.26608, -17.33473 ], [ -63.26608, -17.3347 ], [ -63.26552, -17.3344 ], [ -63.26548, -17.3344 ], [ -63.26504, -17.33523 ], [ -63.26556, -17.3356 ], [ -63.2656, -17.3356 ] ] ] } },
{ "type": "Feature", "properties": { "i": 1383 }, "geometry": { "type": "Polygon", "coordinates": [ [ [ -63.27933, -17.33228 ], [ -63.27869, -17.33217 ], [ -63.27847, -17.33336 ], [ -63.27849, -17.33341 ], [ -63.27907, -17.33353 ], [ -63.27912, -17.3335 ], [ -63.27935, -17.3323 ], [ -63.27933, -17.33228 ] ] ] } },
{ "type": "Feature", "properties": { "i": 1384 }, "geometry": { "type": "Polygon", "coordinates": [ [ [ -63.25792, -17.33611 ], [ -63.25713, -17.33574 ], [ -63.25709, -17.33574 ], [ -63.2566, -17.33666 ], [ -63.25676, -17.33676 ], [ -63.25746, -17.33711 ], [ -63.25752, -17.33709 ], [ -63.25793, -17.33616 ], [ -63.25792, -17.33611 ] ] ] } },
{ "type": "Feature", "properties": { "i": 1385 }, "geometry": { "type": "Polygon", "coordinates": [ [ [ -63.24811, -17.338 ], [ -63.24811, -17.33796 ], [ -63.24752, -17.33764 ], [ -63.24747, -17.33765 ], [ -63.2471, -17.33829 ], [ -63.24711, -17.33833 ], [ -63.24771, -17.33864 ], [ -63.24775, -17.33863 ], [ -63.24811, -17.338 ] ] ] } },
{ "type": "Feature", "properties": { "i": 1386 }, "geometry": { "type": "Polygon", "coordinates": [ [ [ -63.27489, -17.33401 ], [ -63.27511, -17.33292 ], [ -63.27507, -17.33287 ], [ -63.27449, -17.33275 ], [ -63.27447, -17.33276 ], [ -63.27443, -17.33292 ], [ -63.27424, -17.33389 ], [ -63.27489, -17.33401 ] ] ] } },
{ "type": "Feature", "properties": { "i": 1387 }, "geometry": { "type": "Polygon", "coordinates": [ [ [ -63.25149, -17.33774 ], [ -63.24994, -17.33689 ], [ -63.24956, -17.33752 ], [ -63.24957, -17.33757 ], [ -63.25102, -17.3384 ], [ -63.25107, -17.3384 ], [ -63.2511, -17.33837 ], [ -63.25149, -17.33774 ] ] ] } },
{ "type": "Feature", "properties": { "i": 1388 }, "geometry": { "type": "Polygon", "coordinates": [ [ [ -63.2337, -17.33981 ], [ -63.23329, -17.34025 ], [ -63.23329, -17.3403 ], [ -63.23434, -17.34122 ], [ -63.23479, -17.34074 ], [ -63.2337, -17.33981 ] ] ] } },
{ "type": "Feature", "properties": { "i": 1389 }, "geometry": { "type": "Polygon", "coordinates": [ [ [ -63.27143, -17.3338 ], [ -63.27218, -17.33418 ], [ -63.27223, -17.33417 ], [ -63.27233, -17.33369 ], [ -63.27168, -17.33336 ], [ -63.27162, -17.33337 ], [ -63.27141, -17.33376 ], [ -63.27143, -17.3338 ] ] ] } },
{ "type": "Feature", "properties": { "i": 1390 }, "geometry": { "type": "Polygon", "coordinates": [ [ [ -63.26106, -17.33585 ], [ -63.26038, -17.33551 ], [ -63.26016, -17.33549 ], [ -63.26006, -17.33565 ], [ -63.26007, -17.33569 ], [ -63.26089, -17.33612 ], [ -63.26094, -17.33612 ], [ -63.26107, -17.3359 ], [ -63.26106, -17.33585 ] ] ] } },
{ "type": "Feature", "properties": { "i": 1391 }, "geometry": { "type": "Polygon", "coordinates": [ [ [ -63.23251, -17.34103 ], [ -63.23121, -17.34024 ], [ -63.23086, -17.34074 ], [ -63.23088, -17.3408 ], [ -63.23215, -17.34157 ], [ -63.23219, -17.34154 ], [ -63.23251, -17.34103 ] ] ] } },
{ "type": "Feature", "properties": { "i": 1392 }, "geometry": { "type": "Polygon", "coordinates": [ [ [ -63.22224, -17.34183 ], [ -63.2193, -17.34158 ], [ -63.21924, -17.34221 ], [ -63.21949, -17.34225 ], [ -63.21982, -17.34235 ], [ -63.22, -17.34243 ], [ -63.22071, -17.34284 ], [ -63.22212, -17.34371 ], [ -63.22216, -17.3437 ], [ -63.22224, -17.34183 ] ] ] } },
{ "type": "Feature", "properties": { "i": 1393 }, "geometry": { "type": "Polygon", "coordinates": [ [ [ -63.24898, -17.33824 ], [ -63.24935, -17.33762 ], [ -63.24935, -17.33759 ], [ -63.2487, -17.33724 ], [ -63.24832, -17.33789 ], [ -63.24834, -17.33793 ], [ -63.24895, -17.33825 ], [ -63.24898, -17.33824 ] ] ] } },
{ "type": "Feature", "properties": { "i": 1394 }, "geometry": { "type": "Polygon", "coordinates": [ [ [ -63.25224, -17.33709 ], [ -63.253, -17.33744 ], [ -63.25312, -17.33742 ], [ -63.25314, -17.33732 ], [ -63.25249, -17.33672 ], [ -63.25244, -17.33672 ], [ -63.25224, -17.33706 ], [ -63.25224, -17.33709 ] ] ] } },
{ "type": "Feature", "properties": { "i": 1395 }, "geometry": { "type": "Polygon", "coordinates": [ [ [ -63.26144, -17.33556 ], [ -63.26208, -17.33588 ], [ -63.26226, -17.33588 ], [ -63.26236, -17.33581 ], [ -63.26278, -17.33505 ], [ -63.2628, -17.33498 ], [ -63.26195, -17.33469 ], [ -63.26144, -17.33556 ] ] ] } },
{ "type": "Feature", "properties": { "i": 1396 }, "geometry": { "type": "Polygon", "coordinates": [ [ [ -63.23554, -17.34022 ], [ -63.23596, -17.3406 ], [ -63.23604, -17.3406 ], [ -63.23693, -17.33967 ], [ -63.23693, -17.33963 ], [ -63.23647, -17.33919 ], [ -63.23554, -17.34018 ], [ -63.23554, -17.34022 ] ] ] } },
{ "type": "Feature", "properties": { "i": 1397 }, "geometry": { "type": "Polygon", "coordinates": [ [ [ -63.22498, -17.34139 ], [ -63.22492, -17.34136 ], [ -63.2242, -17.34132 ], [ -63.22412, -17.34332 ], [ -63.2249, -17.34334 ], [ -63.22498, -17.34139 ] ] ] } },
{ "type": "Feature", "properties": { "i": 1398 }, "geometry": { "type": "Polygon", "coordinates": [ [ [ -63.24129, -17.33815 ], [ -63.24006, -17.33929 ], [ -63.24051, -17.3395 ], [ -63.2411, -17.33972 ], [ -63.24126, -17.33972 ], [ -63.24139, -17.33966 ], [ -63.24209, -17.33853 ], [ -63.24129, -17.33815 ] ] ] } },
{ "type": "Feature", "properties": { "i": 1399 }, "geometry": { "type": "Polygon", "coordinates": [ [ [ -63.25925, -17.33544 ], [ -63.25911, -17.33568 ], [ -63.25908, -17.33565 ], [ -63.25921, -17.33542 ], [ -63.25859, -17.33512 ], [ -63.25856, -17.33513 ], [ -63.25813, -17.33605 ], [ -63.25815, -17.33609 ], [ -63.25908, -17.33653 ], [ -63.25956, -17.33565 ], [ -63.25954, -17.33559 ], [ -63.25925, -17.33544 ] ] ] } },
{ "type": "Feature", "properties": { "i": 1400 }, "geometry": { "type": "Polygon", "coordinates": [ [ [ -63.24003, -17.33915 ], [ -63.24118, -17.33806 ], [ -63.24099, -17.33786 ], [ -63.24087, -17.33777 ], [ -63.23976, -17.33879 ], [ -63.23802, -17.34045 ], [ -63.23835, -17.34073 ], [ -63.23948, -17.3397 ], [ -63.23943, -17.33967 ], [ -63.23937, -17.33959 ], [ -63.23935, -17.33952 ], [ -63.23936, -17.33941 ], [ -63.23971, -17.33906 ], [ -63.2399, -17.33906 ], [ -63.23997, -17.33909 ], [ -63.24003, -17.33915 ] ] ] } },
{ "type": "Feature", "properties": { "i": 1401 }, "geometry": { "type": "Polygon", "coordinates": [ [ [ -63.27686, -17.3331 ], [ -63.27748, -17.33323 ], [ -63.27751, -17.33317 ], [ -63.27773, -17.33197 ], [ -63.27712, -17.33185 ], [ -63.27708, -17.33188 ], [ -63.27684, -17.33307 ], [ -63.27686, -17.3331 ] ] ] } },
{ "type": "Feature", "properties": { "i": 1402 }, "geometry": { "type": "Polygon", "coordinates": [ [ [ -63.26896, -17.33461 ], [ -63.26899, -17.3346 ], [ -63.26947, -17.33367 ], [ -63.26889, -17.33338 ], [ -63.26838, -17.33432 ], [ -63.26896, -17.33461 ] ] ] } },
{ "type": "Feature", "properties": { "i": 1403 }, "geometry": { "type": "Polygon", "coordinates": [ [ [ -63.26677, -17.3337 ], [ -63.26628, -17.33461 ], [ -63.2663, -17.33468 ], [ -63.26687, -17.33497 ], [ -63.26689, -17.33496 ], [ -63.26741, -17.33399 ], [ -63.26677, -17.3337 ] ] ] } },
{ "type": "Feature", "properties": { "i": 1404 }, "geometry": { "type": "Polygon", "coordinates": [ [ [ -63.27433, -17.33273 ], [ -63.27432, -17.3327 ], [ -63.27302, -17.33243 ], [ -63.27297, -17.33244 ], [ -63.27273, -17.33353 ], [ -63.27274, -17.33356 ], [ -63.27276, -17.33358 ], [ -63.27408, -17.33386 ], [ -63.27411, -17.33384 ], [ -63.27433, -17.33273 ] ] ] } },
{ "type": "Feature", "properties": { "i": 1405 }, "geometry": { "type": "Polygon", "coordinates": [ [ [ -63.23828, -17.33869 ], [ -63.23724, -17.33973 ], [ -63.23758, -17.34007 ], [ -63.23798, -17.33974 ], [ -63.23812, -17.33953 ], [ -63.23827, -17.33913 ], [ -63.23829, -17.33896 ], [ -63.23828, -17.33869 ] ] ] } },
{ "type": "Feature", "properties": { "i": 1406 }, "geometry": { "type": "Polygon", "coordinates": [ [ [ -63.22855, -17.34045 ], [ -63.2278, -17.3404 ], [ -63.22773, -17.3414 ], [ -63.22846, -17.34145 ], [ -63.2285, -17.34141 ], [ -63.22855, -17.34045 ] ] ] } },
{ "type": "Feature", "properties": { "i": 1407 }, "geometry": { "type": "Polygon", "coordinates": [ [ [ -63.26471, -17.33404 ], [ -63.26435, -17.33472 ], [ -63.26487, -17.33511 ], [ -63.26491, -17.33512 ], [ -63.26533, -17.33434 ], [ -63.26533, -17.3343 ], [ -63.26476, -17.33402 ], [ -63.26471, -17.33404 ] ] ] } },
{ "type": "Feature", "properties": { "i": 1408 }, "geometry": { "type": "Polygon", "coordinates": [ [ [ -63.27095, -17.33301 ], [ -63.27089, -17.33303 ], [ -63.27041, -17.33395 ], [ -63.27042, -17.33399 ], [ -63.27102, -17.33428 ], [ -63.27125, -17.33387 ], [ -63.27123, -17.33386 ], [ -63.27152, -17.33329 ], [ -63.27095, -17.33301 ] ] ] } },
{ "type": "Feature", "properties": { "i": 1409 }, "geometry": { "type": "Polygon", "coordinates": [ [ [ -63.22943, -17.3405 ], [ -63.22868, -17.34045 ], [ -63.22862, -17.34146 ], [ -63.22938, -17.34151 ], [ -63.22943, -17.3405 ] ] ] } },
{ "type": "Feature", "properties": { "i": 1410 }, "geometry": { "type": "Polygon", "coordinates": [ [ [ -63.24409, -17.3382 ], [ -63.24313, -17.33771 ], [ -63.24309, -17.33771 ], [ -63.24257, -17.33859 ], [ -63.24257, -17.33862 ], [ -63.24353, -17.33907 ], [ -63.24357, -17.33905 ], [ -63.24409, -17.3382 ] ] ] } },
{ "type": "Feature", "properties": { "i": 1411 }, "geometry": { "type": "Polygon", "coordinates": [ [ [ -63.23424, -17.33924 ], [ -63.23381, -17.3397 ], [ -63.23483, -17.34063 ], [ -63.2349, -17.34062 ], [ -63.23531, -17.3402 ], [ -63.23424, -17.33924 ] ] ] } },
{ "type": "Feature", "properties": { "i": 1412 }, "geometry": { "type": "Polygon", "coordinates": [ [ [ -63.23027, -17.34056 ], [ -63.22957, -17.34014 ], [ -63.22951, -17.34148 ], [ -63.22954, -17.34152 ], [ -63.23023, -17.34157 ], [ -63.23026, -17.34153 ], [ -63.23029, -17.3409 ], [ -63.2303, -17.3406 ], [ -63.23027, -17.34056 ] ] ] } },
{ "type": "Feature", "properties": { "i": 1413 }, "geometry": { "type": "Polygon", "coordinates": [ [ [ -63.2241, -17.34129 ], [ -63.22333, -17.34124 ], [ -63.2232, -17.34323 ], [ -63.22324, -17.34326 ], [ -63.22395, -17.34331 ], [ -63.22398, -17.34331 ], [ -63.22401, -17.34327 ], [ -63.2241, -17.34129 ] ] ] } },
{ "type": "Feature", "properties": { "i": 1414 }, "geometry": { "type": "Polygon", "coordinates": [ [ [ -63.23136, -17.34002 ], [ -63.2313, -17.34006 ], [ -63.23127, -17.34014 ], [ -63.23254, -17.34094 ], [ -63.23258, -17.34093 ], [ -63.23282, -17.34056 ], [ -63.23281, -17.34052 ], [ -63.23136, -17.34002 ] ] ] } },
{ "type": "Feature", "properties": { "i": 1415 }, "geometry": { "type": "Polygon", "coordinates": [ [ [ -63.24737, -17.33758 ], [ -63.24736, -17.33755 ], [ -63.24661, -17.33718 ], [ -63.24656, -17.33719 ], [ -63.24621, -17.33792 ], [ -63.24692, -17.33825 ], [ -63.24699, -17.33824 ], [ -63.24737, -17.33758 ] ] ] } },
{ "type": "Feature", "properties": { "i": 1416 }, "geometry": { "type": "Polygon", "coordinates": [ [ [ -63.27692, -17.33182 ], [ -63.27627, -17.33168 ], [ -63.27603, -17.33289 ], [ -63.27604, -17.33292 ], [ -63.27669, -17.33304 ], [ -63.27692, -17.33182 ] ] ] } },
{ "type": "Feature", "properties": { "i": 1417 }, "geometry": { "type": "Polygon", "coordinates": [ [ [ -63.21704, -17.34272 ], [ -63.21664, -17.34243 ], [ -63.21669, -17.34202 ], [ -63.21924, -17.34233 ], [ -63.21956, -17.3424 ], [ -63.21996, -17.34256 ], [ -63.21964, -17.34301 ], [ -63.21704, -17.34272 ] ] ] } },
{ "type": "Feature", "properties": { "i": 1418 }, "geometry": { "type": "Polygon", "coordinates": [ [ [ -63.25694, -17.33571 ], [ -63.25692, -17.33566 ], [ -63.25605, -17.33527 ], [ -63.25597, -17.33526 ], [ -63.25594, -17.33528 ], [ -63.25552, -17.33612 ], [ -63.25553, -17.33615 ], [ -63.25645, -17.33657 ], [ -63.2565, -17.33655 ], [ -63.25694, -17.33571 ] ] ] } },
{ "type": "Feature", "properties": { "i": 1419 }, "geometry": { "type": "Polygon", "coordinates": [ [ [ -63.25188, -17.33702 ], [ -63.2504, -17.33616 ], [ -63.25037, -17.33616 ], [ -63.25001, -17.33677 ], [ -63.25155, -17.33765 ], [ -63.2519, -17.33707 ], [ -63.25188, -17.33702 ] ] ] } },
{ "type": "Feature", "properties": { "i": 1420 }, "geometry": { "type": "Polygon", "coordinates": [ [ [ -63.2448, -17.33844 ], [ -63.24485, -17.33843 ], [ -63.24528, -17.33769 ], [ -63.24475, -17.33743 ], [ -63.24468, -17.33744 ], [ -63.24427, -17.33814 ], [ -63.24428, -17.33817 ], [ -63.2448, -17.33844 ] ] ] } },
{ "type": "Feature", "properties": { "i": 1421 }, "geometry": { "type": "Polygon", "coordinates": [ [ [ -63.2307, -17.34069 ], [ -63.23075, -17.34068 ], [ -63.23121, -17.33999 ], [ -63.22972, -17.33945 ], [ -63.22945, -17.33986 ], [ -63.22945, -17.33989 ], [ -63.2307, -17.34069 ] ] ] } },
{ "type": "Feature", "properties": { "i": 1422 }, "geometry": { "type": "Polygon", "coordinates": [ [ [ -63.22692, -17.34036 ], [ -63.22686, -17.34136 ], [ -63.22761, -17.34141 ], [ -63.22766, -17.3404 ], [ -63.22692, -17.34036 ] ] ] } },
{ "type": "Feature", "properties": { "i": 1423 }, "geometry": { "type": "Polygon", "coordinates": [ [ [ -63.26767, -17.33397 ], [ -63.26824, -17.33425 ], [ -63.26828, -17.33424 ], [ -63.26876, -17.33336 ], [ -63.26875, -17.33331 ], [ -63.26839, -17.33313 ], [ -63.26815, -17.33304 ], [ -63.26767, -17.33394 ], [ -63.26767, -17.33397 ] ] ] } },
{ "type": "Feature", "properties": { "i": 1424 }, "geometry": { "type": "Polygon", "coordinates": [ [ [ -63.26666, -17.33367 ], [ -63.26665, -17.33363 ], [ -63.26645, -17.33352 ], [ -63.26605, -17.33334 ], [ -63.26554, -17.3343 ], [ -63.26611, -17.33459 ], [ -63.26616, -17.33458 ], [ -63.26666, -17.33367 ] ] ] } },
{ "type": "Feature", "properties": { "i": 1425 }, "geometry": { "type": "Polygon", "coordinates": [ [ [ -63.27022, -17.33262 ], [ -63.27018, -17.33263 ], [ -63.26967, -17.33359 ], [ -63.27029, -17.3339 ], [ -63.2708, -17.33297 ], [ -63.27079, -17.33292 ], [ -63.27022, -17.33262 ] ] ] } },
{ "type": "Feature", "properties": { "i": 1426 }, "geometry": { "type": "Polygon", "coordinates": [ [ [ -63.25972, -17.33535 ], [ -63.25963, -17.33515 ], [ -63.25952, -17.33503 ], [ -63.25937, -17.33492 ], [ -63.25881, -17.33472 ], [ -63.25874, -17.33471 ], [ -63.25867, -17.33475 ], [ -63.25854, -17.33504 ], [ -63.25956, -17.33557 ], [ -63.25963, -17.33555 ], [ -63.25972, -17.33535 ] ] ] } },
{ "type": "Feature", "properties": { "i": 1427 }, "geometry": { "type": "Polygon", "coordinates": [ [ [ -63.27232, -17.33355 ], [ -63.27237, -17.33353 ], [ -63.27252, -17.33291 ], [ -63.2713, -17.33228 ], [ -63.27097, -17.3329 ], [ -63.27232, -17.33355 ] ] ] } },
{ "type": "Feature", "properties": { "i": 1428 }, "geometry": { "type": "Polygon", "coordinates": [ [ [ -63.25842, -17.33503 ], [ -63.25764, -17.33468 ], [ -63.25716, -17.33559 ], [ -63.25718, -17.33563 ], [ -63.2573, -17.3357 ], [ -63.25796, -17.33602 ], [ -63.25801, -17.33601 ], [ -63.25843, -17.33505 ], [ -63.25842, -17.33503 ] ] ] } },
{ "type": "Feature", "properties": { "i": 1429 }, "geometry": { "type": "Polygon", "coordinates": [ [ [ -63.23583, -17.33967 ], [ -63.23583, -17.33961 ], [ -63.23483, -17.33871 ], [ -63.23477, -17.33871 ], [ -63.23437, -17.33911 ], [ -63.23438, -17.33917 ], [ -63.23539, -17.34009 ], [ -63.23542, -17.34009 ], [ -63.23583, -17.33967 ] ] ] } },
{ "type": "Feature", "properties": { "i": 1430 }, "geometry": { "type": "Polygon", "coordinates": [ [ [ -63.27612, -17.33166 ], [ -63.27551, -17.33155 ], [ -63.27547, -17.33157 ], [ -63.27524, -17.33274 ], [ -63.27584, -17.33287 ], [ -63.2759, -17.33285 ], [ -63.27612, -17.33166 ] ] ] } },
{ "type": "Feature", "properties": { "i": 1431 }, "geometry": { "type": "Polygon", "coordinates": [ [ [ -63.264, -17.33368 ], [ -63.26369, -17.33423 ], [ -63.26369, -17.33426 ], [ -63.26424, -17.33464 ], [ -63.2646, -17.33397 ], [ -63.26459, -17.33393 ], [ -63.26404, -17.33367 ], [ -63.264, -17.33368 ] ] ] } },
{ "type": "Feature", "properties": { "i": 1432 }, "geometry": { "type": "Polygon", "coordinates": [ [ [ -63.23772, -17.33791 ], [ -63.23657, -17.33909 ], [ -63.23708, -17.33961 ], [ -63.23821, -17.33857 ], [ -63.23772, -17.33791 ] ] ] } },
{ "type": "Feature", "properties": { "i": 1433 }, "geometry": { "type": "Polygon", "coordinates": [ [ [ -63.26248, -17.33381 ], [ -63.26202, -17.33458 ], [ -63.26203, -17.3346 ], [ -63.26289, -17.33489 ], [ -63.26318, -17.33433 ], [ -63.26248, -17.33381 ] ] ] } },
{ "type": "Feature", "properties": { "i": 1434 }, "geometry": { "type": "Polygon", "coordinates": [ [ [ -63.2535, -17.33753 ], [ -63.25376, -17.33714 ], [ -63.25376, -17.33709 ], [ -63.25328, -17.33544 ], [ -63.25321, -17.33543 ], [ -63.25253, -17.3366 ], [ -63.25344, -17.33753 ], [ -63.2535, -17.33753 ] ] ] } },
{ "type": "Feature", "properties": { "i": 1435 }, "geometry": { "type": "Polygon", "coordinates": [ [ [ -63.24939, -17.33747 ], [ -63.24944, -17.33747 ], [ -63.25025, -17.33612 ], [ -63.25024, -17.33608 ], [ -63.24964, -17.33573 ], [ -63.24959, -17.33574 ], [ -63.24878, -17.33711 ], [ -63.2488, -17.33716 ], [ -63.24939, -17.33747 ] ] ] } },
{ "type": "Feature", "properties": { "i": 1436 }, "geometry": { "type": "Polygon", "coordinates": [ [ [ -63.27512, -17.33268 ], [ -63.27533, -17.3316 ], [ -63.27529, -17.33154 ], [ -63.27475, -17.33143 ], [ -63.27469, -17.33147 ], [ -63.27447, -17.33255 ], [ -63.27451, -17.33259 ], [ -63.27509, -17.3327 ], [ -63.27512, -17.33268 ] ] ] } },
{ "type": "Feature", "properties": { "i": 1437 }, "geometry": { "type": "Polygon", "coordinates": [ [ [ -63.22595, -17.34029 ], [ -63.22518, -17.34025 ], [ -63.22509, -17.34122 ], [ -63.22512, -17.34124 ], [ -63.22584, -17.34129 ], [ -63.22586, -17.34127 ], [ -63.22595, -17.34029 ] ] ] } },
{ "type": "Feature", "properties": { "i": 1438 }, "geometry": { "type": "Polygon", "coordinates": [ [ [ -63.23358, -17.33969 ], [ -63.23255, -17.3388 ], [ -63.2325, -17.33881 ], [ -63.23209, -17.33923 ], [ -63.23209, -17.33925 ], [ -63.23316, -17.34016 ], [ -63.2332, -17.34014 ], [ -63.23359, -17.33972 ], [ -63.23358, -17.33969 ] ] ] } },
{ "type": "Feature", "properties": { "i": 1439 }, "geometry": { "type": "Polygon", "coordinates": [ [ [ -63.24746, -17.33744 ], [ -63.24786, -17.3368 ], [ -63.24786, -17.33677 ], [ -63.24704, -17.3363 ], [ -63.24699, -17.33632 ], [ -63.24664, -17.33701 ], [ -63.24666, -17.33707 ], [ -63.24742, -17.33745 ], [ -63.24746, -17.33744 ] ] ] } },
{ "type": "Feature", "properties": { "i": 1440 }, "geometry": { "type": "Polygon", "coordinates": [ [ [ -63.22142, -17.34114 ], [ -63.22136, -17.34169 ], [ -63.22212, -17.34176 ], [ -63.22225, -17.3417 ], [ -63.22228, -17.34118 ], [ -63.22142, -17.34114 ] ] ] } },
{ "type": "Feature", "properties": { "i": 1441 }, "geometry": { "type": "Polygon", "coordinates": [ [ [ -63.24359, -17.33689 ], [ -63.24317, -17.33762 ], [ -63.24413, -17.3381 ], [ -63.24416, -17.33808 ], [ -63.2446, -17.33737 ], [ -63.24359, -17.33689 ] ] ] } },
{ "type": "Feature", "properties": { "i": 1442 }, "geometry": { "type": "Polygon", "coordinates": [ [ [ -63.24605, -17.33783 ], [ -63.2461, -17.33782 ], [ -63.24646, -17.33711 ], [ -63.24529, -17.3365 ], [ -63.24525, -17.33651 ], [ -63.24483, -17.33722 ], [ -63.24484, -17.33725 ], [ -63.24605, -17.33783 ] ] ] } },
{ "type": "Feature", "properties": { "i": 1443 }, "geometry": { "type": "Polygon", "coordinates": [ [ [ -63.25496, -17.3348 ], [ -63.25454, -17.3357 ], [ -63.25534, -17.33607 ], [ -63.25539, -17.33604 ], [ -63.25583, -17.33521 ], [ -63.25581, -17.33516 ], [ -63.25501, -17.33479 ], [ -63.25496, -17.3348 ] ] ] } },
{ "type": "Feature", "properties": { "i": 1444 }, "geometry": { "type": "Polygon", "coordinates": [ [ [ -63.26955, -17.33353 ], [ -63.26959, -17.33352 ], [ -63.27008, -17.33261 ], [ -63.27006, -17.33256 ], [ -63.26951, -17.33229 ], [ -63.26947, -17.33229 ], [ -63.26897, -17.33324 ], [ -63.26955, -17.33353 ] ] ] } },
{ "type": "Feature", "properties": { "i": 1445 }, "geometry": { "type": "Polygon", "coordinates": [ [ [ -63.26591, -17.33329 ], [ -63.26588, -17.33325 ], [ -63.26532, -17.33298 ], [ -63.26526, -17.333 ], [ -63.26479, -17.3339 ], [ -63.26481, -17.33394 ], [ -63.26535, -17.33421 ], [ -63.2654, -17.33421 ], [ -63.26591, -17.33329 ] ] ] } },
{ "type": "Feature", "properties": { "i": 1446 }, "geometry": { "type": "Polygon", "coordinates": [ [ [ -63.26747, -17.33387 ], [ -63.26796, -17.33292 ], [ -63.26737, -17.33263 ], [ -63.26686, -17.33354 ], [ -63.26686, -17.33357 ], [ -63.26747, -17.33387 ] ] ] } },
{ "type": "Feature", "properties": { "i": 1447 }, "geometry": { "type": "Polygon", "coordinates": [ [ [ -63.23488, -17.33859 ], [ -63.23594, -17.33955 ], [ -63.23636, -17.33912 ], [ -63.23636, -17.33909 ], [ -63.23533, -17.33816 ], [ -63.2353, -17.33816 ], [ -63.23488, -17.33859 ] ] ] } },
{ "type": "Feature", "properties": { "i": 1448 }, "geometry": { "type": "Polygon", "coordinates": [ [ [ -63.22944, -17.34006 ], [ -63.22877, -17.33962 ], [ -63.22876, -17.33963 ], [ -63.22871, -17.33998 ], [ -63.22869, -17.34035 ], [ -63.22942, -17.3404 ], [ -63.22944, -17.34006 ] ] ] } },
{ "type": "Feature", "properties": { "i": 1449 }, "geometry": { "type": "Polygon", "coordinates": [ [ [ -63.2519, -17.33661 ], [ -63.25201, -17.33658 ], [ -63.2527, -17.33549 ], [ -63.25271, -17.33543 ], [ -63.25268, -17.33536 ], [ -63.25207, -17.33502 ], [ -63.25201, -17.33503 ], [ -63.25129, -17.33622 ], [ -63.25131, -17.33627 ], [ -63.2519, -17.33661 ] ] ] } },
{ "type": "Feature", "properties": { "i": 1450 }, "geometry": { "type": "Polygon", "coordinates": [ [ [ -63.22135, -17.34114 ], [ -63.22132, -17.34109 ], [ -63.22064, -17.34104 ], [ -63.22055, -17.34163 ], [ -63.2213, -17.34168 ], [ -63.22135, -17.34114 ] ] ] } },
{ "type": "Feature", "properties": { "i": 1451 }, "geometry": { "type": "Polygon", "coordinates": [ [ [ -63.25863, -17.33461 ], [ -63.25793, -17.33431 ], [ -63.25782, -17.33434 ], [ -63.25764, -17.33464 ], [ -63.25844, -17.335 ], [ -63.25848, -17.33499 ], [ -63.25863, -17.33461 ] ] ] } },
{ "type": "Feature", "properties": { "i": 1452 }, "geometry": { "type": "Polygon", "coordinates": [ [ [ -63.22505, -17.34024 ], [ -63.22428, -17.34019 ], [ -63.22424, -17.34022 ], [ -63.22417, -17.34123 ], [ -63.22492, -17.34126 ], [ -63.22497, -17.34119 ], [ -63.22505, -17.34024 ] ] ] } },
{ "type": "Feature", "properties": { "i": 1453 }, "geometry": { "type": "Polygon", "coordinates": [ [ [ -63.2737, -17.33239 ], [ -63.27434, -17.33254 ], [ -63.27457, -17.33137 ], [ -63.27395, -17.33125 ], [ -63.27369, -17.33237 ], [ -63.2737, -17.33239 ] ] ] } },
{ "type": "Feature", "properties": { "i": 1454 }, "geometry": { "type": "Polygon", "coordinates": [ [ [ -63.26126, -17.33548 ], [ -63.26058, -17.33519 ], [ -63.26047, -17.33506 ], [ -63.26076, -17.3344 ], [ -63.26143, -17.33322 ], [ -63.2615, -17.33319 ], [ -63.2616, -17.33319 ], [ -63.26231, -17.3337 ], [ -63.26233, -17.33377 ], [ -63.26131, -17.33548 ], [ -63.26126, -17.33548 ] ] ] } },
{ "type": "Feature", "properties": { "i": 1455 }, "geometry": { "type": "Polygon", "coordinates": [ [ [ -63.21837, -17.34209 ], [ -63.21846, -17.3415 ], [ -63.21726, -17.34136 ], [ -63.21717, -17.34194 ], [ -63.21718, -17.34198 ], [ -63.21833, -17.34212 ], [ -63.21837, -17.34209 ] ] ] } },
{ "type": "Feature", "properties": { "i": 1456 }, "geometry": { "type": "Polygon", "coordinates": [ [ [ -63.24215, -17.33842 ], [ -63.24321, -17.33662 ], [ -63.243, -17.33653 ], [ -63.24136, -17.33808 ], [ -63.24215, -17.33842 ] ] ] } },
{ "type": "Feature", "properties": { "i": 1457 }, "geometry": { "type": "Polygon", "coordinates": [ [ [ -63.27089, -17.33282 ], [ -63.27119, -17.33226 ], [ -63.27118, -17.33222 ], [ -63.27062, -17.33193 ], [ -63.27054, -17.33197 ], [ -63.27031, -17.33241 ], [ -63.27027, -17.33253 ], [ -63.27085, -17.33282 ], [ -63.27089, -17.33282 ] ] ] } },
{ "type": "Feature", "properties": { "i": 1458 }, "geometry": { "type": "Polygon", "coordinates": [ [ [ -63.24948, -17.33568 ], [ -63.24947, -17.33563 ], [ -63.24893, -17.33534 ], [ -63.24806, -17.33671 ], [ -63.24806, -17.33674 ], [ -63.24862, -17.33706 ], [ -63.24868, -17.33704 ], [ -63.24948, -17.33568 ] ] ] } },
{ "type": "Feature", "properties": { "i": 1459 }, "geometry": { "type": "Polygon", "coordinates": [ [ [ -63.22859, -17.33949 ], [ -63.22797, -17.33906 ], [ -63.22791, -17.33906 ], [ -63.22782, -17.34028 ], [ -63.22856, -17.34033 ], [ -63.22859, -17.33949 ] ] ] } },
{ "type": "Feature", "properties": { "i": 1460 }, "geometry": { "type": "Polygon", "coordinates": [ [ [ -63.22415, -17.34021 ], [ -63.22413, -17.34017 ], [ -63.22349, -17.34012 ], [ -63.22338, -17.34013 ], [ -63.22332, -17.34114 ], [ -63.22407, -17.34118 ], [ -63.22409, -17.34116 ], [ -63.22415, -17.34021 ] ] ] } },
{ "type": "Feature", "properties": { "i": 1461 }, "geometry": { "type": "Polygon", "coordinates": [ [ [ -63.23371, -17.33961 ], [ -63.23412, -17.33917 ], [ -63.23411, -17.33912 ], [ -63.2331, -17.33823 ], [ -63.23304, -17.33823 ], [ -63.23262, -17.33868 ], [ -63.23367, -17.33961 ], [ -63.23371, -17.33961 ] ] ] } },
{ "type": "Feature", "properties": { "i": 1462 }, "geometry": { "type": "Polygon", "coordinates": [ [ [ -63.25712, -17.33414 ], [ -63.25714, -17.33405 ], [ -63.25686, -17.33402 ], [ -63.25659, -17.33403 ], [ -63.25608, -17.3351 ], [ -63.25609, -17.33515 ], [ -63.25703, -17.33555 ], [ -63.25739, -17.33481 ], [ -63.25699, -17.33468 ], [ -63.25694, -17.33468 ], [ -63.25678, -17.335 ], [ -63.25672, -17.33498 ], [ -63.25712, -17.33414 ] ] ] } },
{ "type": "Feature", "properties": { "i": 1463 }, "geometry": { "type": "Polygon", "coordinates": [ [ [ -63.26882, -17.33316 ], [ -63.26886, -17.33316 ], [ -63.26939, -17.33219 ], [ -63.26882, -17.33191 ], [ -63.26876, -17.33192 ], [ -63.26823, -17.33289 ], [ -63.26882, -17.33316 ] ] ] } },
{ "type": "Feature", "properties": { "i": 1464 }, "geometry": { "type": "Polygon", "coordinates": [ [ [ -63.22059, -17.34102 ], [ -63.21941, -17.34093 ], [ -63.21938, -17.34095 ], [ -63.21932, -17.34145 ], [ -63.21936, -17.34151 ], [ -63.2194, -17.34153 ], [ -63.2205, -17.34162 ], [ -63.22059, -17.34102 ] ] ] } },
{ "type": "Feature", "properties": { "i": 1465 }, "geometry": { "type": "Polygon", "coordinates": [ [ [ -63.21714, -17.34135 ], [ -63.21657, -17.34128 ], [ -63.21649, -17.3419 ], [ -63.21709, -17.34196 ], [ -63.21711, -17.34193 ], [ -63.21719, -17.3414 ], [ -63.21714, -17.34135 ] ] ] } },
{ "type": "Feature", "properties": { "i": 1466 }, "geometry": { "type": "Polygon", "coordinates": [ [ [ -63.23761, -17.33781 ], [ -63.23761, -17.33778 ], [ -63.23715, -17.33735 ], [ -63.23599, -17.33855 ], [ -63.23599, -17.33859 ], [ -63.23644, -17.33899 ], [ -63.23648, -17.33899 ], [ -63.23761, -17.33781 ] ] ] } },
{ "type": "Feature", "properties": { "i": 1467 }, "geometry": { "type": "Polygon", "coordinates": [ [ [ -63.26456, -17.33264 ], [ -63.26407, -17.33354 ], [ -63.26408, -17.33357 ], [ -63.26467, -17.33383 ], [ -63.2647, -17.33382 ], [ -63.2652, -17.3329 ], [ -63.26461, -17.33261 ], [ -63.26456, -17.33264 ] ] ] } },
{ "type": "Feature", "properties": { "i": 1468 }, "geometry": { "type": "Polygon", "coordinates": [ [ [ -63.28565, -17.33184 ], [ -63.28535, -17.33248 ], [ -63.2855, -17.33256 ], [ -63.28538, -17.33282 ], [ -63.28525, -17.33298 ], [ -63.28521, -17.33312 ], [ -63.28637, -17.33338 ], [ -63.28682, -17.33335 ], [ -63.2871, -17.3332 ], [ -63.2874, -17.33259 ], [ -63.28565, -17.33184 ] ] ] } },
{ "type": "Feature", "properties": { "i": 1469 }, "geometry": { "type": "Polygon", "coordinates": [ [ [ -63.22313, -17.34112 ], [ -63.22319, -17.34108 ], [ -63.22325, -17.34013 ], [ -63.22322, -17.3401 ], [ -63.2225, -17.34008 ], [ -63.22244, -17.34109 ], [ -63.22313, -17.34112 ] ] ] } },
{ "type": "Feature", "properties": { "i": 1470 }, "geometry": { "type": "Polygon", "coordinates": [ [ [ -63.24797, -17.33664 ], [ -63.2483, -17.3361 ], [ -63.2483, -17.33607 ], [ -63.24751, -17.33572 ], [ -63.24722, -17.33623 ], [ -63.24723, -17.33627 ], [ -63.24791, -17.33665 ], [ -63.24797, -17.33664 ] ] ] } },
{ "type": "Feature", "properties": { "i": 1471 }, "geometry": { "type": "Polygon", "coordinates": [ [ [ -63.25173, -17.33524 ], [ -63.25173, -17.3352 ], [ -63.25116, -17.33489 ], [ -63.25112, -17.33491 ], [ -63.25058, -17.33582 ], [ -63.25058, -17.33585 ], [ -63.25114, -17.33616 ], [ -63.25118, -17.33616 ], [ -63.25173, -17.33524 ] ] ] } },
{ "type": "Feature", "properties": { "i": 1472 }, "geometry": { "type": "Polygon", "coordinates": [ [ [ -63.27358, -17.33235 ], [ -63.27382, -17.3312 ], [ -63.27324, -17.33111 ], [ -63.273, -17.33223 ], [ -63.27302, -17.33229 ], [ -63.27358, -17.33235 ] ] ] } },
{ "type": "Feature", "properties": { "i": 1473 }, "geometry": { "type": "Polygon", "coordinates": [ [ [ -63.24275, -17.33613 ], [ -63.24103, -17.33783 ], [ -63.24124, -17.33803 ], [ -63.24298, -17.33636 ], [ -63.24275, -17.33613 ] ] ] } },
{ "type": "Feature", "properties": { "i": 1474 }, "geometry": { "type": "Polygon", "coordinates": [ [ [ -63.25444, -17.3356 ], [ -63.25485, -17.33474 ], [ -63.25484, -17.3347 ], [ -63.25405, -17.33432 ], [ -63.25398, -17.33433 ], [ -63.25386, -17.33439 ], [ -63.25364, -17.33465 ], [ -63.25338, -17.33514 ], [ -63.25435, -17.33563 ], [ -63.25444, -17.3356 ] ] ] } },
{ "type": "Feature", "properties": { "i": 1475 }, "geometry": { "type": "Polygon", "coordinates": [ [ [ -63.21854, -17.34144 ], [ -63.21922, -17.34151 ], [ -63.21926, -17.34149 ], [ -63.21932, -17.34099 ], [ -63.21929, -17.34093 ], [ -63.21862, -17.34088 ], [ -63.21854, -17.34144 ] ] ] } },
{ "type": "Feature", "properties": { "i": 1476 }, "geometry": { "type": "Polygon", "coordinates": [ [ [ -63.24052, -17.33723 ], [ -63.2402, -17.33693 ], [ -63.24014, -17.33694 ], [ -63.2391, -17.3379 ], [ -63.23911, -17.33795 ], [ -63.23922, -17.33798 ], [ -63.23972, -17.33786 ], [ -63.23986, -17.3378 ], [ -63.24014, -17.33762 ], [ -63.24052, -17.33723 ] ] ] } },
{ "type": "Feature", "properties": { "i": 1477 }, "geometry": { "type": "Polygon", "coordinates": [ [ [ -63.24652, -17.33698 ], [ -63.24689, -17.33626 ], [ -63.24688, -17.33623 ], [ -63.24582, -17.33563 ], [ -63.24579, -17.33563 ], [ -63.24534, -17.33636 ], [ -63.24536, -17.3364 ], [ -63.24649, -17.33699 ], [ -63.24652, -17.33698 ] ] ] } },
{ "type": "Feature", "properties": { "i": 1478 }, "geometry": { "type": "Polygon", "coordinates": [ [ [ -63.24514, -17.33647 ], [ -63.24514, -17.33642 ], [ -63.24417, -17.33594 ], [ -63.24371, -17.33672 ], [ -63.24467, -17.33717 ], [ -63.24472, -17.33716 ], [ -63.24514, -17.33647 ] ] ] } },
{ "type": "Feature", "properties": { "i": 1479 }, "geometry": { "type": "Polygon", "coordinates": [ [ [ -63.26671, -17.33347 ], [ -63.26675, -17.33346 ], [ -63.26678, -17.33342 ], [ -63.26722, -17.33264 ], [ -63.26723, -17.33258 ], [ -63.26721, -17.33255 ], [ -63.26586, -17.33191 ], [ -63.26537, -17.33283 ], [ -63.26671, -17.33347 ] ] ] } },
{ "type": "Feature", "properties": { "i": 1480 }, "geometry": { "type": "Polygon", "coordinates": [ [ [ -63.22692, -17.34023 ], [ -63.22763, -17.34027 ], [ -63.22767, -17.34024 ], [ -63.22778, -17.33896 ], [ -63.22774, -17.33891 ], [ -63.22713, -17.33847 ], [ -63.22706, -17.33849 ], [ -63.22692, -17.34023 ] ] ] } },
{ "type": "Feature", "properties": { "i": 1481 }, "geometry": { "type": "Polygon", "coordinates": [ [ [ -63.26957, -17.33219 ], [ -63.27014, -17.33246 ], [ -63.27045, -17.33191 ], [ -63.27044, -17.33186 ], [ -63.26989, -17.33158 ], [ -63.26985, -17.33159 ], [ -63.26955, -17.33214 ], [ -63.26957, -17.33219 ] ] ] } },
{ "type": "Feature", "properties": { "i": 1482 }, "geometry": { "type": "Polygon", "coordinates": [ [ [ -63.27283, -17.33096 ], [ -63.27208, -17.33082 ], [ -63.27137, -17.33215 ], [ -63.27139, -17.3322 ], [ -63.27239, -17.33271 ], [ -63.27248, -17.33275 ], [ -63.27252, -17.33273 ], [ -63.27288, -17.33102 ], [ -63.27283, -17.33096 ] ] ] } },
{ "type": "Feature", "properties": { "i": 1483 }, "geometry": { "type": "Polygon", "coordinates": [ [ [ -63.23423, -17.33903 ], [ -63.23426, -17.33903 ], [ -63.23467, -17.33858 ], [ -63.23467, -17.33855 ], [ -63.23364, -17.33765 ], [ -63.2336, -17.33765 ], [ -63.23319, -17.33808 ], [ -63.23319, -17.33812 ], [ -63.23423, -17.33903 ] ] ] } },
{ "type": "Feature", "properties": { "i": 1484 }, "geometry": { "type": "Polygon", "coordinates": [ [ [ -63.21307, -17.34267 ], [ -63.21319, -17.34194 ], [ -63.21317, -17.34185 ], [ -63.21313, -17.34181 ], [ -63.21303, -17.34177 ], [ -63.21214, -17.34165 ], [ -63.21201, -17.34248 ], [ -63.21307, -17.34267 ] ] ] } },
{ "type": "Feature", "properties": { "i": 1485 }, "geometry": { "type": "Polygon", "coordinates": [ [ [ -63.22233, -17.34003 ], [ -63.22163, -17.33995 ], [ -63.2215, -17.34079 ], [ -63.22149, -17.34101 ], [ -63.22225, -17.34105 ], [ -63.22233, -17.34003 ] ] ] } },
{ "type": "Feature", "properties": { "i": 1486 }, "geometry": { "type": "Polygon", "coordinates": [ [ [ -63.2553, -17.33408 ], [ -63.25636, -17.33409 ], [ -63.25638, -17.33412 ], [ -63.25638, -17.33418 ], [ -63.25593, -17.33504 ], [ -63.25587, -17.33506 ], [ -63.25504, -17.33467 ], [ -63.25504, -17.33463 ], [ -63.25525, -17.33414 ], [ -63.2553, -17.33408 ] ] ] } },
{ "type": "Feature", "properties": { "i": 1487 }, "geometry": { "type": "Polygon", "coordinates": [ [ [ -63.22616, -17.33917 ], [ -63.22608, -17.34019 ], [ -63.2268, -17.34023 ], [ -63.22685, -17.33922 ], [ -63.22616, -17.33917 ] ] ] } },
{ "type": "Feature", "properties": { "i": 1488 }, "geometry": { "type": "Polygon", "coordinates": [ [ [ -63.21728, -17.3413 ], [ -63.21848, -17.34144 ], [ -63.21854, -17.34092 ], [ -63.21853, -17.34087 ], [ -63.21735, -17.34073 ], [ -63.21728, -17.3413 ] ] ] } },
{ "type": "Feature", "properties": { "i": 1489 }, "geometry": { "type": "Polygon", "coordinates": [ [ [ -63.26247, -17.33354 ], [ -63.26246, -17.33351 ], [ -63.26159, -17.33288 ], [ -63.26153, -17.3329 ], [ -63.26152, -17.33294 ], [ -63.26155, -17.33298 ], [ -63.26241, -17.33359 ], [ -63.26245, -17.33358 ], [ -63.26247, -17.33354 ] ] ] } },
{ "type": "Feature", "properties": { "i": 1490 }, "geometry": { "type": "Polygon", "coordinates": [ [ [ -63.26335, -17.33399 ], [ -63.26341, -17.33398 ], [ -63.26423, -17.33245 ], [ -63.26422, -17.33241 ], [ -63.26348, -17.33207 ], [ -63.26265, -17.33351 ], [ -63.26335, -17.33399 ] ] ] } },
{ "type": "Feature", "properties": { "i": 1491 }, "geometry": { "type": "Polygon", "coordinates": [ [ [ -63.26799, -17.33152 ], [ -63.26796, -17.33153 ], [ -63.26782, -17.33179 ], [ -63.26781, -17.33178 ], [ -63.26745, -17.33245 ], [ -63.26745, -17.33249 ], [ -63.268, -17.33278 ], [ -63.26804, -17.33278 ], [ -63.26858, -17.33182 ], [ -63.26799, -17.33152 ] ] ] } },
{ "type": "Feature", "properties": { "i": 1492 }, "geometry": { "type": "Polygon", "coordinates": [ [ [ -63.23149, -17.33968 ], [ -63.23188, -17.33925 ], [ -63.23188, -17.33922 ], [ -63.23082, -17.33832 ], [ -63.23005, -17.33912 ], [ -63.23146, -17.33969 ], [ -63.23149, -17.33968 ] ] ] } },
{ "type": "Feature", "properties": { "i": 1493 }, "geometry": { "type": "Polygon", "coordinates": [ [ [ -63.22069, -17.34045 ], [ -63.22065, -17.34037 ], [ -63.21949, -17.34024 ], [ -63.2194, -17.34086 ], [ -63.22017, -17.34094 ], [ -63.22061, -17.34095 ], [ -63.22069, -17.34045 ] ] ] } },
{ "type": "Feature", "properties": { "i": 1494 }, "geometry": { "type": "Polygon", "coordinates": [ [ [ -63.2215, -17.33994 ], [ -63.22086, -17.33984 ], [ -63.22068, -17.3409 ], [ -63.2207, -17.34095 ], [ -63.22129, -17.34102 ], [ -63.22135, -17.34101 ], [ -63.2215, -17.33994 ] ] ] } },
{ "type": "Feature", "properties": { "i": 1495 }, "geometry": { "type": "Polygon", "coordinates": [ [ [ -63.22603, -17.33917 ], [ -63.22528, -17.33913 ], [ -63.22522, -17.34011 ], [ -63.22596, -17.34015 ], [ -63.22603, -17.33917 ] ] ] } },
{ "type": "Feature", "properties": { "i": 1496 }, "geometry": { "type": "Polygon", "coordinates": [ [ [ -63.27125, -17.33071 ], [ -63.27122, -17.33072 ], [ -63.27066, -17.33179 ], [ -63.27067, -17.33184 ], [ -63.27121, -17.33212 ], [ -63.27128, -17.3321 ], [ -63.2719, -17.33091 ], [ -63.27186, -17.33083 ], [ -63.27125, -17.33071 ] ] ] } },
{ "type": "Feature", "properties": { "i": 1497 }, "geometry": { "type": "Polygon", "coordinates": [ [ [ -63.25096, -17.33489 ], [ -63.25035, -17.33455 ], [ -63.25032, -17.33456 ], [ -63.24982, -17.33539 ], [ -63.2504, -17.33575 ], [ -63.2505, -17.33571 ], [ -63.25096, -17.33492 ], [ -63.25096, -17.33489 ] ] ] } },
{ "type": "Feature", "properties": { "i": 1498 }, "geometry": { "type": "Polygon", "coordinates": [ [ [ -63.25515, -17.33417 ], [ -63.25515, -17.33411 ], [ -63.25512, -17.3341 ], [ -63.25412, -17.33415 ], [ -63.25409, -17.33419 ], [ -63.25489, -17.33459 ], [ -63.25495, -17.33459 ], [ -63.25515, -17.33417 ] ] ] } },
{ "type": "Feature", "properties": { "i": 1499 }, "geometry": { "type": "Polygon", "coordinates": [ [ [ -63.23814, -17.337 ], [ -63.23898, -17.33782 ], [ -63.23941, -17.33741 ], [ -63.23941, -17.33739 ], [ -63.23859, -17.33657 ], [ -63.23857, -17.33657 ], [ -63.23814, -17.33698 ], [ -63.23814, -17.337 ] ] ] } },
{ "type": "Feature", "properties": { "i": 1500 }, "geometry": { "type": "Polygon", "coordinates": [ [ [ -63.23542, -17.33807 ], [ -63.23589, -17.33848 ], [ -63.23707, -17.33724 ], [ -63.23692, -17.33707 ], [ -63.23614, -17.33726 ], [ -63.23542, -17.33803 ], [ -63.23542, -17.33807 ] ] ] } },
{ "type": "Feature", "properties": { "i": 1501 }, "geometry": { "type": "Polygon", "coordinates": [ [ [ -63.23092, -17.33821 ], [ -63.23194, -17.33911 ], [ -63.232, -17.33911 ], [ -63.23241, -17.3387 ], [ -63.23241, -17.33866 ], [ -63.23135, -17.33776 ], [ -63.23092, -17.33821 ] ] ] } },
{ "type": "Feature", "properties": { "i": 1502 }, "geometry": { "type": "Polygon", "coordinates": [ [ [ -63.24881, -17.3353 ], [ -63.2488, -17.33524 ], [ -63.24808, -17.33484 ], [ -63.24805, -17.33484 ], [ -63.24761, -17.33558 ], [ -63.24762, -17.33562 ], [ -63.24833, -17.33596 ], [ -63.24839, -17.33595 ], [ -63.24881, -17.3353 ] ] ] } },
{ "type": "Feature", "properties": { "i": 1503 }, "geometry": { "type": "Polygon", "coordinates": [ [ [ -63.22935, -17.33979 ], [ -63.22968, -17.33932 ], [ -63.23071, -17.33825 ], [ -63.2307, -17.33819 ], [ -63.2299, -17.33749 ], [ -63.22983, -17.33751 ], [ -63.22858, -17.3393 ], [ -63.22932, -17.3398 ], [ -63.22935, -17.33979 ] ] ] } },
{ "type": "Feature", "properties": { "i": 1504 }, "geometry": { "type": "Polygon", "coordinates": [ [ [ -63.2518, -17.33512 ], [ -63.25184, -17.33511 ], [ -63.25195, -17.33495 ], [ -63.25195, -17.33492 ], [ -63.25131, -17.33457 ], [ -63.25119, -17.33476 ], [ -63.25119, -17.3348 ], [ -63.2518, -17.33512 ] ] ] } },
{ "type": "Feature", "properties": { "i": 1505 }, "geometry": { "type": "Polygon", "coordinates": [ [ [ -63.22516, -17.33913 ], [ -63.22514, -17.33911 ], [ -63.22433, -17.33908 ], [ -63.22425, -17.34012 ], [ -63.22509, -17.34017 ], [ -63.22516, -17.33913 ] ] ] } },
{ "type": "Feature", "properties": { "i": 1506 }, "geometry": { "type": "Polygon", "coordinates": [ [ [ -63.21728, -17.34072 ], [ -63.21667, -17.34064 ], [ -63.21658, -17.34123 ], [ -63.2172, -17.34129 ], [ -63.21728, -17.34072 ] ] ] } },
{ "type": "Feature", "properties": { "i": 1507 }, "geometry": { "type": "Polygon", "coordinates": [ [ [ -63.23479, -17.33847 ], [ -63.2352, -17.33805 ], [ -63.23415, -17.33708 ], [ -63.23373, -17.33752 ], [ -63.23373, -17.33758 ], [ -63.23473, -17.33848 ], [ -63.23479, -17.33847 ] ] ] } },
{ "type": "Feature", "properties": { "i": 1508 }, "geometry": { "type": "Polygon", "coordinates": [ [ [ -63.25281, -17.33373 ], [ -63.25212, -17.33484 ], [ -63.25212, -17.3349 ], [ -63.25274, -17.33524 ], [ -63.25281, -17.33521 ], [ -63.25355, -17.33402 ], [ -63.25287, -17.33363 ], [ -63.25284, -17.33368 ], [ -63.25301, -17.33421 ], [ -63.25298, -17.33422 ], [ -63.25281, -17.33373 ] ] ] } },
{ "type": "Feature", "properties": { "i": 1509 }, "geometry": { "type": "Polygon", "coordinates": [ [ [ -63.24796, -17.33476 ], [ -63.24743, -17.33446 ], [ -63.24738, -17.33446 ], [ -63.24655, -17.33585 ], [ -63.24656, -17.33589 ], [ -63.24708, -17.33619 ], [ -63.24711, -17.33619 ], [ -63.24796, -17.33476 ] ] ] } },
{ "type": "Feature", "properties": { "i": 1510 }, "geometry": { "type": "Polygon", "coordinates": [ [ [ -63.23843, -17.33793 ], [ -63.23883, -17.33806 ], [ -63.23893, -17.33793 ], [ -63.23884, -17.33782 ], [ -63.23835, -17.33735 ], [ -63.23748, -17.33655 ], [ -63.23713, -17.33696 ], [ -63.23767, -17.33744 ], [ -63.23795, -17.33766 ], [ -63.23843, -17.33793 ] ] ] } },
{ "type": "Feature", "properties": { "i": 1511 }, "geometry": { "type": "Polygon", "coordinates": [ [ [ -63.2672, -17.33119 ], [ -63.26672, -17.3321 ], [ -63.26674, -17.33215 ], [ -63.2673, -17.33242 ], [ -63.26735, -17.33239 ], [ -63.26784, -17.33151 ], [ -63.26782, -17.33145 ], [ -63.2675, -17.33128 ], [ -63.26729, -17.33118 ], [ -63.26725, -17.33117 ], [ -63.2672, -17.33119 ] ] ] } },
{ "type": "Feature", "properties": { "i": 1512 }, "geometry": { "type": "Polygon", "coordinates": [ [ [ -63.26576, -17.33186 ], [ -63.26574, -17.33181 ], [ -63.26523, -17.33155 ], [ -63.26514, -17.33158 ], [ -63.26466, -17.33247 ], [ -63.26522, -17.33275 ], [ -63.26526, -17.33275 ], [ -63.26576, -17.33186 ] ] ] } },
{ "type": "Feature", "properties": { "i": 1513 }, "geometry": { "type": "Polygon", "coordinates": [ [ [ -63.23989, -17.33693 ], [ -63.23908, -17.33611 ], [ -63.23904, -17.33611 ], [ -63.23868, -17.33646 ], [ -63.23868, -17.33651 ], [ -63.23951, -17.33733 ], [ -63.23989, -17.33697 ], [ -63.23989, -17.33693 ] ] ] } },
{ "type": "Feature", "properties": { "i": 1514 }, "geometry": { "type": "Polygon", "coordinates": [ [ [ -63.24427, -17.33584 ], [ -63.2452, -17.33633 ], [ -63.24523, -17.33632 ], [ -63.24567, -17.33557 ], [ -63.24565, -17.33554 ], [ -63.24475, -17.33503 ], [ -63.2447, -17.33504 ], [ -63.24426, -17.33579 ], [ -63.24427, -17.33584 ] ] ] } },
{ "type": "Feature", "properties": { "i": 1515 }, "geometry": { "type": "Polygon", "coordinates": [ [ [ -63.2748, -17.33097 ], [ -63.27534, -17.32991 ], [ -63.27475, -17.3298 ], [ -63.27416, -17.33088 ], [ -63.27476, -17.33099 ], [ -63.2748, -17.33097 ] ] ] } },
{ "type": "Feature", "properties": { "i": 1516 }, "geometry": { "type": "Polygon", "coordinates": [ [ [ -63.22353, -17.339 ], [ -63.22347, -17.33904 ], [ -63.22339, -17.33995 ], [ -63.22345, -17.34 ], [ -63.22416, -17.34003 ], [ -63.22418, -17.34001 ], [ -63.22425, -17.33906 ], [ -63.22423, -17.33904 ], [ -63.22353, -17.339 ] ] ] } },
{ "type": "Feature", "properties": { "i": 1517 }, "geometry": { "type": "Polygon", "coordinates": [ [ [ -63.25979, -17.33418 ], [ -63.25976, -17.33423 ], [ -63.25892, -17.33376 ], [ -63.2584, -17.33357 ], [ -63.25804, -17.334 ], [ -63.25975, -17.3347 ], [ -63.25995, -17.33468 ], [ -63.26008, -17.3346 ], [ -63.26103, -17.33287 ], [ -63.26103, -17.33281 ], [ -63.261, -17.33278 ], [ -63.25765, -17.33131 ], [ -63.25756, -17.3313 ], [ -63.25749, -17.33134 ], [ -63.25648, -17.33354 ], [ -63.25651, -17.33363 ], [ -63.25653, -17.33365 ], [ -63.25705, -17.33364 ], [ -63.25703, -17.3337 ], [ -63.25793, -17.33395 ], [ -63.25828, -17.33361 ], [ -63.25842, -17.3332 ], [ -63.25834, -17.33276 ], [ -63.25828, -17.3326 ], [ -63.25812, -17.33236 ], [ -63.25817, -17.33234 ], [ -63.25836, -17.3326 ], [ -63.25847, -17.33297 ], [ -63.25864, -17.33294 ], [ -63.25902, -17.33222 ], [ -63.25956, -17.33243 ], [ -63.25953, -17.33249 ], [ -63.25905, -17.33229 ], [ -63.25885, -17.33268 ], [ -63.25918, -17.33281 ], [ -63.25916, -17.33286 ], [ -63.25883, -17.33272 ], [ -63.25865, -17.33307 ], [ -63.25859, -17.33304 ], [ -63.25845, -17.33337 ], [ -63.25842, -17.33352 ], [ -63.25885, -17.33365 ], [ -63.25907, -17.33362 ], [ -63.2592, -17.33356 ], [ -63.25935, -17.33322 ], [ -63.25941, -17.33325 ], [ -63.25926, -17.33358 ], [ -63.25901, -17.33374 ], [ -63.25979, -17.33418 ] ] ] } },
{ "type": "Feature", "properties": { "i": 1518 }, "geometry": { "type": "Polygon", "coordinates": [ [ [ -63.27054, -17.33176 ], [ -63.27107, -17.33075 ], [ -63.27107, -17.3307 ], [ -63.27105, -17.33068 ], [ -63.27045, -17.33056 ], [ -63.27039, -17.33059 ], [ -63.27033, -17.33069 ], [ -63.26993, -17.33144 ], [ -63.27054, -17.33176 ] ] ] } },
{ "type": "Feature", "properties": { "i": 1519 }, "geometry": { "type": "Polygon", "coordinates": [ [ [ -63.23295, -17.33814 ], [ -63.23295, -17.3381 ], [ -63.2319, -17.33717 ], [ -63.23188, -17.33717 ], [ -63.23146, -17.3376 ], [ -63.23147, -17.33766 ], [ -63.23249, -17.33857 ], [ -63.23254, -17.33857 ], [ -63.23295, -17.33814 ] ] ] } },
{ "type": "Feature", "properties": { "i": 1520 }, "geometry": { "type": "Polygon", "coordinates": [ [ [ -63.2195, -17.33965 ], [ -63.21881, -17.33956 ], [ -63.21863, -17.34071 ], [ -63.21865, -17.34077 ], [ -63.21929, -17.34084 ], [ -63.21934, -17.34082 ], [ -63.2195, -17.33965 ] ] ] } },
{ "type": "Feature", "properties": { "i": 1521 }, "geometry": { "type": "Polygon", "coordinates": [ [ [ -63.22071, -17.34028 ], [ -63.22078, -17.33981 ], [ -63.21966, -17.33967 ], [ -63.21958, -17.33971 ], [ -63.21952, -17.34015 ], [ -63.21956, -17.3402 ], [ -63.22068, -17.34032 ], [ -63.22071, -17.34028 ] ] ] } },
{ "type": "Feature", "properties": { "i": 1522 }, "geometry": { "type": "Polygon", "coordinates": [ [ [ -63.21862, -17.34024 ], [ -63.21859, -17.34018 ], [ -63.21747, -17.34007 ], [ -63.21744, -17.34011 ], [ -63.21737, -17.34062 ], [ -63.21856, -17.34076 ], [ -63.21862, -17.34024 ] ] ] } },
{ "type": "Feature", "properties": { "i": 1523 }, "geometry": { "type": "Polygon", "coordinates": [ [ [ -63.25019, -17.33449 ], [ -63.25019, -17.33446 ], [ -63.24962, -17.33413 ], [ -63.24956, -17.33415 ], [ -63.24908, -17.33495 ], [ -63.2491, -17.335 ], [ -63.24968, -17.33535 ], [ -63.24971, -17.33534 ], [ -63.25019, -17.33449 ] ] ] } },
{ "type": "Feature", "properties": { "i": 1524 }, "geometry": { "type": "Polygon", "coordinates": [ [ [ -63.22333, -17.33897 ], [ -63.2226, -17.3389 ], [ -63.22255, -17.33891 ], [ -63.22247, -17.3399 ], [ -63.22249, -17.33994 ], [ -63.22253, -17.33996 ], [ -63.22326, -17.34 ], [ -63.22333, -17.33897 ] ] ] } },
{ "type": "Feature", "properties": { "i": 1525 }, "geometry": { "type": "Polygon", "coordinates": [ [ [ -63.24415, -17.33514 ], [ -63.24398, -17.33499 ], [ -63.2429, -17.33604 ], [ -63.24335, -17.33647 ], [ -63.24415, -17.33514 ] ] ] } },
{ "type": "Feature", "properties": { "i": 1526 }, "geometry": { "type": "Polygon", "coordinates": [ [ [ -63.22633, -17.33793 ], [ -63.22628, -17.33796 ], [ -63.22618, -17.33903 ], [ -63.22621, -17.33907 ], [ -63.22688, -17.33912 ], [ -63.22694, -17.33836 ], [ -63.22633, -17.33793 ] ] ] } },
{ "type": "Feature", "properties": { "i": 1527 }, "geometry": { "type": "Polygon", "coordinates": [ [ [ -63.26255, -17.33337 ], [ -63.26336, -17.33202 ], [ -63.26237, -17.33151 ], [ -63.26229, -17.33152 ], [ -63.26178, -17.33253 ], [ -63.26177, -17.33266 ], [ -63.26181, -17.33282 ], [ -63.26191, -17.33296 ], [ -63.26251, -17.33338 ], [ -63.26255, -17.33337 ] ] ] } },
{ "type": "Feature", "properties": { "i": 1528 }, "geometry": { "type": "Polygon", "coordinates": [ [ [ -63.24725, -17.33443 ], [ -63.24723, -17.33436 ], [ -63.24673, -17.33409 ], [ -63.24667, -17.33411 ], [ -63.24587, -17.33547 ], [ -63.24587, -17.33552 ], [ -63.2464, -17.33581 ], [ -63.24643, -17.33581 ], [ -63.24725, -17.33443 ] ] ] } },
{ "type": "Feature", "properties": { "i": 1529 }, "geometry": { "type": "Polygon", "coordinates": [ [ [ -63.27463, -17.32979 ], [ -63.27404, -17.32967 ], [ -63.27348, -17.33073 ], [ -63.2735, -17.33075 ], [ -63.27402, -17.33085 ], [ -63.27406, -17.33084 ], [ -63.27444, -17.33017 ], [ -63.27463, -17.32979 ] ] ] } },
{ "type": "Feature", "properties": { "i": 1530 }, "geometry": { "type": "Polygon", "coordinates": [ [ [ -63.23569, -17.3366 ], [ -63.23479, -17.33751 ], [ -63.23526, -17.33797 ], [ -63.23579, -17.33743 ], [ -63.23579, -17.33662 ], [ -63.23575, -17.33658 ], [ -63.23569, -17.3366 ] ] ] } },
{ "type": "Feature", "properties": { "i": 1531 }, "geometry": { "type": "Polygon", "coordinates": [ [ [ -63.26959, -17.3304 ], [ -63.26883, -17.33179 ], [ -63.26884, -17.33183 ], [ -63.26907, -17.33195 ], [ -63.26939, -17.33208 ], [ -63.26945, -17.33208 ], [ -63.26947, -17.33205 ], [ -63.27029, -17.33054 ], [ -63.27027, -17.33051 ], [ -63.26959, -17.3304 ] ] ] } },
{ "type": "Feature", "properties": { "i": 1532 }, "geometry": { "type": "Polygon", "coordinates": [ [ [ -63.25273, -17.33357 ], [ -63.25271, -17.33353 ], [ -63.25216, -17.33323 ], [ -63.25212, -17.33323 ], [ -63.2514, -17.33448 ], [ -63.25141, -17.3345 ], [ -63.25197, -17.33484 ], [ -63.25201, -17.33484 ], [ -63.25273, -17.33357 ] ] ] } },
{ "type": "Feature", "properties": { "i": 1533 }, "geometry": { "type": "Polygon", "coordinates": [ [ [ -63.24047, -17.3364 ], [ -63.24047, -17.33635 ], [ -63.23948, -17.3357 ], [ -63.23946, -17.3357 ], [ -63.23915, -17.33602 ], [ -63.23999, -17.33685 ], [ -63.24047, -17.3364 ] ] ] } },
{ "type": "Feature", "properties": { "i": 1534 }, "geometry": { "type": "Polygon", "coordinates": [ [ [ -63.21748, -17.33937 ], [ -63.21707, -17.33931 ], [ -63.2168, -17.3393 ], [ -63.21668, -17.34054 ], [ -63.2173, -17.34062 ], [ -63.21748, -17.33937 ] ] ] } },
{ "type": "Feature", "properties": { "i": 1535 }, "geometry": { "type": "Polygon", "coordinates": [ [ [ -63.26652, -17.3308 ], [ -63.26646, -17.3308 ], [ -63.26597, -17.33172 ], [ -63.26598, -17.33177 ], [ -63.26655, -17.33203 ], [ -63.2666, -17.33199 ], [ -63.26708, -17.33113 ], [ -63.26708, -17.33109 ], [ -63.26705, -17.33105 ], [ -63.26652, -17.3308 ] ] ] } },
{ "type": "Feature", "properties": { "i": 1536 }, "geometry": { "type": "Polygon", "coordinates": [ [ [ -63.22901, -17.33831 ], [ -63.2275, -17.33721 ], [ -63.22688, -17.33811 ], [ -63.22841, -17.33918 ], [ -63.22901, -17.33831 ] ] ] } },
{ "type": "Feature", "properties": { "i": 1537 }, "geometry": { "type": "Polygon", "coordinates": [ [ [ -63.2694, -17.33036 ], [ -63.26867, -17.33023 ], [ -63.26803, -17.33138 ], [ -63.26804, -17.33144 ], [ -63.26858, -17.33171 ], [ -63.26863, -17.33171 ], [ -63.26866, -17.33168 ], [ -63.2694, -17.33036 ] ] ] } },
{ "type": "Feature", "properties": { "i": 1538 }, "geometry": { "type": "Polygon", "coordinates": [ [ [ -63.23802, -17.33691 ], [ -63.23805, -17.33691 ], [ -63.23848, -17.33651 ], [ -63.23849, -17.33645 ], [ -63.23794, -17.33592 ], [ -63.2379, -17.33592 ], [ -63.23756, -17.33641 ], [ -63.23755, -17.33646 ], [ -63.23802, -17.33691 ] ] ] } },
{ "type": "Feature", "properties": { "i": 1539 }, "geometry": { "type": "Polygon", "coordinates": [ [ [ -63.2335, -17.33754 ], [ -63.23349, -17.33751 ], [ -63.23246, -17.33662 ], [ -63.23244, -17.33662 ], [ -63.232, -17.33707 ], [ -63.232, -17.33709 ], [ -63.23304, -17.33798 ], [ -63.23309, -17.33798 ], [ -63.2335, -17.33754 ] ] ] } },
{ "type": "Feature", "properties": { "i": 1540 }, "geometry": { "type": "Polygon", "coordinates": [ [ [ -63.23606, -17.33608 ], [ -63.2359, -17.33605 ], [ -63.2359, -17.33724 ], [ -63.23592, -17.33728 ], [ -63.23595, -17.33729 ], [ -63.23601, -17.33724 ], [ -63.23624, -17.33715 ], [ -63.23698, -17.33698 ], [ -63.23705, -17.33684 ], [ -63.23728, -17.33657 ], [ -63.23606, -17.33608 ] ] ] } },
{ "type": "Feature", "properties": { "i": 1541 }, "geometry": { "type": "Polygon", "coordinates": [ [ [ -63.22242, -17.33887 ], [ -63.2218, -17.33881 ], [ -63.22165, -17.33979 ], [ -63.22167, -17.33986 ], [ -63.22232, -17.33994 ], [ -63.22237, -17.3399 ], [ -63.22245, -17.33891 ], [ -63.22242, -17.33887 ] ] ] } },
{ "type": "Feature", "properties": { "i": 1542 }, "geometry": { "type": "Polygon", "coordinates": [ [ [ -63.2197, -17.33883 ], [ -63.22088, -17.33898 ], [ -63.22093, -17.33905 ], [ -63.22086, -17.33966 ], [ -63.22087, -17.33971 ], [ -63.22093, -17.33975 ], [ -63.22157, -17.33984 ], [ -63.22171, -17.33882 ], [ -63.2217, -17.33876 ], [ -63.22103, -17.33866 ], [ -63.21991, -17.33853 ], [ -63.21976, -17.33852 ], [ -63.21974, -17.33854 ], [ -63.2197, -17.33883 ] ] ] } },
{ "type": "Feature", "properties": { "i": 1543 }, "geometry": { "type": "Polygon", "coordinates": [ [ [ -63.23082, -17.33814 ], [ -63.23124, -17.33769 ], [ -63.23124, -17.33766 ], [ -63.23051, -17.337 ], [ -63.23029, -17.33722 ], [ -63.23009, -17.33747 ], [ -63.23082, -17.33814 ] ] ] } },
{ "type": "Feature", "properties": { "i": 1544 }, "geometry": { "type": "Polygon", "coordinates": [ [ [ -63.26357, -17.33193 ], [ -63.26411, -17.331 ], [ -63.26479, -17.33133 ], [ -63.26481, -17.33138 ], [ -63.26432, -17.33228 ], [ -63.26357, -17.33193 ] ] ] } },
{ "type": "Feature", "properties": { "i": 1545 }, "geometry": { "type": "Polygon", "coordinates": [ [ [ -63.24947, -17.33405 ], [ -63.24879, -17.33367 ], [ -63.24874, -17.33367 ], [ -63.24826, -17.3345 ], [ -63.24895, -17.33489 ], [ -63.24899, -17.33487 ], [ -63.24947, -17.33405 ] ] ] } },
{ "type": "Feature", "properties": { "i": 1546 }, "geometry": { "type": "Polygon", "coordinates": [ [ [ -63.2208, -17.33969 ], [ -63.22088, -17.33912 ], [ -63.22084, -17.33904 ], [ -63.21969, -17.3389 ], [ -63.21959, -17.33955 ], [ -63.21962, -17.3396 ], [ -63.22077, -17.33972 ], [ -63.2208, -17.33969 ] ] ] } },
{ "type": "Feature", "properties": { "i": 1547 }, "geometry": { "type": "Polygon", "coordinates": [ [ [ -63.23997, -17.33521 ], [ -63.23959, -17.33559 ], [ -63.23959, -17.33562 ], [ -63.2406, -17.33629 ], [ -63.24099, -17.33591 ], [ -63.24099, -17.33589 ], [ -63.23997, -17.33521 ] ] ] } },
{ "type": "Feature", "properties": { "i": 1548 }, "geometry": { "type": "Polygon", "coordinates": [ [ [ -63.2352, -17.336 ], [ -63.23423, -17.33699 ], [ -63.23471, -17.33743 ], [ -63.23574, -17.33639 ], [ -63.23571, -17.33612 ], [ -63.2352, -17.336 ] ] ] } },
{ "type": "Feature", "properties": { "i": 1549 }, "geometry": { "type": "Polygon", "coordinates": [ [ [ -63.2059, -17.34207 ], [ -63.20628, -17.34284 ], [ -63.2088, -17.34294 ], [ -63.20924, -17.34112 ], [ -63.20737, -17.34051 ], [ -63.20659, -17.34021 ], [ -63.2059, -17.34207 ] ] ] } },
{ "type": "Feature", "properties": { "i": 1550 }, "geometry": { "type": "Polygon", "coordinates": [ [ [ -63.27303, -17.33062 ], [ -63.27391, -17.32905 ], [ -63.2739, -17.32903 ], [ -63.27298, -17.32886 ], [ -63.27212, -17.33046 ], [ -63.27213, -17.33049 ], [ -63.27296, -17.33064 ], [ -63.27303, -17.33062 ] ] ] } },
{ "type": "Feature", "properties": { "i": 1551 }, "geometry": { "type": "Polygon", "coordinates": [ [ [ -63.25444, -17.33368 ], [ -63.25429, -17.33347 ], [ -63.25437, -17.33316 ], [ -63.25475, -17.33232 ], [ -63.25481, -17.3323 ], [ -63.25562, -17.33267 ], [ -63.25667, -17.33265 ], [ -63.25671, -17.33267 ], [ -63.25626, -17.33367 ], [ -63.25566, -17.33369 ], [ -63.25444, -17.33368 ] ] ] } },
{ "type": "Feature", "properties": { "i": 1552 }, "geometry": { "type": "Polygon", "coordinates": [ [ [ -63.24175, -17.33534 ], [ -63.24242, -17.33574 ], [ -63.24246, -17.33573 ], [ -63.24282, -17.3354 ], [ -63.24281, -17.33533 ], [ -63.24209, -17.33488 ], [ -63.24204, -17.33488 ], [ -63.24174, -17.3353 ], [ -63.24175, -17.33534 ] ] ] } },
{ "type": "Feature", "properties": { "i": 1553 }, "geometry": { "type": "Polygon", "coordinates": [ [ [ -63.22521, -17.33817 ], [ -63.22452, -17.33806 ], [ -63.22448, -17.33808 ], [ -63.2244, -17.33893 ], [ -63.22516, -17.33899 ], [ -63.22521, -17.33817 ] ] ] } },
{ "type": "Feature", "properties": { "i": 1554 }, "geometry": { "type": "Polygon", "coordinates": [ [ [ -63.23897, -17.33604 ], [ -63.23834, -17.33541 ], [ -63.23802, -17.33585 ], [ -63.23803, -17.3359 ], [ -63.23855, -17.33641 ], [ -63.23859, -17.33641 ], [ -63.23897, -17.33604 ] ] ] } },
{ "type": "Feature", "properties": { "i": 1555 }, "geometry": { "type": "Polygon", "coordinates": [ [ [ -63.21659, -17.34053 ], [ -63.2167, -17.33936 ], [ -63.21607, -17.33927 ], [ -63.21591, -17.34046 ], [ -63.21659, -17.34053 ] ] ] } },
{ "type": "Feature", "properties": { "i": 1556 }, "geometry": { "type": "Polygon", "coordinates": [ [ [ -63.26781, -17.33007 ], [ -63.26768, -17.33028 ], [ -63.26728, -17.33105 ], [ -63.2679, -17.33136 ], [ -63.26853, -17.3302 ], [ -63.26781, -17.33007 ] ] ] } },
{ "type": "Feature", "properties": { "i": 1557 }, "geometry": { "type": "Polygon", "coordinates": [ [ [ -63.22614, -17.33777 ], [ -63.2254, -17.33725 ], [ -63.22527, -17.339 ], [ -63.22606, -17.33904 ], [ -63.22614, -17.33777 ] ] ] } },
{ "type": "Feature", "properties": { "i": 1558 }, "geometry": { "type": "Polygon", "coordinates": [ [ [ -63.26525, -17.3314 ], [ -63.26586, -17.3317 ], [ -63.26635, -17.33077 ], [ -63.26633, -17.33071 ], [ -63.26574, -17.33044 ], [ -63.26524, -17.33137 ], [ -63.26525, -17.3314 ] ] ] } },
{ "type": "Feature", "properties": { "i": 1559 }, "geometry": { "type": "Polygon", "coordinates": [ [ [ -63.22943, -17.33698 ], [ -63.22918, -17.33684 ], [ -63.22843, -17.33776 ], [ -63.22907, -17.33823 ], [ -63.22972, -17.33729 ], [ -63.22943, -17.33698 ] ] ] } },
{ "type": "Feature", "properties": { "i": 1560 }, "geometry": { "type": "Polygon", "coordinates": [ [ [ -63.22425, -17.33892 ], [ -63.22434, -17.33804 ], [ -63.22358, -17.33793 ], [ -63.22348, -17.33885 ], [ -63.22425, -17.33892 ] ] ] } },
{ "type": "Feature", "properties": { "i": 1561 }, "geometry": { "type": "Polygon", "coordinates": [ [ [ -63.25351, -17.33358 ], [ -63.25362, -17.33359 ], [ -63.25373, -17.33352 ], [ -63.25392, -17.33309 ], [ -63.2533, -17.33277 ], [ -63.25301, -17.33325 ], [ -63.25301, -17.3333 ], [ -63.25351, -17.33358 ] ] ] } },
{ "type": "Feature", "properties": { "i": 1562 }, "geometry": { "type": "Polygon", "coordinates": [ [ [ -63.233, -17.33607 ], [ -63.23294, -17.33607 ], [ -63.23253, -17.33651 ], [ -63.23359, -17.33745 ], [ -63.23401, -17.33701 ], [ -63.23401, -17.33697 ], [ -63.233, -17.33607 ] ] ] } },
{ "type": "Feature", "properties": { "i": 1563 }, "geometry": { "type": "Polygon", "coordinates": [ [ [ -63.24657, -17.33403 ], [ -63.24575, -17.33362 ], [ -63.24567, -17.3336 ], [ -63.24558, -17.33362 ], [ -63.2448, -17.33488 ], [ -63.24481, -17.33493 ], [ -63.2457, -17.33544 ], [ -63.24576, -17.33543 ], [ -63.24658, -17.33408 ], [ -63.24657, -17.33403 ] ] ] } },
{ "type": "Feature", "properties": { "i": 1564 }, "geometry": { "type": "Polygon", "coordinates": [ [ [ -63.25199, -17.33323 ], [ -63.252, -17.33318 ], [ -63.25197, -17.33312 ], [ -63.25142, -17.33282 ], [ -63.25138, -17.33283 ], [ -63.25084, -17.33374 ], [ -63.25085, -17.33378 ], [ -63.25139, -17.33409 ], [ -63.25144, -17.33409 ], [ -63.25199, -17.33323 ] ] ] } },
{ "type": "Feature", "properties": { "i": 1565 }, "geometry": { "type": "Polygon", "coordinates": [ [ [ -63.21881, -17.33949 ], [ -63.21952, -17.33958 ], [ -63.21967, -17.33854 ], [ -63.21965, -17.33851 ], [ -63.21897, -17.33841 ], [ -63.21881, -17.33949 ] ] ] } },
{ "type": "Feature", "properties": { "i": 1566 }, "geometry": { "type": "Polygon", "coordinates": [ [ [ -63.24112, -17.33582 ], [ -63.2415, -17.33543 ], [ -63.24049, -17.33476 ], [ -63.24045, -17.33476 ], [ -63.24006, -17.33513 ], [ -63.24109, -17.33582 ], [ -63.24112, -17.33582 ] ] ] } },
{ "type": "Feature", "properties": { "i": 1567 }, "geometry": { "type": "Polygon", "coordinates": [ [ [ -63.23177, -17.33712 ], [ -63.23178, -17.33707 ], [ -63.23092, -17.33628 ], [ -63.23053, -17.33684 ], [ -63.23136, -17.33755 ], [ -63.23177, -17.33712 ] ] ] } },
{ "type": "Feature", "properties": { "i": 1568 }, "geometry": { "type": "Polygon", "coordinates": [ [ [ -63.24215, -17.33478 ], [ -63.24292, -17.33527 ], [ -63.24296, -17.33526 ], [ -63.24333, -17.33492 ], [ -63.24333, -17.33487 ], [ -63.24244, -17.3343 ], [ -63.24242, -17.3343 ], [ -63.24215, -17.33473 ], [ -63.24215, -17.33478 ] ] ] } },
{ "type": "Feature", "properties": { "i": 1569 }, "geometry": { "type": "Polygon", "coordinates": [ [ [ -63.22344, -17.33794 ], [ -63.22339, -17.33789 ], [ -63.2227, -17.33779 ], [ -63.2226, -17.33881 ], [ -63.22331, -17.33887 ], [ -63.22335, -17.33885 ], [ -63.22344, -17.33794 ] ] ] } },
{ "type": "Feature", "properties": { "i": 1570 }, "geometry": { "type": "Polygon", "coordinates": [ [ [ -63.24815, -17.33323 ], [ -63.24868, -17.33351 ], [ -63.24868, -17.33355 ], [ -63.24816, -17.33441 ], [ -63.24811, -17.33443 ], [ -63.24762, -17.33417 ], [ -63.24761, -17.33411 ], [ -63.24811, -17.33323 ], [ -63.24815, -17.33323 ] ] ] } },
{ "type": "Feature", "properties": { "i": 1571 }, "geometry": { "type": "Polygon", "coordinates": [ [ [ -63.23908, -17.33593 ], [ -63.23936, -17.33561 ], [ -63.23856, -17.3351 ], [ -63.23853, -17.33511 ], [ -63.23839, -17.33531 ], [ -63.23839, -17.33534 ], [ -63.23905, -17.33593 ], [ -63.23908, -17.33593 ] ] ] } },
{ "type": "Feature", "properties": { "i": 1572 }, "geometry": { "type": "Polygon", "coordinates": [ [ [ -63.23502, -17.336 ], [ -63.23502, -17.33597 ], [ -63.2343, -17.33579 ], [ -63.23363, -17.33646 ], [ -63.23411, -17.33689 ], [ -63.23415, -17.33689 ], [ -63.23502, -17.336 ] ] ] } },
{ "type": "Feature", "properties": { "i": 1573 }, "geometry": { "type": "Polygon", "coordinates": [ [ [ -63.26717, -17.33095 ], [ -63.26766, -17.33004 ], [ -63.26698, -17.3299 ], [ -63.26694, -17.32992 ], [ -63.26655, -17.33064 ], [ -63.26656, -17.33069 ], [ -63.26711, -17.33097 ], [ -63.26717, -17.33095 ] ] ] } },
{ "type": "Feature", "properties": { "i": 1574 }, "geometry": { "type": "Polygon", "coordinates": [ [ [ -63.23763, -17.33608 ], [ -63.2359, -17.33493 ], [ -63.2359, -17.33592 ], [ -63.23727, -17.3365 ], [ -63.23734, -17.33648 ], [ -63.23763, -17.33608 ] ] ] } },
{ "type": "Feature", "properties": { "i": 1575 }, "geometry": { "type": "Polygon", "coordinates": [ [ [ -63.2334, -17.33559 ], [ -63.23306, -17.33595 ], [ -63.23353, -17.3364 ], [ -63.23356, -17.33639 ], [ -63.23412, -17.3358 ], [ -63.23411, -17.33575 ], [ -63.2334, -17.33559 ] ] ] } },
{ "type": "Feature", "properties": { "i": 1576 }, "geometry": { "type": "Polygon", "coordinates": [ [ [ -63.22679, -17.33804 ], [ -63.22741, -17.33714 ], [ -63.22673, -17.33664 ], [ -63.22666, -17.33665 ], [ -63.22608, -17.3375 ], [ -63.22607, -17.33757 ], [ -63.22675, -17.33804 ], [ -63.22679, -17.33804 ] ] ] } },
{ "type": "Feature", "properties": { "i": 1577 }, "geometry": { "type": "Polygon", "coordinates": [ [ [ -63.23944, -17.33552 ], [ -63.23948, -17.33552 ], [ -63.23985, -17.33519 ], [ -63.23985, -17.33513 ], [ -63.23894, -17.33455 ], [ -63.23888, -17.33457 ], [ -63.23862, -17.33491 ], [ -63.23863, -17.33498 ], [ -63.23865, -17.33501 ], [ -63.23944, -17.33552 ] ] ] } },
{ "type": "Feature", "properties": { "i": 1578 }, "geometry": { "type": "Polygon", "coordinates": [ [ [ -63.23665, -17.33528 ], [ -63.2377, -17.33598 ], [ -63.23797, -17.33558 ], [ -63.23797, -17.33553 ], [ -63.237, -17.33486 ], [ -63.23695, -17.33488 ], [ -63.23665, -17.33528 ] ] ] } },
{ "type": "Feature", "properties": { "i": 1579 }, "geometry": { "type": "Polygon", "coordinates": [ [ [ -63.25008, -17.33335 ], [ -63.25067, -17.33368 ], [ -63.2507, -17.33368 ], [ -63.25124, -17.33277 ], [ -63.25123, -17.33272 ], [ -63.25064, -17.33239 ], [ -63.25061, -17.33241 ], [ -63.25007, -17.33331 ], [ -63.25008, -17.33335 ] ] ] } },
{ "type": "Feature", "properties": { "i": 1580 }, "geometry": { "type": "Polygon", "coordinates": [ [ [ -63.25397, -17.33295 ], [ -63.25426, -17.33228 ], [ -63.25424, -17.33225 ], [ -63.25378, -17.33202 ], [ -63.25338, -17.33263 ], [ -63.25338, -17.33267 ], [ -63.25397, -17.33295 ] ] ] } },
{ "type": "Feature", "properties": { "i": 1581 }, "geometry": { "type": "Polygon", "coordinates": [ [ [ -63.24062, -17.33458 ], [ -63.24158, -17.33523 ], [ -63.24166, -17.33522 ], [ -63.24195, -17.33479 ], [ -63.24094, -17.33411 ], [ -63.24062, -17.33454 ], [ -63.24062, -17.33458 ] ] ] } },
{ "type": "Feature", "properties": { "i": 1582 }, "geometry": { "type": "Polygon", "coordinates": [ [ [ -63.25317, -17.3327 ], [ -63.25216, -17.33219 ], [ -63.25189, -17.33264 ], [ -63.2519, -17.33268 ], [ -63.25285, -17.3332 ], [ -63.2529, -17.33318 ], [ -63.25313, -17.33276 ], [ -63.25317, -17.33273 ], [ -63.25317, -17.3327 ] ] ] } },
{ "type": "Feature", "properties": { "i": 1583 }, "geometry": { "type": "Polygon", "coordinates": [ [ [ -63.23188, -17.33698 ], [ -63.23192, -17.33697 ], [ -63.23234, -17.33651 ], [ -63.23145, -17.33569 ], [ -63.2314, -17.3357 ], [ -63.23107, -17.33624 ], [ -63.23188, -17.33698 ] ] ] } },
{ "type": "Feature", "properties": { "i": 1584 }, "geometry": { "type": "Polygon", "coordinates": [ [ [ -63.26679, -17.32989 ], [ -63.26642, -17.32983 ], [ -63.26634, -17.32985 ], [ -63.26611, -17.32995 ], [ -63.26598, -17.33005 ], [ -63.26581, -17.33031 ], [ -63.26644, -17.33062 ], [ -63.26681, -17.32993 ], [ -63.26679, -17.32989 ] ] ] } },
{ "type": "Feature", "properties": { "i": 1585 }, "geometry": { "type": "Polygon", "coordinates": [ [ [ -63.22911, -17.3368 ], [ -63.22815, -17.33625 ], [ -63.22755, -17.33712 ], [ -63.22837, -17.33771 ], [ -63.22911, -17.3368 ] ] ] } },
{ "type": "Feature", "properties": { "i": 1586 }, "geometry": { "type": "Polygon", "coordinates": [ [ [ -63.27042, -17.33013 ], [ -63.27083, -17.33021 ], [ -63.27089, -17.33018 ], [ -63.27171, -17.32865 ], [ -63.2717, -17.32862 ], [ -63.27127, -17.32852 ], [ -63.27041, -17.3301 ], [ -63.27042, -17.33013 ] ] ] } },
{ "type": "Feature", "properties": { "i": 1587 }, "geometry": { "type": "Polygon", "coordinates": [ [ [ -63.26422, -17.33087 ], [ -63.26485, -17.33119 ], [ -63.26492, -17.33117 ], [ -63.26542, -17.33028 ], [ -63.26542, -17.33025 ], [ -63.26476, -17.32995 ], [ -63.26472, -17.32996 ], [ -63.26469, -17.32998 ], [ -63.26421, -17.33082 ], [ -63.26422, -17.33087 ] ] ] } },
{ "type": "Feature", "properties": { "i": 1588 }, "geometry": { "type": "Polygon", "coordinates": [ [ [ -63.22459, -17.33665 ], [ -63.2245, -17.33794 ], [ -63.22522, -17.33806 ], [ -63.22529, -17.33717 ], [ -63.22459, -17.33665 ] ] ] } },
{ "type": "Feature", "properties": { "i": 1589 }, "geometry": { "type": "Polygon", "coordinates": [ [ [ -63.22109, -17.33797 ], [ -63.21983, -17.3378 ], [ -63.21976, -17.33838 ], [ -63.21985, -17.33845 ], [ -63.2217, -17.33867 ], [ -63.22184, -17.33765 ], [ -63.22115, -17.33754 ], [ -63.22109, -17.33797 ] ] ] } },
{ "type": "Feature", "properties": { "i": 1590 }, "geometry": { "type": "Polygon", "coordinates": [ [ [ -63.26247, -17.33128 ], [ -63.26243, -17.33136 ], [ -63.26244, -17.33141 ], [ -63.26339, -17.33187 ], [ -63.26348, -17.33185 ], [ -63.26458, -17.32991 ], [ -63.26457, -17.32986 ], [ -63.26353, -17.32937 ], [ -63.26347, -17.32939 ], [ -63.26244, -17.33126 ], [ -63.26247, -17.33128 ] ] ] } },
{ "type": "Feature", "properties": { "i": 1591 }, "geometry": { "type": "Polygon", "coordinates": [ [ [ -63.24872, -17.33349 ], [ -63.24883, -17.33331 ], [ -63.24882, -17.33322 ], [ -63.24834, -17.33295 ], [ -63.24829, -17.33297 ], [ -63.24816, -17.33318 ], [ -63.24872, -17.33349 ] ] ] } },
{ "type": "Feature", "properties": { "i": 1592 }, "geometry": { "type": "Polygon", "coordinates": [ [ [ -63.24408, -17.33425 ], [ -63.24424, -17.33394 ], [ -63.24378, -17.33364 ], [ -63.24373, -17.33365 ], [ -63.24308, -17.33458 ], [ -63.2434, -17.33481 ], [ -63.24347, -17.3348 ], [ -63.24387, -17.33435 ], [ -63.24408, -17.33425 ] ] ] } },
{ "type": "Feature", "properties": { "i": 1593 }, "geometry": { "type": "Polygon", "coordinates": [ [ [ -63.25551, -17.3318 ], [ -63.25506, -17.3316 ], [ -63.25481, -17.33216 ], [ -63.25483, -17.33221 ], [ -63.25522, -17.33237 ], [ -63.25527, -17.33236 ], [ -63.25551, -17.3318 ] ] ] } },
{ "type": "Feature", "properties": { "i": 1594 }, "geometry": { "type": "Polygon", "coordinates": [ [ [ -63.27055, -17.32839 ], [ -63.27054, -17.32837 ], [ -63.27009, -17.32829 ], [ -63.27006, -17.3283 ], [ -63.26916, -17.3299 ], [ -63.26952, -17.32998 ], [ -63.26959, -17.32997 ], [ -63.26965, -17.32993 ], [ -63.27055, -17.32839 ] ] ] } },
{ "type": "Feature", "properties": { "i": 1595 }, "geometry": { "type": "Polygon", "coordinates": [ [ [ -63.24817, -17.33284 ], [ -63.24766, -17.33256 ], [ -63.24762, -17.33257 ], [ -63.2469, -17.33375 ], [ -63.24691, -17.3338 ], [ -63.24745, -17.33407 ], [ -63.2475, -17.33405 ], [ -63.24819, -17.33288 ], [ -63.24817, -17.33284 ] ] ] } },
{ "type": "Feature", "properties": { "i": 1596 }, "geometry": { "type": "Polygon", "coordinates": [ [ [ -63.2169, -17.33815 ], [ -63.2158, -17.33799 ], [ -63.21575, -17.33803 ], [ -63.21521, -17.33895 ], [ -63.2152, -17.339 ], [ -63.21523, -17.33906 ], [ -63.21532, -17.33911 ], [ -63.21669, -17.33929 ], [ -63.21674, -17.33926 ], [ -63.21676, -17.3392 ], [ -63.2169, -17.33815 ] ] ] } },
{ "type": "Feature", "properties": { "i": 1597 }, "geometry": { "type": "Polygon", "coordinates": [ [ [ -63.22968, -17.33628 ], [ -63.2286, -17.33559 ], [ -63.22818, -17.33619 ], [ -63.22833, -17.3363 ], [ -63.22953, -17.33697 ], [ -63.22977, -17.33722 ], [ -63.23012, -17.3367 ], [ -63.23011, -17.33665 ], [ -63.22968, -17.33628 ] ] ] } },
{ "type": "Feature", "properties": { "i": 1598 }, "geometry": { "type": "Polygon", "coordinates": [ [ [ -63.2354, -17.33579 ], [ -63.23579, -17.3352 ], [ -63.23578, -17.33485 ], [ -63.2355, -17.33468 ], [ -63.23548, -17.33468 ], [ -63.23479, -17.33563 ], [ -63.2348, -17.33567 ], [ -63.2354, -17.33579 ] ] ] } },
{ "type": "Feature", "properties": { "i": 1599 }, "geometry": { "type": "Polygon", "coordinates": [ [ [ -63.23897, -17.33447 ], [ -63.23992, -17.33505 ], [ -63.23999, -17.33504 ], [ -63.24035, -17.33469 ], [ -63.24034, -17.33466 ], [ -63.2393, -17.33398 ], [ -63.23897, -17.33443 ], [ -63.23897, -17.33447 ] ] ] } },
{ "type": "Feature", "properties": { "i": 1600 }, "geometry": { "type": "Polygon", "coordinates": [ [ [ -63.23704, -17.33474 ], [ -63.23808, -17.33545 ], [ -63.23839, -17.335 ], [ -63.23735, -17.3343 ], [ -63.23732, -17.33431 ], [ -63.23704, -17.33474 ] ] ] } },
{ "type": "Feature", "properties": { "i": 1601 }, "geometry": { "type": "Polygon", "coordinates": [ [ [ -63.23246, -17.33642 ], [ -63.23333, -17.33551 ], [ -63.23278, -17.33522 ], [ -63.23273, -17.33523 ], [ -63.23198, -17.336 ], [ -63.23198, -17.33603 ], [ -63.23242, -17.33642 ], [ -63.23246, -17.33642 ] ] ] } },
{ "type": "Feature", "properties": { "i": 1602 }, "geometry": { "type": "Polygon", "coordinates": [ [ [ -63.24234, -17.33423 ], [ -63.24131, -17.33356 ], [ -63.24098, -17.33403 ], [ -63.24199, -17.33467 ], [ -63.24205, -17.33466 ], [ -63.24234, -17.33423 ] ] ] } },
{ "type": "Feature", "properties": { "i": 1603 }, "geometry": { "type": "Polygon", "coordinates": [ [ [ -63.243, -17.33449 ], [ -63.24364, -17.33358 ], [ -63.24363, -17.33355 ], [ -63.24321, -17.33327 ], [ -63.24318, -17.33331 ], [ -63.24315, -17.3333 ], [ -63.24253, -17.33418 ], [ -63.24254, -17.33423 ], [ -63.24295, -17.33449 ], [ -63.243, -17.33449 ] ] ] } },
{ "type": "Feature", "properties": { "i": 1604 }, "geometry": { "type": "Polygon", "coordinates": [ [ [ -63.25048, -17.33229 ], [ -63.2498, -17.33193 ], [ -63.24923, -17.33287 ], [ -63.24925, -17.33292 ], [ -63.24987, -17.33328 ], [ -63.24994, -17.33328 ], [ -63.2505, -17.33233 ], [ -63.25048, -17.33229 ] ] ] } },
{ "type": "Feature", "properties": { "i": 1605 }, "geometry": { "type": "Polygon", "coordinates": [ [ [ -63.27072, -17.3284 ], [ -63.26984, -17.32994 ], [ -63.26984, -17.32999 ], [ -63.26985, -17.33001 ], [ -63.27029, -17.33009 ], [ -63.2707, -17.32936 ], [ -63.27113, -17.32853 ], [ -63.27113, -17.32849 ], [ -63.27072, -17.3284 ] ] ] } },
{ "type": "Feature", "properties": { "i": 1606 }, "geometry": { "type": "Polygon", "coordinates": [ [ [ -63.27418, -17.32863 ], [ -63.27449, -17.32806 ], [ -63.27449, -17.32804 ], [ -63.27421, -17.32789 ], [ -63.27384, -17.32856 ], [ -63.27418, -17.32863 ] ] ] } },
{ "type": "Feature", "properties": { "i": 1607 }, "geometry": { "type": "Polygon", "coordinates": [ [ [ -63.25364, -17.33196 ], [ -63.25262, -17.33141 ], [ -63.25223, -17.33204 ], [ -63.25224, -17.33209 ], [ -63.25322, -17.33259 ], [ -63.25326, -17.33258 ], [ -63.25335, -17.33244 ], [ -63.25364, -17.33196 ] ] ] } },
{ "type": "Feature", "properties": { "i": 1608 }, "geometry": { "type": "Polygon", "coordinates": [ [ [ -63.25966, -17.33064 ], [ -63.259, -17.33026 ], [ -63.25843, -17.33128 ], [ -63.25912, -17.33159 ], [ -63.25917, -17.33157 ], [ -63.25944, -17.33109 ], [ -63.25966, -17.33064 ] ] ] } },
{ "type": "Feature", "properties": { "i": 1609 }, "geometry": { "type": "Polygon", "coordinates": [ [ [ -63.22658, -17.33654 ], [ -63.2259, -17.33604 ], [ -63.22584, -17.33604 ], [ -63.22522, -17.33697 ], [ -63.22598, -17.33749 ], [ -63.22658, -17.33654 ] ] ] } },
{ "type": "Feature", "properties": { "i": 1610 }, "geometry": { "type": "Polygon", "coordinates": [ [ [ -63.26993, -17.32827 ], [ -63.26937, -17.32817 ], [ -63.26934, -17.32819 ], [ -63.26849, -17.32976 ], [ -63.26851, -17.32979 ], [ -63.26904, -17.32989 ], [ -63.26965, -17.32883 ], [ -63.26994, -17.32829 ], [ -63.26993, -17.32827 ] ] ] } },
{ "type": "Feature", "properties": { "i": 1611 }, "geometry": { "type": "Polygon", "coordinates": [ [ [ -63.26508, -17.32922 ], [ -63.26475, -17.32981 ], [ -63.2648, -17.32984 ], [ -63.26542, -17.33014 ], [ -63.26548, -17.33015 ], [ -63.26552, -17.33013 ], [ -63.26578, -17.32954 ], [ -63.26512, -17.32921 ], [ -63.26508, -17.32922 ] ] ] } },
{ "type": "Feature", "properties": { "i": 1612 }, "geometry": { "type": "Polygon", "coordinates": [ [ [ -63.24679, -17.33208 ], [ -63.24671, -17.33206 ], [ -63.24663, -17.33212 ], [ -63.24594, -17.33316 ], [ -63.24597, -17.33327 ], [ -63.24613, -17.33338 ], [ -63.24672, -17.33371 ], [ -63.2468, -17.3337 ], [ -63.2475, -17.33251 ], [ -63.2475, -17.33247 ], [ -63.24679, -17.33208 ] ] ] } },
{ "type": "Feature", "properties": { "i": 1613 }, "geometry": { "type": "Polygon", "coordinates": [ [ [ -63.25742, -17.33113 ], [ -63.25626, -17.33063 ], [ -63.256, -17.33121 ], [ -63.25716, -17.33173 ], [ -63.25742, -17.33119 ], [ -63.25742, -17.33113 ] ] ] } },
{ "type": "Feature", "properties": { "i": 1614 }, "geometry": { "type": "Polygon", "coordinates": [ [ [ -63.22433, -17.33791 ], [ -63.22435, -17.33789 ], [ -63.22447, -17.3366 ], [ -63.22381, -17.33617 ], [ -63.22378, -17.3362 ], [ -63.22358, -17.3378 ], [ -63.22433, -17.33791 ] ] ] } },
{ "type": "Feature", "properties": { "i": 1615 }, "geometry": { "type": "Polygon", "coordinates": [ [ [ -63.25433, -17.33212 ], [ -63.25461, -17.33142 ], [ -63.25402, -17.33112 ], [ -63.25362, -17.33178 ], [ -63.25429, -17.33215 ], [ -63.25433, -17.33212 ] ] ] } },
{ "type": "Feature", "properties": { "i": 1616 }, "geometry": { "type": "Polygon", "coordinates": [ [ [ -63.22345, -17.33773 ], [ -63.22355, -17.33692 ], [ -63.22353, -17.33689 ], [ -63.22284, -17.33678 ], [ -63.2228, -17.3368 ], [ -63.2227, -17.33765 ], [ -63.22341, -17.33776 ], [ -63.22345, -17.33773 ] ] ] } },
{ "type": "Feature", "properties": { "i": 1617 }, "geometry": { "type": "Polygon", "coordinates": [ [ [ -63.27373, -17.32854 ], [ -63.27411, -17.32785 ], [ -63.27369, -17.32765 ], [ -63.27326, -17.32843 ], [ -63.27327, -17.32846 ], [ -63.27373, -17.32854 ] ] ] } },
{ "type": "Feature", "properties": { "i": 1618 }, "geometry": { "type": "Polygon", "coordinates": [ [ [ -63.21781, -17.33754 ], [ -63.21773, -17.33815 ], [ -63.21776, -17.33819 ], [ -63.21884, -17.33833 ], [ -63.21891, -17.33829 ], [ -63.21899, -17.33778 ], [ -63.21896, -17.3377 ], [ -63.21781, -17.33754 ] ] ] } },
{ "type": "Feature", "properties": { "i": 1619 }, "geometry": { "type": "Polygon", "coordinates": [ [ [ -63.27674, -17.32699 ], [ -63.27673, -17.32696 ], [ -63.27637, -17.32683 ], [ -63.27562, -17.32831 ], [ -63.27605, -17.32841 ], [ -63.27674, -17.32699 ] ] ] } },
{ "type": "Feature", "properties": { "i": 1620 }, "geometry": { "type": "Polygon", "coordinates": [ [ [ -63.2449, -17.33297 ], [ -63.2449, -17.3329 ], [ -63.24449, -17.33264 ], [ -63.24444, -17.33264 ], [ -63.24383, -17.33352 ], [ -63.24383, -17.33356 ], [ -63.24425, -17.33382 ], [ -63.24429, -17.33382 ], [ -63.2449, -17.33297 ] ] ] } },
{ "type": "Feature", "properties": { "i": 1621 }, "geometry": { "type": "Polygon", "coordinates": [ [ [ -63.22269, -17.33675 ], [ -63.22206, -17.33665 ], [ -63.22197, -17.33754 ], [ -63.22256, -17.33762 ], [ -63.22269, -17.33675 ] ] ] } },
{ "type": "Feature", "properties": { "i": 1622 }, "geometry": { "type": "Polygon", "coordinates": [ [ [ -63.23686, -17.33477 ], [ -63.23584, -17.33419 ], [ -63.23576, -17.33419 ], [ -63.23554, -17.33453 ], [ -63.23656, -17.33523 ], [ -63.23686, -17.3348 ], [ -63.23686, -17.33477 ] ] ] } },
{ "type": "Feature", "properties": { "i": 1623 }, "geometry": { "type": "Polygon", "coordinates": [ [ [ -63.23981, -17.33339 ], [ -63.23977, -17.3334 ], [ -63.23948, -17.33382 ], [ -63.23948, -17.33385 ], [ -63.24045, -17.33447 ], [ -63.2405, -17.33447 ], [ -63.24081, -17.33404 ], [ -63.23981, -17.33339 ] ] ] } },
{ "type": "Feature", "properties": { "i": 1624 }, "geometry": { "type": "Polygon", "coordinates": [ [ [ -63.24263, -17.33288 ], [ -63.24194, -17.33384 ], [ -63.2424, -17.33414 ], [ -63.24307, -17.33317 ], [ -63.24263, -17.33288 ] ] ] } },
{ "type": "Feature", "properties": { "i": 1625 }, "geometry": { "type": "Polygon", "coordinates": [ [ [ -63.24895, -17.33312 ], [ -63.24967, -17.3319 ], [ -63.24967, -17.33185 ], [ -63.24914, -17.33158 ], [ -63.24911, -17.33158 ], [ -63.24839, -17.33279 ], [ -63.2484, -17.33283 ], [ -63.24891, -17.33312 ], [ -63.24895, -17.33312 ] ] ] } },
{ "type": "Feature", "properties": { "i": 1626 }, "geometry": { "type": "Polygon", "coordinates": [ [ [ -63.26837, -17.32975 ], [ -63.26925, -17.32818 ], [ -63.26925, -17.32816 ], [ -63.26868, -17.32805 ], [ -63.26779, -17.3296 ], [ -63.26779, -17.32965 ], [ -63.26837, -17.32975 ] ] ] } },
{ "type": "Feature", "properties": { "i": 1627 }, "geometry": { "type": "Polygon", "coordinates": [ [ [ -63.23262, -17.3351 ], [ -63.23209, -17.33466 ], [ -63.23206, -17.33467 ], [ -63.23146, -17.33552 ], [ -63.23146, -17.33555 ], [ -63.23187, -17.33593 ], [ -63.23196, -17.33593 ], [ -63.23262, -17.33516 ], [ -63.23262, -17.3351 ] ] ] } },
{ "type": "Feature", "properties": { "i": 1628 }, "geometry": { "type": "Polygon", "coordinates": [ [ [ -63.23061, -17.33601 ], [ -63.22964, -17.33522 ], [ -63.22917, -17.33493 ], [ -63.22877, -17.3346 ], [ -63.22824, -17.33503 ], [ -63.22865, -17.33546 ], [ -63.22973, -17.33615 ], [ -63.23025, -17.33653 ], [ -63.23061, -17.33601 ] ] ] } },
{ "type": "Feature", "properties": { "i": 1629 }, "geometry": { "type": "Polygon", "coordinates": [ [ [ -63.25247, -17.33132 ], [ -63.25187, -17.33097 ], [ -63.25182, -17.33098 ], [ -63.25109, -17.33218 ], [ -63.2511, -17.33222 ], [ -63.25168, -17.33254 ], [ -63.25174, -17.33253 ], [ -63.25247, -17.33132 ] ] ] } },
{ "type": "Feature", "properties": { "i": 1630 }, "geometry": { "type": "Polygon", "coordinates": [ [ [ -63.25612, -17.3306 ], [ -63.25611, -17.33057 ], [ -63.25567, -17.33037 ], [ -63.25556, -17.33041 ], [ -63.25511, -17.33149 ], [ -63.25514, -17.33155 ], [ -63.25559, -17.33174 ], [ -63.25612, -17.3306 ] ] ] } },
{ "type": "Feature", "properties": { "i": 1631 }, "geometry": { "type": "Polygon", "coordinates": [ [ [ -63.26356, -17.32835 ], [ -63.2618, -17.32747 ], [ -63.26167, -17.3275 ], [ -63.2593, -17.33167 ], [ -63.25931, -17.33172 ], [ -63.26125, -17.33261 ], [ -63.26356, -17.32835 ] ] ] } },
{ "type": "Feature", "properties": { "i": 1632 }, "geometry": { "type": "Polygon", "coordinates": [ [ [ -63.27315, -17.32843 ], [ -63.27358, -17.32759 ], [ -63.27308, -17.32734 ], [ -63.27255, -17.32832 ], [ -63.27315, -17.32843 ] ] ] } },
{ "type": "Feature", "properties": { "i": 1633 }, "geometry": { "type": "Polygon", "coordinates": [ [ [ -63.21986, -17.33731 ], [ -63.21915, -17.33717 ], [ -63.21909, -17.33764 ], [ -63.21912, -17.33767 ], [ -63.21978, -17.33773 ], [ -63.2198, -17.33771 ], [ -63.21986, -17.33731 ] ] ] } },
{ "type": "Feature", "properties": { "i": 1634 }, "geometry": { "type": "Polygon", "coordinates": [ [ [ -63.22198, -17.33661 ], [ -63.22136, -17.33652 ], [ -63.22132, -17.33653 ], [ -63.22129, -17.33656 ], [ -63.22118, -17.33741 ], [ -63.22184, -17.33752 ], [ -63.22187, -17.3375 ], [ -63.22198, -17.33661 ] ] ] } },
{ "type": "Feature", "properties": { "i": 1635 }, "geometry": { "type": "Polygon", "coordinates": [ [ [ -63.27549, -17.32826 ], [ -63.27626, -17.32679 ], [ -63.27625, -17.32676 ], [ -63.2758, -17.32656 ], [ -63.27577, -17.32657 ], [ -63.27562, -17.32683 ], [ -63.27492, -17.32813 ], [ -63.27549, -17.32826 ] ] ] } },
{ "type": "Feature", "properties": { "i": 1636 }, "geometry": { "type": "Polygon", "coordinates": [ [ [ -63.22924, -17.33486 ], [ -63.22966, -17.3351 ], [ -63.23069, -17.3359 ], [ -63.23071, -17.3359 ], [ -63.23082, -17.33576 ], [ -63.22962, -17.33452 ], [ -63.22924, -17.33486 ] ] ] } },
{ "type": "Feature", "properties": { "i": 1637 }, "geometry": { "type": "Polygon", "coordinates": [ [ [ -63.26712, -17.32951 ], [ -63.26766, -17.32962 ], [ -63.26858, -17.32802 ], [ -63.268, -17.32788 ], [ -63.2671, -17.32947 ], [ -63.26712, -17.32951 ] ] ] } },
{ "type": "Feature", "properties": { "i": 1638 }, "geometry": { "type": "Polygon", "coordinates": [ [ [ -63.25911, -17.32984 ], [ -63.25838, -17.32942 ], [ -63.25834, -17.32943 ], [ -63.25764, -17.33093 ], [ -63.25828, -17.33123 ], [ -63.25836, -17.33122 ], [ -63.25911, -17.32984 ] ] ] } },
{ "type": "Feature", "properties": { "i": 1639 }, "geometry": { "type": "Polygon", "coordinates": [ [ [ -63.21782, -17.337 ], [ -63.21717, -17.33687 ], [ -63.21714, -17.33689 ], [ -63.21698, -17.33804 ], [ -63.217, -17.33809 ], [ -63.21761, -17.33817 ], [ -63.21765, -17.33814 ], [ -63.21782, -17.337 ] ] ] } },
{ "type": "Feature", "properties": { "i": 1640 }, "geometry": { "type": "Polygon", "coordinates": [ [ [ -63.22687, -17.3361 ], [ -63.22634, -17.33557 ], [ -63.2263, -17.33557 ], [ -63.22593, -17.33589 ], [ -63.22594, -17.33593 ], [ -63.22664, -17.33645 ], [ -63.22687, -17.3361 ] ] ] } },
{ "type": "Feature", "properties": { "i": 1641 }, "geometry": { "type": "Polygon", "coordinates": [ [ [ -63.2269, -17.33506 ], [ -63.22638, -17.3355 ], [ -63.22766, -17.33679 ], [ -63.22804, -17.33621 ], [ -63.2269, -17.33506 ] ] ] } },
{ "type": "Feature", "properties": { "i": 1642 }, "geometry": { "type": "Polygon", "coordinates": [ [ [ -63.2157, -17.338 ], [ -63.2157, -17.33797 ], [ -63.21471, -17.33743 ], [ -63.21457, -17.33804 ], [ -63.2154, -17.33851 ], [ -63.2157, -17.338 ] ] ] } },
{ "type": "Feature", "properties": { "i": 1643 }, "geometry": { "type": "Polygon", "coordinates": [ [ [ -63.24375, -17.33345 ], [ -63.24434, -17.33258 ], [ -63.24433, -17.33255 ], [ -63.24391, -17.33227 ], [ -63.24387, -17.33229 ], [ -63.24326, -17.33316 ], [ -63.24328, -17.3332 ], [ -63.24368, -17.33346 ], [ -63.24375, -17.33345 ] ] ] } },
{ "type": "Feature", "properties": { "i": 1644 }, "geometry": { "type": "Polygon", "coordinates": [ [ [ -63.21586, -17.33794 ], [ -63.21692, -17.33808 ], [ -63.21699, -17.33756 ], [ -63.21696, -17.33753 ], [ -63.21613, -17.33743 ], [ -63.21585, -17.33789 ], [ -63.21586, -17.33794 ] ] ] } },
{ "type": "Feature", "properties": { "i": 1645 }, "geometry": { "type": "Polygon", "coordinates": [ [ [ -63.2539, -17.33108 ], [ -63.25389, -17.33103 ], [ -63.25312, -17.33062 ], [ -63.25307, -17.33064 ], [ -63.25269, -17.33126 ], [ -63.2527, -17.3313 ], [ -63.25346, -17.3317 ], [ -63.25352, -17.3317 ], [ -63.2539, -17.33108 ] ] ] } },
{ "type": "Feature", "properties": { "i": 1646 }, "geometry": { "type": "Polygon", "coordinates": [ [ [ -63.23541, -17.33457 ], [ -63.23436, -17.3339 ], [ -63.23433, -17.3339 ], [ -63.23403, -17.33431 ], [ -63.23404, -17.33434 ], [ -63.2351, -17.33505 ], [ -63.23541, -17.33457 ] ] ] } },
{ "type": "Feature", "properties": { "i": 1647 }, "geometry": { "type": "Polygon", "coordinates": [ [ [ -63.23914, -17.33389 ], [ -63.23812, -17.33322 ], [ -63.2378, -17.33366 ], [ -63.23882, -17.33435 ], [ -63.23914, -17.33389 ] ] ] } },
{ "type": "Feature", "properties": { "i": 1648 }, "geometry": { "type": "Polygon", "coordinates": [ [ [ -63.26468, -17.32974 ], [ -63.26496, -17.32924 ], [ -63.26495, -17.32918 ], [ -63.26385, -17.32868 ], [ -63.26358, -17.32919 ], [ -63.26359, -17.32924 ], [ -63.26461, -17.32975 ], [ -63.26468, -17.32974 ] ] ] } },
{ "type": "Feature", "properties": { "i": 1649 }, "geometry": { "type": "Polygon", "coordinates": [ [ [ -63.23586, -17.33401 ], [ -63.23692, -17.33469 ], [ -63.23725, -17.33422 ], [ -63.23635, -17.33361 ], [ -63.23587, -17.3334 ], [ -63.23586, -17.33401 ] ] ] } },
{ "type": "Feature", "properties": { "i": 1650 }, "geometry": { "type": "Polygon", "coordinates": [ [ [ -63.22511, -17.33538 ], [ -63.22442, -17.33637 ], [ -63.22515, -17.33687 ], [ -63.22576, -17.33593 ], [ -63.22511, -17.33538 ] ] ] } },
{ "type": "Feature", "properties": { "i": 1651 }, "geometry": { "type": "Polygon", "coordinates": [ [ [ -63.23984, -17.33329 ], [ -63.24086, -17.33397 ], [ -63.24121, -17.3335 ], [ -63.2412, -17.33346 ], [ -63.24017, -17.33281 ], [ -63.23984, -17.33329 ] ] ] } },
{ "type": "Feature", "properties": { "i": 1652 }, "geometry": { "type": "Polygon", "coordinates": [ [ [ -63.24898, -17.33147 ], [ -63.24847, -17.3312 ], [ -63.24843, -17.33121 ], [ -63.24771, -17.33241 ], [ -63.24771, -17.33245 ], [ -63.24828, -17.33274 ], [ -63.249, -17.33152 ], [ -63.24898, -17.33147 ] ] ] } },
{ "type": "Feature", "properties": { "i": 1653 }, "geometry": { "type": "Polygon", "coordinates": [ [ [ -63.27181, -17.32817 ], [ -63.27244, -17.32829 ], [ -63.27298, -17.32728 ], [ -63.27244, -17.327 ], [ -63.27179, -17.32814 ], [ -63.27181, -17.32817 ] ] ] } },
{ "type": "Feature", "properties": { "i": 1654 }, "geometry": { "type": "Polygon", "coordinates": [ [ [ -63.2653, -17.32842 ], [ -63.26498, -17.32898 ], [ -63.26581, -17.32939 ], [ -63.26584, -17.32938 ], [ -63.26614, -17.32882 ], [ -63.2653, -17.32842 ] ] ] } },
{ "type": "Feature", "properties": { "i": 1655 }, "geometry": { "type": "Polygon", "coordinates": [ [ [ -63.25098, -17.33074 ], [ -63.25034, -17.3318 ], [ -63.25035, -17.33183 ], [ -63.25095, -17.33215 ], [ -63.25098, -17.33215 ], [ -63.25162, -17.33109 ], [ -63.2516, -17.33104 ], [ -63.25102, -17.33073 ], [ -63.25098, -17.33074 ] ] ] } },
{ "type": "Feature", "properties": { "i": 1656 }, "geometry": { "type": "Polygon", "coordinates": [ [ [ -63.22367, -17.33605 ], [ -63.22366, -17.33601 ], [ -63.22306, -17.33563 ], [ -63.22298, -17.33565 ], [ -63.22284, -17.33665 ], [ -63.22353, -17.33677 ], [ -63.22357, -17.33675 ], [ -63.22367, -17.33605 ] ] ] } },
{ "type": "Feature", "properties": { "i": 1657 }, "geometry": { "type": "Polygon", "coordinates": [ [ [ -63.26639, -17.32937 ], [ -63.26677, -17.32944 ], [ -63.26696, -17.32945 ], [ -63.26787, -17.32784 ], [ -63.26731, -17.32764 ], [ -63.26635, -17.32933 ], [ -63.26639, -17.32937 ] ] ] } },
{ "type": "Feature", "properties": { "i": 1658 }, "geometry": { "type": "Polygon", "coordinates": [ [ [ -63.22122, -17.33651 ], [ -63.21935, -17.33626 ], [ -63.21916, -17.33707 ], [ -63.22109, -17.3374 ], [ -63.22122, -17.33651 ] ] ] } },
{ "type": "Feature", "properties": { "i": 1659 }, "geometry": { "type": "Polygon", "coordinates": [ [ [ -63.25755, -17.33079 ], [ -63.25806, -17.32972 ], [ -63.2575, -17.32942 ], [ -63.25686, -17.33057 ], [ -63.25746, -17.33084 ], [ -63.25755, -17.33079 ] ] ] } },
{ "type": "Feature", "properties": { "i": 1660 }, "geometry": { "type": "Polygon", "coordinates": [ [ [ -63.25509, -17.33032 ], [ -63.25509, -17.33021 ], [ -63.25503, -17.33012 ], [ -63.25478, -17.33001 ], [ -63.25474, -17.33001 ], [ -63.25411, -17.331 ], [ -63.25464, -17.33129 ], [ -63.25468, -17.33129 ], [ -63.25509, -17.33032 ] ] ] } },
{ "type": "Feature", "properties": { "i": 1661 }, "geometry": { "type": "Polygon", "coordinates": [ [ [ -63.23383, -17.3344 ], [ -63.23382, -17.33435 ], [ -63.23279, -17.33369 ], [ -63.23218, -17.33453 ], [ -63.23246, -17.3348 ], [ -63.2328, -17.33504 ], [ -63.23323, -17.33526 ], [ -63.23383, -17.3344 ] ] ] } },
{ "type": "Feature", "properties": { "i": 1662 }, "geometry": { "type": "Polygon", "coordinates": [ [ [ -63.27536, -17.32637 ], [ -63.27486, -17.32613 ], [ -63.27401, -17.32767 ], [ -63.27456, -17.32793 ], [ -63.27536, -17.32637 ] ] ] } },
{ "type": "Feature", "properties": { "i": 1663 }, "geometry": { "type": "Polygon", "coordinates": [ [ [ -63.27232, -17.32696 ], [ -63.27173, -17.32665 ], [ -63.27095, -17.32804 ], [ -63.27161, -17.32815 ], [ -63.27166, -17.32814 ], [ -63.27232, -17.32696 ] ] ] } },
{ "type": "Feature", "properties": { "i": 1664 }, "geometry": { "type": "Polygon", "coordinates": [ [ [ -63.24269, -17.33279 ], [ -63.24312, -17.33309 ], [ -63.24318, -17.33308 ], [ -63.24377, -17.33223 ], [ -63.24377, -17.33217 ], [ -63.24334, -17.3319 ], [ -63.2433, -17.33191 ], [ -63.24269, -17.33279 ] ] ] } },
{ "type": "Feature", "properties": { "i": 1665 }, "geometry": { "type": "Polygon", "coordinates": [ [ [ -63.24522, -17.33155 ], [ -63.24459, -17.33244 ], [ -63.24502, -17.33272 ], [ -63.24508, -17.33271 ], [ -63.24568, -17.33186 ], [ -63.24567, -17.33183 ], [ -63.24525, -17.33155 ], [ -63.24522, -17.33155 ] ] ] } },
{ "type": "Feature", "properties": { "i": 1666 }, "geometry": { "type": "Polygon", "coordinates": [ [ [ -63.22848, -17.33552 ], [ -63.22747, -17.33454 ], [ -63.22699, -17.33496 ], [ -63.22811, -17.33611 ], [ -63.22848, -17.33559 ], [ -63.22848, -17.33552 ] ] ] } },
{ "type": "Feature", "properties": { "i": 1667 }, "geometry": { "type": "Polygon", "coordinates": [ [ [ -63.23763, -17.3337 ], [ -63.23763, -17.33365 ], [ -63.23666, -17.33299 ], [ -63.23633, -17.33345 ], [ -63.23634, -17.3335 ], [ -63.23732, -17.33413 ], [ -63.23763, -17.3337 ] ] ] } },
{ "type": "Feature", "properties": { "i": 1668 }, "geometry": { "type": "Polygon", "coordinates": [ [ [ -63.24083, -17.33313 ], [ -63.24129, -17.33342 ], [ -63.24195, -17.33249 ], [ -63.24195, -17.33246 ], [ -63.24193, -17.33244 ], [ -63.24134, -17.33234 ], [ -63.24082, -17.33309 ], [ -63.24083, -17.33313 ] ] ] } },
{ "type": "Feature", "properties": { "i": 1669 }, "geometry": { "type": "Polygon", "coordinates": [ [ [ -63.23574, -17.33401 ], [ -63.23472, -17.33335 ], [ -63.23441, -17.33378 ], [ -63.23544, -17.33447 ], [ -63.23574, -17.33401 ] ] ] } },
{ "type": "Feature", "properties": { "i": 1670 }, "geometry": { "type": "Polygon", "coordinates": [ [ [ -63.23959, -17.33327 ], [ -63.23853, -17.33257 ], [ -63.23822, -17.33301 ], [ -63.23923, -17.33369 ], [ -63.23932, -17.33366 ], [ -63.23959, -17.33327 ] ] ] } },
{ "type": "Feature", "properties": { "i": 1671 }, "geometry": { "type": "Polygon", "coordinates": [ [ [ -63.21576, -17.33791 ], [ -63.21606, -17.33741 ], [ -63.21605, -17.33738 ], [ -63.21494, -17.33679 ], [ -63.21484, -17.33697 ], [ -63.21478, -17.33732 ], [ -63.2148, -17.33736 ], [ -63.21483, -17.3374 ], [ -63.21576, -17.33791 ] ] ] } },
{ "type": "Feature", "properties": { "i": 1672 }, "geometry": { "type": "Polygon", "coordinates": [ [ [ -63.21615, -17.33736 ], [ -63.217, -17.33748 ], [ -63.21708, -17.33687 ], [ -63.21649, -17.33681 ], [ -63.21615, -17.33736 ] ] ] } },
{ "type": "Feature", "properties": { "i": 1673 }, "geometry": { "type": "Polygon", "coordinates": [ [ [ -63.26555, -17.32796 ], [ -63.26535, -17.32834 ], [ -63.26536, -17.32837 ], [ -63.26619, -17.32875 ], [ -63.2664, -17.32833 ], [ -63.26559, -17.32795 ], [ -63.26555, -17.32796 ] ] ] } },
{ "type": "Feature", "properties": { "i": 1674 }, "geometry": { "type": "Polygon", "coordinates": [ [ [ -63.24831, -17.33111 ], [ -63.24771, -17.33078 ], [ -63.24764, -17.33078 ], [ -63.24759, -17.33081 ], [ -63.2468, -17.33193 ], [ -63.24681, -17.33197 ], [ -63.24755, -17.33237 ], [ -63.2476, -17.33236 ], [ -63.24832, -17.33116 ], [ -63.24831, -17.33111 ] ] ] } },
{ "type": "Feature", "properties": { "i": 1675 }, "geometry": { "type": "Polygon", "coordinates": [ [ [ -63.23127, -17.33513 ], [ -63.2302, -17.334 ], [ -63.22972, -17.33443 ], [ -63.23089, -17.33566 ], [ -63.23127, -17.33513 ] ] ] } },
{ "type": "Feature", "properties": { "i": 1676 }, "geometry": { "type": "Polygon", "coordinates": [ [ [ -63.27136, -17.32703 ], [ -63.27159, -17.32657 ], [ -63.27113, -17.32635 ], [ -63.27032, -17.32789 ], [ -63.27073, -17.32799 ], [ -63.27081, -17.32793 ], [ -63.27085, -17.32795 ], [ -63.27136, -17.32703 ] ] ] } },
{ "type": "Feature", "properties": { "i": 1677 }, "geometry": { "type": "Polygon", "coordinates": [ [ [ -63.26056, -17.329 ], [ -63.25988, -17.32866 ], [ -63.25983, -17.32867 ], [ -63.25924, -17.32977 ], [ -63.25994, -17.33014 ], [ -63.26056, -17.329 ] ] ] } },
{ "type": "Feature", "properties": { "i": 1678 }, "geometry": { "type": "Polygon", "coordinates": [ [ [ -63.22236, -17.3352 ], [ -63.22222, -17.3356 ], [ -63.22208, -17.33653 ], [ -63.22269, -17.33663 ], [ -63.22272, -17.33659 ], [ -63.22286, -17.33553 ], [ -63.22236, -17.3352 ] ] ] } },
{ "type": "Feature", "properties": { "i": 1679 }, "geometry": { "type": "Polygon", "coordinates": [ [ [ -63.22395, -17.33581 ], [ -63.22477, -17.33509 ], [ -63.22505, -17.33534 ], [ -63.22436, -17.33632 ], [ -63.22397, -17.33606 ], [ -63.22391, -17.336 ], [ -63.2239, -17.33588 ], [ -63.22395, -17.33581 ] ] ] } },
{ "type": "Feature", "properties": { "i": 1680 }, "geometry": { "type": "Polygon", "coordinates": [ [ [ -63.25025, -17.33171 ], [ -63.25091, -17.33061 ], [ -63.25089, -17.33055 ], [ -63.25034, -17.33025 ], [ -63.25028, -17.33026 ], [ -63.2496, -17.33138 ], [ -63.24961, -17.33142 ], [ -63.25017, -17.33173 ], [ -63.25025, -17.33171 ] ] ] } },
{ "type": "Feature", "properties": { "i": 1681 }, "geometry": { "type": "Polygon", "coordinates": [ [ [ -63.23581, -17.33322 ], [ -63.23513, -17.33281 ], [ -63.23509, -17.33282 ], [ -63.23479, -17.33324 ], [ -63.23577, -17.33387 ], [ -63.2358, -17.33386 ], [ -63.23581, -17.33322 ] ] ] } },
{ "type": "Feature", "properties": { "i": 1682 }, "geometry": { "type": "Polygon", "coordinates": [ [ [ -63.25462, -17.32993 ], [ -63.25372, -17.32951 ], [ -63.25316, -17.33048 ], [ -63.25395, -17.33093 ], [ -63.254, -17.33092 ], [ -63.25462, -17.32993 ] ] ] } },
{ "type": "Feature", "properties": { "i": 1683 }, "geometry": { "type": "Polygon", "coordinates": [ [ [ -63.24069, -17.333 ], [ -63.24074, -17.33301 ], [ -63.24122, -17.33231 ], [ -63.24066, -17.33216 ], [ -63.24061, -17.33217 ], [ -63.24023, -17.33274 ], [ -63.24069, -17.333 ] ] ] } },
{ "type": "Feature", "properties": { "i": 1684 }, "geometry": { "type": "Polygon", "coordinates": [ [ [ -63.22584, -17.33585 ], [ -63.22622, -17.33547 ], [ -63.2254, -17.33463 ], [ -63.22534, -17.33463 ], [ -63.22497, -17.33494 ], [ -63.2254, -17.33523 ], [ -63.22528, -17.33537 ], [ -63.22584, -17.33585 ] ] ] } },
{ "type": "Feature", "properties": { "i": 1685 }, "geometry": { "type": "Polygon", "coordinates": [ [ [ -63.2591, -17.32972 ], [ -63.25918, -17.32971 ], [ -63.25945, -17.32921 ], [ -63.25944, -17.32918 ], [ -63.25868, -17.32879 ], [ -63.25865, -17.3288 ], [ -63.2584, -17.32931 ], [ -63.25841, -17.32934 ], [ -63.2591, -17.32972 ] ] ] } },
{ "type": "Feature", "properties": { "i": 1686 }, "geometry": { "type": "Polygon", "coordinates": [ [ [ -63.24272, -17.33157 ], [ -63.24213, -17.33243 ], [ -63.24259, -17.33273 ], [ -63.2432, -17.33185 ], [ -63.24319, -17.33181 ], [ -63.24281, -17.33156 ], [ -63.24276, -17.33155 ], [ -63.24272, -17.33157 ] ] ] } },
{ "type": "Feature", "properties": { "i": 1687 }, "geometry": { "type": "Polygon", "coordinates": [ [ [ -63.24447, -17.33238 ], [ -63.24451, -17.33237 ], [ -63.24513, -17.33147 ], [ -63.24468, -17.33118 ], [ -63.24464, -17.33119 ], [ -63.24403, -17.33208 ], [ -63.24404, -17.33212 ], [ -63.24447, -17.33238 ] ] ] } },
{ "type": "Feature", "properties": { "i": 1688 }, "geometry": { "type": "Polygon", "coordinates": [ [ [ -63.23181, -17.33438 ], [ -63.23084, -17.33343 ], [ -63.23032, -17.33392 ], [ -63.23136, -17.335 ], [ -63.23181, -17.33438 ] ] ] } },
{ "type": "Feature", "properties": { "i": 1689 }, "geometry": { "type": "Polygon", "coordinates": [ [ [ -63.23391, -17.33429 ], [ -63.23423, -17.33384 ], [ -63.23423, -17.33381 ], [ -63.23318, -17.33313 ], [ -63.23286, -17.33358 ], [ -63.23391, -17.33429 ] ] ] } },
{ "type": "Feature", "properties": { "i": 1690 }, "geometry": { "type": "Polygon", "coordinates": [ [ [ -63.22134, -17.33569 ], [ -63.2202, -17.33556 ], [ -63.22011, -17.33628 ], [ -63.22125, -17.33642 ], [ -63.22134, -17.33569 ] ] ] } },
{ "type": "Feature", "properties": { "i": 1691 }, "geometry": { "type": "Polygon", "coordinates": [ [ [ -63.23797, -17.33313 ], [ -63.237, -17.33248 ], [ -63.23673, -17.33287 ], [ -63.23772, -17.33356 ], [ -63.23798, -17.33319 ], [ -63.23797, -17.33313 ] ] ] } },
{ "type": "Feature", "properties": { "i": 1692 }, "geometry": { "type": "Polygon", "coordinates": [ [ [ -63.23898, -17.33207 ], [ -63.23892, -17.33207 ], [ -63.23864, -17.3325 ], [ -63.23966, -17.33317 ], [ -63.23998, -17.33272 ], [ -63.23898, -17.33207 ] ] ] } },
{ "type": "Feature", "properties": { "i": 1693 }, "geometry": { "type": "Polygon", "coordinates": [ [ [ -63.22134, -17.33644 ], [ -63.22193, -17.33652 ], [ -63.22198, -17.33649 ], [ -63.22212, -17.33554 ], [ -63.22223, -17.33512 ], [ -63.22158, -17.33479 ], [ -63.22145, -17.33558 ], [ -63.22134, -17.33644 ] ] ] } },
{ "type": "Feature", "properties": { "i": 1694 }, "geometry": { "type": "Polygon", "coordinates": [ [ [ -63.27423, -17.32589 ], [ -63.27387, -17.32657 ], [ -63.27433, -17.3268 ], [ -63.27472, -17.3261 ], [ -63.27423, -17.32589 ] ] ] } },
{ "type": "Feature", "properties": { "i": 1695 }, "geometry": { "type": "Polygon", "coordinates": [ [ [ -63.24193, -17.3324 ], [ -63.24149, -17.33211 ], [ -63.24137, -17.33229 ], [ -63.24157, -17.33233 ], [ -63.24193, -17.3324 ] ] ] } },
{ "type": "Feature", "properties": { "i": 1696 }, "geometry": { "type": "Polygon", "coordinates": [ [ [ -63.26483, -17.32892 ], [ -63.26407, -17.32857 ], [ -63.26408, -17.32853 ], [ -63.26403, -17.32844 ], [ -63.26403, -17.32832 ], [ -63.2645, -17.32746 ], [ -63.26537, -17.32786 ], [ -63.26487, -17.32885 ], [ -63.26483, -17.32892 ] ] ] } },
{ "type": "Feature", "properties": { "i": 1697 }, "geometry": { "type": "Polygon", "coordinates": [ [ [ -63.21639, -17.33684 ], [ -63.21637, -17.3368 ], [ -63.2153, -17.33624 ], [ -63.21499, -17.33673 ], [ -63.21501, -17.33676 ], [ -63.21607, -17.33733 ], [ -63.2161, -17.33732 ], [ -63.21639, -17.33684 ] ] ] } },
{ "type": "Feature", "properties": { "i": 1698 }, "geometry": { "type": "Polygon", "coordinates": [ [ [ -63.25807, -17.32966 ], [ -63.25822, -17.32934 ], [ -63.25694, -17.32863 ], [ -63.25678, -17.32863 ], [ -63.25675, -17.32864 ], [ -63.2567, -17.32871 ], [ -63.25635, -17.32855 ], [ -63.25579, -17.32985 ], [ -63.25579, -17.32997 ], [ -63.25583, -17.33007 ], [ -63.25589, -17.33014 ], [ -63.25676, -17.33054 ], [ -63.25746, -17.32933 ], [ -63.25807, -17.32966 ] ] ] } },
{ "type": "Feature", "properties": { "i": 1699 }, "geometry": { "type": "Polygon", "coordinates": [ [ [ -63.25355, -17.32951 ], [ -63.25354, -17.32946 ], [ -63.25293, -17.32919 ], [ -63.25289, -17.32919 ], [ -63.25191, -17.33083 ], [ -63.25192, -17.33086 ], [ -63.25252, -17.33119 ], [ -63.25255, -17.33118 ], [ -63.25355, -17.32951 ] ] ] } },
{ "type": "Feature", "properties": { "i": 1700 }, "geometry": { "type": "Polygon", "coordinates": [ [ [ -63.27057, -17.32604 ], [ -63.27054, -17.32605 ], [ -63.26961, -17.32776 ], [ -63.27018, -17.32787 ], [ -63.27104, -17.32629 ], [ -63.27057, -17.32604 ] ] ] } },
{ "type": "Feature", "properties": { "i": 1701 }, "geometry": { "type": "Polygon", "coordinates": [ [ [ -63.22821, -17.33497 ], [ -63.22872, -17.33454 ], [ -63.22813, -17.33397 ], [ -63.22761, -17.33441 ], [ -63.22815, -17.33495 ], [ -63.22821, -17.33497 ] ] ] } },
{ "type": "Feature", "properties": { "i": 1702 }, "geometry": { "type": "Polygon", "coordinates": [ [ [ -63.26561, -17.32775 ], [ -63.26651, -17.32817 ], [ -63.26659, -17.32803 ], [ -63.26675, -17.32771 ], [ -63.26586, -17.32728 ], [ -63.26561, -17.32775 ] ] ] } },
{ "type": "Feature", "properties": { "i": 1703 }, "geometry": { "type": "Polygon", "coordinates": [ [ [ -63.21674, -17.33677 ], [ -63.21766, -17.33688 ], [ -63.21786, -17.33603 ], [ -63.21698, -17.33587 ], [ -63.21674, -17.33677 ] ] ] } },
{ "type": "Feature", "properties": { "i": 1704 }, "geometry": { "type": "Polygon", "coordinates": [ [ [ -63.2689, -17.32764 ], [ -63.26949, -17.32774 ], [ -63.2701, -17.32664 ], [ -63.27044, -17.32599 ], [ -63.27043, -17.32596 ], [ -63.26994, -17.32573 ], [ -63.26889, -17.32762 ], [ -63.2689, -17.32764 ] ] ] } },
{ "type": "Feature", "properties": { "i": 1705 }, "geometry": { "type": "Polygon", "coordinates": [ [ [ -63.24952, -17.33129 ], [ -63.25011, -17.33029 ], [ -63.25011, -17.33024 ], [ -63.24954, -17.32993 ], [ -63.24949, -17.32994 ], [ -63.24885, -17.33099 ], [ -63.24945, -17.33131 ], [ -63.24952, -17.33129 ] ] ] } },
{ "type": "Feature", "properties": { "i": 1706 }, "geometry": { "type": "Polygon", "coordinates": [ [ [ -63.22682, -17.33498 ], [ -63.22596, -17.33409 ], [ -63.22545, -17.33451 ], [ -63.22631, -17.3354 ], [ -63.22635, -17.3354 ], [ -63.22682, -17.33498 ] ] ] } },
{ "type": "Feature", "properties": { "i": 1707 }, "geometry": { "type": "Polygon", "coordinates": [ [ [ -63.22956, -17.33446 ], [ -63.22865, -17.3335 ], [ -63.22862, -17.33349 ], [ -63.22822, -17.33386 ], [ -63.22822, -17.33388 ], [ -63.22917, -17.33482 ], [ -63.22956, -17.33446 ] ] ] } },
{ "type": "Feature", "properties": { "i": 1708 }, "geometry": { "type": "Polygon", "coordinates": [ [ [ -63.24221, -17.33118 ], [ -63.24216, -17.33118 ], [ -63.24155, -17.33206 ], [ -63.24198, -17.33236 ], [ -63.24203, -17.33234 ], [ -63.24263, -17.33149 ], [ -63.24262, -17.33145 ], [ -63.24221, -17.33118 ] ] ] } },
{ "type": "Feature", "properties": { "i": 1709 }, "geometry": { "type": "Polygon", "coordinates": [ [ [ -63.24578, -17.33171 ], [ -63.24605, -17.33133 ], [ -63.24605, -17.33127 ], [ -63.24505, -17.33061 ], [ -63.24476, -17.33104 ], [ -63.24476, -17.33108 ], [ -63.24572, -17.33173 ], [ -63.24578, -17.33171 ] ] ] } },
{ "type": "Feature", "properties": { "i": 1710 }, "geometry": { "type": "Polygon", "coordinates": [ [ [ -63.24389, -17.332 ], [ -63.24393, -17.33199 ], [ -63.24454, -17.33113 ], [ -63.24453, -17.33108 ], [ -63.24413, -17.33082 ], [ -63.24409, -17.33082 ], [ -63.24406, -17.33085 ], [ -63.24346, -17.3317 ], [ -63.24347, -17.33173 ], [ -63.24389, -17.332 ] ] ] } },
{ "type": "Feature", "properties": { "i": 1711 }, "geometry": { "type": "Polygon", "coordinates": [ [ [ -63.23656, -17.33293 ], [ -63.23552, -17.33225 ], [ -63.23548, -17.33226 ], [ -63.23518, -17.33268 ], [ -63.23519, -17.33272 ], [ -63.23588, -17.33313 ], [ -63.2359, -17.33336 ], [ -63.23624, -17.33343 ], [ -63.23656, -17.33293 ] ] ] } },
{ "type": "Feature", "properties": { "i": 1712 }, "geometry": { "type": "Polygon", "coordinates": [ [ [ -63.23324, -17.33303 ], [ -63.2343, -17.33372 ], [ -63.23461, -17.3333 ], [ -63.23461, -17.33327 ], [ -63.23356, -17.33258 ], [ -63.23324, -17.33303 ] ] ] } },
{ "type": "Feature", "properties": { "i": 1713 }, "geometry": { "type": "Polygon", "coordinates": [ [ [ -63.24065, -17.33208 ], [ -63.24128, -17.33226 ], [ -63.24141, -17.33206 ], [ -63.24087, -17.33174 ], [ -63.24065, -17.33208 ] ] ] } },
{ "type": "Feature", "properties": { "i": 1714 }, "geometry": { "type": "Polygon", "coordinates": [ [ [ -63.25976, -17.32865 ], [ -63.25974, -17.32859 ], [ -63.25893, -17.32819 ], [ -63.25868, -17.32868 ], [ -63.2595, -17.32912 ], [ -63.25976, -17.32865 ] ] ] } },
{ "type": "Feature", "properties": { "i": 1715 }, "geometry": { "type": "Polygon", "coordinates": [ [ [ -63.27222, -17.32583 ], [ -63.27181, -17.32655 ], [ -63.27241, -17.32684 ], [ -63.2728, -17.32612 ], [ -63.27222, -17.32583 ] ] ] } },
{ "type": "Feature", "properties": { "i": 1716 }, "geometry": { "type": "Polygon", "coordinates": [ [ [ -63.23835, -17.33165 ], [ -63.23764, -17.33265 ], [ -63.23814, -17.33296 ], [ -63.23884, -17.33197 ], [ -63.23835, -17.33165 ] ] ] } },
{ "type": "Feature", "properties": { "i": 1717 }, "geometry": { "type": "Polygon", "coordinates": [ [ [ -63.25168, -17.33091 ], [ -63.25173, -17.33089 ], [ -63.25202, -17.33041 ], [ -63.25201, -17.33037 ], [ -63.24995, -17.32923 ], [ -63.24991, -17.32924 ], [ -63.24961, -17.32973 ], [ -63.24963, -17.32977 ], [ -63.25168, -17.33091 ] ] ] } },
{ "type": "Feature", "properties": { "i": 1718 }, "geometry": { "type": "Polygon", "coordinates": [ [ [ -63.27328, -17.32624 ], [ -63.27377, -17.32649 ], [ -63.27413, -17.32583 ], [ -63.2736, -17.32561 ], [ -63.27327, -17.3262 ], [ -63.27328, -17.32624 ] ] ] } },
{ "type": "Feature", "properties": { "i": 1719 }, "geometry": { "type": "Polygon", "coordinates": [ [ [ -63.24041, -17.33209 ], [ -63.2393, -17.33153 ], [ -63.23901, -17.33195 ], [ -63.24003, -17.3326 ], [ -63.24005, -17.3326 ], [ -63.24041, -17.33209 ] ] ] } },
{ "type": "Feature", "properties": { "i": 1720 }, "geometry": { "type": "Polygon", "coordinates": [ [ [ -63.21643, -17.33676 ], [ -63.21672, -17.33627 ], [ -63.21562, -17.33565 ], [ -63.21532, -17.33616 ], [ -63.21643, -17.33676 ] ] ] } },
{ "type": "Feature", "properties": { "i": 1721 }, "geometry": { "type": "Polygon", "coordinates": [ [ [ -63.22738, -17.33443 ], [ -63.22655, -17.33358 ], [ -63.22651, -17.33359 ], [ -63.22605, -17.33401 ], [ -63.2269, -17.33488 ], [ -63.22693, -17.33488 ], [ -63.22738, -17.33449 ], [ -63.22738, -17.33443 ] ] ] } },
{ "type": "Feature", "properties": { "i": 1722 }, "geometry": { "type": "Polygon", "coordinates": [ [ [ -63.23015, -17.33394 ], [ -63.23015, -17.33391 ], [ -63.2292, -17.33297 ], [ -63.22875, -17.33338 ], [ -63.22875, -17.33342 ], [ -63.22966, -17.33439 ], [ -63.23015, -17.33394 ] ] ] } },
{ "type": "Feature", "properties": { "i": 1723 }, "geometry": { "type": "Polygon", "coordinates": [ [ [ -63.26821, -17.32752 ], [ -63.26873, -17.32762 ], [ -63.26984, -17.32567 ], [ -63.26932, -17.3254 ], [ -63.26819, -17.32749 ], [ -63.26821, -17.32752 ] ] ] } },
{ "type": "Feature", "properties": { "i": 1724 }, "geometry": { "type": "Polygon", "coordinates": [ [ [ -63.22148, -17.33471 ], [ -63.22098, -17.33445 ], [ -63.22083, -17.33552 ], [ -63.22131, -17.33559 ], [ -63.22137, -17.33554 ], [ -63.22148, -17.33471 ] ] ] } },
{ "type": "Feature", "properties": { "i": 1725 }, "geometry": { "type": "Polygon", "coordinates": [ [ [ -63.2668, -17.32759 ], [ -63.26684, -17.32758 ], [ -63.26717, -17.32694 ], [ -63.26626, -17.32652 ], [ -63.26621, -17.32656 ], [ -63.26589, -17.32719 ], [ -63.2668, -17.32759 ] ] ] } },
{ "type": "Feature", "properties": { "i": 1726 }, "geometry": { "type": "Polygon", "coordinates": [ [ [ -63.2609, -17.32839 ], [ -63.25921, -17.32757 ], [ -63.25898, -17.32805 ], [ -63.26063, -17.3289 ], [ -63.2609, -17.32839 ] ] ] } },
{ "type": "Feature", "properties": { "i": 1727 }, "geometry": { "type": "Polygon", "coordinates": [ [ [ -63.25851, -17.3287 ], [ -63.25718, -17.32802 ], [ -63.25688, -17.32852 ], [ -63.25825, -17.32928 ], [ -63.25851, -17.3287 ] ] ] } },
{ "type": "Feature", "properties": { "i": 1728 }, "geometry": { "type": "Polygon", "coordinates": [ [ [ -63.25212, -17.32884 ], [ -63.25145, -17.32994 ], [ -63.25146, -17.32999 ], [ -63.25204, -17.33031 ], [ -63.25209, -17.3303 ], [ -63.25277, -17.32916 ], [ -63.25274, -17.3291 ], [ -63.25216, -17.32884 ], [ -63.25212, -17.32884 ] ] ] } },
{ "type": "Feature", "properties": { "i": 1729 }, "geometry": { "type": "Polygon", "coordinates": [ [ [ -63.24617, -17.33117 ], [ -63.24645, -17.33077 ], [ -63.24644, -17.33072 ], [ -63.24546, -17.33009 ], [ -63.24541, -17.3301 ], [ -63.24514, -17.33048 ], [ -63.24514, -17.33054 ], [ -63.24611, -17.33119 ], [ -63.24617, -17.33117 ] ] ] } },
{ "type": "Feature", "properties": { "i": 1730 }, "geometry": { "type": "Polygon", "coordinates": [ [ [ -63.241, -17.33172 ], [ -63.24142, -17.33198 ], [ -63.24146, -17.33198 ], [ -63.24207, -17.33112 ], [ -63.24205, -17.33107 ], [ -63.24165, -17.33083 ], [ -63.24158, -17.33085 ], [ -63.24099, -17.33165 ], [ -63.241, -17.33172 ] ] ] } },
{ "type": "Feature", "properties": { "i": 1731 }, "geometry": { "type": "Polygon", "coordinates": [ [ [ -63.25463, -17.32948 ], [ -63.25483, -17.32914 ], [ -63.25482, -17.32907 ], [ -63.25422, -17.32876 ], [ -63.25418, -17.32876 ], [ -63.25394, -17.32919 ], [ -63.25395, -17.32924 ], [ -63.25454, -17.32951 ], [ -63.25463, -17.32948 ] ] ] } },
{ "type": "Feature", "properties": { "i": 1732 }, "geometry": { "type": "Polygon", "coordinates": [ [ [ -63.24333, -17.33164 ], [ -63.24336, -17.33163 ], [ -63.24397, -17.33076 ], [ -63.24396, -17.33071 ], [ -63.24354, -17.33045 ], [ -63.24349, -17.33046 ], [ -63.24343, -17.33054 ], [ -63.24289, -17.33132 ], [ -63.2429, -17.33137 ], [ -63.24333, -17.33164 ] ] ] } },
{ "type": "Feature", "properties": { "i": 1733 }, "geometry": { "type": "Polygon", "coordinates": [ [ [ -63.23663, -17.33282 ], [ -63.23689, -17.33243 ], [ -63.23602, -17.33184 ], [ -63.23591, -17.33183 ], [ -63.23585, -17.33185 ], [ -63.2356, -17.33218 ], [ -63.23663, -17.33282 ] ] ] } },
{ "type": "Feature", "properties": { "i": 1734 }, "geometry": { "type": "Polygon", "coordinates": [ [ [ -63.23187, -17.33409 ], [ -63.23193, -17.3341 ], [ -63.23197, -17.33408 ], [ -63.23324, -17.33229 ], [ -63.23322, -17.3322 ], [ -63.2328, -17.33193 ], [ -63.23152, -17.33375 ], [ -63.23153, -17.3338 ], [ -63.23187, -17.33409 ] ] ] } },
{ "type": "Feature", "properties": { "i": 1735 }, "geometry": { "type": "Polygon", "coordinates": [ [ [ -63.23369, -17.33254 ], [ -63.23468, -17.33318 ], [ -63.23498, -17.33275 ], [ -63.23498, -17.33271 ], [ -63.23399, -17.33206 ], [ -63.23395, -17.33207 ], [ -63.23368, -17.33246 ], [ -63.23369, -17.33254 ] ] ] } },
{ "type": "Feature", "properties": { "i": 1736 }, "geometry": { "type": "Polygon", "coordinates": [ [ [ -63.25537, -17.32967 ], [ -63.25598, -17.32823 ], [ -63.25564, -17.32804 ], [ -63.25473, -17.32955 ], [ -63.25513, -17.32976 ], [ -63.25527, -17.32975 ], [ -63.25537, -17.32967 ] ] ] } },
{ "type": "Feature", "properties": { "i": 1737 }, "geometry": { "type": "Polygon", "coordinates": [ [ [ -63.24877, -17.32919 ], [ -63.24795, -17.3304 ], [ -63.24797, -17.33047 ], [ -63.24802, -17.33053 ], [ -63.24869, -17.3309 ], [ -63.24878, -17.33088 ], [ -63.24955, -17.3296 ], [ -63.24954, -17.32956 ], [ -63.24886, -17.32917 ], [ -63.24877, -17.32919 ] ] ] } },
{ "type": "Feature", "properties": { "i": 1738 }, "geometry": { "type": "Polygon", "coordinates": [ [ [ -63.23825, -17.33159 ], [ -63.23777, -17.33128 ], [ -63.23704, -17.33227 ], [ -63.23754, -17.33259 ], [ -63.23825, -17.33159 ] ] ] } },
{ "type": "Feature", "properties": { "i": 1739 }, "geometry": { "type": "Polygon", "coordinates": [ [ [ -63.24047, -17.33202 ], [ -63.23933, -17.33149 ], [ -63.23967, -17.331 ], [ -63.24071, -17.33166 ], [ -63.24047, -17.33202 ] ] ] } },
{ "type": "Feature", "properties": { "i": 1740 }, "geometry": { "type": "Polygon", "coordinates": [ [ [ -63.21594, -17.3351 ], [ -63.21566, -17.33558 ], [ -63.21567, -17.33561 ], [ -63.21675, -17.33622 ], [ -63.21685, -17.33605 ], [ -63.21699, -17.33573 ], [ -63.21701, -17.33564 ], [ -63.216, -17.33508 ], [ -63.21594, -17.3351 ] ] ] } },
{ "type": "Feature", "properties": { "i": 1741 }, "geometry": { "type": "Polygon", "coordinates": [ [ [ -63.27226, -17.32572 ], [ -63.27318, -17.32617 ], [ -63.27352, -17.32555 ], [ -63.27313, -17.32537 ], [ -63.27257, -17.32517 ], [ -63.27226, -17.32572 ] ] ] } },
{ "type": "Feature", "properties": { "i": 1742 }, "geometry": { "type": "Polygon", "coordinates": [ [ [ -63.26152, -17.32718 ], [ -63.26105, -17.32696 ], [ -63.26101, -17.32698 ], [ -63.26043, -17.32801 ], [ -63.26044, -17.32805 ], [ -63.26089, -17.32828 ], [ -63.26092, -17.32827 ], [ -63.26152, -17.32718 ] ] ] } },
{ "type": "Feature", "properties": { "i": 1743 }, "geometry": { "type": "Polygon", "coordinates": [ [ [ -63.22667, -17.33342 ], [ -63.22752, -17.33431 ], [ -63.22757, -17.3343 ], [ -63.22803, -17.33389 ], [ -63.22803, -17.33386 ], [ -63.22722, -17.33301 ], [ -63.22714, -17.33302 ], [ -63.22667, -17.33342 ] ] ] } },
{ "type": "Feature", "properties": { "i": 1744 }, "geometry": { "type": "Polygon", "coordinates": [ [ [ -63.23073, -17.33341 ], [ -63.23075, -17.33337 ], [ -63.23074, -17.33334 ], [ -63.22981, -17.33241 ], [ -63.2293, -17.33287 ], [ -63.23024, -17.33386 ], [ -63.23073, -17.33341 ] ] ] } },
{ "type": "Feature", "properties": { "i": 1745 }, "geometry": { "type": "Polygon", "coordinates": [ [ [ -63.2655, -17.32768 ], [ -63.2661, -17.32648 ], [ -63.26531, -17.32613 ], [ -63.26523, -17.32616 ], [ -63.26517, -17.32623 ], [ -63.26464, -17.32724 ], [ -63.26464, -17.32728 ], [ -63.26466, -17.32732 ], [ -63.26545, -17.32769 ], [ -63.2655, -17.32768 ] ] ] } },
{ "type": "Feature", "properties": { "i": 1746 }, "geometry": { "type": "Polygon", "coordinates": [ [ [ -63.23104, -17.33328 ], [ -63.23183, -17.33213 ], [ -63.23188, -17.33212 ], [ -63.23231, -17.33241 ], [ -63.23144, -17.33365 ], [ -63.23141, -17.33366 ], [ -63.23104, -17.33328 ] ] ] } },
{ "type": "Feature", "properties": { "i": 1747 }, "geometry": { "type": "Polygon", "coordinates": [ [ [ -63.22389, -17.3322 ], [ -63.22537, -17.33263 ], [ -63.2255, -17.33251 ], [ -63.22634, -17.33337 ], [ -63.22634, -17.33346 ], [ -63.22592, -17.33384 ], [ -63.22587, -17.33385 ], [ -63.22506, -17.33304 ], [ -63.22498, -17.33312 ], [ -63.22577, -17.33392 ], [ -63.22576, -17.33398 ], [ -63.2253, -17.33439 ], [ -63.22466, -17.33374 ], [ -63.2246, -17.33383 ], [ -63.2252, -17.33443 ], [ -63.2252, -17.33448 ], [ -63.22477, -17.33488 ], [ -63.22436, -17.33444 ], [ -63.22432, -17.33448 ], [ -63.22469, -17.3349 ], [ -63.22468, -17.33494 ], [ -63.22369, -17.33585 ], [ -63.22239, -17.33502 ], [ -63.22335, -17.33271 ], [ -63.22389, -17.3322 ] ] ] } },
{ "type": "Feature", "properties": { "i": 1748 }, "geometry": { "type": "Polygon", "coordinates": [ [ [ -63.22071, -17.33549 ], [ -63.22085, -17.33446 ], [ -63.22039, -17.33423 ], [ -63.22036, -17.33425 ], [ -63.2202, -17.33541 ], [ -63.22023, -17.33544 ], [ -63.22071, -17.33549 ] ] ] } },
{ "type": "Feature", "properties": { "i": 1749 }, "geometry": { "type": "Polygon", "coordinates": [ [ [ -63.24361, -17.33036 ], [ -63.24461, -17.33098 ], [ -63.24465, -17.33097 ], [ -63.24493, -17.33057 ], [ -63.24493, -17.33054 ], [ -63.24389, -17.32989 ], [ -63.2436, -17.3303 ], [ -63.24361, -17.33036 ] ] ] } },
{ "type": "Feature", "properties": { "i": 1750 }, "geometry": { "type": "Polygon", "coordinates": [ [ [ -63.25135, -17.32849 ], [ -63.25073, -17.32954 ], [ -63.25074, -17.32957 ], [ -63.2513, -17.32987 ], [ -63.25136, -17.32985 ], [ -63.25199, -17.3288 ], [ -63.25199, -17.32877 ], [ -63.25135, -17.32849 ] ] ] } },
{ "type": "Feature", "properties": { "i": 1751 }, "geometry": { "type": "Polygon", "coordinates": [ [ [ -63.22249, -17.33453 ], [ -63.22191, -17.33393 ], [ -63.22187, -17.33393 ], [ -63.2215, -17.33427 ], [ -63.22135, -17.3345 ], [ -63.2223, -17.33499 ], [ -63.22249, -17.33453 ] ] ] } },
{ "type": "Feature", "properties": { "i": 1752 }, "geometry": { "type": "Polygon", "coordinates": [ [ [ -63.24655, -17.33063 ], [ -63.24658, -17.33062 ], [ -63.24687, -17.33019 ], [ -63.24687, -17.33015 ], [ -63.24587, -17.32952 ], [ -63.24581, -17.32953 ], [ -63.24552, -17.32996 ], [ -63.24655, -17.33063 ] ] ] } },
{ "type": "Feature", "properties": { "i": 1753 }, "geometry": { "type": "Polygon", "coordinates": [ [ [ -63.24275, -17.33127 ], [ -63.24278, -17.33127 ], [ -63.24307, -17.33085 ], [ -63.24307, -17.33082 ], [ -63.24206, -17.33017 ], [ -63.24174, -17.3306 ], [ -63.24175, -17.33063 ], [ -63.24275, -17.33127 ] ] ] } },
{ "type": "Feature", "properties": { "i": 1754 }, "geometry": { "type": "Polygon", "coordinates": [ [ [ -63.24093, -17.33036 ], [ -63.2403, -17.33128 ], [ -63.24077, -17.33157 ], [ -63.2414, -17.33069 ], [ -63.24139, -17.33065 ], [ -63.24096, -17.33036 ], [ -63.24093, -17.33036 ] ] ] } },
{ "type": "Feature", "properties": { "i": 1755 }, "geometry": { "type": "Polygon", "coordinates": [ [ [ -63.23434, -17.3315 ], [ -63.23403, -17.33195 ], [ -63.23507, -17.33263 ], [ -63.23537, -17.3322 ], [ -63.23537, -17.33216 ], [ -63.23434, -17.3315 ] ] ] } },
{ "type": "Feature", "properties": { "i": 1756 }, "geometry": { "type": "Polygon", "coordinates": [ [ [ -63.25415, -17.32851 ], [ -63.25413, -17.32846 ], [ -63.25363, -17.32817 ], [ -63.2536, -17.32817 ], [ -63.25356, -17.32819 ], [ -63.25317, -17.32886 ], [ -63.25319, -17.32892 ], [ -63.25376, -17.32916 ], [ -63.25415, -17.32851 ] ] ] } },
{ "type": "Feature", "properties": { "i": 1757 }, "geometry": { "type": "Polygon", "coordinates": [ [ [ -63.2391, -17.33063 ], [ -63.23843, -17.3316 ], [ -63.2389, -17.33188 ], [ -63.23955, -17.33098 ], [ -63.23954, -17.33091 ], [ -63.2391, -17.33063 ] ] ] } },
{ "type": "Feature", "properties": { "i": 1758 }, "geometry": { "type": "Polygon", "coordinates": [ [ [ -63.22729, -17.3329 ], [ -63.22813, -17.33377 ], [ -63.22854, -17.33341 ], [ -63.22771, -17.33256 ], [ -63.22767, -17.33256 ], [ -63.22729, -17.3329 ] ] ] } },
{ "type": "Feature", "properties": { "i": 1759 }, "geometry": { "type": "Polygon", "coordinates": [ [ [ -63.26864, -17.32508 ], [ -63.26754, -17.32721 ], [ -63.26798, -17.32745 ], [ -63.26803, -17.32744 ], [ -63.26857, -17.32653 ], [ -63.26922, -17.32535 ], [ -63.26864, -17.32508 ] ] ] } },
{ "type": "Feature", "properties": { "i": 1760 }, "geometry": { "type": "Polygon", "coordinates": [ [ [ -63.25495, -17.32896 ], [ -63.2555, -17.32801 ], [ -63.25551, -17.32795 ], [ -63.25486, -17.32762 ], [ -63.25425, -17.32867 ], [ -63.25487, -17.32898 ], [ -63.25495, -17.32896 ] ] ] } },
{ "type": "Feature", "properties": { "i": 1761 }, "geometry": { "type": "Polygon", "coordinates": [ [ [ -63.26088, -17.32701 ], [ -63.26039, -17.32677 ], [ -63.26033, -17.32679 ], [ -63.25981, -17.32773 ], [ -63.26032, -17.32799 ], [ -63.26035, -17.32798 ], [ -63.26088, -17.32701 ] ] ] } },
{ "type": "Feature", "properties": { "i": 1762 }, "geometry": { "type": "Polygon", "coordinates": [ [ [ -63.25722, -17.32795 ], [ -63.25854, -17.32864 ], [ -63.25907, -17.32749 ], [ -63.25786, -17.3269 ], [ -63.25722, -17.32795 ] ] ] } },
{ "type": "Feature", "properties": { "i": 1763 }, "geometry": { "type": "Polygon", "coordinates": [ [ [ -63.21958, -17.33384 ], [ -63.21938, -17.33537 ], [ -63.22008, -17.33544 ], [ -63.22026, -17.33414 ], [ -63.21958, -17.33384 ] ] ] } },
{ "type": "Feature", "properties": { "i": 1764 }, "geometry": { "type": "Polygon", "coordinates": [ [ [ -63.23117, -17.33226 ], [ -63.23065, -17.33174 ], [ -63.23061, -17.33173 ], [ -63.23004, -17.33224 ], [ -63.23092, -17.33322 ], [ -63.23107, -17.33306 ], [ -63.23136, -17.33261 ], [ -63.23117, -17.33226 ] ] ] } },
{ "type": "Feature", "properties": { "i": 1765 }, "geometry": { "type": "Polygon", "coordinates": [ [ [ -63.24502, -17.33043 ], [ -63.24531, -17.33003 ], [ -63.2453, -17.32999 ], [ -63.24432, -17.32935 ], [ -63.24428, -17.32936 ], [ -63.24398, -17.32977 ], [ -63.24399, -17.32981 ], [ -63.24497, -17.33044 ], [ -63.24502, -17.33043 ] ] ] } },
{ "type": "Feature", "properties": { "i": 1766 }, "geometry": { "type": "Polygon", "coordinates": [ [ [ -63.25341, -17.3282 ], [ -63.25279, -17.32785 ], [ -63.25235, -17.32855 ], [ -63.25302, -17.32884 ], [ -63.25341, -17.3282 ] ] ] } },
{ "type": "Feature", "properties": { "i": 1767 }, "geometry": { "type": "Polygon", "coordinates": [ [ [ -63.25054, -17.32815 ], [ -63.24996, -17.32914 ], [ -63.25, -17.3292 ], [ -63.25055, -17.3295 ], [ -63.25059, -17.3295 ], [ -63.25121, -17.32847 ], [ -63.2512, -17.32844 ], [ -63.25054, -17.32815 ] ] ] } },
{ "type": "Feature", "properties": { "i": 1768 }, "geometry": { "type": "Polygon", "coordinates": [ [ [ -63.25774, -17.32684 ], [ -63.25718, -17.32657 ], [ -63.25638, -17.32847 ], [ -63.25666, -17.32861 ], [ -63.25672, -17.32861 ], [ -63.25774, -17.32684 ] ] ] } },
{ "type": "Feature", "properties": { "i": 1769 }, "geometry": { "type": "Polygon", "coordinates": [ [ [ -63.23542, -17.33206 ], [ -63.23547, -17.33206 ], [ -63.23574, -17.33168 ], [ -63.23492, -17.33117 ], [ -63.23494, -17.33114 ], [ -63.23493, -17.3311 ], [ -63.23472, -17.33097 ], [ -63.23442, -17.33139 ], [ -63.23542, -17.33206 ] ] ] } },
{ "type": "Feature", "properties": { "i": 1770 }, "geometry": { "type": "Polygon", "coordinates": [ [ [ -63.24022, -17.33122 ], [ -63.24087, -17.33031 ], [ -63.24038, -17.32999 ], [ -63.23974, -17.33089 ], [ -63.24022, -17.33122 ] ] ] } },
{ "type": "Feature", "properties": { "i": 1771 }, "geometry": { "type": "Polygon", "coordinates": [ [ [ -63.22829, -17.33203 ], [ -63.22822, -17.33204 ], [ -63.22779, -17.33243 ], [ -63.22779, -17.33245 ], [ -63.22862, -17.33331 ], [ -63.22866, -17.33331 ], [ -63.22911, -17.33289 ], [ -63.22829, -17.33203 ] ] ] } },
{ "type": "Feature", "properties": { "i": 1772 }, "geometry": { "type": "Polygon", "coordinates": [ [ [ -63.23897, -17.33056 ], [ -63.23897, -17.33052 ], [ -63.23853, -17.33024 ], [ -63.23782, -17.33121 ], [ -63.23829, -17.33152 ], [ -63.23897, -17.33056 ] ] ] } },
{ "type": "Feature", "properties": { "i": 1773 }, "geometry": { "type": "Polygon", "coordinates": [ [ [ -63.24699, -17.32999 ], [ -63.24733, -17.3295 ], [ -63.24733, -17.32944 ], [ -63.24636, -17.32881 ], [ -63.24632, -17.32881 ], [ -63.24597, -17.3293 ], [ -63.24597, -17.32933 ], [ -63.24694, -17.32999 ], [ -63.24699, -17.32999 ] ] ] } },
{ "type": "Feature", "properties": { "i": 1774 }, "geometry": { "type": "Polygon", "coordinates": [ [ [ -63.26435, -17.32483 ], [ -63.26284, -17.32757 ], [ -63.26284, -17.32764 ], [ -63.26287, -17.32769 ], [ -63.2635, -17.328 ], [ -63.26362, -17.328 ], [ -63.2637, -17.32796 ], [ -63.26521, -17.32519 ], [ -63.26519, -17.32513 ], [ -63.26443, -17.32481 ], [ -63.26435, -17.32483 ] ] ] } },
{ "type": "Feature", "properties": { "i": 1775 }, "geometry": { "type": "Polygon", "coordinates": [ [ [ -63.2231, -17.33317 ], [ -63.22288, -17.333 ], [ -63.22197, -17.33384 ], [ -63.22197, -17.33387 ], [ -63.22255, -17.33443 ], [ -63.2231, -17.33317 ] ] ] } },
{ "type": "Feature", "properties": { "i": 1776 }, "geometry": { "type": "Polygon", "coordinates": [ [ [ -63.25599, -17.32714 ], [ -63.25555, -17.32785 ], [ -63.256, -17.32808 ], [ -63.25604, -17.32808 ], [ -63.25607, -17.32805 ], [ -63.25636, -17.32734 ], [ -63.25632, -17.32728 ], [ -63.25602, -17.32713 ], [ -63.25599, -17.32714 ] ] ] } },
{ "type": "Feature", "properties": { "i": 1777 }, "geometry": { "type": "Polygon", "coordinates": [ [ [ -63.26723, -17.32677 ], [ -63.26812, -17.32511 ], [ -63.26812, -17.32499 ], [ -63.26803, -17.32487 ], [ -63.26738, -17.32458 ], [ -63.26734, -17.3246 ], [ -63.26638, -17.32637 ], [ -63.26639, -17.32642 ], [ -63.26719, -17.32678 ], [ -63.26723, -17.32677 ] ] ] } },
{ "type": "Feature", "properties": { "i": 1778 }, "geometry": { "type": "Polygon", "coordinates": [ [ [ -63.25472, -17.32753 ], [ -63.25412, -17.32721 ], [ -63.25363, -17.32804 ], [ -63.25423, -17.32837 ], [ -63.25472, -17.32753 ] ] ] } },
{ "type": "Feature", "properties": { "i": 1779 }, "geometry": { "type": "Polygon", "coordinates": [ [ [ -63.25043, -17.32813 ], [ -63.25042, -17.32809 ], [ -63.24977, -17.3278 ], [ -63.24891, -17.32903 ], [ -63.24893, -17.32909 ], [ -63.2496, -17.32946 ], [ -63.24963, -17.32945 ], [ -63.25043, -17.32813 ] ] ] } },
{ "type": "Feature", "properties": { "i": 1780 }, "geometry": { "type": "Polygon", "coordinates": [ [ [ -63.23176, -17.33205 ], [ -63.23174, -17.33202 ], [ -63.23093, -17.3315 ], [ -63.23087, -17.3315 ], [ -63.23071, -17.33164 ], [ -63.23124, -17.33218 ], [ -63.23143, -17.33252 ], [ -63.23176, -17.33205 ] ] ] } },
{ "type": "Feature", "properties": { "i": 1781 }, "geometry": { "type": "Polygon", "coordinates": [ [ [ -63.24153, -17.33055 ], [ -63.24185, -17.33003 ], [ -63.24106, -17.32952 ], [ -63.24071, -17.33003 ], [ -63.24153, -17.33055 ] ] ] } },
{ "type": "Feature", "properties": { "i": 1782 }, "geometry": { "type": "Polygon", "coordinates": [ [ [ -63.24569, -17.32942 ], [ -63.24468, -17.32878 ], [ -63.24439, -17.3292 ], [ -63.24439, -17.32924 ], [ -63.24537, -17.32987 ], [ -63.24543, -17.32986 ], [ -63.2457, -17.32947 ], [ -63.24569, -17.32942 ] ] ] } },
{ "type": "Feature", "properties": { "i": 1783 }, "geometry": { "type": "Polygon", "coordinates": [ [ [ -63.22922, -17.33281 ], [ -63.22974, -17.33237 ], [ -63.22973, -17.33233 ], [ -63.22889, -17.33145 ], [ -63.22838, -17.33192 ], [ -63.22838, -17.33194 ], [ -63.22922, -17.33281 ] ] ] } },
{ "type": "Feature", "properties": { "i": 1784 }, "geometry": { "type": "Polygon", "coordinates": [ [ [ -63.22618, -17.33195 ], [ -63.22565, -17.33242 ], [ -63.2265, -17.33331 ], [ -63.22704, -17.33283 ], [ -63.22618, -17.33195 ] ] ] } },
{ "type": "Feature", "properties": { "i": 1785 }, "geometry": { "type": "Polygon", "coordinates": [ [ [ -63.2392, -17.33055 ], [ -63.23961, -17.33081 ], [ -63.23967, -17.3308 ], [ -63.24026, -17.32996 ], [ -63.24025, -17.32991 ], [ -63.23983, -17.32962 ], [ -63.23979, -17.32964 ], [ -63.23919, -17.33051 ], [ -63.2392, -17.33055 ] ] ] } },
{ "type": "Feature", "properties": { "i": 1786 }, "geometry": { "type": "Polygon", "coordinates": [ [ [ -63.23238, -17.33228 ], [ -63.23267, -17.33185 ], [ -63.2314, -17.33101 ], [ -63.23097, -17.33139 ], [ -63.23097, -17.33141 ], [ -63.23232, -17.33229 ], [ -63.23238, -17.33228 ] ] ] } },
{ "type": "Feature", "properties": { "i": 1787 }, "geometry": { "type": "Polygon", "coordinates": [ [ [ -63.23287, -17.33182 ], [ -63.23339, -17.33215 ], [ -63.23436, -17.3307 ], [ -63.23435, -17.33067 ], [ -63.23392, -17.33039 ], [ -63.23287, -17.33182 ] ] ] } },
{ "type": "Feature", "properties": { "i": 1788 }, "geometry": { "type": "Polygon", "coordinates": [ [ [ -63.24388, -17.32972 ], [ -63.24415, -17.32927 ], [ -63.24364, -17.32891 ], [ -63.24318, -17.32863 ], [ -63.24313, -17.32863 ], [ -63.24216, -17.33003 ], [ -63.24216, -17.33008 ], [ -63.24313, -17.3307 ], [ -63.24317, -17.3307 ], [ -63.24388, -17.32972 ] ] ] } },
{ "type": "Feature", "properties": { "i": 1789 }, "geometry": { "type": "Polygon", "coordinates": [ [ [ -63.25544, -17.3278 ], [ -63.25585, -17.32708 ], [ -63.25584, -17.32703 ], [ -63.25534, -17.32678 ], [ -63.25491, -17.32754 ], [ -63.25544, -17.3278 ] ] ] } },
{ "type": "Feature", "properties": { "i": 1790 }, "geometry": { "type": "Polygon", "coordinates": [ [ [ -63.23747, -17.33101 ], [ -63.23774, -17.33118 ], [ -63.23843, -17.33017 ], [ -63.23742, -17.32952 ], [ -63.23717, -17.32991 ], [ -63.23712, -17.32988 ], [ -63.23723, -17.3297 ], [ -63.23717, -17.32966 ], [ -63.23731, -17.32945 ], [ -63.23683, -17.32914 ], [ -63.2368, -17.32914 ], [ -63.23539, -17.3312 ], [ -63.23697, -17.33223 ], [ -63.23769, -17.33123 ], [ -63.23743, -17.33106 ], [ -63.23747, -17.33101 ] ] ] } },
{ "type": "Feature", "properties": { "i": 1791 }, "geometry": { "type": "Polygon", "coordinates": [ [ [ -63.24739, -17.32935 ], [ -63.24744, -17.32934 ], [ -63.24825, -17.32823 ], [ -63.24825, -17.32819 ], [ -63.24781, -17.32791 ], [ -63.24776, -17.32793 ], [ -63.24698, -17.32905 ], [ -63.24698, -17.32908 ], [ -63.24739, -17.32935 ] ] ] } },
{ "type": "Feature", "properties": { "i": 1792 }, "geometry": { "type": "Polygon", "coordinates": [ [ [ -63.2217, -17.33392 ], [ -63.22163, -17.33386 ], [ -63.22235, -17.33247 ], [ -63.22279, -17.33292 ], [ -63.2217, -17.33392 ] ] ] } },
{ "type": "Feature", "properties": { "i": 1793 }, "geometry": { "type": "Polygon", "coordinates": [ [ [ -63.25974, -17.32763 ], [ -63.2602, -17.32675 ], [ -63.26018, -17.32667 ], [ -63.2577, -17.32547 ], [ -63.25728, -17.32637 ], [ -63.25726, -17.32644 ], [ -63.25727, -17.32649 ], [ -63.25965, -17.32766 ], [ -63.25974, -17.32763 ] ] ] } },
{ "type": "Feature", "properties": { "i": 1794 }, "geometry": { "type": "Polygon", "coordinates": [ [ [ -63.22668, -17.33149 ], [ -63.22626, -17.33187 ], [ -63.22711, -17.33276 ], [ -63.22753, -17.33237 ], [ -63.22668, -17.33149 ] ] ] } },
{ "type": "Feature", "properties": { "i": 1795 }, "geometry": { "type": "Polygon", "coordinates": [ [ [ -63.23153, -17.33096 ], [ -63.23226, -17.33145 ], [ -63.23278, -17.33177 ], [ -63.23309, -17.3313 ], [ -63.23192, -17.33054 ], [ -63.23151, -17.33091 ], [ -63.23153, -17.33096 ] ] ] } },
{ "type": "Feature", "properties": { "i": 1796 }, "geometry": { "type": "Polygon", "coordinates": [ [ [ -63.25361, -17.32786 ], [ -63.25401, -17.32718 ], [ -63.25339, -17.32685 ], [ -63.25299, -17.32753 ], [ -63.25361, -17.32786 ] ] ] } },
{ "type": "Feature", "properties": { "i": 1797 }, "geometry": { "type": "Polygon", "coordinates": [ [ [ -63.24192, -17.32993 ], [ -63.24196, -17.32992 ], [ -63.24226, -17.32948 ], [ -63.24149, -17.32898 ], [ -63.24144, -17.32898 ], [ -63.24115, -17.3294 ], [ -63.24192, -17.32993 ] ] ] } },
{ "type": "Feature", "properties": { "i": 1798 }, "geometry": { "type": "Polygon", "coordinates": [ [ [ -63.26989, -17.32418 ], [ -63.26926, -17.3239 ], [ -63.26869, -17.32493 ], [ -63.26929, -17.32524 ], [ -63.26989, -17.32418 ] ] ] } },
{ "type": "Feature", "properties": { "i": 1799 }, "geometry": { "type": "Polygon", "coordinates": [ [ [ -63.25162, -17.3282 ], [ -63.25225, -17.32849 ], [ -63.2533, -17.32677 ], [ -63.25265, -17.32641 ], [ -63.25162, -17.3282 ] ] ] } },
{ "type": "Feature", "properties": { "i": 1800 }, "geometry": { "type": "Polygon", "coordinates": [ [ [ -63.26648, -17.32582 ], [ -63.26717, -17.32449 ], [ -63.26651, -17.32419 ], [ -63.26644, -17.32419 ], [ -63.26628, -17.32425 ], [ -63.26617, -17.32436 ], [ -63.26534, -17.32593 ], [ -63.26618, -17.32633 ], [ -63.26648, -17.32582 ] ] ] } },
{ "type": "Feature", "properties": { "i": 1801 }, "geometry": { "type": "Polygon", "coordinates": [ [ [ -63.23861, -17.33014 ], [ -63.23902, -17.33041 ], [ -63.23908, -17.33041 ], [ -63.23967, -17.32957 ], [ -63.23966, -17.32952 ], [ -63.23923, -17.32925 ], [ -63.23919, -17.32926 ], [ -63.2386, -17.33011 ], [ -63.23861, -17.33014 ] ] ] } },
{ "type": "Feature", "properties": { "i": 1802 }, "geometry": { "type": "Polygon", "coordinates": [ [ [ -63.25194, -17.32741 ], [ -63.25131, -17.32708 ], [ -63.25083, -17.32785 ], [ -63.25144, -17.32815 ], [ -63.25151, -17.32813 ], [ -63.25194, -17.32741 ] ] ] } },
{ "type": "Feature", "properties": { "i": 1803 }, "geometry": { "type": "Polygon", "coordinates": [ [ [ -63.2462, -17.32876 ], [ -63.2462, -17.32872 ], [ -63.24522, -17.32807 ], [ -63.24517, -17.32807 ], [ -63.24482, -17.32856 ], [ -63.24483, -17.3286 ], [ -63.24582, -17.32923 ], [ -63.24587, -17.32923 ], [ -63.2462, -17.32876 ] ] ] } },
{ "type": "Feature", "properties": { "i": 1804 }, "geometry": { "type": "Polygon", "coordinates": [ [ [ -63.25649, -17.32622 ], [ -63.25603, -17.32701 ], [ -63.25643, -17.32721 ], [ -63.2568, -17.32636 ], [ -63.25649, -17.32622 ] ] ] } },
{ "type": "Feature", "properties": { "i": 1805 }, "geometry": { "type": "Polygon", "coordinates": [ [ [ -63.22965, -17.33071 ], [ -63.22905, -17.33124 ], [ -63.22991, -17.33214 ], [ -63.22997, -17.33213 ], [ -63.23052, -17.33165 ], [ -63.23051, -17.3316 ], [ -63.22965, -17.33071 ] ] ] } },
{ "type": "Feature", "properties": { "i": 1806 }, "geometry": { "type": "Polygon", "coordinates": [ [ [ -63.24102, -17.32949 ], [ -63.24029, -17.329 ], [ -63.24024, -17.32901 ], [ -63.23992, -17.32946 ], [ -63.24067, -17.33 ], [ -63.24102, -17.32949 ] ] ] } },
{ "type": "Feature", "properties": { "i": 1807 }, "geometry": { "type": "Polygon", "coordinates": [ [ [ -63.24689, -17.32897 ], [ -63.24767, -17.32784 ], [ -63.24724, -17.32755 ], [ -63.2472, -17.32757 ], [ -63.24641, -17.32867 ], [ -63.24642, -17.32872 ], [ -63.24683, -17.32898 ], [ -63.24689, -17.32897 ] ] ] } },
{ "type": "Feature", "properties": { "i": 1808 }, "geometry": { "type": "Polygon", "coordinates": [ [ [ -63.22681, -17.33138 ], [ -63.2268, -17.33145 ], [ -63.22762, -17.33229 ], [ -63.22811, -17.33186 ], [ -63.22728, -17.331 ], [ -63.22725, -17.331 ], [ -63.22681, -17.33138 ] ] ] } },
{ "type": "Feature", "properties": { "i": 1809 }, "geometry": { "type": "Polygon", "coordinates": [ [ [ -63.23314, -17.33119 ], [ -63.23318, -17.33118 ], [ -63.2338, -17.33029 ], [ -63.23334, -17.32998 ], [ -63.23269, -17.33091 ], [ -63.23314, -17.33119 ] ] ] } },
{ "type": "Feature", "properties": { "i": 1810 }, "geometry": { "type": "Polygon", "coordinates": [ [ [ -63.2136, -17.33403 ], [ -63.21276, -17.3336 ], [ -63.21217, -17.33424 ], [ -63.21299, -17.33465 ], [ -63.2136, -17.33403 ] ] ] } },
{ "type": "Feature", "properties": { "i": 1811 }, "geometry": { "type": "Polygon", "coordinates": [ [ [ -63.24424, -17.32914 ], [ -63.24428, -17.32913 ], [ -63.24458, -17.32871 ], [ -63.24458, -17.32867 ], [ -63.24357, -17.32805 ], [ -63.24352, -17.32806 ], [ -63.24325, -17.32845 ], [ -63.24325, -17.3285 ], [ -63.24424, -17.32914 ] ] ] } },
{ "type": "Feature", "properties": { "i": 1812 }, "geometry": { "type": "Polygon", "coordinates": [ [ [ -63.21735, -17.33409 ], [ -63.21604, -17.33348 ], [ -63.21602, -17.33343 ], [ -63.21603, -17.33339 ], [ -63.21646, -17.3327 ], [ -63.2165, -17.33269 ], [ -63.21764, -17.33307 ], [ -63.21735, -17.33409 ] ] ] } },
{ "type": "Feature", "properties": { "i": 1813 }, "geometry": { "type": "Polygon", "coordinates": [ [ [ -63.25593, -17.32696 ], [ -63.25636, -17.32622 ], [ -63.25634, -17.32616 ], [ -63.25581, -17.32594 ], [ -63.25536, -17.32668 ], [ -63.25593, -17.32696 ] ] ] } },
{ "type": "Feature", "properties": { "i": 1814 }, "geometry": { "type": "Polygon", "coordinates": [ [ [ -63.23806, -17.32982 ], [ -63.23848, -17.33007 ], [ -63.23851, -17.33005 ], [ -63.23911, -17.32918 ], [ -63.23868, -17.3289 ], [ -63.23862, -17.32891 ], [ -63.23805, -17.32978 ], [ -63.23806, -17.32982 ] ] ] } },
{ "type": "Feature", "properties": { "i": 1815 }, "geometry": { "type": "Polygon", "coordinates": [ [ [ -63.2423, -17.32937 ], [ -63.24233, -17.32936 ], [ -63.24293, -17.3285 ], [ -63.24291, -17.32845 ], [ -63.24252, -17.32819 ], [ -63.24247, -17.32819 ], [ -63.24185, -17.32906 ], [ -63.24187, -17.3291 ], [ -63.2423, -17.32937 ] ] ] } },
{ "type": "Feature", "properties": { "i": 1816 }, "geometry": { "type": "Polygon", "coordinates": [ [ [ -63.2363, -17.32878 ], [ -63.23626, -17.32879 ], [ -63.23482, -17.33081 ], [ -63.23484, -17.33085 ], [ -63.23528, -17.33114 ], [ -63.23672, -17.32906 ], [ -63.2363, -17.32878 ] ] ] } },
{ "type": "Feature", "properties": { "i": 1817 }, "geometry": { "type": "Polygon", "coordinates": [ [ [ -63.23061, -17.3315 ], [ -63.23066, -17.33152 ], [ -63.23112, -17.33109 ], [ -63.23029, -17.33024 ], [ -63.23025, -17.33023 ], [ -63.22978, -17.33065 ], [ -63.23061, -17.3315 ] ] ] } },
{ "type": "Feature", "properties": { "i": 1818 }, "geometry": { "type": "Polygon", "coordinates": [ [ [ -63.25519, -17.32545 ], [ -63.25514, -17.32547 ], [ -63.25415, -17.32713 ], [ -63.25475, -17.32745 ], [ -63.25478, -17.32744 ], [ -63.25577, -17.32575 ], [ -63.25519, -17.32545 ] ] ] } },
{ "type": "Feature", "properties": { "i": 1819 }, "geometry": { "type": "Polygon", "coordinates": [ [ [ -63.22523, -17.33096 ], [ -63.22473, -17.33139 ], [ -63.22472, -17.33145 ], [ -63.2256, -17.33234 ], [ -63.22611, -17.33186 ], [ -63.22523, -17.33096 ] ] ] } },
{ "type": "Feature", "properties": { "i": 1820 }, "geometry": { "type": "Polygon", "coordinates": [ [ [ -63.24627, -17.32861 ], [ -63.24631, -17.32859 ], [ -63.24709, -17.32749 ], [ -63.24708, -17.32746 ], [ -63.24667, -17.32718 ], [ -63.24662, -17.32719 ], [ -63.24584, -17.3283 ], [ -63.24586, -17.32834 ], [ -63.24627, -17.32861 ] ] ] } },
{ "type": "Feature", "properties": { "i": 1821 }, "geometry": { "type": "Polygon", "coordinates": [ [ [ -63.22328, -17.33246 ], [ -63.22329, -17.33241 ], [ -63.22269, -17.33181 ], [ -63.22237, -17.33238 ], [ -63.22285, -17.33287 ], [ -63.22328, -17.33246 ] ] ] } },
{ "type": "Feature", "properties": { "i": 1822 }, "geometry": { "type": "Polygon", "coordinates": [ [ [ -63.2414, -17.32896 ], [ -63.24139, -17.32892 ], [ -63.24065, -17.32844 ], [ -63.24035, -17.32885 ], [ -63.24036, -17.3289 ], [ -63.24106, -17.32936 ], [ -63.24113, -17.32933 ], [ -63.2414, -17.32896 ] ] ] } },
{ "type": "Feature", "properties": { "i": 1823 }, "geometry": { "type": "Polygon", "coordinates": [ [ [ -63.22868, -17.33135 ], [ -63.22784, -17.33046 ], [ -63.22735, -17.33088 ], [ -63.2282, -17.33178 ], [ -63.22868, -17.33135 ] ] ] } },
{ "type": "Feature", "properties": { "i": 1824 }, "geometry": { "type": "Polygon", "coordinates": [ [ [ -63.26855, -17.32008 ], [ -63.26883, -17.31957 ], [ -63.2691, -17.31935 ], [ -63.26949, -17.31909 ], [ -63.26984, -17.3189 ], [ -63.2699, -17.3189 ], [ -63.27022, -17.31979 ], [ -63.27032, -17.31985 ], [ -63.27044, -17.31985 ], [ -63.27216, -17.31975 ], [ -63.27887, -17.31947 ], [ -63.27886, -17.31939 ], [ -63.27597, -17.31945 ], [ -63.27593, -17.31942 ], [ -63.27592, -17.31924 ], [ -63.27595, -17.3192 ], [ -63.2781, -17.3192 ], [ -63.2781, -17.31914 ], [ -63.27743, -17.31912 ], [ -63.27593, -17.31913 ], [ -63.27591, -17.3191 ], [ -63.2759, -17.31849 ], [ -63.27902, -17.31846 ], [ -63.28292, -17.31834 ], [ -63.29017, -17.31818 ], [ -63.29179, -17.31845 ], [ -63.28974, -17.32193 ], [ -63.28821, -17.32097 ], [ -63.28505, -17.32661 ], [ -63.28454, -17.32642 ], [ -63.28316, -17.3261 ], [ -63.27891, -17.32532 ], [ -63.27781, -17.32504 ], [ -63.27479, -17.32394 ], [ -63.27438, -17.32569 ], [ -63.27422, -17.32579 ], [ -63.27255, -17.32507 ], [ -63.27246, -17.32508 ], [ -63.27213, -17.32568 ], [ -63.27041, -17.32487 ], [ -63.27064, -17.32447 ], [ -63.27057, -17.32443 ], [ -63.26989, -17.32557 ], [ -63.26938, -17.32529 ], [ -63.27001, -17.32417 ], [ -63.27039, -17.32434 ], [ -63.27048, -17.32418 ], [ -63.26956, -17.3238 ], [ -63.2694, -17.32378 ], [ -63.26701, -17.32277 ], [ -63.26749, -17.322 ], [ -63.26851, -17.32015 ], [ -63.26899, -17.32038 ], [ -63.26925, -17.321 ], [ -63.26884, -17.32083 ], [ -63.26843, -17.32171 ], [ -63.26852, -17.32173 ], [ -63.26888, -17.32094 ], [ -63.26943, -17.32119 ], [ -63.26906, -17.32197 ], [ -63.26888, -17.3219 ], [ -63.26885, -17.32194 ], [ -63.26909, -17.32204 ], [ -63.26948, -17.32122 ], [ -63.26955, -17.32125 ], [ -63.26985, -17.32156 ], [ -63.2699, -17.32152 ], [ -63.26937, -17.32098 ], [ -63.26907, -17.32034 ], [ -63.26855, -17.32008 ] ] ] } },
{ "type": "Feature", "properties": { "i": 1825 }, "geometry": { "type": "Polygon", "coordinates": [ [ [ -63.26841, -17.32453 ], [ -63.26845, -17.32451 ], [ -63.26881, -17.32381 ], [ -63.26881, -17.32374 ], [ -63.26877, -17.32369 ], [ -63.26806, -17.32338 ], [ -63.26802, -17.32338 ], [ -63.26758, -17.32415 ], [ -63.26759, -17.32417 ], [ -63.26841, -17.32453 ] ] ] } },
{ "type": "Feature", "properties": { "i": 1826 }, "geometry": { "type": "Polygon", "coordinates": [ [ [ -63.24786, -17.32781 ], [ -63.24829, -17.32809 ], [ -63.24833, -17.32808 ], [ -63.24913, -17.32695 ], [ -63.24866, -17.32665 ], [ -63.24786, -17.32781 ] ] ] } },
{ "type": "Feature", "properties": { "i": 1827 }, "geometry": { "type": "Polygon", "coordinates": [ [ [ -63.21452, -17.33183 ], [ -63.2128, -17.33358 ], [ -63.21361, -17.33396 ], [ -63.21365, -17.33402 ], [ -63.21364, -17.33407 ], [ -63.21306, -17.33466 ], [ -63.21449, -17.3353 ], [ -63.21522, -17.33297 ], [ -63.21541, -17.33223 ], [ -63.21452, -17.33183 ] ] ] } },
{ "type": "Feature", "properties": { "i": 1828 }, "geometry": { "type": "Polygon", "coordinates": [ [ [ -63.23278, -17.32963 ], [ -63.23274, -17.32964 ], [ -63.23229, -17.3303 ], [ -63.23202, -17.33046 ], [ -63.23258, -17.33085 ], [ -63.23324, -17.32992 ], [ -63.23278, -17.32963 ] ] ] } },
{ "type": "Feature", "properties": { "i": 1829 }, "geometry": { "type": "Polygon", "coordinates": [ [ [ -63.24012, -17.32893 ], [ -63.24011, -17.32889 ], [ -63.23928, -17.32836 ], [ -63.23894, -17.32883 ], [ -63.2398, -17.32938 ], [ -63.24012, -17.32893 ] ] ] } },
{ "type": "Feature", "properties": { "i": 1830 }, "geometry": { "type": "Polygon", "coordinates": [ [ [ -63.23117, -17.33096 ], [ -63.23124, -17.33095 ], [ -63.2316, -17.33063 ], [ -63.23074, -17.32972 ], [ -63.23034, -17.33009 ], [ -63.23117, -17.33096 ] ] ] } },
{ "type": "Feature", "properties": { "i": 1831 }, "geometry": { "type": "Polygon", "coordinates": [ [ [ -63.23806, -17.32853 ], [ -63.23747, -17.32939 ], [ -63.23747, -17.32942 ], [ -63.23792, -17.32973 ], [ -63.23794, -17.32973 ], [ -63.23823, -17.32933 ], [ -63.2382, -17.32931 ], [ -63.23853, -17.32885 ], [ -63.23851, -17.3288 ], [ -63.23811, -17.32852 ], [ -63.23806, -17.32853 ] ] ] } },
{ "type": "Feature", "properties": { "i": 1832 }, "geometry": { "type": "Polygon", "coordinates": [ [ [ -63.24172, -17.32899 ], [ -63.24177, -17.32898 ], [ -63.24237, -17.32813 ], [ -63.24235, -17.32809 ], [ -63.24193, -17.32782 ], [ -63.24189, -17.32784 ], [ -63.24129, -17.32869 ], [ -63.24131, -17.32874 ], [ -63.24172, -17.32899 ] ] ] } },
{ "type": "Feature", "properties": { "i": 1833 }, "geometry": { "type": "Polygon", "coordinates": [ [ [ -63.23398, -17.33025 ], [ -63.23445, -17.33055 ], [ -63.23552, -17.32904 ], [ -63.23504, -17.32874 ], [ -63.23398, -17.33025 ] ] ] } },
{ "type": "Feature", "properties": { "i": 1834 }, "geometry": { "type": "Polygon", "coordinates": [ [ [ -63.24506, -17.32796 ], [ -63.24407, -17.32733 ], [ -63.24368, -17.32785 ], [ -63.24467, -17.32852 ], [ -63.24473, -17.3285 ], [ -63.24507, -17.32801 ], [ -63.24506, -17.32796 ] ] ] } },
{ "type": "Feature", "properties": { "i": 1835 }, "geometry": { "type": "Polygon", "coordinates": [ [ [ -63.2519, -17.32603 ], [ -63.25151, -17.32672 ], [ -63.25214, -17.32706 ], [ -63.25254, -17.32638 ], [ -63.25254, -17.32635 ], [ -63.25193, -17.32602 ], [ -63.2519, -17.32603 ] ] ] } },
{ "type": "Feature", "properties": { "i": 1836 }, "geometry": { "type": "Polygon", "coordinates": [ [ [ -63.25183, -17.32596 ], [ -63.25126, -17.32564 ], [ -63.24997, -17.32749 ], [ -63.25064, -17.3278 ], [ -63.25073, -17.32781 ], [ -63.25183, -17.32596 ] ] ] } },
{ "type": "Feature", "properties": { "i": 1837 }, "geometry": { "type": "Polygon", "coordinates": [ [ [ -63.22659, -17.33141 ], [ -63.22574, -17.33051 ], [ -63.22532, -17.33088 ], [ -63.22617, -17.3318 ], [ -63.22659, -17.33141 ] ] ] } },
{ "type": "Feature", "properties": { "i": 1838 }, "geometry": { "type": "Polygon", "coordinates": [ [ [ -63.24571, -17.32824 ], [ -63.24575, -17.32823 ], [ -63.24653, -17.32711 ], [ -63.24652, -17.32707 ], [ -63.24611, -17.32681 ], [ -63.24606, -17.32681 ], [ -63.24528, -17.32794 ], [ -63.24529, -17.32798 ], [ -63.24571, -17.32824 ] ] ] } },
{ "type": "Feature", "properties": { "i": 1839 }, "geometry": { "type": "Polygon", "coordinates": [ [ [ -63.22259, -17.33177 ], [ -63.22132, -17.33133 ], [ -63.22035, -17.33096 ], [ -63.21956, -17.33061 ], [ -63.21862, -17.33195 ], [ -63.21856, -17.33191 ], [ -63.21876, -17.33163 ], [ -63.21808, -17.33122 ], [ -63.21813, -17.33117 ], [ -63.21882, -17.33157 ], [ -63.21951, -17.33058 ], [ -63.21834, -17.33002 ], [ -63.21811, -17.32994 ], [ -63.21664, -17.32975 ], [ -63.21653, -17.32977 ], [ -63.2147, -17.33159 ], [ -63.21471, -17.33164 ], [ -63.21583, -17.33225 ], [ -63.21659, -17.33258 ], [ -63.21772, -17.33294 ], [ -63.21875, -17.33324 ], [ -63.21949, -17.33357 ], [ -63.22094, -17.33427 ], [ -63.22127, -17.33446 ], [ -63.22259, -17.33177 ] ] ] } },
{ "type": "Feature", "properties": { "i": 1840 }, "geometry": { "type": "Polygon", "coordinates": [ [ [ -63.23081, -17.32966 ], [ -63.23171, -17.33057 ], [ -63.23216, -17.33024 ], [ -63.23122, -17.32929 ], [ -63.23081, -17.32966 ] ] ] } },
{ "type": "Feature", "properties": { "i": 1841 }, "geometry": { "type": "Polygon", "coordinates": [ [ [ -63.24332, -17.32796 ], [ -63.24331, -17.32789 ], [ -63.24265, -17.32746 ], [ -63.24233, -17.32789 ], [ -63.24301, -17.32834 ], [ -63.24305, -17.32834 ], [ -63.24332, -17.32796 ] ] ] } },
{ "type": "Feature", "properties": { "i": 1842 }, "geometry": { "type": "Polygon", "coordinates": [ [ [ -63.24774, -17.32772 ], [ -63.24777, -17.32771 ], [ -63.24855, -17.3266 ], [ -63.24854, -17.32656 ], [ -63.24812, -17.32629 ], [ -63.24808, -17.3263 ], [ -63.24729, -17.32741 ], [ -63.2473, -17.32745 ], [ -63.24774, -17.32772 ] ] ] } },
{ "type": "Feature", "properties": { "i": 1843 }, "geometry": { "type": "Polygon", "coordinates": [ [ [ -63.25716, -17.3252 ], [ -63.25575, -17.32468 ], [ -63.25532, -17.32538 ], [ -63.25587, -17.32566 ], [ -63.25579, -17.32581 ], [ -63.25683, -17.32625 ], [ -63.25721, -17.32534 ], [ -63.25716, -17.3252 ] ] ] } },
{ "type": "Feature", "properties": { "i": 1844 }, "geometry": { "type": "Polygon", "coordinates": [ [ [ -63.22804, -17.3302 ], [ -63.22893, -17.33111 ], [ -63.2295, -17.33059 ], [ -63.22863, -17.32968 ], [ -63.22804, -17.3302 ] ] ] } },
{ "type": "Feature", "properties": { "i": 1845 }, "geometry": { "type": "Polygon", "coordinates": [ [ [ -63.24072, -17.32807 ], [ -63.24072, -17.32802 ], [ -63.24028, -17.32773 ], [ -63.23975, -17.32848 ], [ -63.23976, -17.32852 ], [ -63.24018, -17.32879 ], [ -63.24021, -17.32879 ], [ -63.24072, -17.32807 ] ] ] } },
{ "type": "Feature", "properties": { "i": 1846 }, "geometry": { "type": "Polygon", "coordinates": [ [ [ -63.26019, -17.32494 ], [ -63.25884, -17.3243 ], [ -63.25862, -17.32484 ], [ -63.2599, -17.32548 ], [ -63.26019, -17.32494 ] ] ] } },
{ "type": "Feature", "properties": { "i": 1847 }, "geometry": { "type": "Polygon", "coordinates": [ [ [ -63.22398, -17.33186 ], [ -63.22445, -17.33144 ], [ -63.22447, -17.33139 ], [ -63.22358, -17.33045 ], [ -63.22304, -17.33093 ], [ -63.22304, -17.33098 ], [ -63.22388, -17.33186 ], [ -63.22398, -17.33186 ] ] ] } },
{ "type": "Feature", "properties": { "i": 1848 }, "geometry": { "type": "Polygon", "coordinates": [ [ [ -63.23734, -17.32934 ], [ -63.23738, -17.32932 ], [ -63.23797, -17.32845 ], [ -63.23795, -17.32841 ], [ -63.23754, -17.32815 ], [ -63.2375, -17.32816 ], [ -63.2369, -17.32903 ], [ -63.23692, -17.32908 ], [ -63.23734, -17.32934 ] ] ] } },
{ "type": "Feature", "properties": { "i": 1849 }, "geometry": { "type": "Polygon", "coordinates": [ [ [ -63.22667, -17.33133 ], [ -63.22716, -17.33089 ], [ -63.2263, -17.33001 ], [ -63.22584, -17.33042 ], [ -63.22667, -17.33133 ] ] ] } },
{ "type": "Feature", "properties": { "i": 1850 }, "geometry": { "type": "Polygon", "coordinates": [ [ [ -63.24072, -17.32836 ], [ -63.24115, -17.32864 ], [ -63.24118, -17.32864 ], [ -63.24182, -17.32774 ], [ -63.24134, -17.32743 ], [ -63.24072, -17.32831 ], [ -63.24072, -17.32836 ] ] ] } },
{ "type": "Feature", "properties": { "i": 1851 }, "geometry": { "type": "Polygon", "coordinates": [ [ [ -63.23492, -17.32869 ], [ -63.23491, -17.32865 ], [ -63.23448, -17.32835 ], [ -63.23343, -17.32986 ], [ -63.23344, -17.3299 ], [ -63.23386, -17.33019 ], [ -63.23389, -17.33019 ], [ -63.23492, -17.32869 ] ] ] } },
{ "type": "Feature", "properties": { "i": 1852 }, "geometry": { "type": "Polygon", "coordinates": [ [ [ -63.24513, -17.32788 ], [ -63.24517, -17.32787 ], [ -63.24595, -17.32674 ], [ -63.24593, -17.3267 ], [ -63.24554, -17.32644 ], [ -63.24549, -17.32645 ], [ -63.2447, -17.32756 ], [ -63.24471, -17.3276 ], [ -63.24513, -17.32788 ] ] ] } },
{ "type": "Feature", "properties": { "i": 1853 }, "geometry": { "type": "Polygon", "coordinates": [ [ [ -63.23921, -17.32834 ], [ -63.2392, -17.3283 ], [ -63.23859, -17.3279 ], [ -63.23851, -17.3279 ], [ -63.23817, -17.32837 ], [ -63.23889, -17.32882 ], [ -63.23921, -17.32834 ] ] ] } },
{ "type": "Feature", "properties": { "i": 1854 }, "geometry": { "type": "Polygon", "coordinates": [ [ [ -63.23173, -17.32894 ], [ -63.23164, -17.32891 ], [ -63.23161, -17.32892 ], [ -63.23129, -17.32923 ], [ -63.23225, -17.33014 ], [ -63.23268, -17.32955 ], [ -63.23173, -17.32894 ] ] ] } },
{ "type": "Feature", "properties": { "i": 1855 }, "geometry": { "type": "Polygon", "coordinates": [ [ [ -63.2301, -17.33006 ], [ -63.22926, -17.3292 ], [ -63.22923, -17.3292 ], [ -63.22877, -17.3296 ], [ -63.22963, -17.33049 ], [ -63.2301, -17.33006 ] ] ] } },
{ "type": "Feature", "properties": { "i": 1856 }, "geometry": { "type": "Polygon", "coordinates": [ [ [ -63.26318, -17.32412 ], [ -63.26153, -17.32334 ], [ -63.26123, -17.32394 ], [ -63.26286, -17.32473 ], [ -63.26318, -17.32412 ] ] ] } },
{ "type": "Feature", "properties": { "i": 1857 }, "geometry": { "type": "Polygon", "coordinates": [ [ [ -63.24714, -17.32735 ], [ -63.2472, -17.32733 ], [ -63.24798, -17.32623 ], [ -63.24796, -17.32619 ], [ -63.24755, -17.32592 ], [ -63.24751, -17.32592 ], [ -63.24673, -17.32704 ], [ -63.24673, -17.32708 ], [ -63.24714, -17.32735 ] ] ] } },
{ "type": "Feature", "properties": { "i": 1858 }, "geometry": { "type": "Polygon", "coordinates": [ [ [ -63.2492, -17.32685 ], [ -63.24924, -17.32683 ], [ -63.24934, -17.3267 ], [ -63.24934, -17.32667 ], [ -63.24903, -17.32616 ], [ -63.249, -17.32615 ], [ -63.24874, -17.32651 ], [ -63.24874, -17.32654 ], [ -63.2492, -17.32685 ] ] ] } },
{ "type": "Feature", "properties": { "i": 1859 }, "geometry": { "type": "Polygon", "coordinates": [ [ [ -63.22776, -17.33034 ], [ -63.22692, -17.32945 ], [ -63.22639, -17.32992 ], [ -63.22726, -17.33081 ], [ -63.22776, -17.33034 ] ] ] } },
{ "type": "Feature", "properties": { "i": 1860 }, "geometry": { "type": "Polygon", "coordinates": [ [ [ -63.23677, -17.32898 ], [ -63.2374, -17.3281 ], [ -63.23739, -17.32806 ], [ -63.23704, -17.32783 ], [ -63.23692, -17.32785 ], [ -63.23633, -17.32867 ], [ -63.23677, -17.32898 ] ] ] } },
{ "type": "Feature", "properties": { "i": 1861 }, "geometry": { "type": "Polygon", "coordinates": [ [ [ -63.2251, -17.3308 ], [ -63.22421, -17.32988 ], [ -63.22367, -17.33037 ], [ -63.22454, -17.33126 ], [ -63.22457, -17.33127 ], [ -63.22465, -17.33125 ], [ -63.22511, -17.33086 ], [ -63.2251, -17.3308 ] ] ] } },
{ "type": "Feature", "properties": { "i": 1862 }, "geometry": { "type": "Polygon", "coordinates": [ [ [ -63.24314, -17.32674 ], [ -63.24278, -17.32727 ], [ -63.24344, -17.32769 ], [ -63.2435, -17.3277 ], [ -63.24383, -17.32724 ], [ -63.24382, -17.32718 ], [ -63.24314, -17.32674 ] ] ] } },
{ "type": "Feature", "properties": { "i": 1863 }, "geometry": { "type": "Polygon", "coordinates": [ [ [ -63.26051, -17.32435 ], [ -63.25911, -17.32371 ], [ -63.25887, -17.32425 ], [ -63.2602, -17.32485 ], [ -63.26024, -17.32485 ], [ -63.26051, -17.32435 ] ] ] } },
{ "type": "Feature", "properties": { "i": 1864 }, "geometry": { "type": "Polygon", "coordinates": [ [ [ -63.23285, -17.32951 ], [ -63.23331, -17.32983 ], [ -63.23439, -17.32829 ], [ -63.23394, -17.32799 ], [ -63.2339, -17.32799 ], [ -63.23285, -17.32951 ] ] ] } },
{ "type": "Feature", "properties": { "i": 1865 }, "geometry": { "type": "Polygon", "coordinates": [ [ [ -63.23861, -17.32779 ], [ -63.23964, -17.32844 ], [ -63.23992, -17.32802 ], [ -63.23991, -17.32797 ], [ -63.23896, -17.32735 ], [ -63.23891, -17.32736 ], [ -63.23861, -17.32779 ] ] ] } },
{ "type": "Feature", "properties": { "i": 1866 }, "geometry": { "type": "Polygon", "coordinates": [ [ [ -63.25891, -17.32398 ], [ -63.2584, -17.32376 ], [ -63.25786, -17.32502 ], [ -63.25785, -17.32512 ], [ -63.2579, -17.32522 ], [ -63.25832, -17.32543 ], [ -63.25891, -17.32398 ] ] ] } },
{ "type": "Feature", "properties": { "i": 1867 }, "geometry": { "type": "Polygon", "coordinates": [ [ [ -63.24145, -17.32733 ], [ -63.24229, -17.32788 ], [ -63.24261, -17.32743 ], [ -63.24177, -17.32688 ], [ -63.24172, -17.32689 ], [ -63.24144, -17.32729 ], [ -63.24145, -17.32733 ] ] ] } },
{ "type": "Feature", "properties": { "i": 1868 }, "geometry": { "type": "Polygon", "coordinates": [ [ [ -63.2412, -17.32738 ], [ -63.24119, -17.32734 ], [ -63.24077, -17.32707 ], [ -63.24074, -17.32707 ], [ -63.24029, -17.3277 ], [ -63.24076, -17.32799 ], [ -63.2412, -17.32738 ] ] ] } },
{ "type": "Feature", "properties": { "i": 1869 }, "geometry": { "type": "Polygon", "coordinates": [ [ [ -63.24457, -17.32752 ], [ -63.2446, -17.32751 ], [ -63.24539, -17.32637 ], [ -63.24537, -17.32633 ], [ -63.24497, -17.32607 ], [ -63.24491, -17.32608 ], [ -63.24413, -17.32719 ], [ -63.24415, -17.32726 ], [ -63.24457, -17.32752 ] ] ] } },
{ "type": "Feature", "properties": { "i": 1870 }, "geometry": { "type": "Polygon", "coordinates": [ [ [ -63.22935, -17.32908 ], [ -63.22935, -17.32912 ], [ -63.23016, -17.32996 ], [ -63.23022, -17.32995 ], [ -63.23061, -17.3296 ], [ -63.22976, -17.32874 ], [ -63.22935, -17.32908 ] ] ] } },
{ "type": "Feature", "properties": { "i": 1871 }, "geometry": { "type": "Polygon", "coordinates": [ [ [ -63.23302, -17.32905 ], [ -63.23301, -17.32899 ], [ -63.23202, -17.32835 ], [ -63.23172, -17.32877 ], [ -63.23271, -17.32944 ], [ -63.23276, -17.32943 ], [ -63.23302, -17.32905 ] ] ] } },
{ "type": "Feature", "properties": { "i": 1872 }, "geometry": { "type": "Polygon", "coordinates": [ [ [ -63.24658, -17.32699 ], [ -63.24662, -17.32698 ], [ -63.24741, -17.32586 ], [ -63.24739, -17.32582 ], [ -63.24698, -17.32555 ], [ -63.24693, -17.32556 ], [ -63.24615, -17.32668 ], [ -63.24616, -17.32672 ], [ -63.24658, -17.32699 ] ] ] } },
{ "type": "Feature", "properties": { "i": 1873 }, "geometry": { "type": "Polygon", "coordinates": [ [ [ -63.2252, -17.33076 ], [ -63.22561, -17.3304 ], [ -63.22562, -17.33036 ], [ -63.22471, -17.32943 ], [ -63.22426, -17.32984 ], [ -63.22514, -17.33076 ], [ -63.2252, -17.33076 ] ] ] } },
{ "type": "Feature", "properties": { "i": 1874 }, "geometry": { "type": "Polygon", "coordinates": [ [ [ -63.23614, -17.32724 ], [ -63.23609, -17.32724 ], [ -63.2351, -17.32865 ], [ -63.23555, -17.32894 ], [ -63.23559, -17.32893 ], [ -63.23658, -17.32751 ], [ -63.23614, -17.32724 ] ] ] } },
{ "type": "Feature", "properties": { "i": 1875 }, "geometry": { "type": "Polygon", "coordinates": [ [ [ -63.24275, -17.32647 ], [ -63.24237, -17.32699 ], [ -63.24275, -17.32724 ], [ -63.24311, -17.3267 ], [ -63.24275, -17.32647 ] ] ] } },
{ "type": "Feature", "properties": { "i": 1876 }, "geometry": { "type": "Polygon", "coordinates": [ [ [ -63.23999, -17.32787 ], [ -63.24004, -17.32785 ], [ -63.24064, -17.32702 ], [ -63.24062, -17.32697 ], [ -63.24024, -17.32672 ], [ -63.24017, -17.32673 ], [ -63.23958, -17.32759 ], [ -63.23959, -17.32762 ], [ -63.23999, -17.32787 ] ] ] } },
{ "type": "Feature", "properties": { "i": 1877 }, "geometry": { "type": "Polygon", "coordinates": [ [ [ -63.23708, -17.32762 ], [ -63.23809, -17.32825 ], [ -63.23815, -17.32825 ], [ -63.23843, -17.32783 ], [ -63.23842, -17.32779 ], [ -63.2374, -17.32714 ], [ -63.23708, -17.32762 ] ] ] } },
{ "type": "Feature", "properties": { "i": 1878 }, "geometry": { "type": "Polygon", "coordinates": [ [ [ -63.24862, -17.32648 ], [ -63.24865, -17.32647 ], [ -63.24896, -17.32602 ], [ -63.24866, -17.32545 ], [ -63.24864, -17.32545 ], [ -63.24815, -17.32616 ], [ -63.24817, -17.3262 ], [ -63.24862, -17.32648 ] ] ] } },
{ "type": "Feature", "properties": { "i": 1879 }, "geometry": { "type": "Polygon", "coordinates": [ [ [ -63.26145, -17.32331 ], [ -63.26104, -17.32312 ], [ -63.26072, -17.3237 ], [ -63.26114, -17.3239 ], [ -63.26145, -17.32331 ] ] ] } },
{ "type": "Feature", "properties": { "i": 1880 }, "geometry": { "type": "Polygon", "coordinates": [ [ [ -63.22855, -17.32961 ], [ -63.2277, -17.32872 ], [ -63.22711, -17.32924 ], [ -63.22796, -17.33015 ], [ -63.22855, -17.32961 ] ] ] } },
{ "type": "Feature", "properties": { "i": 1881 }, "geometry": { "type": "Polygon", "coordinates": [ [ [ -63.23024, -17.32831 ], [ -63.22984, -17.32866 ], [ -63.23071, -17.32953 ], [ -63.23111, -17.32918 ], [ -63.23111, -17.32915 ], [ -63.23028, -17.32831 ], [ -63.23024, -17.32831 ] ] ] } },
{ "type": "Feature", "properties": { "i": 1882 }, "geometry": { "type": "Polygon", "coordinates": [ [ [ -63.23308, -17.32891 ], [ -63.23311, -17.3289 ], [ -63.23339, -17.32849 ], [ -63.23339, -17.32845 ], [ -63.2324, -17.3278 ], [ -63.23207, -17.32827 ], [ -63.23308, -17.32891 ] ] ] } },
{ "type": "Feature", "properties": { "i": 1883 }, "geometry": { "type": "Polygon", "coordinates": [ [ [ -63.26364, -17.32325 ], [ -63.26365, -17.32312 ], [ -63.26356, -17.32301 ], [ -63.26162, -17.32223 ], [ -63.26115, -17.32305 ], [ -63.26315, -17.32401 ], [ -63.26322, -17.32401 ], [ -63.26326, -17.32398 ], [ -63.26364, -17.32325 ] ] ] } },
{ "type": "Feature", "properties": { "i": 1884 }, "geometry": { "type": "Polygon", "coordinates": [ [ [ -63.24431, -17.32565 ], [ -63.24425, -17.32566 ], [ -63.24347, -17.32676 ], [ -63.24348, -17.32681 ], [ -63.2439, -17.32708 ], [ -63.24394, -17.32707 ], [ -63.24472, -17.32596 ], [ -63.24471, -17.32592 ], [ -63.24431, -17.32565 ] ] ] } },
{ "type": "Feature", "properties": { "i": 1885 }, "geometry": { "type": "Polygon", "coordinates": [ [ [ -63.22571, -17.33031 ], [ -63.2262, -17.32989 ], [ -63.2262, -17.32985 ], [ -63.22529, -17.32894 ], [ -63.22477, -17.32939 ], [ -63.22565, -17.33031 ], [ -63.22571, -17.33031 ] ] ] } },
{ "type": "Feature", "properties": { "i": 1886 }, "geometry": { "type": "Polygon", "coordinates": [ [ [ -63.24603, -17.3266 ], [ -63.24607, -17.32659 ], [ -63.24684, -17.3255 ], [ -63.24683, -17.32545 ], [ -63.24642, -17.32519 ], [ -63.24637, -17.32519 ], [ -63.24558, -17.32632 ], [ -63.2456, -17.32635 ], [ -63.24603, -17.3266 ] ] ] } },
{ "type": "Feature", "properties": { "i": 1887 }, "geometry": { "type": "Polygon", "coordinates": [ [ [ -63.2486, -17.32531 ], [ -63.24828, -17.32479 ], [ -63.24759, -17.32576 ], [ -63.24759, -17.32581 ], [ -63.24807, -17.3261 ], [ -63.24859, -17.32537 ], [ -63.2486, -17.32531 ] ] ] } },
{ "type": "Feature", "properties": { "i": 1888 }, "geometry": { "type": "Polygon", "coordinates": [ [ [ -63.236, -17.32714 ], [ -63.23554, -17.32684 ], [ -63.23455, -17.32825 ], [ -63.23457, -17.32828 ], [ -63.23502, -17.32856 ], [ -63.236, -17.32719 ], [ -63.236, -17.32714 ] ] ] } },
{ "type": "Feature", "properties": { "i": 1889 }, "geometry": { "type": "Polygon", "coordinates": [ [ [ -63.24132, -17.32726 ], [ -63.24164, -17.32678 ], [ -63.24091, -17.32629 ], [ -63.24056, -17.32676 ], [ -63.24132, -17.32726 ] ] ] } },
{ "type": "Feature", "properties": { "i": 1890 }, "geometry": { "type": "Polygon", "coordinates": [ [ [ -63.24228, -17.32694 ], [ -63.24264, -17.32642 ], [ -63.24226, -17.32617 ], [ -63.24223, -17.32617 ], [ -63.24189, -17.32664 ], [ -63.24189, -17.32668 ], [ -63.24228, -17.32694 ] ] ] } },
{ "type": "Feature", "properties": { "i": 1891 }, "geometry": { "type": "Polygon", "coordinates": [ [ [ -63.23968, -17.32635 ], [ -63.23962, -17.32635 ], [ -63.23901, -17.32721 ], [ -63.23902, -17.32726 ], [ -63.23943, -17.32753 ], [ -63.23949, -17.32751 ], [ -63.2401, -17.32664 ], [ -63.23968, -17.32635 ] ] ] } },
{ "type": "Feature", "properties": { "i": 1892 }, "geometry": { "type": "Polygon", "coordinates": [ [ [ -63.23881, -17.32731 ], [ -63.2388, -17.32725 ], [ -63.23779, -17.32659 ], [ -63.23747, -17.32704 ], [ -63.23847, -17.32771 ], [ -63.23853, -17.32771 ], [ -63.23881, -17.32731 ] ] ] } },
{ "type": "Feature", "properties": { "i": 1893 }, "geometry": { "type": "Polygon", "coordinates": [ [ [ -63.23085, -17.32778 ], [ -63.23034, -17.3282 ], [ -63.23117, -17.32906 ], [ -63.23122, -17.32906 ], [ -63.23162, -17.32866 ], [ -63.23162, -17.32861 ], [ -63.23085, -17.32778 ] ] ] } },
{ "type": "Feature", "properties": { "i": 1894 }, "geometry": { "type": "Polygon", "coordinates": [ [ [ -63.22914, -17.32907 ], [ -63.22826, -17.32819 ], [ -63.22781, -17.3286 ], [ -63.22869, -17.32953 ], [ -63.22914, -17.32912 ], [ -63.22914, -17.32907 ] ] ] } },
{ "type": "Feature", "properties": { "i": 1895 }, "geometry": { "type": "Polygon", "coordinates": [ [ [ -63.25931, -17.32307 ], [ -63.2588, -17.32283 ], [ -63.25846, -17.32361 ], [ -63.25898, -17.32383 ], [ -63.25931, -17.32307 ] ] ] } },
{ "type": "Feature", "properties": { "i": 1896 }, "geometry": { "type": "Polygon", "coordinates": [ [ [ -63.23247, -17.32773 ], [ -63.23348, -17.32836 ], [ -63.23351, -17.32836 ], [ -63.23379, -17.32795 ], [ -63.23379, -17.32792 ], [ -63.23278, -17.32727 ], [ -63.23247, -17.32773 ] ] ] } },
{ "type": "Feature", "properties": { "i": 1897 }, "geometry": { "type": "Polygon", "coordinates": [ [ [ -63.22626, -17.3298 ], [ -63.22681, -17.32932 ], [ -63.22592, -17.3284 ], [ -63.22537, -17.32892 ], [ -63.22623, -17.3298 ], [ -63.22626, -17.3298 ] ] ] } },
{ "type": "Feature", "properties": { "i": 1898 }, "geometry": { "type": "Polygon", "coordinates": [ [ [ -63.24334, -17.32671 ], [ -63.24338, -17.3267 ], [ -63.24415, -17.32559 ], [ -63.24414, -17.32554 ], [ -63.24373, -17.32527 ], [ -63.24368, -17.32528 ], [ -63.24289, -17.32639 ], [ -63.2429, -17.32644 ], [ -63.24334, -17.32671 ] ] ] } },
{ "type": "Feature", "properties": { "i": 1899 }, "geometry": { "type": "Polygon", "coordinates": [ [ [ -63.24502, -17.32599 ], [ -63.24542, -17.32623 ], [ -63.2455, -17.32622 ], [ -63.24626, -17.32514 ], [ -63.24625, -17.32509 ], [ -63.24583, -17.32481 ], [ -63.24579, -17.32481 ], [ -63.24501, -17.32595 ], [ -63.24502, -17.32599 ] ] ] } },
{ "type": "Feature", "properties": { "i": 1900 }, "geometry": { "type": "Polygon", "coordinates": [ [ [ -63.29758, -17.31591 ], [ -63.29401, -17.31592 ], [ -63.29109, -17.31578 ], [ -63.2911, -17.31759 ], [ -63.3024, -17.31738 ], [ -63.30239, -17.3172 ], [ -63.3015, -17.31594 ], [ -63.29758, -17.31591 ] ] ] } },
{ "type": "Feature", "properties": { "i": 1901 }, "geometry": { "type": "Polygon", "coordinates": [ [ [ -63.22842, -17.32809 ], [ -63.22841, -17.32815 ], [ -63.22927, -17.32903 ], [ -63.22965, -17.32868 ], [ -63.22965, -17.32862 ], [ -63.22882, -17.32773 ], [ -63.22842, -17.32809 ] ] ] } },
{ "type": "Feature", "properties": { "i": 1902 }, "geometry": { "type": "Polygon", "coordinates": [ [ [ -63.22254, -17.32942 ], [ -63.22201, -17.32889 ], [ -63.22095, -17.32984 ], [ -63.22095, -17.32991 ], [ -63.22144, -17.33041 ], [ -63.22149, -17.33042 ], [ -63.22254, -17.3295 ], [ -63.22254, -17.32942 ] ] ] } },
{ "type": "Feature", "properties": { "i": 1903 }, "geometry": { "type": "Polygon", "coordinates": [ [ [ -63.24703, -17.32546 ], [ -63.24746, -17.32574 ], [ -63.24751, -17.32573 ], [ -63.2482, -17.32472 ], [ -63.24811, -17.32437 ], [ -63.24799, -17.32414 ], [ -63.24793, -17.32414 ], [ -63.24702, -17.32542 ], [ -63.24703, -17.32546 ] ] ] } },
{ "type": "Feature", "properties": { "i": 1904 }, "geometry": { "type": "Polygon", "coordinates": [ [ [ -63.23443, -17.32819 ], [ -63.23446, -17.32818 ], [ -63.23541, -17.32681 ], [ -63.23541, -17.32678 ], [ -63.235, -17.3265 ], [ -63.23495, -17.32651 ], [ -63.23398, -17.3279 ], [ -63.23443, -17.32819 ] ] ] } },
{ "type": "Feature", "properties": { "i": 1905 }, "geometry": { "type": "Polygon", "coordinates": [ [ [ -63.23952, -17.3263 ], [ -63.23951, -17.32625 ], [ -63.23907, -17.32596 ], [ -63.23845, -17.32684 ], [ -63.23845, -17.32688 ], [ -63.23887, -17.32715 ], [ -63.23891, -17.32715 ], [ -63.23952, -17.3263 ] ] ] } },
{ "type": "Feature", "properties": { "i": 1906 }, "geometry": { "type": "Polygon", "coordinates": [ [ [ -63.24104, -17.32614 ], [ -63.24177, -17.32661 ], [ -63.24215, -17.32609 ], [ -63.24139, -17.32559 ], [ -63.24103, -17.3261 ], [ -63.24104, -17.32614 ] ] ] } },
{ "type": "Feature", "properties": { "i": 1907 }, "geometry": { "type": "Polygon", "coordinates": [ [ [ -63.23971, -17.32621 ], [ -63.2405, -17.32671 ], [ -63.24054, -17.32671 ], [ -63.24082, -17.32631 ], [ -63.24081, -17.32627 ], [ -63.24006, -17.32577 ], [ -63.24002, -17.32577 ], [ -63.23971, -17.32621 ] ] ] } },
{ "type": "Feature", "properties": { "i": 1908 }, "geometry": { "type": "Polygon", "coordinates": [ [ [ -63.24276, -17.32635 ], [ -63.24279, -17.32634 ], [ -63.24357, -17.32523 ], [ -63.24356, -17.32519 ], [ -63.24315, -17.32493 ], [ -63.2431, -17.32493 ], [ -63.24233, -17.32603 ], [ -63.24234, -17.32608 ], [ -63.24276, -17.32635 ] ] ] } },
{ "type": "Feature", "properties": { "i": 1909 }, "geometry": { "type": "Polygon", "coordinates": [ [ [ -63.22705, -17.32915 ], [ -63.22814, -17.32816 ], [ -63.22813, -17.32812 ], [ -63.22774, -17.3277 ], [ -63.22768, -17.32772 ], [ -63.22662, -17.32872 ], [ -63.227, -17.32913 ], [ -63.22705, -17.32915 ] ] ] } },
{ "type": "Feature", "properties": { "i": 1910 }, "geometry": { "type": "Polygon", "coordinates": [ [ [ -63.23388, -17.32783 ], [ -63.23415, -17.32741 ], [ -63.23414, -17.32736 ], [ -63.23315, -17.32675 ], [ -63.23285, -17.32719 ], [ -63.23388, -17.32783 ] ] ] } },
{ "type": "Feature", "properties": { "i": 1911 }, "geometry": { "type": "Polygon", "coordinates": [ [ [ -63.23669, -17.32732 ], [ -63.23673, -17.32731 ], [ -63.23699, -17.32693 ], [ -63.23699, -17.32686 ], [ -63.23597, -17.32621 ], [ -63.23566, -17.32666 ], [ -63.23669, -17.32732 ] ] ] } },
{ "type": "Feature", "properties": { "i": 1912 }, "geometry": { "type": "Polygon", "coordinates": [ [ [ -63.22889, -17.32769 ], [ -63.22975, -17.32861 ], [ -63.23019, -17.3282 ], [ -63.2293, -17.3273 ], [ -63.22927, -17.3273 ], [ -63.22889, -17.32766 ], [ -63.22889, -17.32769 ] ] ] } },
{ "type": "Feature", "properties": { "i": 1913 }, "geometry": { "type": "Polygon", "coordinates": [ [ [ -63.24692, -17.32537 ], [ -63.24695, -17.32537 ], [ -63.24754, -17.3245 ], [ -63.24753, -17.32444 ], [ -63.2471, -17.32417 ], [ -63.24706, -17.32419 ], [ -63.24646, -17.32506 ], [ -63.24647, -17.32509 ], [ -63.24692, -17.32537 ] ] ] } },
{ "type": "Feature", "properties": { "i": 1914 }, "geometry": { "type": "Polygon", "coordinates": [ [ [ -63.2456, -17.32471 ], [ -63.2456, -17.32466 ], [ -63.24519, -17.32438 ], [ -63.24514, -17.32438 ], [ -63.24437, -17.32549 ], [ -63.24438, -17.32553 ], [ -63.24442, -17.32555 ], [ -63.2444, -17.32558 ], [ -63.24478, -17.32582 ], [ -63.24482, -17.32581 ], [ -63.2456, -17.32471 ] ] ] } },
{ "type": "Feature", "properties": { "i": 1915 }, "geometry": { "type": "Polygon", "coordinates": [ [ [ -63.29098, -17.31676 ], [ -63.28954, -17.31673 ], [ -63.2894, -17.31681 ], [ -63.28843, -17.31755 ], [ -63.28823, -17.31776 ], [ -63.29095, -17.31767 ], [ -63.29098, -17.31676 ] ] ] } },
{ "type": "Feature", "properties": { "i": 1916 }, "geometry": { "type": "Polygon", "coordinates": [ [ [ -63.23831, -17.32679 ], [ -63.23835, -17.32678 ], [ -63.23897, -17.3259 ], [ -63.2385, -17.32559 ], [ -63.23787, -17.32647 ], [ -63.23788, -17.32652 ], [ -63.23831, -17.32679 ] ] ] } },
{ "type": "Feature", "properties": { "i": 1917 }, "geometry": { "type": "Polygon", "coordinates": [ [ [ -63.23077, -17.3277 ], [ -63.23077, -17.32764 ], [ -63.23065, -17.32753 ], [ -63.22973, -17.32692 ], [ -63.22968, -17.32693 ], [ -63.22937, -17.32721 ], [ -63.23027, -17.32813 ], [ -63.23077, -17.3277 ] ] ] } },
{ "type": "Feature", "properties": { "i": 1918 }, "geometry": { "type": "Polygon", "coordinates": [ [ [ -63.18853, -17.33518 ], [ -63.18852, -17.33513 ], [ -63.18748, -17.33446 ], [ -63.18713, -17.33494 ], [ -63.18821, -17.33565 ], [ -63.18853, -17.33518 ] ] ] } },
{ "type": "Feature", "properties": { "i": 1919 }, "geometry": { "type": "Polygon", "coordinates": [ [ [ -63.23354, -17.32624 ], [ -63.23348, -17.32624 ], [ -63.23321, -17.32666 ], [ -63.23425, -17.3273 ], [ -63.2345, -17.32695 ], [ -63.23449, -17.32688 ], [ -63.23354, -17.32624 ] ] ] } },
{ "type": "Feature", "properties": { "i": 1920 }, "geometry": { "type": "Polygon", "coordinates": [ [ [ -63.24016, -17.32559 ], [ -63.24095, -17.3261 ], [ -63.24133, -17.32557 ], [ -63.24056, -17.32506 ], [ -63.24051, -17.32508 ], [ -63.24016, -17.32555 ], [ -63.24016, -17.32559 ] ] ] } },
{ "type": "Feature", "properties": { "i": 1921 }, "geometry": { "type": "Polygon", "coordinates": [ [ [ -63.22984, -17.32681 ], [ -63.232, -17.3282 ], [ -63.23231, -17.32774 ], [ -63.23026, -17.32643 ], [ -63.22984, -17.32681 ] ] ] } },
{ "type": "Feature", "properties": { "i": 1922 }, "geometry": { "type": "Polygon", "coordinates": [ [ [ -63.243, -17.32482 ], [ -63.24257, -17.32453 ], [ -63.24255, -17.32454 ], [ -63.24176, -17.32565 ], [ -63.24176, -17.3257 ], [ -63.24219, -17.32598 ], [ -63.24222, -17.32598 ], [ -63.24301, -17.32485 ], [ -63.243, -17.32482 ] ] ] } },
{ "type": "Feature", "properties": { "i": 1923 }, "geometry": { "type": "Polygon", "coordinates": [ [ [ -63.23606, -17.32612 ], [ -63.23709, -17.32677 ], [ -63.23739, -17.32636 ], [ -63.23736, -17.3263 ], [ -63.23637, -17.32568 ], [ -63.23606, -17.32612 ] ] ] } },
{ "type": "Feature", "properties": { "i": 1924 }, "geometry": { "type": "Polygon", "coordinates": [ [ [ -63.2758, -17.31921 ], [ -63.27424, -17.3193 ], [ -63.27425, -17.31957 ], [ -63.27583, -17.31948 ], [ -63.27583, -17.31923 ], [ -63.2758, -17.31921 ] ] ] } },
{ "type": "Feature", "properties": { "i": 1925 }, "geometry": { "type": "Polygon", "coordinates": [ [ [ -63.22724, -17.32722 ], [ -63.22613, -17.32818 ], [ -63.22613, -17.32822 ], [ -63.22651, -17.32862 ], [ -63.22766, -17.32761 ], [ -63.22728, -17.32722 ], [ -63.22724, -17.32722 ] ] ] } },
{ "type": "Feature", "properties": { "i": 1926 }, "geometry": { "type": "Polygon", "coordinates": [ [ [ -63.22322, -17.32886 ], [ -63.22234, -17.32794 ], [ -63.22179, -17.32842 ], [ -63.2227, -17.32935 ], [ -63.22322, -17.3289 ], [ -63.22322, -17.32886 ] ] ] } },
{ "type": "Feature", "properties": { "i": 1927 }, "geometry": { "type": "Polygon", "coordinates": [ [ [ -63.24634, -17.32499 ], [ -63.24638, -17.32498 ], [ -63.247, -17.3241 ], [ -63.24654, -17.32381 ], [ -63.2465, -17.32382 ], [ -63.2459, -17.3247 ], [ -63.24592, -17.32473 ], [ -63.24634, -17.32499 ] ] ] } },
{ "type": "Feature", "properties": { "i": 1928 }, "geometry": { "type": "Polygon", "coordinates": [ [ [ -63.24461, -17.32402 ], [ -63.24456, -17.32402 ], [ -63.24378, -17.32514 ], [ -63.24379, -17.32519 ], [ -63.2442, -17.32546 ], [ -63.24425, -17.32545 ], [ -63.24503, -17.32434 ], [ -63.24502, -17.32429 ], [ -63.24461, -17.32402 ] ] ] } },
{ "type": "Feature", "properties": { "i": 1929 }, "geometry": { "type": "Polygon", "coordinates": [ [ [ -63.22502, -17.32746 ], [ -63.22494, -17.32745 ], [ -63.22443, -17.32792 ], [ -63.22533, -17.32882 ], [ -63.22583, -17.32837 ], [ -63.22584, -17.32831 ], [ -63.22502, -17.32746 ] ] ] } },
{ "type": "Feature", "properties": { "i": 1930 }, "geometry": { "type": "Polygon", "coordinates": [ [ [ -63.23959, -17.32614 ], [ -63.23963, -17.32612 ], [ -63.23991, -17.32572 ], [ -63.23991, -17.32568 ], [ -63.23892, -17.32502 ], [ -63.23888, -17.32503 ], [ -63.23858, -17.32548 ], [ -63.23959, -17.32614 ] ] ] } },
{ "type": "Feature", "properties": { "i": 1931 }, "geometry": { "type": "Polygon", "coordinates": [ [ [ -63.28613, -17.31642 ], [ -63.28426, -17.31648 ], [ -63.28414, -17.31762 ], [ -63.28414, -17.31791 ], [ -63.28575, -17.31785 ], [ -63.28588, -17.31775 ], [ -63.28613, -17.31642 ] ] ] } },
{ "type": "Feature", "properties": { "i": 1932 }, "geometry": { "type": "Polygon", "coordinates": [ [ [ -63.23354, -17.32617 ], [ -63.2346, -17.32682 ], [ -63.23484, -17.32646 ], [ -63.23484, -17.32641 ], [ -63.23481, -17.32638 ], [ -63.23383, -17.32575 ], [ -63.23354, -17.32617 ] ] ] } },
{ "type": "Feature", "properties": { "i": 1933 }, "geometry": { "type": "Polygon", "coordinates": [ [ [ -63.2416, -17.32562 ], [ -63.24167, -17.32561 ], [ -63.24246, -17.32448 ], [ -63.242, -17.32417 ], [ -63.24196, -17.32419 ], [ -63.24118, -17.32532 ], [ -63.24118, -17.32535 ], [ -63.2416, -17.32562 ] ] ] } },
{ "type": "Feature", "properties": { "i": 1934 }, "geometry": { "type": "Polygon", "coordinates": [ [ [ -63.23588, -17.32615 ], [ -63.23485, -17.32548 ], [ -63.23449, -17.326 ], [ -63.23551, -17.32667 ], [ -63.23588, -17.32615 ] ] ] } },
{ "type": "Feature", "properties": { "i": 1935 }, "geometry": { "type": "Polygon", "coordinates": [ [ [ -63.22952, -17.32684 ], [ -63.22952, -17.3268 ], [ -63.22905, -17.32651 ], [ -63.22781, -17.32761 ], [ -63.22821, -17.32806 ], [ -63.22952, -17.32684 ] ] ] } },
{ "type": "Feature", "properties": { "i": 1936 }, "geometry": { "type": "Polygon", "coordinates": [ [ [ -63.22239, -17.3279 ], [ -63.22328, -17.32884 ], [ -63.22373, -17.32843 ], [ -63.22284, -17.32749 ], [ -63.22239, -17.3279 ] ] ] } },
{ "type": "Feature", "properties": { "i": 1937 }, "geometry": { "type": "Polygon", "coordinates": [ [ [ -63.27314, -17.31957 ], [ -63.27309, -17.31911 ], [ -63.27311, -17.3191 ], [ -63.27305, -17.31866 ], [ -63.27207, -17.31868 ], [ -63.27222, -17.31964 ], [ -63.27314, -17.31957 ] ] ] } },
{ "type": "Feature", "properties": { "i": 1938 }, "geometry": { "type": "Polygon", "coordinates": [ [ [ -63.24363, -17.32509 ], [ -63.24367, -17.32508 ], [ -63.24446, -17.32396 ], [ -63.24445, -17.32392 ], [ -63.24404, -17.32365 ], [ -63.24399, -17.32366 ], [ -63.24321, -17.32478 ], [ -63.24323, -17.32482 ], [ -63.24363, -17.32509 ] ] ] } },
{ "type": "Feature", "properties": { "i": 1939 }, "geometry": { "type": "Polygon", "coordinates": [ [ [ -63.27581, -17.31911 ], [ -63.27581, -17.31855 ], [ -63.27458, -17.31861 ], [ -63.27458, -17.31858 ], [ -63.27417, -17.3186 ], [ -63.27422, -17.31918 ], [ -63.27424, -17.3192 ], [ -63.27581, -17.31911 ] ] ] } },
{ "type": "Feature", "properties": { "i": 1940 }, "geometry": { "type": "Polygon", "coordinates": [ [ [ -63.24763, -17.32338 ], [ -63.24716, -17.32407 ], [ -63.2476, -17.32437 ], [ -63.24764, -17.32436 ], [ -63.2479, -17.324 ], [ -63.24763, -17.32338 ] ] ] } },
{ "type": "Feature", "properties": { "i": 1941 }, "geometry": { "type": "Polygon", "coordinates": [ [ [ -63.27324, -17.3196 ], [ -63.27413, -17.31958 ], [ -63.27412, -17.31932 ], [ -63.27367, -17.31935 ], [ -63.27367, -17.31929 ], [ -63.27412, -17.31927 ], [ -63.27407, -17.31869 ], [ -63.27401, -17.31863 ], [ -63.27318, -17.31865 ], [ -63.27315, -17.31867 ], [ -63.27324, -17.3196 ] ] ] } },
{ "type": "Feature", "properties": { "i": 1942 }, "geometry": { "type": "Polygon", "coordinates": [ [ [ -63.24589, -17.32339 ], [ -63.24584, -17.3234 ], [ -63.24525, -17.32426 ], [ -63.24526, -17.3243 ], [ -63.24567, -17.32456 ], [ -63.24571, -17.32455 ], [ -63.24632, -17.3237 ], [ -63.24631, -17.32366 ], [ -63.24589, -17.32339 ] ] ] } },
{ "type": "Feature", "properties": { "i": 1943 }, "geometry": { "type": "Polygon", "coordinates": [ [ [ -63.24004, -17.32551 ], [ -63.239, -17.32484 ], [ -63.23937, -17.32433 ], [ -63.23941, -17.32433 ], [ -63.24041, -17.32499 ], [ -63.24041, -17.32502 ], [ -63.24008, -17.32549 ], [ -63.24004, -17.32551 ] ] ] } },
{ "type": "Feature", "properties": { "i": 1944 }, "geometry": { "type": "Polygon", "coordinates": [ [ [ -63.26511, -17.32007 ], [ -63.26498, -17.32051 ], [ -63.26501, -17.32063 ], [ -63.26509, -17.32069 ], [ -63.2657, -17.32079 ], [ -63.26567, -17.32053 ], [ -63.26556, -17.32036 ], [ -63.26528, -17.32023 ], [ -63.26511, -17.32007 ] ] ] } },
{ "type": "Feature", "properties": { "i": 1945 }, "geometry": { "type": "Polygon", "coordinates": [ [ [ -63.22583, -17.32673 ], [ -63.22579, -17.32673 ], [ -63.22519, -17.32728 ], [ -63.22605, -17.32814 ], [ -63.2261, -17.32812 ], [ -63.22664, -17.32761 ], [ -63.22663, -17.32756 ], [ -63.22583, -17.32673 ] ] ] } },
{ "type": "Feature", "properties": { "i": 1946 }, "geometry": { "type": "Polygon", "coordinates": [ [ [ -63.23083, -17.3259 ], [ -63.23275, -17.32713 ], [ -63.23308, -17.32666 ], [ -63.23131, -17.32552 ], [ -63.23083, -17.3259 ] ] ] } },
{ "type": "Feature", "properties": { "i": 1947 }, "geometry": { "type": "Polygon", "coordinates": [ [ [ -63.22432, -17.3279 ], [ -63.22342, -17.32698 ], [ -63.22288, -17.32746 ], [ -63.22377, -17.32839 ], [ -63.22432, -17.3279 ] ] ] } },
{ "type": "Feature", "properties": { "i": 1948 }, "geometry": { "type": "Polygon", "coordinates": [ [ [ -63.2414, -17.32382 ], [ -63.24062, -17.32493 ], [ -63.24063, -17.32499 ], [ -63.24104, -17.32525 ], [ -63.24109, -17.32524 ], [ -63.24188, -17.32413 ], [ -63.24187, -17.32408 ], [ -63.24145, -17.32381 ], [ -63.2414, -17.32382 ] ] ] } },
{ "type": "Feature", "properties": { "i": 1949 }, "geometry": { "type": "Polygon", "coordinates": [ [ [ -63.24757, -17.32329 ], [ -63.24732, -17.32277 ], [ -63.24724, -17.32275 ], [ -63.24659, -17.3237 ], [ -63.24706, -17.32401 ], [ -63.24757, -17.32329 ] ] ] } },
{ "type": "Feature", "properties": { "i": 1950 }, "geometry": { "type": "Polygon", "coordinates": [ [ [ -63.27206, -17.31967 ], [ -63.27209, -17.31963 ], [ -63.27195, -17.31868 ], [ -63.27103, -17.31871 ], [ -63.27115, -17.31971 ], [ -63.27206, -17.31967 ] ] ] } },
{ "type": "Feature", "properties": { "i": 1951 }, "geometry": { "type": "Polygon", "coordinates": [ [ [ -63.25718, -17.32493 ], [ -63.2573, -17.32494 ], [ -63.25743, -17.32486 ], [ -63.25896, -17.32119 ], [ -63.25896, -17.32113 ], [ -63.25893, -17.32109 ], [ -63.25524, -17.31965 ], [ -63.25515, -17.31965 ], [ -63.25508, -17.3197 ], [ -63.25307, -17.32259 ], [ -63.25291, -17.3231 ], [ -63.25277, -17.32341 ], [ -63.25271, -17.32349 ], [ -63.25305, -17.3237 ], [ -63.25718, -17.32493 ] ] ] } },
{ "type": "Feature", "properties": { "i": 1952 }, "geometry": { "type": "Polygon", "coordinates": [ [ [ -63.23625, -17.32564 ], [ -63.23625, -17.3256 ], [ -63.23526, -17.32495 ], [ -63.23521, -17.32496 ], [ -63.23492, -17.3254 ], [ -63.23593, -17.32606 ], [ -63.23597, -17.32605 ], [ -63.23625, -17.32564 ] ] ] } },
{ "type": "Feature", "properties": { "i": 1953 }, "geometry": { "type": "Polygon", "coordinates": [ [ [ -63.20064, -17.33106 ], [ -63.2002, -17.33102 ], [ -63.20026, -17.33073 ], [ -63.19896, -17.33075 ], [ -63.1985, -17.33279 ], [ -63.20009, -17.33275 ], [ -63.20064, -17.33106 ] ] ] } },
{ "type": "Feature", "properties": { "i": 1954 }, "geometry": { "type": "Polygon", "coordinates": [ [ [ -63.20695, -17.33103 ], [ -63.20688, -17.33041 ], [ -63.20686, -17.3304 ], [ -63.20532, -17.33038 ], [ -63.20531, -17.33109 ], [ -63.20695, -17.33103 ] ] ] } },
{ "type": "Feature", "properties": { "i": 1955 }, "geometry": { "type": "Polygon", "coordinates": [ [ [ -63.22849, -17.32612 ], [ -63.22846, -17.32612 ], [ -63.22734, -17.32714 ], [ -63.22774, -17.32755 ], [ -63.22897, -17.32643 ], [ -63.22849, -17.32612 ] ] ] } },
{ "type": "Feature", "properties": { "i": 1956 }, "geometry": { "type": "Polygon", "coordinates": [ [ [ -63.24308, -17.32472 ], [ -63.24311, -17.32471 ], [ -63.24388, -17.32359 ], [ -63.24345, -17.32328 ], [ -63.24341, -17.3233 ], [ -63.24264, -17.32441 ], [ -63.24265, -17.32446 ], [ -63.24308, -17.32472 ] ] ] } },
{ "type": "Feature", "properties": { "i": 1957 }, "geometry": { "type": "Polygon", "coordinates": [ [ [ -63.24576, -17.3233 ], [ -63.2453, -17.32301 ], [ -63.24528, -17.32302 ], [ -63.24467, -17.32388 ], [ -63.24468, -17.32391 ], [ -63.24514, -17.3242 ], [ -63.24576, -17.32333 ], [ -63.24576, -17.3233 ] ] ] } },
{ "type": "Feature", "properties": { "i": 1958 }, "geometry": { "type": "Polygon", "coordinates": [ [ [ -63.28391, -17.31652 ], [ -63.28388, -17.3165 ], [ -63.28097, -17.31658 ], [ -63.28103, -17.31794 ], [ -63.28376, -17.31787 ], [ -63.28378, -17.31785 ], [ -63.28391, -17.31652 ] ] ] } },
{ "type": "Feature", "properties": { "i": 1959 }, "geometry": { "type": "Polygon", "coordinates": [ [ [ -63.22716, -17.32714 ], [ -63.22632, -17.32626 ], [ -63.22592, -17.32663 ], [ -63.22673, -17.3275 ], [ -63.22678, -17.32749 ], [ -63.22716, -17.32714 ] ] ] } },
{ "type": "Feature", "properties": { "i": 1960 }, "geometry": { "type": "Polygon", "coordinates": [ [ [ -63.23137, -17.32545 ], [ -63.23314, -17.32659 ], [ -63.23342, -17.3262 ], [ -63.23178, -17.32512 ], [ -63.23137, -17.32545 ] ] ] } },
{ "type": "Feature", "properties": { "i": 1961 }, "geometry": { "type": "Polygon", "coordinates": [ [ [ -63.27001, -17.31882 ], [ -63.27, -17.31886 ], [ -63.27007, -17.3191 ], [ -63.27032, -17.31975 ], [ -63.27054, -17.31973 ], [ -63.27046, -17.31941 ], [ -63.27053, -17.3194 ], [ -63.27061, -17.31973 ], [ -63.27101, -17.31972 ], [ -63.27104, -17.31969 ], [ -63.27101, -17.31924 ], [ -63.27098, -17.31924 ], [ -63.27092, -17.31871 ], [ -63.2706, -17.3187 ], [ -63.27025, -17.31874 ], [ -63.27001, -17.31882 ] ] ] } },
{ "type": "Feature", "properties": { "i": 1962 }, "geometry": { "type": "Polygon", "coordinates": [ [ [ -63.24778, -17.32314 ], [ -63.24777, -17.32321 ], [ -63.24801, -17.32369 ], [ -63.2481, -17.3237 ], [ -63.24878, -17.32274 ], [ -63.24836, -17.32245 ], [ -63.24828, -17.32246 ], [ -63.24778, -17.32314 ] ] ] } },
{ "type": "Feature", "properties": { "i": 1963 }, "geometry": { "type": "Polygon", "coordinates": [ [ [ -63.18691, -17.33327 ], [ -63.18652, -17.33379 ], [ -63.18743, -17.33437 ], [ -63.1878, -17.33384 ], [ -63.18691, -17.33327 ] ] ] } },
{ "type": "Feature", "properties": { "i": 1964 }, "geometry": { "type": "Polygon", "coordinates": [ [ [ -63.22435, -17.32786 ], [ -63.22492, -17.32737 ], [ -63.22403, -17.32645 ], [ -63.22346, -17.32694 ], [ -63.22435, -17.32786 ] ] ] } },
{ "type": "Feature", "properties": { "i": 1965 }, "geometry": { "type": "Polygon", "coordinates": [ [ [ -63.24088, -17.32345 ], [ -63.24083, -17.32345 ], [ -63.24003, -17.32459 ], [ -63.24045, -17.32488 ], [ -63.2405, -17.32486 ], [ -63.24129, -17.32375 ], [ -63.24128, -17.3237 ], [ -63.24088, -17.32345 ] ] ] } },
{ "type": "Feature", "properties": { "i": 1966 }, "geometry": { "type": "Polygon", "coordinates": [ [ [ -63.23011, -17.32634 ], [ -63.22942, -17.32591 ], [ -63.22912, -17.32635 ], [ -63.22965, -17.32672 ], [ -63.22969, -17.32673 ], [ -63.23011, -17.32634 ] ] ] } },
{ "type": "Feature", "properties": { "i": 1967 }, "geometry": { "type": "Polygon", "coordinates": [ [ [ -63.23374, -17.32476 ], [ -63.2337, -17.32476 ], [ -63.23339, -17.3252 ], [ -63.23442, -17.32587 ], [ -63.23475, -17.32542 ], [ -63.23374, -17.32476 ] ] ] } },
{ "type": "Feature", "properties": { "i": 1968 }, "geometry": { "type": "Polygon", "coordinates": [ [ [ -63.20527, -17.32971 ], [ -63.20465, -17.3297 ], [ -63.20461, -17.33112 ], [ -63.20524, -17.3311 ], [ -63.20527, -17.32971 ] ] ] } },
{ "type": "Feature", "properties": { "i": 1969 }, "geometry": { "type": "Polygon", "coordinates": [ [ [ -63.22684, -17.32664 ], [ -63.22683, -17.32667 ], [ -63.22724, -17.32707 ], [ -63.22838, -17.32607 ], [ -63.22838, -17.32604 ], [ -63.22787, -17.32572 ], [ -63.22684, -17.32664 ] ] ] } },
{ "type": "Feature", "properties": { "i": 1970 }, "geometry": { "type": "Polygon", "coordinates": [ [ [ -63.24744, -17.32241 ], [ -63.24743, -17.32251 ], [ -63.24772, -17.32304 ], [ -63.2482, -17.32238 ], [ -63.2482, -17.32235 ], [ -63.24771, -17.32204 ], [ -63.24768, -17.32204 ], [ -63.24744, -17.32241 ] ] ] } },
{ "type": "Feature", "properties": { "i": 1971 }, "geometry": { "type": "Polygon", "coordinates": [ [ [ -63.23183, -17.32505 ], [ -63.23344, -17.32608 ], [ -63.2335, -17.32607 ], [ -63.23376, -17.32571 ], [ -63.23212, -17.32464 ], [ -63.23183, -17.32505 ] ] ] } },
{ "type": "Feature", "properties": { "i": 1972 }, "geometry": { "type": "Polygon", "coordinates": [ [ [ -63.24409, -17.32352 ], [ -63.24451, -17.32382 ], [ -63.24457, -17.32382 ], [ -63.24517, -17.32297 ], [ -63.24517, -17.32293 ], [ -63.24472, -17.32264 ], [ -63.24409, -17.32352 ] ] ] } },
{ "type": "Feature", "properties": { "i": 1973 }, "geometry": { "type": "Polygon", "coordinates": [ [ [ -63.28966, -17.3152 ], [ -63.28667, -17.3152 ], [ -63.28666, -17.31537 ], [ -63.28969, -17.31555 ], [ -63.28966, -17.3152 ] ] ] } },
{ "type": "Feature", "properties": { "i": 1974 }, "geometry": { "type": "Polygon", "coordinates": [ [ [ -63.24594, -17.32329 ], [ -63.24635, -17.32356 ], [ -63.24642, -17.32355 ], [ -63.24713, -17.32253 ], [ -63.24713, -17.3225 ], [ -63.24669, -17.3222 ], [ -63.24666, -17.3222 ], [ -63.24594, -17.32324 ], [ -63.24594, -17.32329 ] ] ] } },
{ "type": "Feature", "properties": { "i": 1975 }, "geometry": { "type": "Polygon", "coordinates": [ [ [ -63.20458, -17.32969 ], [ -63.20383, -17.32968 ], [ -63.20378, -17.33109 ], [ -63.20379, -17.33112 ], [ -63.20383, -17.33114 ], [ -63.20455, -17.33113 ], [ -63.20458, -17.32969 ] ] ] } },
{ "type": "Feature", "properties": { "i": 1976 }, "geometry": { "type": "Polygon", "coordinates": [ [ [ -63.28627, -17.31576 ], [ -63.28441, -17.31579 ], [ -63.28438, -17.31581 ], [ -63.2843, -17.31633 ], [ -63.28433, -17.31635 ], [ -63.28613, -17.31629 ], [ -63.28617, -17.31625 ], [ -63.28627, -17.31576 ] ] ] } },
{ "type": "Feature", "properties": { "i": 1977 }, "geometry": { "type": "Polygon", "coordinates": [ [ [ -63.28083, -17.31806 ], [ -63.28081, -17.3166 ], [ -63.27765, -17.31672 ], [ -63.27749, -17.31814 ], [ -63.28083, -17.31806 ] ] ] } },
{ "type": "Feature", "properties": { "i": 1978 }, "geometry": { "type": "Polygon", "coordinates": [ [ [ -63.24251, -17.32436 ], [ -63.24254, -17.32435 ], [ -63.24333, -17.32323 ], [ -63.24333, -17.32319 ], [ -63.24232, -17.32254 ], [ -63.24229, -17.32254 ], [ -63.24148, -17.32369 ], [ -63.24251, -17.32436 ] ] ] } },
{ "type": "Feature", "properties": { "i": 1979 }, "geometry": { "type": "Polygon", "coordinates": [ [ [ -63.20687, -17.33035 ], [ -63.20685, -17.33008 ], [ -63.20671, -17.32975 ], [ -63.20534, -17.32973 ], [ -63.20533, -17.32975 ], [ -63.20532, -17.33032 ], [ -63.20687, -17.33035 ] ] ] } },
{ "type": "Feature", "properties": { "i": 1980 }, "geometry": { "type": "Polygon", "coordinates": [ [ [ -63.20363, -17.3312 ], [ -63.20365, -17.3311 ], [ -63.20369, -17.33 ], [ -63.20317, -17.32997 ], [ -63.20311, -17.32994 ], [ -63.20272, -17.32995 ], [ -63.20272, -17.32992 ], [ -63.20314, -17.32992 ], [ -63.20319, -17.32994 ], [ -63.20369, -17.32996 ], [ -63.20377, -17.32772 ], [ -63.20145, -17.32748 ], [ -63.20135, -17.33108 ], [ -63.20071, -17.33107 ], [ -63.20014, -17.33275 ], [ -63.20317, -17.33267 ], [ -63.2032, -17.33225 ], [ -63.20362, -17.33123 ], [ -63.20356, -17.33122 ], [ -63.2033, -17.33129 ], [ -63.20302, -17.33126 ], [ -63.20303, -17.33123 ], [ -63.2033, -17.33126 ], [ -63.20354, -17.3312 ], [ -63.20363, -17.3312 ] ] ] } },
{ "type": "Feature", "properties": { "i": 1981 }, "geometry": { "type": "Polygon", "coordinates": [ [ [ -63.22981, -17.32539 ], [ -63.22977, -17.32539 ], [ -63.22947, -17.32584 ], [ -63.23017, -17.32628 ], [ -63.23021, -17.32628 ], [ -63.23063, -17.32591 ], [ -63.22981, -17.32539 ] ] ] } },
{ "type": "Feature", "properties": { "i": 1982 }, "geometry": { "type": "Polygon", "coordinates": [ [ [ -63.22338, -17.32694 ], [ -63.22266, -17.3262 ], [ -63.22223, -17.32681 ], [ -63.22284, -17.32743 ], [ -63.22338, -17.32694 ] ] ] } },
{ "type": "Feature", "properties": { "i": 1983 }, "geometry": { "type": "Polygon", "coordinates": [ [ [ -63.23629, -17.32439 ], [ -63.23628, -17.32416 ], [ -63.23593, -17.32394 ], [ -63.2353, -17.32484 ], [ -63.23577, -17.32515 ], [ -63.23592, -17.32496 ], [ -63.23629, -17.32439 ] ] ] } },
{ "type": "Feature", "properties": { "i": 1984 }, "geometry": { "type": "Polygon", "coordinates": [ [ [ -63.24072, -17.32341 ], [ -63.24072, -17.32335 ], [ -63.24028, -17.32306 ], [ -63.23945, -17.3242 ], [ -63.23945, -17.32424 ], [ -63.23989, -17.32452 ], [ -63.23994, -17.32452 ], [ -63.24072, -17.32341 ] ] ] } },
{ "type": "Feature", "properties": { "i": 1985 }, "geometry": { "type": "Polygon", "coordinates": [ [ [ -63.23773, -17.32371 ], [ -63.23796, -17.32341 ], [ -63.238, -17.32341 ], [ -63.23897, -17.32404 ], [ -63.23898, -17.32409 ], [ -63.2386, -17.32463 ], [ -63.23765, -17.32402 ], [ -63.23773, -17.32371 ] ] ] } },
{ "type": "Feature", "properties": { "i": 1986 }, "geometry": { "type": "Polygon", "coordinates": [ [ [ -63.23511, -17.32484 ], [ -63.23411, -17.32421 ], [ -63.23408, -17.32421 ], [ -63.23378, -17.32464 ], [ -63.23378, -17.32466 ], [ -63.2348, -17.32533 ], [ -63.23511, -17.32491 ], [ -63.23511, -17.32484 ] ] ] } },
{ "type": "Feature", "properties": { "i": 1987 }, "geometry": { "type": "Polygon", "coordinates": [ [ [ -63.22423, -17.32628 ], [ -63.22486, -17.32571 ], [ -63.22571, -17.32659 ], [ -63.22571, -17.32663 ], [ -63.22518, -17.32713 ], [ -63.22509, -17.32717 ], [ -63.22423, -17.32628 ] ] ] } },
{ "type": "Feature", "properties": { "i": 1988 }, "geometry": { "type": "Polygon", "coordinates": [ [ [ -63.23067, -17.32583 ], [ -63.23071, -17.32583 ], [ -63.23111, -17.32546 ], [ -63.2302, -17.32488 ], [ -63.23016, -17.32488 ], [ -63.22986, -17.32532 ], [ -63.23067, -17.32583 ] ] ] } },
{ "type": "Feature", "properties": { "i": 1989 }, "geometry": { "type": "Polygon", "coordinates": [ [ [ -63.28393, -17.31638 ], [ -63.28402, -17.31585 ], [ -63.284, -17.3158 ], [ -63.28233, -17.31586 ], [ -63.28234, -17.31643 ], [ -63.28393, -17.31638 ] ] ] } },
{ "type": "Feature", "properties": { "i": 1990 }, "geometry": { "type": "Polygon", "coordinates": [ [ [ -63.2278, -17.32568 ], [ -63.22729, -17.32536 ], [ -63.2264, -17.32618 ], [ -63.22678, -17.32658 ], [ -63.2278, -17.32568 ] ] ] } },
{ "type": "Feature", "properties": { "i": 1991 }, "geometry": { "type": "Polygon", "coordinates": [ [ [ -63.24459, -17.32261 ], [ -63.2446, -17.32257 ], [ -63.24458, -17.32254 ], [ -63.24417, -17.32227 ], [ -63.24414, -17.32227 ], [ -63.24352, -17.32315 ], [ -63.24352, -17.32318 ], [ -63.24399, -17.32348 ], [ -63.24459, -17.32261 ] ] ] } },
{ "type": "Feature", "properties": { "i": 1992 }, "geometry": { "type": "Polygon", "coordinates": [ [ [ -63.28852, -17.31454 ], [ -63.28853, -17.31515 ], [ -63.29093, -17.31515 ], [ -63.29092, -17.31455 ], [ -63.28852, -17.31454 ] ] ] } },
{ "type": "Feature", "properties": { "i": 1993 }, "geometry": { "type": "Polygon", "coordinates": [ [ [ -63.24538, -17.32293 ], [ -63.2458, -17.3232 ], [ -63.24583, -17.3232 ], [ -63.24655, -17.32215 ], [ -63.24655, -17.32212 ], [ -63.24609, -17.32184 ], [ -63.24536, -17.32286 ], [ -63.24538, -17.32293 ] ] ] } },
{ "type": "Feature", "properties": { "i": 1994 }, "geometry": { "type": "Polygon", "coordinates": [ [ [ -63.24882, -17.32263 ], [ -63.24886, -17.32262 ], [ -63.24905, -17.32237 ], [ -63.24965, -17.3215 ], [ -63.24965, -17.32146 ], [ -63.24921, -17.32118 ], [ -63.24917, -17.3212 ], [ -63.24895, -17.3215 ], [ -63.24838, -17.32232 ], [ -63.24839, -17.32236 ], [ -63.24882, -17.32263 ] ] ] } },
{ "type": "Feature", "properties": { "i": 1995 }, "geometry": { "type": "Polygon", "coordinates": [ [ [ -63.28221, -17.31641 ], [ -63.28221, -17.31587 ], [ -63.28098, -17.3159 ], [ -63.28095, -17.31594 ], [ -63.28096, -17.31643 ], [ -63.28099, -17.31646 ], [ -63.28221, -17.31641 ] ] ] } },
{ "type": "Feature", "properties": { "i": 1996 }, "geometry": { "type": "Polygon", "coordinates": [ [ [ -63.2864, -17.31509 ], [ -63.28454, -17.31512 ], [ -63.2845, -17.31516 ], [ -63.28441, -17.31566 ], [ -63.28443, -17.31569 ], [ -63.28629, -17.31564 ], [ -63.2864, -17.31509 ] ] ] } },
{ "type": "Feature", "properties": { "i": 1997 }, "geometry": { "type": "Polygon", "coordinates": [ [ [ -63.27102, -17.31816 ], [ -63.27019, -17.31791 ], [ -63.27005, -17.31832 ], [ -63.27101, -17.31826 ], [ -63.27103, -17.31823 ], [ -63.27102, -17.31816 ] ] ] } },
{ "type": "Feature", "properties": { "i": 1998 }, "geometry": { "type": "Polygon", "coordinates": [ [ [ -63.23521, -17.32476 ], [ -63.23583, -17.32387 ], [ -63.23583, -17.32384 ], [ -63.23537, -17.32355 ], [ -63.23473, -17.32446 ], [ -63.23473, -17.32449 ], [ -63.23516, -17.32477 ], [ -63.23521, -17.32476 ] ] ] } },
{ "type": "Feature", "properties": { "i": 1999 }, "geometry": { "type": "Polygon", "coordinates": [ [ [ -63.20669, -17.32968 ], [ -63.2065, -17.32909 ], [ -63.20533, -17.32906 ], [ -63.20533, -17.32966 ], [ -63.20669, -17.32968 ] ] ] } },
{ "type": "Feature", "properties": { "i": 2000 }, "geometry": { "type": "Polygon", "coordinates": [ [ [ -63.2227, -17.32615 ], [ -63.22342, -17.32688 ], [ -63.22396, -17.32639 ], [ -63.22314, -17.32554 ], [ -63.2227, -17.32615 ] ] ] } },
{ "type": "Feature", "properties": { "i": 2001 }, "geometry": { "type": "Polygon", "coordinates": [ [ [ -63.27238, -17.31753 ], [ -63.27149, -17.31725 ], [ -63.27121, -17.31811 ], [ -63.27123, -17.31813 ], [ -63.27167, -17.31822 ], [ -63.27214, -17.31822 ], [ -63.27238, -17.31753 ] ] ] } },
{ "type": "Feature", "properties": { "i": 2002 }, "geometry": { "type": "Polygon", "coordinates": [ [ [ -63.23358, -17.32472 ], [ -63.23358, -17.32464 ], [ -63.23256, -17.324 ], [ -63.23227, -17.32442 ], [ -63.23228, -17.32447 ], [ -63.23326, -17.32512 ], [ -63.23332, -17.32511 ], [ -63.23358, -17.32472 ] ] ] } },
{ "type": "Feature", "properties": { "i": 2003 }, "geometry": { "type": "Polygon", "coordinates": [ [ [ -63.26912, -17.31857 ], [ -63.26994, -17.31833 ], [ -63.27006, -17.31788 ], [ -63.27005, -17.31785 ], [ -63.26921, -17.31758 ], [ -63.26915, -17.3176 ], [ -63.26873, -17.31855 ], [ -63.26909, -17.31864 ], [ -63.26912, -17.31857 ] ] ] } },
{ "type": "Feature", "properties": { "i": 2004 }, "geometry": { "type": "Polygon", "coordinates": [ [ [ -63.23118, -17.32538 ], [ -63.23158, -17.32501 ], [ -63.23055, -17.32434 ], [ -63.23025, -17.32476 ], [ -63.23118, -17.32538 ] ] ] } },
{ "type": "Feature", "properties": { "i": 2005 }, "geometry": { "type": "Polygon", "coordinates": [ [ [ -63.27953, -17.31648 ], [ -63.28075, -17.31646 ], [ -63.28078, -17.31643 ], [ -63.28076, -17.31593 ], [ -63.28073, -17.31591 ], [ -63.27954, -17.31595 ], [ -63.27952, -17.31598 ], [ -63.27953, -17.31648 ] ] ] } },
{ "type": "Feature", "properties": { "i": 2006 }, "geometry": { "type": "Polygon", "coordinates": [ [ [ -63.24711, -17.32166 ], [ -63.24706, -17.32166 ], [ -63.24704, -17.32172 ], [ -63.24729, -17.3223 ], [ -63.24731, -17.3223 ], [ -63.24754, -17.32198 ], [ -63.24754, -17.32194 ], [ -63.24711, -17.32166 ] ] ] } },
{ "type": "Feature", "properties": { "i": 2007 }, "geometry": { "type": "Polygon", "coordinates": [ [ [ -63.23771, -17.32358 ], [ -63.23877, -17.32205 ], [ -63.23827, -17.32173 ], [ -63.23772, -17.32252 ], [ -63.23765, -17.32247 ], [ -63.23821, -17.32169 ], [ -63.23772, -17.32137 ], [ -63.23604, -17.3238 ], [ -63.23604, -17.32383 ], [ -63.23633, -17.32403 ], [ -63.23639, -17.32413 ], [ -63.23642, -17.32434 ], [ -63.23637, -17.32449 ], [ -63.23585, -17.32521 ], [ -63.23743, -17.32623 ], [ -63.23748, -17.32623 ], [ -63.23751, -17.3262 ], [ -63.2381, -17.32534 ], [ -63.2375, -17.32495 ], [ -63.23757, -17.32483 ], [ -63.23819, -17.32521 ], [ -63.23851, -17.32476 ], [ -63.23753, -17.32415 ], [ -63.23755, -17.32395 ], [ -63.23771, -17.32358 ] ] ] } },
{ "type": "Feature", "properties": { "i": 2008 }, "geometry": { "type": "Polygon", "coordinates": [ [ [ -63.28672, -17.31455 ], [ -63.28668, -17.31517 ], [ -63.28847, -17.31516 ], [ -63.28847, -17.31454 ], [ -63.28672, -17.31455 ] ] ] } },
{ "type": "Feature", "properties": { "i": 2009 }, "geometry": { "type": "Polygon", "coordinates": [ [ [ -63.24136, -17.32362 ], [ -63.2414, -17.3236 ], [ -63.2422, -17.32248 ], [ -63.24219, -17.32243 ], [ -63.24178, -17.32216 ], [ -63.24173, -17.32217 ], [ -63.24093, -17.3233 ], [ -63.24093, -17.32335 ], [ -63.24136, -17.32362 ] ] ] } },
{ "type": "Feature", "properties": { "i": 2010 }, "geometry": { "type": "Polygon", "coordinates": [ [ [ -63.24924, -17.32301 ], [ -63.2489, -17.32281 ], [ -63.24885, -17.32282 ], [ -63.24814, -17.32385 ], [ -63.24814, -17.32392 ], [ -63.24826, -17.32455 ], [ -63.24945, -17.3267 ], [ -63.24947, -17.3267 ], [ -63.25459, -17.31943 ], [ -63.25201, -17.31839 ], [ -63.25196, -17.31839 ], [ -63.24893, -17.32269 ], [ -63.24894, -17.32274 ], [ -63.24928, -17.32294 ], [ -63.24924, -17.32301 ] ] ] } },
{ "type": "Feature", "properties": { "i": 2011 }, "geometry": { "type": "Polygon", "coordinates": [ [ [ -63.24524, -17.32282 ], [ -63.24528, -17.32281 ], [ -63.24599, -17.32181 ], [ -63.24599, -17.32176 ], [ -63.24555, -17.32147 ], [ -63.24552, -17.32148 ], [ -63.2448, -17.32251 ], [ -63.24481, -17.32256 ], [ -63.24524, -17.32282 ] ] ] } },
{ "type": "Feature", "properties": { "i": 2012 }, "geometry": { "type": "Polygon", "coordinates": [ [ [ -63.23986, -17.32285 ], [ -63.23985, -17.32277 ], [ -63.23942, -17.3225 ], [ -63.23862, -17.32364 ], [ -63.23862, -17.32367 ], [ -63.23905, -17.32395 ], [ -63.23909, -17.32395 ], [ -63.23986, -17.32285 ] ] ] } },
{ "type": "Feature", "properties": { "i": 2013 }, "geometry": { "type": "Polygon", "coordinates": [ [ [ -63.24338, -17.32309 ], [ -63.24342, -17.32308 ], [ -63.24403, -17.32223 ], [ -63.24402, -17.32218 ], [ -63.2436, -17.3219 ], [ -63.24355, -17.32191 ], [ -63.24295, -17.32278 ], [ -63.24296, -17.32283 ], [ -63.24338, -17.32309 ] ] ] } },
{ "type": "Feature", "properties": { "i": 2014 }, "geometry": { "type": "Polygon", "coordinates": [ [ [ -63.24824, -17.32227 ], [ -63.24828, -17.32225 ], [ -63.24848, -17.32198 ], [ -63.24909, -17.32112 ], [ -63.24856, -17.32078 ], [ -63.24774, -17.32192 ], [ -63.24775, -17.32196 ], [ -63.24824, -17.32227 ] ] ] } },
{ "type": "Feature", "properties": { "i": 2015 }, "geometry": { "type": "Polygon", "coordinates": [ [ [ -63.228, -17.32565 ], [ -63.22847, -17.32593 ], [ -63.22952, -17.3244 ], [ -63.22906, -17.3241 ], [ -63.228, -17.32561 ], [ -63.228, -17.32565 ] ] ] } },
{ "type": "Feature", "properties": { "i": 2016 }, "geometry": { "type": "Polygon", "coordinates": [ [ [ -63.27941, -17.31595 ], [ -63.27775, -17.316 ], [ -63.27768, -17.31652 ], [ -63.27772, -17.31655 ], [ -63.27937, -17.3165 ], [ -63.2794, -17.31648 ], [ -63.27941, -17.31595 ] ] ] } },
{ "type": "Feature", "properties": { "i": 2017 }, "geometry": { "type": "Polygon", "coordinates": [ [ [ -63.28356, -17.31517 ], [ -63.28234, -17.3152 ], [ -63.28228, -17.31524 ], [ -63.28229, -17.31572 ], [ -63.28234, -17.31576 ], [ -63.28356, -17.31572 ], [ -63.28358, -17.3157 ], [ -63.28356, -17.31517 ] ] ] } },
{ "type": "Feature", "properties": { "i": 2018 }, "geometry": { "type": "Polygon", "coordinates": [ [ [ -63.27135, -17.31722 ], [ -63.27134, -17.3172 ], [ -63.27082, -17.31703 ], [ -63.2705, -17.31693 ], [ -63.27048, -17.31694 ], [ -63.27024, -17.31778 ], [ -63.27105, -17.31804 ], [ -63.27109, -17.31801 ], [ -63.27135, -17.31722 ] ] ] } },
{ "type": "Feature", "properties": { "i": 2019 }, "geometry": { "type": "Polygon", "coordinates": [ [ [ -63.23524, -17.32348 ], [ -63.23479, -17.3232 ], [ -63.23416, -17.32411 ], [ -63.2346, -17.32441 ], [ -63.23463, -17.3244 ], [ -63.23525, -17.32352 ], [ -63.23524, -17.32348 ] ] ] } },
{ "type": "Feature", "properties": { "i": 2020 }, "geometry": { "type": "Polygon", "coordinates": [ [ [ -63.27366, -17.31817 ], [ -63.27416, -17.31602 ], [ -63.273, -17.31551 ], [ -63.27282, -17.31655 ], [ -63.27231, -17.31812 ], [ -63.27235, -17.31819 ], [ -63.27366, -17.31817 ] ] ] } },
{ "type": "Feature", "properties": { "i": 2021 }, "geometry": { "type": "Polygon", "coordinates": [ [ [ -63.23397, -17.32413 ], [ -63.23293, -17.32346 ], [ -63.23263, -17.32388 ], [ -63.23264, -17.32391 ], [ -63.23367, -17.3246 ], [ -63.23397, -17.32416 ], [ -63.23397, -17.32413 ] ] ] } },
{ "type": "Feature", "properties": { "i": 2022 }, "geometry": { "type": "Polygon", "coordinates": [ [ [ -63.23061, -17.3242 ], [ -63.23061, -17.32423 ], [ -63.23163, -17.32492 ], [ -63.23167, -17.32491 ], [ -63.23193, -17.32455 ], [ -63.23193, -17.3245 ], [ -63.23088, -17.32381 ], [ -63.23061, -17.3242 ] ] ] } },
{ "type": "Feature", "properties": { "i": 2023 }, "geometry": { "type": "Polygon", "coordinates": [ [ [ -63.26861, -17.31852 ], [ -63.26864, -17.31851 ], [ -63.26904, -17.31753 ], [ -63.26819, -17.31722 ], [ -63.26817, -17.31723 ], [ -63.26787, -17.31824 ], [ -63.26861, -17.31852 ] ] ] } },
{ "type": "Feature", "properties": { "i": 2024 }, "geometry": { "type": "Polygon", "coordinates": [ [ [ -63.28222, -17.31571 ], [ -63.28221, -17.31521 ], [ -63.2809, -17.31524 ], [ -63.28088, -17.31527 ], [ -63.2809, -17.31577 ], [ -63.28092, -17.31579 ], [ -63.2822, -17.31575 ], [ -63.28222, -17.31571 ] ] ] } },
{ "type": "Feature", "properties": { "i": 2025 }, "geometry": { "type": "Polygon", "coordinates": [ [ [ -63.2272, -17.3253 ], [ -63.22599, -17.3245 ], [ -63.2256, -17.32505 ], [ -63.22667, -17.32576 ], [ -63.2272, -17.3253 ] ] ] } },
{ "type": "Feature", "properties": { "i": 2026 }, "geometry": { "type": "Polygon", "coordinates": [ [ [ -63.22684, -17.32486 ], [ -63.22787, -17.32555 ], [ -63.22791, -17.32555 ], [ -63.22819, -17.32513 ], [ -63.22818, -17.32507 ], [ -63.22716, -17.32442 ], [ -63.22684, -17.32486 ] ] ] } },
{ "type": "Feature", "properties": { "i": 2027 }, "geometry": { "type": "Polygon", "coordinates": [ [ [ -63.2408, -17.32325 ], [ -63.24083, -17.32325 ], [ -63.24164, -17.32211 ], [ -63.24162, -17.32207 ], [ -63.24119, -17.32179 ], [ -63.24115, -17.3218 ], [ -63.24036, -17.32293 ], [ -63.24036, -17.32298 ], [ -63.2408, -17.32325 ] ] ] } },
{ "type": "Feature", "properties": { "i": 2028 }, "geometry": { "type": "Polygon", "coordinates": [ [ [ -63.28639, -17.31497 ], [ -63.28643, -17.31493 ], [ -63.28652, -17.31441 ], [ -63.28649, -17.31437 ], [ -63.28465, -17.31443 ], [ -63.28463, -17.31444 ], [ -63.28453, -17.31499 ], [ -63.28455, -17.31502 ], [ -63.28639, -17.31497 ] ] ] } },
{ "type": "Feature", "properties": { "i": 2029 }, "geometry": { "type": "Polygon", "coordinates": [ [ [ -63.24281, -17.32274 ], [ -63.24285, -17.32273 ], [ -63.24348, -17.32184 ], [ -63.24346, -17.3218 ], [ -63.24303, -17.32153 ], [ -63.24299, -17.32155 ], [ -63.24239, -17.32242 ], [ -63.2424, -17.32246 ], [ -63.24281, -17.32274 ] ] ] } },
{ "type": "Feature", "properties": { "i": 2030 }, "geometry": { "type": "Polygon", "coordinates": [ [ [ -63.22382, -17.32464 ], [ -63.22378, -17.32464 ], [ -63.22326, -17.32534 ], [ -63.22417, -17.32621 ], [ -63.2248, -17.32566 ], [ -63.22382, -17.32464 ] ] ] } },
{ "type": "Feature", "properties": { "i": 2031 }, "geometry": { "type": "Polygon", "coordinates": [ [ [ -63.24544, -17.32141 ], [ -63.24543, -17.32137 ], [ -63.24497, -17.32109 ], [ -63.24421, -17.32217 ], [ -63.24464, -17.32246 ], [ -63.24468, -17.32245 ], [ -63.24544, -17.32141 ] ] ] } },
{ "type": "Feature", "properties": { "i": 2032 }, "geometry": { "type": "Polygon", "coordinates": [ [ [ -63.23849, -17.32358 ], [ -63.23852, -17.32357 ], [ -63.23932, -17.32244 ], [ -63.2393, -17.3224 ], [ -63.2389, -17.32213 ], [ -63.23885, -17.32214 ], [ -63.23804, -17.32327 ], [ -63.23805, -17.32331 ], [ -63.23849, -17.32358 ] ] ] } },
{ "type": "Feature", "properties": { "i": 2033 }, "geometry": { "type": "Polygon", "coordinates": [ [ [ -63.18535, -17.33304 ], [ -63.18572, -17.3325 ], [ -63.18463, -17.33179 ], [ -63.18425, -17.33233 ], [ -63.18535, -17.33304 ] ] ] } },
{ "type": "Feature", "properties": { "i": 2034 }, "geometry": { "type": "Polygon", "coordinates": [ [ [ -63.28079, -17.31581 ], [ -63.28081, -17.31579 ], [ -63.2808, -17.31529 ], [ -63.28076, -17.31526 ], [ -63.27947, -17.31529 ], [ -63.27948, -17.31584 ], [ -63.28079, -17.31581 ] ] ] } },
{ "type": "Feature", "properties": { "i": 2035 }, "geometry": { "type": "Polygon", "coordinates": [ [ [ -63.28695, -17.31389 ], [ -63.28674, -17.31449 ], [ -63.28848, -17.31449 ], [ -63.28846, -17.31388 ], [ -63.28695, -17.31389 ] ] ] } },
{ "type": "Feature", "properties": { "i": 2036 }, "geometry": { "type": "Polygon", "coordinates": [ [ [ -63.27236, -17.31739 ], [ -63.27244, -17.31736 ], [ -63.27271, -17.31658 ], [ -63.27269, -17.31655 ], [ -63.2719, -17.31608 ], [ -63.27187, -17.31608 ], [ -63.27153, -17.3171 ], [ -63.27156, -17.31714 ], [ -63.27236, -17.31739 ] ] ] } },
{ "type": "Feature", "properties": { "i": 2037 }, "geometry": { "type": "Polygon", "coordinates": [ [ [ -63.28421, -17.31502 ], [ -63.28429, -17.31447 ], [ -63.28363, -17.31449 ], [ -63.28365, -17.31505 ], [ -63.28419, -17.31504 ], [ -63.28421, -17.31502 ] ] ] } },
{ "type": "Feature", "properties": { "i": 2038 }, "geometry": { "type": "Polygon", "coordinates": [ [ [ -63.20387, -17.32836 ], [ -63.20385, -17.32896 ], [ -63.20647, -17.32902 ], [ -63.206, -17.32839 ], [ -63.20387, -17.32836 ] ] ] } },
{ "type": "Feature", "properties": { "i": 2039 }, "geometry": { "type": "Polygon", "coordinates": [ [ [ -63.24717, -17.32154 ], [ -63.24762, -17.32185 ], [ -63.24804, -17.32125 ], [ -63.2484, -17.3207 ], [ -63.2484, -17.32066 ], [ -63.24798, -17.32039 ], [ -63.24794, -17.32039 ], [ -63.24716, -17.32149 ], [ -63.24717, -17.32154 ] ] ] } },
{ "type": "Feature", "properties": { "i": 2040 }, "geometry": { "type": "Polygon", "coordinates": [ [ [ -63.27037, -17.31691 ], [ -63.27034, -17.31687 ], [ -63.26952, -17.31661 ], [ -63.26948, -17.31664 ], [ -63.26922, -17.31746 ], [ -63.2701, -17.31772 ], [ -63.27037, -17.31691 ] ] ] } },
{ "type": "Feature", "properties": { "i": 2041 }, "geometry": { "type": "Polygon", "coordinates": [ [ [ -63.2677, -17.31804 ], [ -63.26776, -17.31805 ], [ -63.26779, -17.31803 ], [ -63.26804, -17.31721 ], [ -63.26802, -17.31719 ], [ -63.2671, -17.31699 ], [ -63.26703, -17.31706 ], [ -63.26703, -17.31711 ], [ -63.26748, -17.31781 ], [ -63.2677, -17.31804 ] ] ] } },
{ "type": "Feature", "properties": { "i": 2042 }, "geometry": { "type": "Polygon", "coordinates": [ [ [ -63.24971, -17.32135 ], [ -63.24975, -17.32134 ], [ -63.25008, -17.32087 ], [ -63.25008, -17.32084 ], [ -63.24906, -17.32015 ], [ -63.24902, -17.32015 ], [ -63.24867, -17.32063 ], [ -63.24867, -17.32067 ], [ -63.24971, -17.32135 ] ] ] } },
{ "type": "Feature", "properties": { "i": 2043 }, "geometry": { "type": "Polygon", "coordinates": [ [ [ -63.23489, -17.32308 ], [ -63.23591, -17.32374 ], [ -63.23594, -17.32373 ], [ -63.23625, -17.3233 ], [ -63.23625, -17.32327 ], [ -63.23521, -17.32262 ], [ -63.23519, -17.32262 ], [ -63.23489, -17.32305 ], [ -63.23489, -17.32308 ] ] ] } },
{ "type": "Feature", "properties": { "i": 2044 }, "geometry": { "type": "Polygon", "coordinates": [ [ [ -63.2336, -17.32373 ], [ -63.23403, -17.32402 ], [ -63.23407, -17.32402 ], [ -63.23468, -17.32314 ], [ -63.23467, -17.3231 ], [ -63.23427, -17.32282 ], [ -63.23424, -17.32282 ], [ -63.2336, -17.32373 ] ] ] } },
{ "type": "Feature", "properties": { "i": 2045 }, "geometry": { "type": "Polygon", "coordinates": [ [ [ -63.27939, -17.31584 ], [ -63.27938, -17.31533 ], [ -63.27934, -17.31529 ], [ -63.27786, -17.31534 ], [ -63.27784, -17.31537 ], [ -63.27777, -17.31585 ], [ -63.27779, -17.31588 ], [ -63.27939, -17.31584 ] ] ] } },
{ "type": "Feature", "properties": { "i": 2046 }, "geometry": { "type": "Polygon", "coordinates": [ [ [ -63.23016, -17.32468 ], [ -63.23044, -17.32425 ], [ -63.2294, -17.32356 ], [ -63.22909, -17.32402 ], [ -63.23012, -17.32468 ], [ -63.23016, -17.32468 ] ] ] } },
{ "type": "Feature", "properties": { "i": 2047 }, "geometry": { "type": "Polygon", "coordinates": [ [ [ -63.2285, -17.32375 ], [ -63.22847, -17.32375 ], [ -63.22782, -17.32469 ], [ -63.22782, -17.32471 ], [ -63.22826, -17.32499 ], [ -63.2283, -17.32499 ], [ -63.22895, -17.32406 ], [ -63.2285, -17.32375 ] ] ] } },
{ "type": "Feature", "properties": { "i": 2048 }, "geometry": { "type": "Polygon", "coordinates": [ [ [ -63.28349, -17.31451 ], [ -63.28225, -17.31454 ], [ -63.28228, -17.31507 ], [ -63.28354, -17.31505 ], [ -63.28354, -17.31454 ], [ -63.28349, -17.31451 ] ] ] } },
{ "type": "Feature", "properties": { "i": 2049 }, "geometry": { "type": "Polygon", "coordinates": [ [ [ -63.26509, -17.31833 ], [ -63.26509, -17.31842 ], [ -63.26494, -17.31841 ], [ -63.26461, -17.31834 ], [ -63.26422, -17.31817 ], [ -63.26407, -17.31819 ], [ -63.26448, -17.3188 ], [ -63.26485, -17.31965 ], [ -63.265, -17.31985 ], [ -63.2651, -17.31986 ], [ -63.26515, -17.31983 ], [ -63.26567, -17.31903 ], [ -63.26569, -17.31906 ], [ -63.26519, -17.3199 ], [ -63.2652, -17.31992 ], [ -63.26534, -17.31997 ], [ -63.26645, -17.32004 ], [ -63.26646, -17.32009 ], [ -63.26544, -17.32003 ], [ -63.26518, -17.31997 ], [ -63.26513, -17.32001 ], [ -63.26523, -17.32015 ], [ -63.26539, -17.32025 ], [ -63.26557, -17.32032 ], [ -63.26612, -17.32043 ], [ -63.26611, -17.32048 ], [ -63.2656, -17.32037 ], [ -63.26568, -17.32048 ], [ -63.26572, -17.32073 ], [ -63.26579, -17.3208 ], [ -63.26625, -17.32088 ], [ -63.26633, -17.32084 ], [ -63.26638, -17.32058 ], [ -63.26626, -17.32023 ], [ -63.26625, -17.32014 ], [ -63.26628, -17.32014 ], [ -63.26641, -17.32056 ], [ -63.26638, -17.32082 ], [ -63.26633, -17.3209 ], [ -63.26619, -17.32091 ], [ -63.26518, -17.32075 ], [ -63.26502, -17.32069 ], [ -63.26496, -17.32062 ], [ -63.26494, -17.3205 ], [ -63.26505, -17.31999 ], [ -63.26489, -17.31981 ], [ -63.26444, -17.3208 ], [ -63.26429, -17.32107 ], [ -63.26426, -17.3212 ], [ -63.26445, -17.32174 ], [ -63.2645, -17.32175 ], [ -63.26492, -17.32162 ], [ -63.26493, -17.32167 ], [ -63.26382, -17.32203 ], [ -63.26381, -17.32199 ], [ -63.26431, -17.32182 ], [ -63.26436, -17.32177 ], [ -63.26419, -17.32123 ], [ -63.2642, -17.32112 ], [ -63.26478, -17.31994 ], [ -63.2648, -17.31986 ], [ -63.26456, -17.31914 ], [ -63.26436, -17.31871 ], [ -63.26432, -17.3187 ], [ -63.26429, -17.31873 ], [ -63.26353, -17.32082 ], [ -63.26371, -17.32144 ], [ -63.26367, -17.32145 ], [ -63.26349, -17.32084 ], [ -63.26303, -17.32093 ], [ -63.26297, -17.32092 ], [ -63.26211, -17.32008 ], [ -63.26215, -17.32006 ], [ -63.26301, -17.32087 ], [ -63.26307, -17.32088 ], [ -63.26349, -17.3208 ], [ -63.26424, -17.31872 ], [ -63.26424, -17.31864 ], [ -63.2642, -17.31857 ], [ -63.26414, -17.31853 ], [ -63.26409, -17.31853 ], [ -63.26232, -17.31967 ], [ -63.2623, -17.31961 ], [ -63.26398, -17.31851 ], [ -63.264, -17.31846 ], [ -63.264, -17.31832 ], [ -63.26388, -17.31804 ], [ -63.26389, -17.31795 ], [ -63.26438, -17.3176 ], [ -63.2645, -17.3175 ], [ -63.26459, -17.31737 ], [ -63.26464, -17.31723 ], [ -63.26463, -17.31716 ], [ -63.26378, -17.31591 ], [ -63.26261, -17.31422 ], [ -63.26256, -17.31422 ], [ -63.26215, -17.31448 ], [ -63.26209, -17.31439 ], [ -63.26003, -17.31568 ], [ -63.25991, -17.31566 ], [ -63.25873, -17.31457 ], [ -63.25635, -17.31801 ], [ -63.2558, -17.31877 ], [ -63.25557, -17.31934 ], [ -63.26573, -17.32349 ], [ -63.26634, -17.32313 ], [ -63.2673, -17.32142 ], [ -63.26782, -17.32041 ], [ -63.26789, -17.32022 ], [ -63.26799, -17.31982 ], [ -63.26801, -17.31955 ], [ -63.26799, -17.31937 ], [ -63.26792, -17.31912 ], [ -63.26779, -17.31888 ], [ -63.26596, -17.31626 ], [ -63.26492, -17.31693 ], [ -63.26485, -17.31704 ], [ -63.26478, -17.31728 ], [ -63.2646, -17.31757 ], [ -63.2644, -17.31775 ], [ -63.26425, -17.31785 ], [ -63.26403, -17.31794 ], [ -63.26398, -17.318 ], [ -63.26398, -17.31807 ], [ -63.26402, -17.3181 ], [ -63.26496, -17.31816 ], [ -63.26496, -17.31823 ], [ -63.26443, -17.31817 ], [ -63.26443, -17.31821 ], [ -63.26459, -17.31828 ], [ -63.26495, -17.31834 ], [ -63.26509, -17.31833 ] ] ] } },
{ "type": "Feature", "properties": { "i": 2050 }, "geometry": { "type": "Polygon", "coordinates": [ [ [ -63.23239, -17.32388 ], [ -63.23132, -17.3232 ], [ -63.23101, -17.32365 ], [ -63.23207, -17.32434 ], [ -63.23239, -17.32391 ], [ -63.23239, -17.32388 ] ] ] } },
{ "type": "Feature", "properties": { "i": 2051 }, "geometry": { "type": "Polygon", "coordinates": [ [ [ -63.27771, -17.31458 ], [ -63.27619, -17.31385 ], [ -63.27527, -17.31701 ], [ -63.27509, -17.31769 ], [ -63.27506, -17.31803 ], [ -63.27509, -17.3181 ], [ -63.2772, -17.31804 ], [ -63.27726, -17.31798 ], [ -63.27775, -17.31467 ], [ -63.27771, -17.31458 ] ] ] } },
{ "type": "Feature", "properties": { "i": 2052 }, "geometry": { "type": "Polygon", "coordinates": [ [ [ -63.24226, -17.32237 ], [ -63.2423, -17.32235 ], [ -63.24291, -17.32147 ], [ -63.2429, -17.32144 ], [ -63.24247, -17.32117 ], [ -63.24243, -17.32118 ], [ -63.24181, -17.32206 ], [ -63.24183, -17.3221 ], [ -63.24226, -17.32237 ] ] ] } },
{ "type": "Feature", "properties": { "i": 2053 }, "geometry": { "type": "Polygon", "coordinates": [ [ [ -63.2441, -17.3221 ], [ -63.24414, -17.32209 ], [ -63.24487, -17.32104 ], [ -63.24441, -17.32073 ], [ -63.24436, -17.32074 ], [ -63.24365, -17.32176 ], [ -63.24366, -17.32181 ], [ -63.2441, -17.3221 ] ] ] } },
{ "type": "Feature", "properties": { "i": 2054 }, "geometry": { "type": "Polygon", "coordinates": [ [ [ -63.28218, -17.31509 ], [ -63.28216, -17.31456 ], [ -63.2809, -17.31457 ], [ -63.28088, -17.3146 ], [ -63.28089, -17.31509 ], [ -63.28091, -17.31512 ], [ -63.28218, -17.31509 ] ] ] } },
{ "type": "Feature", "properties": { "i": 2055 }, "geometry": { "type": "Polygon", "coordinates": [ [ [ -63.28668, -17.31369 ], [ -63.28667, -17.31366 ], [ -63.28665, -17.31366 ], [ -63.28479, -17.31371 ], [ -63.28474, -17.31376 ], [ -63.28468, -17.31426 ], [ -63.28471, -17.31429 ], [ -63.28655, -17.31425 ], [ -63.28657, -17.31424 ], [ -63.28668, -17.31369 ] ] ] } },
{ "type": "Feature", "properties": { "i": 2056 }, "geometry": { "type": "Polygon", "coordinates": [ [ [ -63.24032, -17.32125 ], [ -63.24029, -17.32125 ], [ -63.23952, -17.32236 ], [ -63.23953, -17.3224 ], [ -63.23994, -17.32267 ], [ -63.23999, -17.32266 ], [ -63.24076, -17.32156 ], [ -63.24032, -17.32125 ] ] ] } },
{ "type": "Feature", "properties": { "i": 2057 }, "geometry": { "type": "Polygon", "coordinates": [ [ [ -63.24681, -17.32172 ], [ -63.24623, -17.32051 ], [ -63.24621, -17.32051 ], [ -63.24566, -17.3213 ], [ -63.24666, -17.32191 ], [ -63.24678, -17.32187 ], [ -63.24682, -17.32179 ], [ -63.24681, -17.32172 ] ] ] } },
{ "type": "Feature", "properties": { "i": 2058 }, "geometry": { "type": "Polygon", "coordinates": [ [ [ -63.28848, -17.31331 ], [ -63.28833, -17.31329 ], [ -63.28789, -17.31317 ], [ -63.28748, -17.31299 ], [ -63.28694, -17.31385 ], [ -63.28847, -17.31383 ], [ -63.28848, -17.31331 ] ] ] } },
{ "type": "Feature", "properties": { "i": 2059 }, "geometry": { "type": "Polygon", "coordinates": [ [ [ -63.2341, -17.32279 ], [ -63.23346, -17.32371 ], [ -63.23299, -17.32338 ], [ -63.23365, -17.32246 ], [ -63.2337, -17.32246 ], [ -63.2341, -17.32272 ], [ -63.2341, -17.32279 ] ] ] } },
{ "type": "Feature", "properties": { "i": 2060 }, "geometry": { "type": "Polygon", "coordinates": [ [ [ -63.28078, -17.3151 ], [ -63.28076, -17.31456 ], [ -63.27951, -17.31459 ], [ -63.27947, -17.31462 ], [ -63.27949, -17.31515 ], [ -63.27951, -17.31517 ], [ -63.28075, -17.31514 ], [ -63.28078, -17.3151 ] ] ] } },
{ "type": "Feature", "properties": { "i": 2061 }, "geometry": { "type": "Polygon", "coordinates": [ [ [ -63.27177, -17.31599 ], [ -63.27096, -17.31551 ], [ -63.27092, -17.31552 ], [ -63.27054, -17.3168 ], [ -63.27137, -17.31708 ], [ -63.27141, -17.31707 ], [ -63.27177, -17.31599 ] ] ] } },
{ "type": "Feature", "properties": { "i": 2062 }, "geometry": { "type": "Polygon", "coordinates": [ [ [ -63.22947, -17.32348 ], [ -63.23052, -17.32417 ], [ -63.23054, -17.32417 ], [ -63.23084, -17.32375 ], [ -63.23083, -17.32372 ], [ -63.22978, -17.32304 ], [ -63.22976, -17.32304 ], [ -63.22947, -17.32348 ] ] ] } },
{ "type": "Feature", "properties": { "i": 2063 }, "geometry": { "type": "Polygon", "coordinates": [ [ [ -63.25013, -17.32074 ], [ -63.25017, -17.32073 ], [ -63.25054, -17.32021 ], [ -63.24951, -17.31953 ], [ -63.24947, -17.31953 ], [ -63.24911, -17.32001 ], [ -63.24911, -17.32005 ], [ -63.25013, -17.32074 ] ] ] } },
{ "type": "Feature", "properties": { "i": 2064 }, "geometry": { "type": "Polygon", "coordinates": [ [ [ -63.22772, -17.32462 ], [ -63.22837, -17.3237 ], [ -63.22837, -17.32367 ], [ -63.2279, -17.32338 ], [ -63.22786, -17.32338 ], [ -63.22722, -17.32433 ], [ -63.22768, -17.32464 ], [ -63.22772, -17.32462 ] ] ] } },
{ "type": "Feature", "properties": { "i": 2065 }, "geometry": { "type": "Polygon", "coordinates": [ [ [ -63.22678, -17.32478 ], [ -63.22708, -17.32436 ], [ -63.22603, -17.32367 ], [ -63.2257, -17.32413 ], [ -63.2257, -17.32416 ], [ -63.22671, -17.32481 ], [ -63.22678, -17.32478 ] ] ] } },
{ "type": "Feature", "properties": { "i": 2066 }, "geometry": { "type": "Polygon", "coordinates": [ [ [ -63.23672, -17.32257 ], [ -63.23569, -17.32191 ], [ -63.23534, -17.32242 ], [ -63.23535, -17.32246 ], [ -63.23636, -17.32313 ], [ -63.23672, -17.3226 ], [ -63.23672, -17.32257 ] ] ] } },
{ "type": "Feature", "properties": { "i": 2067 }, "geometry": { "type": "Polygon", "coordinates": [ [ [ -63.20598, -17.32835 ], [ -63.20553, -17.32772 ], [ -63.20389, -17.3277 ], [ -63.20387, -17.32831 ], [ -63.20598, -17.32835 ] ] ] } },
{ "type": "Feature", "properties": { "i": 2068 }, "geometry": { "type": "Polygon", "coordinates": [ [ [ -63.28442, -17.31376 ], [ -63.28366, -17.31379 ], [ -63.28364, -17.31381 ], [ -63.28365, -17.31431 ], [ -63.28368, -17.31433 ], [ -63.2843, -17.3143 ], [ -63.28442, -17.31376 ] ] ] } },
{ "type": "Feature", "properties": { "i": 2069 }, "geometry": { "type": "Polygon", "coordinates": [ [ [ -63.24168, -17.32198 ], [ -63.24171, -17.32198 ], [ -63.24232, -17.32112 ], [ -63.2423, -17.32108 ], [ -63.24187, -17.3208 ], [ -63.24182, -17.32082 ], [ -63.24123, -17.32167 ], [ -63.24125, -17.32171 ], [ -63.24168, -17.32198 ] ] ] } },
{ "type": "Feature", "properties": { "i": 2070 }, "geometry": { "type": "Polygon", "coordinates": [ [ [ -63.24352, -17.32173 ], [ -63.24356, -17.32172 ], [ -63.24429, -17.32069 ], [ -63.24428, -17.32064 ], [ -63.24386, -17.32037 ], [ -63.24381, -17.32037 ], [ -63.24309, -17.32141 ], [ -63.2431, -17.32146 ], [ -63.24352, -17.32173 ] ] ] } },
{ "type": "Feature", "properties": { "i": 2071 }, "geometry": { "type": "Polygon", "coordinates": [ [ [ -63.1842, -17.3323 ], [ -63.18456, -17.33175 ], [ -63.18336, -17.33098 ], [ -63.18316, -17.33163 ], [ -63.1842, -17.3323 ] ] ] } },
{ "type": "Feature", "properties": { "i": 2072 }, "geometry": { "type": "Polygon", "coordinates": [ [ [ -63.27937, -17.31517 ], [ -63.27936, -17.31466 ], [ -63.27934, -17.31464 ], [ -63.27798, -17.31468 ], [ -63.27793, -17.31471 ], [ -63.27786, -17.31518 ], [ -63.2779, -17.31522 ], [ -63.27937, -17.31517 ] ] ] } },
{ "type": "Feature", "properties": { "i": 2073 }, "geometry": { "type": "Polygon", "coordinates": [ [ [ -63.22456, -17.32358 ], [ -63.22451, -17.32358 ], [ -63.22415, -17.32411 ], [ -63.22551, -17.325 ], [ -63.22591, -17.32445 ], [ -63.22456, -17.32358 ] ] ] } },
{ "type": "Feature", "properties": { "i": 2074 }, "geometry": { "type": "Polygon", "coordinates": [ [ [ -63.24556, -17.32121 ], [ -63.24615, -17.32037 ], [ -63.24587, -17.31981 ], [ -63.2451, -17.3209 ], [ -63.24556, -17.32121 ] ] ] } },
{ "type": "Feature", "properties": { "i": 2075 }, "geometry": { "type": "Polygon", "coordinates": [ [ [ -63.2835, -17.31376 ], [ -63.28229, -17.3138 ], [ -63.28226, -17.31386 ], [ -63.28228, -17.31437 ], [ -63.28354, -17.31434 ], [ -63.28352, -17.31378 ], [ -63.2835, -17.31376 ] ] ] } },
{ "type": "Feature", "properties": { "i": 2076 }, "geometry": { "type": "Polygon", "coordinates": [ [ [ -63.23936, -17.32231 ], [ -63.23941, -17.3223 ], [ -63.24018, -17.3212 ], [ -63.24017, -17.32116 ], [ -63.23977, -17.32088 ], [ -63.23973, -17.32089 ], [ -63.23893, -17.32203 ], [ -63.23936, -17.32231 ] ] ] } },
{ "type": "Feature", "properties": { "i": 2077 }, "geometry": { "type": "Polygon", "coordinates": [ [ [ -63.26805, -17.31708 ], [ -63.26808, -17.31707 ], [ -63.26835, -17.31626 ], [ -63.26831, -17.31621 ], [ -63.26753, -17.31599 ], [ -63.26749, -17.31601 ], [ -63.26733, -17.31637 ], [ -63.26716, -17.3168 ], [ -63.26716, -17.31686 ], [ -63.26718, -17.31688 ], [ -63.26764, -17.31697 ], [ -63.26805, -17.31708 ] ] ] } },
{ "type": "Feature", "properties": { "i": 2078 }, "geometry": { "type": "Polygon", "coordinates": [ [ [ -63.23477, -17.32299 ], [ -63.2348, -17.32299 ], [ -63.23511, -17.32255 ], [ -63.23406, -17.32186 ], [ -63.23403, -17.32186 ], [ -63.23371, -17.32232 ], [ -63.23477, -17.32299 ] ] ] } },
{ "type": "Feature", "properties": { "i": 2079 }, "geometry": { "type": "Polygon", "coordinates": [ [ [ -63.24849, -17.32057 ], [ -63.24852, -17.32056 ], [ -63.24887, -17.32005 ], [ -63.24782, -17.31938 ], [ -63.24747, -17.31991 ], [ -63.24849, -17.32057 ] ] ] } },
{ "type": "Feature", "properties": { "i": 2080 }, "geometry": { "type": "Polygon", "coordinates": [ [ [ -63.27283, -17.31546 ], [ -63.2722, -17.31511 ], [ -63.27194, -17.31588 ], [ -63.27194, -17.31593 ], [ -63.27197, -17.31597 ], [ -63.27273, -17.31642 ], [ -63.27286, -17.31555 ], [ -63.27283, -17.31546 ] ] ] } },
{ "type": "Feature", "properties": { "i": 2081 }, "geometry": { "type": "Polygon", "coordinates": [ [ [ -63.28218, -17.31441 ], [ -63.28216, -17.31379 ], [ -63.28085, -17.31384 ], [ -63.28087, -17.31444 ], [ -63.28218, -17.31441 ] ] ] } },
{ "type": "Feature", "properties": { "i": 2082 }, "geometry": { "type": "Polygon", "coordinates": [ [ [ -63.22829, -17.32287 ], [ -63.22825, -17.32288 ], [ -63.22797, -17.32329 ], [ -63.22897, -17.32396 ], [ -63.22901, -17.32396 ], [ -63.22931, -17.32352 ], [ -63.22829, -17.32287 ] ] ] } },
{ "type": "Feature", "properties": { "i": 2083 }, "geometry": { "type": "Polygon", "coordinates": [ [ [ -63.23283, -17.32325 ], [ -63.23348, -17.32232 ], [ -63.23302, -17.322 ], [ -63.23298, -17.32201 ], [ -63.23235, -17.32293 ], [ -63.23283, -17.32325 ] ] ] } },
{ "type": "Feature", "properties": { "i": 2084 }, "geometry": { "type": "Polygon", "coordinates": [ [ [ -63.23123, -17.32311 ], [ -63.23016, -17.32244 ], [ -63.22988, -17.32287 ], [ -63.22989, -17.32292 ], [ -63.2309, -17.32355 ], [ -63.23095, -17.32355 ], [ -63.23123, -17.32314 ], [ -63.23123, -17.32311 ] ] ] } },
{ "type": "Feature", "properties": { "i": 2085 }, "geometry": { "type": "Polygon", "coordinates": [ [ [ -63.24663, -17.3209 ], [ -63.24727, -17.31995 ], [ -63.24726, -17.31991 ], [ -63.24685, -17.31964 ], [ -63.24681, -17.31965 ], [ -63.24635, -17.32027 ], [ -63.24663, -17.3209 ] ] ] } },
{ "type": "Feature", "properties": { "i": 2086 }, "geometry": { "type": "Polygon", "coordinates": [ [ [ -63.25142, -17.31896 ], [ -63.2514, -17.31892 ], [ -63.25095, -17.31874 ], [ -63.25087, -17.31875 ], [ -63.25017, -17.31976 ], [ -63.25017, -17.31984 ], [ -63.25061, -17.32012 ], [ -63.25142, -17.31896 ] ] ] } },
{ "type": "Feature", "properties": { "i": 2087 }, "geometry": { "type": "Polygon", "coordinates": [ [ [ -63.23679, -17.32249 ], [ -63.23761, -17.32136 ], [ -63.2376, -17.3213 ], [ -63.23718, -17.32104 ], [ -63.23714, -17.32104 ], [ -63.23632, -17.32218 ], [ -63.23632, -17.32221 ], [ -63.23676, -17.3225 ], [ -63.23679, -17.32249 ] ] ] } },
{ "type": "Feature", "properties": { "i": 2088 }, "geometry": { "type": "Polygon", "coordinates": [ [ [ -63.24296, -17.32135 ], [ -63.24299, -17.32134 ], [ -63.24373, -17.32031 ], [ -63.24323, -17.31998 ], [ -63.24252, -17.32103 ], [ -63.24252, -17.32107 ], [ -63.24296, -17.32135 ] ] ] } },
{ "type": "Feature", "properties": { "i": 2089 }, "geometry": { "type": "Polygon", "coordinates": [ [ [ -63.28076, -17.31444 ], [ -63.28075, -17.31387 ], [ -63.28073, -17.31385 ], [ -63.27946, -17.31389 ], [ -63.27943, -17.31391 ], [ -63.27945, -17.31448 ], [ -63.28076, -17.31444 ] ] ] } },
{ "type": "Feature", "properties": { "i": 2090 }, "geometry": { "type": "Polygon", "coordinates": [ [ [ -63.27041, -17.31672 ], [ -63.2708, -17.31548 ], [ -63.27079, -17.31542 ], [ -63.27012, -17.31501 ], [ -63.27007, -17.31502 ], [ -63.26957, -17.31645 ], [ -63.26958, -17.31649 ], [ -63.27038, -17.31674 ], [ -63.27041, -17.31672 ] ] ] } },
{ "type": "Feature", "properties": { "i": 2091 }, "geometry": { "type": "Polygon", "coordinates": [ [ [ -63.22443, -17.32351 ], [ -63.22377, -17.32307 ], [ -63.22266, -17.32461 ], [ -63.22325, -17.32519 ], [ -63.22443, -17.32351 ] ] ] } },
{ "type": "Feature", "properties": { "i": 2092 }, "geometry": { "type": "Polygon", "coordinates": [ [ [ -63.24518, -17.3196 ], [ -63.24449, -17.32057 ], [ -63.24494, -17.32086 ], [ -63.24502, -17.32085 ], [ -63.24566, -17.31989 ], [ -63.24565, -17.31986 ], [ -63.24522, -17.31958 ], [ -63.24518, -17.3196 ] ] ] } },
{ "type": "Feature", "properties": { "i": 2093 }, "geometry": { "type": "Polygon", "coordinates": [ [ [ -63.26737, -17.31594 ], [ -63.26601, -17.31549 ], [ -63.26596, -17.31554 ], [ -63.26596, -17.31557 ], [ -63.26686, -17.31682 ], [ -63.26692, -17.31687 ], [ -63.26699, -17.31684 ], [ -63.26738, -17.31597 ], [ -63.26737, -17.31594 ] ] ] } },
{ "type": "Feature", "properties": { "i": 2094 }, "geometry": { "type": "Polygon", "coordinates": [ [ [ -63.28456, -17.31306 ], [ -63.28362, -17.31309 ], [ -63.28363, -17.31367 ], [ -63.28447, -17.31364 ], [ -63.28458, -17.31308 ], [ -63.28456, -17.31306 ] ] ] } },
{ "type": "Feature", "properties": { "i": 2095 }, "geometry": { "type": "Polygon", "coordinates": [ [ [ -63.2857, -17.31229 ], [ -63.28545, -17.31357 ], [ -63.28548, -17.31361 ], [ -63.28602, -17.31359 ], [ -63.28608, -17.31355 ], [ -63.28628, -17.31257 ], [ -63.28628, -17.31252 ], [ -63.28624, -17.31248 ], [ -63.28574, -17.31228 ], [ -63.2857, -17.31229 ] ] ] } },
{ "type": "Feature", "properties": { "i": 2096 }, "geometry": { "type": "Polygon", "coordinates": [ [ [ -63.20548, -17.32768 ], [ -63.20495, -17.32707 ], [ -63.20392, -17.32703 ], [ -63.20389, -17.32764 ], [ -63.20548, -17.32768 ] ] ] } },
{ "type": "Feature", "properties": { "i": 2097 }, "geometry": { "type": "Polygon", "coordinates": [ [ [ -63.23837, -17.32167 ], [ -63.23881, -17.32195 ], [ -63.23962, -17.32084 ], [ -63.23962, -17.32078 ], [ -63.23919, -17.32052 ], [ -63.23915, -17.32052 ], [ -63.23837, -17.32163 ], [ -63.23837, -17.32167 ] ] ] } },
{ "type": "Feature", "properties": { "i": 2098 }, "geometry": { "type": "Polygon", "coordinates": [ [ [ -63.24088, -17.32143 ], [ -63.24149, -17.32056 ], [ -63.24147, -17.32052 ], [ -63.24105, -17.32025 ], [ -63.24098, -17.32026 ], [ -63.24039, -17.32111 ], [ -63.2404, -17.32116 ], [ -63.24084, -17.32145 ], [ -63.24088, -17.32143 ] ] ] } },
{ "type": "Feature", "properties": { "i": 2099 }, "geometry": { "type": "Polygon", "coordinates": [ [ [ -63.1886, -17.33073 ], [ -63.18925, -17.32979 ], [ -63.18874, -17.32945 ], [ -63.18808, -17.33039 ], [ -63.1886, -17.33073 ] ] ] } },
{ "type": "Feature", "properties": { "i": 2100 }, "geometry": { "type": "Polygon", "coordinates": [ [ [ -63.26974, -17.31553 ], [ -63.26886, -17.31528 ], [ -63.26856, -17.31614 ], [ -63.26857, -17.31618 ], [ -63.26939, -17.31645 ], [ -63.26944, -17.31644 ], [ -63.26974, -17.31553 ] ] ] } },
{ "type": "Feature", "properties": { "i": 2101 }, "geometry": { "type": "Polygon", "coordinates": [ [ [ -63.28354, -17.31367 ], [ -63.28352, -17.31309 ], [ -63.28221, -17.31315 ], [ -63.2822, -17.31371 ], [ -63.28225, -17.31374 ], [ -63.28354, -17.31367 ] ] ] } },
{ "type": "Feature", "properties": { "i": 2102 }, "geometry": { "type": "Polygon", "coordinates": [ [ [ -63.22965, -17.32303 ], [ -63.22964, -17.32297 ], [ -63.22861, -17.32232 ], [ -63.2283, -17.32274 ], [ -63.22937, -17.32343 ], [ -63.22965, -17.32303 ] ] ] } },
{ "type": "Feature", "properties": { "i": 2103 }, "geometry": { "type": "Polygon", "coordinates": [ [ [ -63.22592, -17.3236 ], [ -63.22496, -17.32295 ], [ -63.22462, -17.32341 ], [ -63.22462, -17.32343 ], [ -63.22559, -17.32408 ], [ -63.22562, -17.32408 ], [ -63.22593, -17.32363 ], [ -63.22592, -17.3236 ] ] ] } },
{ "type": "Feature", "properties": { "i": 2104 }, "geometry": { "type": "Polygon", "coordinates": [ [ [ -63.22676, -17.32262 ], [ -63.22609, -17.32359 ], [ -63.22657, -17.3239 ], [ -63.22725, -17.32293 ], [ -63.22676, -17.32262 ] ] ] } },
{ "type": "Feature", "properties": { "i": 2105 }, "geometry": { "type": "Polygon", "coordinates": [ [ [ -63.23024, -17.32237 ], [ -63.23131, -17.32305 ], [ -63.23164, -17.32258 ], [ -63.23057, -17.32191 ], [ -63.23024, -17.32237 ] ] ] } },
{ "type": "Feature", "properties": { "i": 2106 }, "geometry": { "type": "Polygon", "coordinates": [ [ [ -63.23458, -17.32117 ], [ -63.23454, -17.32117 ], [ -63.23423, -17.32163 ], [ -63.23422, -17.3217 ], [ -63.23518, -17.32237 ], [ -63.23523, -17.32237 ], [ -63.23559, -17.32185 ], [ -63.23559, -17.32181 ], [ -63.23458, -17.32117 ] ] ] } },
{ "type": "Feature", "properties": { "i": 2107 }, "geometry": { "type": "Polygon", "coordinates": [ [ [ -63.28563, -17.31226 ], [ -63.2856, -17.31222 ], [ -63.2851, -17.312 ], [ -63.28504, -17.31204 ], [ -63.28475, -17.31363 ], [ -63.2854, -17.31362 ], [ -63.28563, -17.31226 ] ] ] } },
{ "type": "Feature", "properties": { "i": 2108 }, "geometry": { "type": "Polygon", "coordinates": [ [ [ -63.24892, -17.31994 ], [ -63.24913, -17.31968 ], [ -63.2493, -17.31942 ], [ -63.24929, -17.31939 ], [ -63.24827, -17.31873 ], [ -63.24794, -17.3192 ], [ -63.24794, -17.31928 ], [ -63.24892, -17.31994 ] ] ] } },
{ "type": "Feature", "properties": { "i": 2109 }, "geometry": { "type": "Polygon", "coordinates": [ [ [ -63.25084, -17.31864 ], [ -63.25029, -17.31842 ], [ -63.2496, -17.31938 ], [ -63.2496, -17.31946 ], [ -63.24999, -17.31971 ], [ -63.25007, -17.3197 ], [ -63.25084, -17.31864 ] ] ] } },
{ "type": "Feature", "properties": { "i": 2110 }, "geometry": { "type": "Polygon", "coordinates": [ [ [ -63.27123, -17.31455 ], [ -63.27097, -17.31537 ], [ -63.271, -17.31541 ], [ -63.27177, -17.31586 ], [ -63.27181, -17.31586 ], [ -63.27209, -17.31508 ], [ -63.27208, -17.31502 ], [ -63.27127, -17.31454 ], [ -63.27123, -17.31455 ] ] ] } },
{ "type": "Feature", "properties": { "i": 2111 }, "geometry": { "type": "Polygon", "coordinates": [ [ [ -63.24238, -17.32099 ], [ -63.24241, -17.32099 ], [ -63.24316, -17.31992 ], [ -63.24267, -17.31962 ], [ -63.24193, -17.32068 ], [ -63.24193, -17.3207 ], [ -63.24238, -17.32099 ] ] ] } },
{ "type": "Feature", "properties": { "i": 2112 }, "geometry": { "type": "Polygon", "coordinates": [ [ [ -63.28215, -17.31373 ], [ -63.28215, -17.31315 ], [ -63.28084, -17.31319 ], [ -63.28083, -17.31321 ], [ -63.28085, -17.31375 ], [ -63.28215, -17.31373 ] ] ] } },
{ "type": "Feature", "properties": { "i": 2113 }, "geometry": { "type": "Polygon", "coordinates": [ [ [ -63.23704, -17.32096 ], [ -63.2366, -17.32066 ], [ -63.23656, -17.32067 ], [ -63.23581, -17.32175 ], [ -63.2358, -17.32182 ], [ -63.2362, -17.3221 ], [ -63.23625, -17.32209 ], [ -63.23704, -17.32096 ] ] ] } },
{ "type": "Feature", "properties": { "i": 2114 }, "geometry": { "type": "Polygon", "coordinates": [ [ [ -63.24512, -17.31951 ], [ -63.24465, -17.31919 ], [ -63.24462, -17.3192 ], [ -63.24395, -17.32017 ], [ -63.24442, -17.3205 ], [ -63.24512, -17.31951 ] ] ] } },
{ "type": "Feature", "properties": { "i": 2115 }, "geometry": { "type": "Polygon", "coordinates": [ [ [ -63.23904, -17.32042 ], [ -63.23864, -17.32017 ], [ -63.23857, -17.32017 ], [ -63.23783, -17.32123 ], [ -63.23783, -17.32128 ], [ -63.23823, -17.32155 ], [ -63.23827, -17.32155 ], [ -63.23905, -17.32049 ], [ -63.23904, -17.32042 ] ] ] } },
{ "type": "Feature", "properties": { "i": 2116 }, "geometry": { "type": "Polygon", "coordinates": [ [ [ -63.27774, -17.31377 ], [ -63.27736, -17.31356 ], [ -63.27706, -17.31404 ], [ -63.27773, -17.31442 ], [ -63.27778, -17.3144 ], [ -63.27786, -17.31386 ], [ -63.27773, -17.31379 ], [ -63.27774, -17.31377 ] ] ] } },
{ "type": "Feature", "properties": { "i": 2117 }, "geometry": { "type": "Polygon", "coordinates": [ [ [ -63.24089, -17.32019 ], [ -63.24089, -17.32014 ], [ -63.24047, -17.31987 ], [ -63.24044, -17.31987 ], [ -63.23982, -17.32075 ], [ -63.23982, -17.32078 ], [ -63.24023, -17.32106 ], [ -63.24027, -17.32106 ], [ -63.24089, -17.32019 ] ] ] } },
{ "type": "Feature", "properties": { "i": 2118 }, "geometry": { "type": "Polygon", "coordinates": [ [ [ -63.2807, -17.31372 ], [ -63.28068, -17.31323 ], [ -63.28065, -17.31321 ], [ -63.27941, -17.31324 ], [ -63.27942, -17.31379 ], [ -63.28066, -17.31377 ], [ -63.2807, -17.31372 ] ] ] } },
{ "type": "Feature", "properties": { "i": 2119 }, "geometry": { "type": "Polygon", "coordinates": [ [ [ -63.26839, -17.31613 ], [ -63.26842, -17.31612 ], [ -63.26871, -17.31523 ], [ -63.26799, -17.31502 ], [ -63.26794, -17.31503 ], [ -63.26758, -17.31585 ], [ -63.26839, -17.31613 ] ] ] } },
{ "type": "Feature", "properties": { "i": 2120 }, "geometry": { "type": "Polygon", "coordinates": [ [ [ -63.24633, -17.31917 ], [ -63.24733, -17.31983 ], [ -63.24737, -17.31981 ], [ -63.24769, -17.31933 ], [ -63.24768, -17.31928 ], [ -63.2467, -17.31864 ], [ -63.24666, -17.31865 ], [ -63.24631, -17.31913 ], [ -63.24633, -17.31917 ] ] ] } },
{ "type": "Feature", "properties": { "i": 2121 }, "geometry": { "type": "Polygon", "coordinates": [ [ [ -63.28469, -17.31242 ], [ -63.28357, -17.31244 ], [ -63.28357, -17.31301 ], [ -63.2836, -17.31304 ], [ -63.28459, -17.313 ], [ -63.28469, -17.31242 ] ] ] } },
{ "type": "Feature", "properties": { "i": 2122 }, "geometry": { "type": "Polygon", "coordinates": [ [ [ -63.27801, -17.31441 ], [ -63.27803, -17.31445 ], [ -63.27842, -17.31448 ], [ -63.27933, -17.31445 ], [ -63.27935, -17.31443 ], [ -63.27932, -17.31324 ], [ -63.2781, -17.31328 ], [ -63.27802, -17.31404 ], [ -63.27801, -17.31441 ] ] ] } },
{ "type": "Feature", "properties": { "i": 2123 }, "geometry": { "type": "Polygon", "coordinates": [ [ [ -63.23253, -17.32156 ], [ -63.23353, -17.32221 ], [ -63.23355, -17.32221 ], [ -63.23386, -17.32177 ], [ -63.23385, -17.32174 ], [ -63.23286, -17.32111 ], [ -63.2328, -17.32112 ], [ -63.23252, -17.32152 ], [ -63.23253, -17.32156 ] ] ] } },
{ "type": "Feature", "properties": { "i": 2124 }, "geometry": { "type": "Polygon", "coordinates": [ [ [ -63.28737, -17.31265 ], [ -63.28761, -17.31222 ], [ -63.28758, -17.31218 ], [ -63.28646, -17.31173 ], [ -63.28641, -17.31175 ], [ -63.28622, -17.31216 ], [ -63.28625, -17.31225 ], [ -63.28728, -17.31268 ], [ -63.28733, -17.31268 ], [ -63.28737, -17.31265 ] ] ] } },
{ "type": "Feature", "properties": { "i": 2125 }, "geometry": { "type": "Polygon", "coordinates": [ [ [ -63.23121, -17.3222 ], [ -63.23169, -17.32251 ], [ -63.23235, -17.32156 ], [ -63.23188, -17.32127 ], [ -63.23121, -17.3222 ] ] ] } },
{ "type": "Feature", "properties": { "i": 2126 }, "geometry": { "type": "Polygon", "coordinates": [ [ [ -63.22629, -17.32308 ], [ -63.22529, -17.32245 ], [ -63.225, -17.32288 ], [ -63.226, -17.32354 ], [ -63.2263, -17.32312 ], [ -63.22629, -17.32308 ] ] ] } },
{ "type": "Feature", "properties": { "i": 2127 }, "geometry": { "type": "Polygon", "coordinates": [ [ [ -63.2287, -17.3222 ], [ -63.2298, -17.32285 ], [ -63.23011, -17.32238 ], [ -63.22904, -17.32172 ], [ -63.2287, -17.3222 ] ] ] } },
{ "type": "Feature", "properties": { "i": 2128 }, "geometry": { "type": "Polygon", "coordinates": [ [ [ -63.2495, -17.31812 ], [ -63.24888, -17.319 ], [ -63.24939, -17.31932 ], [ -63.25009, -17.31834 ], [ -63.2495, -17.31812 ] ] ] } },
{ "type": "Feature", "properties": { "i": 2129 }, "geometry": { "type": "Polygon", "coordinates": [ [ [ -63.24629, -17.32015 ], [ -63.24633, -17.32014 ], [ -63.2467, -17.31956 ], [ -63.24569, -17.31891 ], [ -63.24568, -17.31894 ], [ -63.24629, -17.32015 ] ] ] } },
{ "type": "Feature", "properties": { "i": 2130 }, "geometry": { "type": "Polygon", "coordinates": [ [ [ -63.28352, -17.31303 ], [ -63.28351, -17.31245 ], [ -63.28218, -17.31249 ], [ -63.2822, -17.31305 ], [ -63.28223, -17.31307 ], [ -63.28352, -17.31303 ] ] ] } },
{ "type": "Feature", "properties": { "i": 2131 }, "geometry": { "type": "Polygon", "coordinates": [ [ [ -63.23646, -17.32061 ], [ -63.23645, -17.32057 ], [ -63.23603, -17.32029 ], [ -63.23598, -17.32029 ], [ -63.23521, -17.32143 ], [ -63.23568, -17.32173 ], [ -63.23646, -17.32061 ] ] ] } },
{ "type": "Feature", "properties": { "i": 2132 }, "geometry": { "type": "Polygon", "coordinates": [ [ [ -63.25189, -17.31827 ], [ -63.25081, -17.31784 ], [ -63.25074, -17.31784 ], [ -63.25068, -17.31788 ], [ -63.25035, -17.31833 ], [ -63.2515, -17.3188 ], [ -63.25154, -17.31879 ], [ -63.25189, -17.31827 ] ] ] } },
{ "type": "Feature", "properties": { "i": 2133 }, "geometry": { "type": "Polygon", "coordinates": [ [ [ -63.26917, -17.31442 ], [ -63.26912, -17.31442 ], [ -63.2689, -17.31513 ], [ -63.26893, -17.31516 ], [ -63.26974, -17.3154 ], [ -63.26979, -17.31539 ], [ -63.26997, -17.3149 ], [ -63.26917, -17.31442 ] ] ] } },
{ "type": "Feature", "properties": { "i": 2134 }, "geometry": { "type": "Polygon", "coordinates": [ [ [ -63.24384, -17.32009 ], [ -63.24387, -17.32009 ], [ -63.24452, -17.31917 ], [ -63.24451, -17.31912 ], [ -63.24408, -17.31884 ], [ -63.24404, -17.31885 ], [ -63.24338, -17.31977 ], [ -63.2434, -17.31981 ], [ -63.24384, -17.32009 ] ] ] } },
{ "type": "Feature", "properties": { "i": 2135 }, "geometry": { "type": "Polygon", "coordinates": [ [ [ -63.23847, -17.32009 ], [ -63.23847, -17.32004 ], [ -63.23804, -17.31977 ], [ -63.23801, -17.31978 ], [ -63.23722, -17.32089 ], [ -63.23722, -17.32093 ], [ -63.23766, -17.32121 ], [ -63.2377, -17.32121 ], [ -63.23847, -17.32009 ] ] ] } },
{ "type": "Feature", "properties": { "i": 2136 }, "geometry": { "type": "Polygon", "coordinates": [ [ [ -63.24032, -17.31984 ], [ -63.24033, -17.3198 ], [ -63.24031, -17.31978 ], [ -63.2399, -17.31952 ], [ -63.23986, -17.31952 ], [ -63.23924, -17.32038 ], [ -63.23925, -17.32042 ], [ -63.23966, -17.32069 ], [ -63.23973, -17.32068 ], [ -63.24032, -17.31984 ] ] ] } },
{ "type": "Feature", "properties": { "i": 2137 }, "geometry": { "type": "Polygon", "coordinates": [ [ [ -63.28214, -17.31306 ], [ -63.28212, -17.31251 ], [ -63.28081, -17.31255 ], [ -63.2808, -17.31257 ], [ -63.28082, -17.3131 ], [ -63.28084, -17.31311 ], [ -63.28212, -17.31308 ], [ -63.28214, -17.31306 ] ] ] } },
{ "type": "Feature", "properties": { "i": 2138 }, "geometry": { "type": "Polygon", "coordinates": [ [ [ -63.27111, -17.31449 ], [ -63.27109, -17.31442 ], [ -63.27044, -17.31404 ], [ -63.27041, -17.31404 ], [ -63.27039, -17.31405 ], [ -63.27013, -17.31486 ], [ -63.2708, -17.31528 ], [ -63.27085, -17.31528 ], [ -63.27111, -17.31449 ] ] ] } },
{ "type": "Feature", "properties": { "i": 2139 }, "geometry": { "type": "Polygon", "coordinates": [ [ [ -63.24152, -17.32041 ], [ -63.24157, -17.3204 ], [ -63.24231, -17.31937 ], [ -63.24229, -17.31933 ], [ -63.24186, -17.31905 ], [ -63.24183, -17.31905 ], [ -63.2411, -17.32009 ], [ -63.24111, -17.32013 ], [ -63.24152, -17.32041 ] ] ] } },
{ "type": "Feature", "properties": { "i": 2140 }, "geometry": { "type": "Polygon", "coordinates": [ [ [ -63.27728, -17.31357 ], [ -63.27727, -17.31353 ], [ -63.27656, -17.31313 ], [ -63.27652, -17.31314 ], [ -63.27627, -17.31355 ], [ -63.27627, -17.31357 ], [ -63.27697, -17.31399 ], [ -63.27701, -17.31398 ], [ -63.27728, -17.31357 ] ] ] } },
{ "type": "Feature", "properties": { "i": 2141 }, "geometry": { "type": "Polygon", "coordinates": [ [ [ -63.2674, -17.31579 ], [ -63.26745, -17.31579 ], [ -63.26748, -17.31576 ], [ -63.26783, -17.315 ], [ -63.26783, -17.31496 ], [ -63.26703, -17.31471 ], [ -63.26698, -17.31471 ], [ -63.26656, -17.31546 ], [ -63.26656, -17.31551 ], [ -63.26657, -17.31553 ], [ -63.2674, -17.31579 ] ] ] } },
{ "type": "Feature", "properties": { "i": 2142 }, "geometry": { "type": "Polygon", "coordinates": [ [ [ -63.24572, -17.31978 ], [ -63.24575, -17.31978 ], [ -63.24581, -17.31972 ], [ -63.24581, -17.31968 ], [ -63.24523, -17.31845 ], [ -63.24519, -17.31843 ], [ -63.24471, -17.31911 ], [ -63.24572, -17.31978 ] ] ] } },
{ "type": "Feature", "properties": { "i": 2143 }, "geometry": { "type": "Polygon", "coordinates": [ [ [ -63.22722, -17.32203 ], [ -63.22825, -17.32271 ], [ -63.22855, -17.3223 ], [ -63.22854, -17.32227 ], [ -63.22749, -17.3216 ], [ -63.22721, -17.322 ], [ -63.22722, -17.32203 ] ] ] } },
{ "type": "Feature", "properties": { "i": 2144 }, "geometry": { "type": "Polygon", "coordinates": [ [ [ -63.18577, -17.32898 ], [ -63.18505, -17.33004 ], [ -63.18554, -17.33036 ], [ -63.18627, -17.3293 ], [ -63.18577, -17.32898 ] ] ] } },
{ "type": "Feature", "properties": { "i": 2145 }, "geometry": { "type": "Polygon", "coordinates": [ [ [ -63.22639, -17.32298 ], [ -63.22668, -17.32256 ], [ -63.22565, -17.3219 ], [ -63.22534, -17.32236 ], [ -63.22634, -17.323 ], [ -63.22639, -17.32298 ] ] ] } },
{ "type": "Feature", "properties": { "i": 2146 }, "geometry": { "type": "Polygon", "coordinates": [ [ [ -63.23134, -17.32091 ], [ -63.23129, -17.32092 ], [ -63.23066, -17.32181 ], [ -63.23067, -17.32185 ], [ -63.2311, -17.32212 ], [ -63.23113, -17.32211 ], [ -63.23178, -17.32121 ], [ -63.23134, -17.32091 ] ] ] } },
{ "type": "Feature", "properties": { "i": 2147 }, "geometry": { "type": "Polygon", "coordinates": [ [ [ -63.23048, -17.32187 ], [ -63.23047, -17.32184 ], [ -63.22946, -17.32117 ], [ -63.22942, -17.32118 ], [ -63.22911, -17.32162 ], [ -63.22911, -17.32166 ], [ -63.23018, -17.32232 ], [ -63.23048, -17.32187 ] ] ] } },
{ "type": "Feature", "properties": { "i": 2148 }, "geometry": { "type": "Polygon", "coordinates": [ [ [ -63.24882, -17.31896 ], [ -63.24945, -17.3181 ], [ -63.24885, -17.31787 ], [ -63.24833, -17.31864 ], [ -63.24882, -17.31896 ] ] ] } },
{ "type": "Feature", "properties": { "i": 2149 }, "geometry": { "type": "Polygon", "coordinates": [ [ [ -63.27224, -17.31478 ], [ -63.27252, -17.31433 ], [ -63.27164, -17.3138 ], [ -63.27161, -17.31381 ], [ -63.27134, -17.31423 ], [ -63.27135, -17.3143 ], [ -63.27217, -17.31478 ], [ -63.27224, -17.31478 ] ] ] } },
{ "type": "Feature", "properties": { "i": 2150 }, "geometry": { "type": "Polygon", "coordinates": [ [ [ -63.24778, -17.31918 ], [ -63.24781, -17.31917 ], [ -63.24817, -17.31866 ], [ -63.24713, -17.31799 ], [ -63.2471, -17.318 ], [ -63.24676, -17.31849 ], [ -63.24676, -17.31853 ], [ -63.24778, -17.31918 ] ] ] } },
{ "type": "Feature", "properties": { "i": 2151 }, "geometry": { "type": "Polygon", "coordinates": [ [ [ -63.28761, -17.31209 ], [ -63.28768, -17.31207 ], [ -63.28822, -17.31114 ], [ -63.28819, -17.31109 ], [ -63.2876, -17.31085 ], [ -63.28754, -17.31088 ], [ -63.28712, -17.31184 ], [ -63.28715, -17.31189 ], [ -63.28761, -17.31209 ] ] ] } },
{ "type": "Feature", "properties": { "i": 2152 }, "geometry": { "type": "Polygon", "coordinates": [ [ [ -63.23514, -17.32133 ], [ -63.2359, -17.32024 ], [ -63.23589, -17.32019 ], [ -63.23549, -17.31993 ], [ -63.23542, -17.31994 ], [ -63.23462, -17.32105 ], [ -63.23506, -17.32135 ], [ -63.23514, -17.32133 ] ] ] } },
{ "type": "Feature", "properties": { "i": 2153 }, "geometry": { "type": "Polygon", "coordinates": [ [ [ -63.28073, -17.31311 ], [ -63.27939, -17.31313 ], [ -63.27937, -17.31259 ], [ -63.2794, -17.31256 ], [ -63.28069, -17.31252 ], [ -63.28071, -17.31254 ], [ -63.28073, -17.31311 ] ] ] } },
{ "type": "Feature", "properties": { "i": 2154 }, "geometry": { "type": "Polygon", "coordinates": [ [ [ -63.22456, -17.32333 ], [ -63.22558, -17.32183 ], [ -63.22487, -17.3214 ], [ -63.22388, -17.32295 ], [ -63.2245, -17.32334 ], [ -63.22456, -17.32333 ] ] ] } },
{ "type": "Feature", "properties": { "i": 2155 }, "geometry": { "type": "Polygon", "coordinates": [ [ [ -63.27259, -17.31362 ], [ -63.27255, -17.31363 ], [ -63.2723, -17.31401 ], [ -63.2723, -17.31405 ], [ -63.27296, -17.31448 ], [ -63.27299, -17.31448 ], [ -63.27301, -17.31446 ], [ -63.27307, -17.31392 ], [ -63.27259, -17.31362 ] ] ] } },
{ "type": "Feature", "properties": { "i": 2156 }, "geometry": { "type": "Polygon", "coordinates": [ [ [ -63.2433, -17.31972 ], [ -63.24396, -17.31878 ], [ -63.24354, -17.3185 ], [ -63.24346, -17.31852 ], [ -63.24281, -17.31942 ], [ -63.24326, -17.31972 ], [ -63.2433, -17.31972 ] ] ] } },
{ "type": "Feature", "properties": { "i": 2157 }, "geometry": { "type": "Polygon", "coordinates": [ [ [ -63.28635, -17.31168 ], [ -63.28524, -17.31122 ], [ -63.28518, -17.31141 ], [ -63.28515, -17.31166 ], [ -63.28516, -17.3118 ], [ -63.28614, -17.31219 ], [ -63.28635, -17.31168 ] ] ] } },
{ "type": "Feature", "properties": { "i": 2158 }, "geometry": { "type": "Polygon", "coordinates": [ [ [ -63.26902, -17.31434 ], [ -63.26844, -17.314 ], [ -63.2684, -17.31401 ], [ -63.26837, -17.31403 ], [ -63.26804, -17.31481 ], [ -63.26805, -17.31487 ], [ -63.26853, -17.31505 ], [ -63.26873, -17.3151 ], [ -63.26876, -17.31509 ], [ -63.26903, -17.31438 ], [ -63.26902, -17.31434 ] ] ] } },
{ "type": "Feature", "properties": { "i": 2159 }, "geometry": { "type": "Polygon", "coordinates": [ [ [ -63.2793, -17.31316 ], [ -63.27813, -17.3132 ], [ -63.27819, -17.31262 ], [ -63.27821, -17.31259 ], [ -63.27928, -17.31256 ], [ -63.2793, -17.31316 ] ] ] } },
{ "type": "Feature", "properties": { "i": 2160 }, "geometry": { "type": "Polygon", "coordinates": [ [ [ -63.26647, -17.31549 ], [ -63.26679, -17.31477 ], [ -63.26682, -17.31466 ], [ -63.26577, -17.31435 ], [ -63.26565, -17.31445 ], [ -63.26559, -17.31456 ], [ -63.26557, -17.31465 ], [ -63.26561, -17.3149 ], [ -63.26587, -17.31533 ], [ -63.26647, -17.31549 ] ] ] } },
{ "type": "Feature", "properties": { "i": 2161 }, "geometry": { "type": "Polygon", "coordinates": [ [ [ -63.23667, -17.32057 ], [ -63.23708, -17.32084 ], [ -63.23714, -17.32083 ], [ -63.23791, -17.31972 ], [ -63.23791, -17.31968 ], [ -63.23745, -17.31939 ], [ -63.23666, -17.32053 ], [ -63.23667, -17.32057 ] ] ] } },
{ "type": "Feature", "properties": { "i": 2162 }, "geometry": { "type": "Polygon", "coordinates": [ [ [ -63.2848, -17.31192 ], [ -63.28478, -17.31185 ], [ -63.28364, -17.31142 ], [ -63.28357, -17.31145 ], [ -63.28358, -17.31232 ], [ -63.28362, -17.31236 ], [ -63.28472, -17.31234 ], [ -63.2848, -17.31192 ] ] ] } },
{ "type": "Feature", "properties": { "i": 2163 }, "geometry": { "type": "Polygon", "coordinates": [ [ [ -63.18939, -17.32843 ], [ -63.18887, -17.32809 ], [ -63.18821, -17.32902 ], [ -63.18874, -17.32936 ], [ -63.18939, -17.32843 ] ] ] } },
{ "type": "Feature", "properties": { "i": 2164 }, "geometry": { "type": "Polygon", "coordinates": [ [ [ -63.23276, -17.31997 ], [ -63.23236, -17.32053 ], [ -63.23399, -17.32158 ], [ -63.23437, -17.32104 ], [ -63.23276, -17.31997 ] ] ] } },
{ "type": "Feature", "properties": { "i": 2165 }, "geometry": { "type": "Polygon", "coordinates": [ [ [ -63.23932, -17.31916 ], [ -63.23926, -17.31916 ], [ -63.23866, -17.32001 ], [ -63.23867, -17.32004 ], [ -63.2391, -17.32032 ], [ -63.23915, -17.32031 ], [ -63.23974, -17.31946 ], [ -63.23973, -17.31942 ], [ -63.23932, -17.31916 ] ] ] } },
{ "type": "Feature", "properties": { "i": 2166 }, "geometry": { "type": "Polygon", "coordinates": [ [ [ -63.28351, -17.31236 ], [ -63.28348, -17.31178 ], [ -63.28218, -17.31181 ], [ -63.28218, -17.31239 ], [ -63.2822, -17.31242 ], [ -63.28349, -17.31238 ], [ -63.28351, -17.31236 ] ] ] } },
{ "type": "Feature", "properties": { "i": 2167 }, "geometry": { "type": "Polygon", "coordinates": [ [ [ -63.24052, -17.31975 ], [ -63.24098, -17.32007 ], [ -63.24172, -17.31902 ], [ -63.24172, -17.31899 ], [ -63.24127, -17.31868 ], [ -63.24052, -17.31975 ] ] ] } },
{ "type": "Feature", "properties": { "i": 2168 }, "geometry": { "type": "Polygon", "coordinates": [ [ [ -63.22704, -17.32206 ], [ -63.22704, -17.32203 ], [ -63.22603, -17.32138 ], [ -63.22569, -17.32185 ], [ -63.22673, -17.32251 ], [ -63.22704, -17.32206 ] ] ] } },
{ "type": "Feature", "properties": { "i": 2169 }, "geometry": { "type": "Polygon", "coordinates": [ [ [ -63.22898, -17.32166 ], [ -63.22791, -17.32095 ], [ -63.22756, -17.32148 ], [ -63.22862, -17.32217 ], [ -63.22898, -17.32166 ] ] ] } },
{ "type": "Feature", "properties": { "i": 2170 }, "geometry": { "type": "Polygon", "coordinates": [ [ [ -63.23272, -17.32102 ], [ -63.23165, -17.32033 ], [ -63.23134, -17.32077 ], [ -63.23239, -17.32147 ], [ -63.23243, -17.32146 ], [ -63.23272, -17.32102 ] ] ] } },
{ "type": "Feature", "properties": { "i": 2171 }, "geometry": { "type": "Polygon", "coordinates": [ [ [ -63.23009, -17.32148 ], [ -63.23052, -17.32177 ], [ -63.23056, -17.32177 ], [ -63.23121, -17.32083 ], [ -63.23076, -17.32054 ], [ -63.23073, -17.32054 ], [ -63.23008, -17.32144 ], [ -63.23009, -17.32148 ] ] ] } },
{ "type": "Feature", "properties": { "i": 2172 }, "geometry": { "type": "Polygon", "coordinates": [ [ [ -63.27664, -17.31239 ], [ -63.27635, -17.31286 ], [ -63.27731, -17.31341 ], [ -63.27734, -17.31341 ], [ -63.27762, -17.31299 ], [ -63.27762, -17.31296 ], [ -63.27664, -17.31239 ] ] ] } },
{ "type": "Feature", "properties": { "i": 2173 }, "geometry": { "type": "Polygon", "coordinates": [ [ [ -63.28212, -17.31239 ], [ -63.28211, -17.31182 ], [ -63.28079, -17.31186 ], [ -63.28079, -17.31245 ], [ -63.2821, -17.31241 ], [ -63.28212, -17.31239 ] ] ] } },
{ "type": "Feature", "properties": { "i": 2174 }, "geometry": { "type": "Polygon", "coordinates": [ [ [ -63.27003, -17.31477 ], [ -63.27029, -17.31401 ], [ -63.27029, -17.31395 ], [ -63.27027, -17.31392 ], [ -63.26951, -17.31348 ], [ -63.26947, -17.31348 ], [ -63.26943, -17.3135 ], [ -63.26918, -17.31429 ], [ -63.26997, -17.31478 ], [ -63.27003, -17.31477 ] ] ] } },
{ "type": "Feature", "properties": { "i": 2175 }, "geometry": { "type": "Polygon", "coordinates": [ [ [ -63.27219, -17.31397 ], [ -63.27243, -17.31356 ], [ -63.27243, -17.31352 ], [ -63.27203, -17.31328 ], [ -63.27197, -17.31328 ], [ -63.27171, -17.31369 ], [ -63.27171, -17.31372 ], [ -63.27215, -17.31398 ], [ -63.27219, -17.31397 ] ] ] } },
{ "type": "Feature", "properties": { "i": 2176 }, "geometry": { "type": "Polygon", "coordinates": [ [ [ -63.23526, -17.31977 ], [ -63.23476, -17.31945 ], [ -63.23394, -17.32062 ], [ -63.23444, -17.32095 ], [ -63.23526, -17.31977 ] ] ] } },
{ "type": "Feature", "properties": { "i": 2177 }, "geometry": { "type": "Polygon", "coordinates": [ [ [ -63.24456, -17.31904 ], [ -63.24461, -17.31902 ], [ -63.24491, -17.31859 ], [ -63.24387, -17.31792 ], [ -63.24355, -17.31837 ], [ -63.24356, -17.3184 ], [ -63.24456, -17.31904 ] ] ] } },
{ "type": "Feature", "properties": { "i": 2178 }, "geometry": { "type": "Polygon", "coordinates": [ [ [ -63.27155, -17.31373 ], [ -63.27083, -17.31329 ], [ -63.27079, -17.31329 ], [ -63.27051, -17.31374 ], [ -63.27051, -17.31378 ], [ -63.27122, -17.31423 ], [ -63.27155, -17.31373 ] ] ] } },
{ "type": "Feature", "properties": { "i": 2179 }, "geometry": { "type": "Polygon", "coordinates": [ [ [ -63.28068, -17.31186 ], [ -63.27937, -17.3119 ], [ -63.27939, -17.31245 ], [ -63.27943, -17.31248 ], [ -63.2807, -17.31244 ], [ -63.28068, -17.31186 ] ] ] } },
{ "type": "Feature", "properties": { "i": 2180 }, "geometry": { "type": "Polygon", "coordinates": [ [ [ -63.23655, -17.32049 ], [ -63.23736, -17.31933 ], [ -63.23688, -17.31902 ], [ -63.23607, -17.32016 ], [ -63.23655, -17.32049 ] ] ] } },
{ "type": "Feature", "properties": { "i": 2181 }, "geometry": { "type": "Polygon", "coordinates": [ [ [ -63.24115, -17.31865 ], [ -63.24113, -17.31859 ], [ -63.2407, -17.31831 ], [ -63.23994, -17.31941 ], [ -63.24039, -17.31969 ], [ -63.24043, -17.31969 ], [ -63.24115, -17.31865 ] ] ] } },
{ "type": "Feature", "properties": { "i": 2182 }, "geometry": { "type": "Polygon", "coordinates": [ [ [ -63.23854, -17.31996 ], [ -63.23857, -17.31995 ], [ -63.23919, -17.31908 ], [ -63.23919, -17.31905 ], [ -63.23875, -17.31877 ], [ -63.2387, -17.31878 ], [ -63.23809, -17.31964 ], [ -63.23811, -17.31968 ], [ -63.23854, -17.31996 ] ] ] } },
{ "type": "Feature", "properties": { "i": 2183 }, "geometry": { "type": "Polygon", "coordinates": [ [ [ -63.22606, -17.32133 ], [ -63.22708, -17.32199 ], [ -63.22741, -17.32154 ], [ -63.22639, -17.32087 ], [ -63.22606, -17.32133 ] ] ] } },
{ "type": "Feature", "properties": { "i": 2184 }, "geometry": { "type": "Polygon", "coordinates": [ [ [ -63.24718, -17.31789 ], [ -63.24766, -17.3182 ], [ -63.2481, -17.31759 ], [ -63.24755, -17.31734 ], [ -63.24718, -17.31789 ] ] ] } },
{ "type": "Feature", "properties": { "i": 2185 }, "geometry": { "type": "Polygon", "coordinates": [ [ [ -63.18632, -17.32924 ], [ -63.18696, -17.3283 ], [ -63.18647, -17.32799 ], [ -63.18582, -17.32891 ], [ -63.18632, -17.32924 ] ] ] } },
{ "type": "Feature", "properties": { "i": 2186 }, "geometry": { "type": "Polygon", "coordinates": [ [ [ -63.24506, -17.31755 ], [ -63.24501, -17.31755 ], [ -63.24501, -17.31758 ], [ -63.24556, -17.31871 ], [ -63.24615, -17.31909 ], [ -63.24624, -17.31909 ], [ -63.24657, -17.31862 ], [ -63.24657, -17.31857 ], [ -63.24506, -17.31755 ] ] ] } },
{ "type": "Feature", "properties": { "i": 2187 }, "geometry": { "type": "Polygon", "coordinates": [ [ [ -63.23, -17.32138 ], [ -63.23063, -17.32048 ], [ -63.23062, -17.32045 ], [ -63.23016, -17.32015 ], [ -63.22951, -17.32108 ], [ -63.22952, -17.32112 ], [ -63.22994, -17.32138 ], [ -63.23, -17.32138 ] ] ] } },
{ "type": "Feature", "properties": { "i": 2188 }, "geometry": { "type": "Polygon", "coordinates": [ [ [ -63.2793, -17.31248 ], [ -63.27929, -17.31191 ], [ -63.27829, -17.31194 ], [ -63.27827, -17.31196 ], [ -63.2782, -17.31248 ], [ -63.27822, -17.31251 ], [ -63.2793, -17.31248 ] ] ] } },
{ "type": "Feature", "properties": { "i": 2189 }, "geometry": { "type": "Polygon", "coordinates": [ [ [ -63.19914, -17.32596 ], [ -63.19921, -17.32575 ], [ -63.19779, -17.32481 ], [ -63.19731, -17.32549 ], [ -63.19726, -17.32559 ], [ -63.19694, -17.32544 ], [ -63.19611, -17.32738 ], [ -63.19612, -17.32743 ], [ -63.19735, -17.32783 ], [ -63.19828, -17.32694 ], [ -63.19914, -17.32596 ] ] ] } },
{ "type": "Feature", "properties": { "i": 2190 }, "geometry": { "type": "Polygon", "coordinates": [ [ [ -63.27795, -17.31241 ], [ -63.27792, -17.31236 ], [ -63.27727, -17.31199 ], [ -63.27699, -17.31245 ], [ -63.27763, -17.31283 ], [ -63.27767, -17.31283 ], [ -63.27792, -17.31246 ], [ -63.27795, -17.31241 ] ] ] } },
{ "type": "Feature", "properties": { "i": 2191 }, "geometry": { "type": "Polygon", "coordinates": [ [ [ -63.27564, -17.31321 ], [ -63.27592, -17.31275 ], [ -63.27592, -17.31271 ], [ -63.27523, -17.31232 ], [ -63.2752, -17.31233 ], [ -63.27491, -17.31279 ], [ -63.27492, -17.31282 ], [ -63.27561, -17.31322 ], [ -63.27564, -17.31321 ] ] ] } },
{ "type": "Feature", "properties": { "i": 2192 }, "geometry": { "type": "Polygon", "coordinates": [ [ [ -63.24206, -17.31897 ], [ -63.2424, -17.31923 ], [ -63.24312, -17.31825 ], [ -63.2431, -17.31817 ], [ -63.24268, -17.31788 ], [ -63.24201, -17.31881 ], [ -63.242, -17.31889 ], [ -63.24206, -17.31897 ] ] ] } },
{ "type": "Feature", "properties": { "i": 2193 }, "geometry": { "type": "Polygon", "coordinates": [ [ [ -63.24666, -17.31848 ], [ -63.24705, -17.31791 ], [ -63.24599, -17.31724 ], [ -63.24561, -17.31778 ], [ -63.24666, -17.31848 ] ] ] } },
{ "type": "Feature", "properties": { "i": 2194 }, "geometry": { "type": "Polygon", "coordinates": [ [ [ -63.27318, -17.31316 ], [ -63.27234, -17.31266 ], [ -63.27206, -17.31313 ], [ -63.27308, -17.31374 ], [ -63.27311, -17.31374 ], [ -63.27318, -17.31316 ] ] ] } },
{ "type": "Feature", "properties": { "i": 2195 }, "geometry": { "type": "Polygon", "coordinates": [ [ [ -63.28688, -17.31054 ], [ -63.28546, -17.30998 ], [ -63.2854, -17.31012 ], [ -63.28531, -17.31114 ], [ -63.28641, -17.31158 ], [ -63.28688, -17.31054 ] ] ] } },
{ "type": "Feature", "properties": { "i": 2196 }, "geometry": { "type": "Polygon", "coordinates": [ [ [ -63.28362, -17.31055 ], [ -63.28353, -17.3112 ], [ -63.28484, -17.31172 ], [ -63.28495, -17.31108 ], [ -63.28362, -17.31055 ] ] ] } },
{ "type": "Feature", "properties": { "i": 2197 }, "geometry": { "type": "Polygon", "coordinates": [ [ [ -63.2347, -17.31938 ], [ -63.23421, -17.31908 ], [ -63.23339, -17.32027 ], [ -63.23386, -17.32058 ], [ -63.23389, -17.32058 ], [ -63.23471, -17.31943 ], [ -63.2347, -17.31938 ] ] ] } },
{ "type": "Feature", "properties": { "i": 2198 }, "geometry": { "type": "Polygon", "coordinates": [ [ [ -63.19918, -17.32752 ], [ -63.19941, -17.32716 ], [ -63.20377, -17.32763 ], [ -63.2038, -17.32669 ], [ -63.20373, -17.3266 ], [ -63.20328, -17.32644 ], [ -63.20253, -17.32604 ], [ -63.20193, -17.32562 ], [ -63.20097, -17.32482 ], [ -63.1996, -17.3238 ], [ -63.19954, -17.32382 ], [ -63.19937, -17.32546 ], [ -63.1992, -17.32602 ], [ -63.19837, -17.32697 ], [ -63.19918, -17.32752 ] ] ] } },
{ "type": "Feature", "properties": { "i": 2199 }, "geometry": { "type": "Polygon", "coordinates": [ [ [ -63.26702, -17.31403 ], [ -63.2663, -17.31363 ], [ -63.26604, -17.31427 ], [ -63.26605, -17.31429 ], [ -63.26685, -17.31453 ], [ -63.2669, -17.31451 ], [ -63.26706, -17.31415 ], [ -63.26705, -17.31407 ], [ -63.26702, -17.31403 ] ] ] } },
{ "type": "Feature", "properties": { "i": 2200 }, "geometry": { "type": "Polygon", "coordinates": [ [ [ -63.27158, -17.31362 ], [ -63.27161, -17.31361 ], [ -63.27187, -17.31321 ], [ -63.27186, -17.31317 ], [ -63.2712, -17.31278 ], [ -63.27115, -17.31279 ], [ -63.27088, -17.31319 ], [ -63.27091, -17.31324 ], [ -63.27097, -17.31328 ], [ -63.27158, -17.31362 ] ] ] } },
{ "type": "Feature", "properties": { "i": 2201 }, "geometry": { "type": "Polygon", "coordinates": [ [ [ -63.24921, -17.31718 ], [ -63.248, -17.31672 ], [ -63.2476, -17.31728 ], [ -63.2488, -17.31778 ], [ -63.24921, -17.31718 ] ] ] } },
{ "type": "Feature", "properties": { "i": 2202 }, "geometry": { "type": "Polygon", "coordinates": [ [ [ -63.26902, -17.31419 ], [ -63.26906, -17.31418 ], [ -63.26908, -17.31415 ], [ -63.26933, -17.31338 ], [ -63.2693, -17.31333 ], [ -63.26886, -17.31306 ], [ -63.26883, -17.31306 ], [ -63.26879, -17.31308 ], [ -63.26846, -17.31383 ], [ -63.26846, -17.31387 ], [ -63.26902, -17.31419 ] ] ] } },
{ "type": "Feature", "properties": { "i": 2203 }, "geometry": { "type": "Polygon", "coordinates": [ [ [ -63.23681, -17.31897 ], [ -63.23629, -17.31862 ], [ -63.23548, -17.31977 ], [ -63.23601, -17.32013 ], [ -63.23681, -17.31897 ] ] ] } },
{ "type": "Feature", "properties": { "i": 2204 }, "geometry": { "type": "Polygon", "coordinates": [ [ [ -63.27809, -17.31234 ], [ -63.27812, -17.31232 ], [ -63.27816, -17.31171 ], [ -63.27734, -17.31127 ], [ -63.27731, -17.31127 ], [ -63.27703, -17.31169 ], [ -63.27704, -17.31172 ], [ -63.27809, -17.31234 ] ] ] } },
{ "type": "Feature", "properties": { "i": 2205 }, "geometry": { "type": "Polygon", "coordinates": [ [ [ -63.23797, -17.31958 ], [ -63.23801, -17.31957 ], [ -63.23862, -17.31873 ], [ -63.23862, -17.31866 ], [ -63.23819, -17.31845 ], [ -63.23813, -17.31845 ], [ -63.23808, -17.31848 ], [ -63.23753, -17.31925 ], [ -63.23754, -17.3193 ], [ -63.23797, -17.31958 ] ] ] } },
{ "type": "Feature", "properties": { "i": 2206 }, "geometry": { "type": "Polygon", "coordinates": [ [ [ -63.24058, -17.31829 ], [ -63.24059, -17.31822 ], [ -63.24057, -17.3182 ], [ -63.24011, -17.31791 ], [ -63.23935, -17.319 ], [ -63.23935, -17.31904 ], [ -63.23981, -17.31933 ], [ -63.23985, -17.31932 ], [ -63.24058, -17.31829 ] ] ] } },
{ "type": "Feature", "properties": { "i": 2207 }, "geometry": { "type": "Polygon", "coordinates": [ [ [ -63.28207, -17.31083 ], [ -63.28203, -17.31077 ], [ -63.28145, -17.31053 ], [ -63.28147, -17.31176 ], [ -63.28149, -17.31178 ], [ -63.2821, -17.31175 ], [ -63.28207, -17.31083 ] ] ] } },
{ "type": "Feature", "properties": { "i": 2208 }, "geometry": { "type": "Polygon", "coordinates": [ [ [ -63.27653, -17.31237 ], [ -63.27652, -17.31232 ], [ -63.27558, -17.31176 ], [ -63.27554, -17.31177 ], [ -63.27527, -17.31221 ], [ -63.2753, -17.31225 ], [ -63.27622, -17.31279 ], [ -63.27627, -17.31278 ], [ -63.27653, -17.31237 ] ] ] } },
{ "type": "Feature", "properties": { "i": 2209 }, "geometry": { "type": "Polygon", "coordinates": [ [ [ -63.23129, -17.32073 ], [ -63.23161, -17.32029 ], [ -63.23161, -17.32026 ], [ -63.23058, -17.3196 ], [ -63.23055, -17.3196 ], [ -63.23024, -17.32005 ], [ -63.23025, -17.32008 ], [ -63.23126, -17.32074 ], [ -63.23129, -17.32073 ] ] ] } },
{ "type": "Feature", "properties": { "i": 2210 }, "geometry": { "type": "Polygon", "coordinates": [ [ [ -63.2294, -17.32106 ], [ -63.23009, -17.3201 ], [ -63.22958, -17.31977 ], [ -63.22889, -17.32073 ], [ -63.2294, -17.32106 ] ] ] } },
{ "type": "Feature", "properties": { "i": 2211 }, "geometry": { "type": "Polygon", "coordinates": [ [ [ -63.22492, -17.32135 ], [ -63.22562, -17.32181 ], [ -63.22634, -17.32084 ], [ -63.22558, -17.32037 ], [ -63.22492, -17.32135 ] ] ] } },
{ "type": "Feature", "properties": { "i": 2212 }, "geometry": { "type": "Polygon", "coordinates": [ [ [ -63.24141, -17.31851 ], [ -63.24185, -17.31881 ], [ -63.24251, -17.31789 ], [ -63.2425, -17.31783 ], [ -63.24206, -17.31754 ], [ -63.2414, -17.31848 ], [ -63.24141, -17.31851 ] ] ] } },
{ "type": "Feature", "properties": { "i": 2213 }, "geometry": { "type": "Polygon", "coordinates": [ [ [ -63.28348, -17.31172 ], [ -63.28346, -17.31133 ], [ -63.28216, -17.31081 ], [ -63.28214, -17.31082 ], [ -63.28218, -17.31175 ], [ -63.28348, -17.31172 ] ] ] } },
{ "type": "Feature", "properties": { "i": 2214 }, "geometry": { "type": "Polygon", "coordinates": [ [ [ -63.2707, -17.31324 ], [ -63.26988, -17.31274 ], [ -63.26983, -17.31275 ], [ -63.26957, -17.31314 ], [ -63.26958, -17.31319 ], [ -63.2704, -17.3137 ], [ -63.27045, -17.31369 ], [ -63.27071, -17.31329 ], [ -63.2707, -17.31324 ] ] ] } },
{ "type": "Feature", "properties": { "i": 2215 }, "geometry": { "type": "Polygon", "coordinates": [ [ [ -63.26871, -17.31297 ], [ -63.26795, -17.31253 ], [ -63.26789, -17.31255 ], [ -63.26703, -17.31454 ], [ -63.26704, -17.31457 ], [ -63.26783, -17.31483 ], [ -63.26788, -17.31483 ], [ -63.26792, -17.3148 ], [ -63.26871, -17.31297 ] ] ] } },
{ "type": "Feature", "properties": { "i": 2216 }, "geometry": { "type": "Polygon", "coordinates": [ [ [ -63.27324, -17.31299 ], [ -63.27329, -17.31247 ], [ -63.27277, -17.31214 ], [ -63.27271, -17.31215 ], [ -63.27243, -17.31258 ], [ -63.27314, -17.31303 ], [ -63.27324, -17.31299 ] ] ] } },
{ "type": "Feature", "properties": { "i": 2217 }, "geometry": { "type": "Polygon", "coordinates": [ [ [ -63.26618, -17.3136 ], [ -63.26616, -17.31354 ], [ -63.26553, -17.31319 ], [ -63.26549, -17.31321 ], [ -63.2655, -17.3135 ], [ -63.2657, -17.31419 ], [ -63.2659, -17.31426 ], [ -63.26618, -17.3136 ] ] ] } },
{ "type": "Feature", "properties": { "i": 2218 }, "geometry": { "type": "Polygon", "coordinates": [ [ [ -63.18479, -17.32757 ], [ -63.18406, -17.32862 ], [ -63.18459, -17.32895 ], [ -63.18532, -17.32791 ], [ -63.18479, -17.32757 ] ] ] } },
{ "type": "Feature", "properties": { "i": 2219 }, "geometry": { "type": "Polygon", "coordinates": [ [ [ -63.27411, -17.3119 ], [ -63.27384, -17.31236 ], [ -63.27384, -17.31239 ], [ -63.2748, -17.31276 ], [ -63.27509, -17.31231 ], [ -63.27508, -17.31229 ], [ -63.27414, -17.31189 ], [ -63.27411, -17.3119 ] ] ] } },
{ "type": "Feature", "properties": { "i": 2220 }, "geometry": { "type": "Polygon", "coordinates": [ [ [ -63.27839, -17.31128 ], [ -63.27833, -17.31179 ], [ -63.27837, -17.31184 ], [ -63.27929, -17.31182 ], [ -63.27927, -17.31125 ], [ -63.27839, -17.31128 ] ] ] } },
{ "type": "Feature", "properties": { "i": 2221 }, "geometry": { "type": "Polygon", "coordinates": [ [ [ -63.28142, -17.31175 ], [ -63.28138, -17.31052 ], [ -63.28076, -17.31027 ], [ -63.28073, -17.31028 ], [ -63.28078, -17.31178 ], [ -63.2814, -17.31178 ], [ -63.28142, -17.31175 ] ] ] } },
{ "type": "Feature", "properties": { "i": 2222 }, "geometry": { "type": "Polygon", "coordinates": [ [ [ -63.23412, -17.31902 ], [ -63.23365, -17.31871 ], [ -63.23355, -17.31881 ], [ -63.2328, -17.31988 ], [ -63.23331, -17.32023 ], [ -63.23413, -17.31906 ], [ -63.23412, -17.31902 ] ] ] } },
{ "type": "Feature", "properties": { "i": 2223 }, "geometry": { "type": "Polygon", "coordinates": [ [ [ -63.24458, -17.31716 ], [ -63.24451, -17.31714 ], [ -63.24443, -17.31716 ], [ -63.24396, -17.31784 ], [ -63.24499, -17.31852 ], [ -63.24511, -17.31836 ], [ -63.24512, -17.31826 ], [ -63.24458, -17.31716 ] ] ] } },
{ "type": "Feature", "properties": { "i": 2224 }, "geometry": { "type": "Polygon", "coordinates": [ [ [ -63.27192, -17.31305 ], [ -63.27197, -17.31305 ], [ -63.27199, -17.31303 ], [ -63.27225, -17.31262 ], [ -63.27225, -17.31259 ], [ -63.27158, -17.31221 ], [ -63.27153, -17.31221 ], [ -63.27126, -17.31261 ], [ -63.27126, -17.31265 ], [ -63.27192, -17.31305 ] ] ] } },
{ "type": "Feature", "properties": { "i": 2225 }, "geometry": { "type": "Polygon", "coordinates": [ [ [ -63.23063, -17.31944 ], [ -63.23227, -17.32049 ], [ -63.2327, -17.31991 ], [ -63.23105, -17.31884 ], [ -63.23063, -17.31944 ] ] ] } },
{ "type": "Feature", "properties": { "i": 2226 }, "geometry": { "type": "Polygon", "coordinates": [ [ [ -63.23955, -17.31755 ], [ -63.23877, -17.31866 ], [ -63.23929, -17.319 ], [ -63.24005, -17.31788 ], [ -63.23955, -17.31755 ] ] ] } },
{ "type": "Feature", "properties": { "i": 2227 }, "geometry": { "type": "Polygon", "coordinates": [ [ [ -63.2666, -17.31293 ], [ -63.26635, -17.31349 ], [ -63.26636, -17.31353 ], [ -63.26704, -17.31395 ], [ -63.26714, -17.31395 ], [ -63.26736, -17.31346 ], [ -63.26736, -17.31338 ], [ -63.26733, -17.31333 ], [ -63.26667, -17.31292 ], [ -63.2666, -17.31293 ] ] ] } },
{ "type": "Feature", "properties": { "i": 2228 }, "geometry": { "type": "Polygon", "coordinates": [ [ [ -63.28519, -17.30987 ], [ -63.28449, -17.3096 ], [ -63.28427, -17.31074 ], [ -63.28497, -17.31101 ], [ -63.28519, -17.30987 ] ] ] } },
{ "type": "Feature", "properties": { "i": 2229 }, "geometry": { "type": "Polygon", "coordinates": [ [ [ -63.24709, -17.31787 ], [ -63.24491, -17.31642 ], [ -63.24491, -17.31639 ], [ -63.24543, -17.31566 ], [ -63.24793, -17.31665 ], [ -63.24794, -17.31669 ], [ -63.24712, -17.31786 ], [ -63.24709, -17.31787 ] ] ] } },
{ "type": "Feature", "properties": { "i": 2230 }, "geometry": { "type": "Polygon", "coordinates": [ [ [ -63.26526, -17.3137 ], [ -63.26521, -17.31333 ], [ -63.26522, -17.31299 ], [ -63.2652, -17.31297 ], [ -63.26517, -17.31297 ], [ -63.2645, -17.3134 ], [ -63.2645, -17.31345 ], [ -63.26485, -17.31396 ], [ -63.26522, -17.31434 ], [ -63.26531, -17.31441 ], [ -63.26539, -17.31443 ], [ -63.26546, -17.31423 ], [ -63.26536, -17.31396 ], [ -63.26529, -17.31369 ], [ -63.26526, -17.3137 ] ] ] } },
{ "type": "Feature", "properties": { "i": 2231 }, "geometry": { "type": "Polygon", "coordinates": [ [ [ -63.28356, -17.31051 ], [ -63.28222, -17.30999 ], [ -63.2821, -17.31062 ], [ -63.28344, -17.31116 ], [ -63.28356, -17.31051 ] ] ] } },
{ "type": "Feature", "properties": { "i": 2232 }, "geometry": { "type": "Polygon", "coordinates": [ [ [ -63.24129, -17.31845 ], [ -63.24196, -17.31747 ], [ -63.24149, -17.31718 ], [ -63.24083, -17.31812 ], [ -63.24083, -17.31816 ], [ -63.24126, -17.31846 ], [ -63.24129, -17.31845 ] ] ] } },
{ "type": "Feature", "properties": { "i": 2233 }, "geometry": { "type": "Polygon", "coordinates": [ [ [ -63.24319, -17.3181 ], [ -63.24387, -17.31712 ], [ -63.2434, -17.31682 ], [ -63.24272, -17.31779 ], [ -63.24274, -17.31784 ], [ -63.24314, -17.3181 ], [ -63.24319, -17.3181 ] ] ] } },
{ "type": "Feature", "properties": { "i": 2234 }, "geometry": { "type": "Polygon", "coordinates": [ [ [ -63.27105, -17.31273 ], [ -63.27104, -17.31266 ], [ -63.27023, -17.31219 ], [ -63.27018, -17.3122 ], [ -63.26992, -17.31261 ], [ -63.26993, -17.31266 ], [ -63.27075, -17.31314 ], [ -63.27078, -17.31313 ], [ -63.27105, -17.31273 ] ] ] } },
{ "type": "Feature", "properties": { "i": 2235 }, "geometry": { "type": "Polygon", "coordinates": [ [ [ -63.25072, -17.31731 ], [ -63.25118, -17.31664 ], [ -63.25116, -17.31656 ], [ -63.24807, -17.31536 ], [ -63.24752, -17.31615 ], [ -63.24771, -17.31624 ], [ -63.24805, -17.31636 ], [ -63.24808, -17.31633 ], [ -63.25063, -17.31733 ], [ -63.25072, -17.31731 ] ] ] } },
{ "type": "Feature", "properties": { "i": 2236 }, "geometry": { "type": "Polygon", "coordinates": [ [ [ -63.27658, -17.31163 ], [ -63.27657, -17.31159 ], [ -63.27591, -17.31121 ], [ -63.27588, -17.31123 ], [ -63.27562, -17.31165 ], [ -63.2763, -17.31206 ], [ -63.27658, -17.31163 ] ] ] } },
{ "type": "Feature", "properties": { "i": 2237 }, "geometry": { "type": "Polygon", "coordinates": [ [ [ -63.24555, -17.31769 ], [ -63.24589, -17.31723 ], [ -63.24589, -17.3172 ], [ -63.24488, -17.31651 ], [ -63.24484, -17.31651 ], [ -63.24463, -17.31678 ], [ -63.24488, -17.31731 ], [ -63.24547, -17.3177 ], [ -63.24555, -17.31769 ] ] ] } },
{ "type": "Feature", "properties": { "i": 2238 }, "geometry": { "type": "Polygon", "coordinates": [ [ [ -63.27545, -17.31176 ], [ -63.27545, -17.31172 ], [ -63.27449, -17.31133 ], [ -63.2742, -17.31178 ], [ -63.27421, -17.3118 ], [ -63.27517, -17.31219 ], [ -63.2752, -17.31217 ], [ -63.27545, -17.31176 ] ] ] } },
{ "type": "Feature", "properties": { "i": 2239 }, "geometry": { "type": "Polygon", "coordinates": [ [ [ -63.28921, -17.30923 ], [ -63.28821, -17.30883 ], [ -63.28793, -17.30948 ], [ -63.28794, -17.30952 ], [ -63.28899, -17.30993 ], [ -63.28921, -17.30955 ], [ -63.28923, -17.30948 ], [ -63.28921, -17.30923 ] ] ] } },
{ "type": "Feature", "properties": { "i": 2240 }, "geometry": { "type": "Polygon", "coordinates": [ [ [ -63.27773, -17.31136 ], [ -63.27816, -17.31158 ], [ -63.27819, -17.31156 ], [ -63.27827, -17.31103 ], [ -63.27825, -17.31099 ], [ -63.27801, -17.31087 ], [ -63.27797, -17.3109 ], [ -63.2777, -17.31132 ], [ -63.27773, -17.31136 ] ] ] } },
{ "type": "Feature", "properties": { "i": 2241 }, "geometry": { "type": "Polygon", "coordinates": [ [ [ -63.25399, -17.3133 ], [ -63.25388, -17.3133 ], [ -63.25275, -17.3149 ], [ -63.25604, -17.31705 ], [ -63.25721, -17.31539 ], [ -63.25399, -17.3133 ] ] ] } },
{ "type": "Feature", "properties": { "i": 2242 }, "geometry": { "type": "Polygon", "coordinates": [ [ [ -63.28065, -17.31114 ], [ -63.28063, -17.31024 ], [ -63.27998, -17.30996 ], [ -63.28001, -17.31116 ], [ -63.28065, -17.31114 ] ] ] } },
{ "type": "Feature", "properties": { "i": 2243 }, "geometry": { "type": "Polygon", "coordinates": [ [ [ -63.23509, -17.31888 ], [ -63.23509, -17.31883 ], [ -63.23402, -17.31815 ], [ -63.23369, -17.31863 ], [ -63.23369, -17.31865 ], [ -63.23475, -17.31933 ], [ -63.23509, -17.31888 ] ] ] } },
{ "type": "Feature", "properties": { "i": 2244 }, "geometry": { "type": "Polygon", "coordinates": [ [ [ -63.27401, -17.31184 ], [ -63.27308, -17.31146 ], [ -63.27278, -17.31189 ], [ -63.27278, -17.31193 ], [ -63.27371, -17.31232 ], [ -63.27377, -17.3123 ], [ -63.27402, -17.31188 ], [ -63.27401, -17.31184 ] ] ] } },
{ "type": "Feature", "properties": { "i": 2245 }, "geometry": { "type": "Polygon", "coordinates": [ [ [ -63.28443, -17.30958 ], [ -63.28385, -17.30936 ], [ -63.28363, -17.31047 ], [ -63.28421, -17.31072 ], [ -63.28443, -17.30958 ] ] ] } },
{ "type": "Feature", "properties": { "i": 2246 }, "geometry": { "type": "Polygon", "coordinates": [ [ [ -63.27232, -17.31251 ], [ -63.27259, -17.3121 ], [ -63.27259, -17.31206 ], [ -63.2722, -17.31178 ], [ -63.27193, -17.31163 ], [ -63.27189, -17.31163 ], [ -63.27161, -17.31206 ], [ -63.27162, -17.31211 ], [ -63.27228, -17.31251 ], [ -63.27232, -17.31251 ] ] ] } },
{ "type": "Feature", "properties": { "i": 2247 }, "geometry": { "type": "Polygon", "coordinates": [ [ [ -63.27926, -17.31118 ], [ -63.27925, -17.31058 ], [ -63.27847, -17.3106 ], [ -63.27845, -17.31062 ], [ -63.27836, -17.31119 ], [ -63.27926, -17.31118 ] ] ] } },
{ "type": "Feature", "properties": { "i": 2248 }, "geometry": { "type": "Polygon", "coordinates": [ [ [ -63.22907, -17.31934 ], [ -63.23009, -17.32 ], [ -63.23015, -17.31999 ], [ -63.23047, -17.31955 ], [ -63.23047, -17.31952 ], [ -63.22941, -17.31884 ], [ -63.22938, -17.31885 ], [ -63.22906, -17.3193 ], [ -63.22907, -17.31934 ] ] ] } },
{ "type": "Feature", "properties": { "i": 2249 }, "geometry": { "type": "Polygon", "coordinates": [ [ [ -63.24028, -17.31778 ], [ -63.24069, -17.31808 ], [ -63.24073, -17.31807 ], [ -63.24137, -17.31717 ], [ -63.24137, -17.31711 ], [ -63.24096, -17.31683 ], [ -63.24092, -17.31683 ], [ -63.24027, -17.31775 ], [ -63.24028, -17.31778 ] ] ] } },
{ "type": "Feature", "properties": { "i": 2250 }, "geometry": { "type": "Polygon", "coordinates": [ [ [ -63.23356, -17.31865 ], [ -63.2325, -17.31797 ], [ -63.23168, -17.31914 ], [ -63.23274, -17.31983 ], [ -63.23356, -17.31865 ] ] ] } },
{ "type": "Feature", "properties": { "i": 2251 }, "geometry": { "type": "Polygon", "coordinates": [ [ [ -63.24262, -17.31771 ], [ -63.24327, -17.3168 ], [ -63.24326, -17.31674 ], [ -63.24287, -17.31648 ], [ -63.24279, -17.31649 ], [ -63.24215, -17.3174 ], [ -63.24215, -17.31746 ], [ -63.24217, -17.31748 ], [ -63.24254, -17.31772 ], [ -63.24262, -17.31771 ] ] ] } },
{ "type": "Feature", "properties": { "i": 2252 }, "geometry": { "type": "Polygon", "coordinates": [ [ [ -63.27724, -17.31126 ], [ -63.27723, -17.3112 ], [ -63.2763, -17.31065 ], [ -63.27625, -17.31067 ], [ -63.27599, -17.3111 ], [ -63.27693, -17.31166 ], [ -63.27699, -17.31165 ], [ -63.27724, -17.31126 ] ] ] } },
{ "type": "Feature", "properties": { "i": 2253 }, "geometry": { "type": "Polygon", "coordinates": [ [ [ -63.2694, -17.31309 ], [ -63.26946, -17.31309 ], [ -63.26973, -17.31268 ], [ -63.26972, -17.31265 ], [ -63.26889, -17.31215 ], [ -63.26885, -17.31215 ], [ -63.26877, -17.31272 ], [ -63.2694, -17.31309 ] ] ] } },
{ "type": "Feature", "properties": { "i": 2254 }, "geometry": { "type": "Polygon", "coordinates": [ [ [ -63.27113, -17.31257 ], [ -63.27117, -17.31255 ], [ -63.27141, -17.31218 ], [ -63.2714, -17.31211 ], [ -63.27058, -17.31161 ], [ -63.27029, -17.31202 ], [ -63.2703, -17.31209 ], [ -63.27113, -17.31257 ] ] ] } },
{ "type": "Feature", "properties": { "i": 2255 }, "geometry": { "type": "Polygon", "coordinates": [ [ [ -63.26625, -17.31345 ], [ -63.26652, -17.31287 ], [ -63.2665, -17.31283 ], [ -63.26572, -17.31238 ], [ -63.26566, -17.31239 ], [ -63.26553, -17.31304 ], [ -63.26555, -17.31308 ], [ -63.26625, -17.31345 ] ] ] } },
{ "type": "Feature", "properties": { "i": 2256 }, "geometry": { "type": "Polygon", "coordinates": [ [ [ -63.22926, -17.31878 ], [ -63.22836, -17.3182 ], [ -63.22829, -17.3182 ], [ -63.22692, -17.32015 ], [ -63.22693, -17.32021 ], [ -63.22786, -17.32081 ], [ -63.22928, -17.31885 ], [ -63.22926, -17.31878 ] ] ] } },
{ "type": "Feature", "properties": { "i": 2257 }, "geometry": { "type": "Polygon", "coordinates": [ [ [ -63.2755, -17.31163 ], [ -63.27555, -17.31162 ], [ -63.2758, -17.31117 ], [ -63.27579, -17.31112 ], [ -63.27482, -17.31074 ], [ -63.2745, -17.31125 ], [ -63.2755, -17.31163 ] ] ] } },
{ "type": "Feature", "properties": { "i": 2258 }, "geometry": { "type": "Polygon", "coordinates": [ [ [ -63.26737, -17.31323 ], [ -63.26747, -17.31323 ], [ -63.26781, -17.31244 ], [ -63.26706, -17.312 ], [ -63.26701, -17.312 ], [ -63.26678, -17.31248 ], [ -63.26678, -17.31269 ], [ -63.26675, -17.31283 ], [ -63.26737, -17.31323 ] ] ] } },
{ "type": "Feature", "properties": { "i": 2259 }, "geometry": { "type": "Polygon", "coordinates": [ [ [ -63.28377, -17.30931 ], [ -63.28318, -17.30907 ], [ -63.28296, -17.31023 ], [ -63.28355, -17.31045 ], [ -63.28358, -17.31044 ], [ -63.28377, -17.30931 ] ] ] } },
{ "type": "Feature", "properties": { "i": 2260 }, "geometry": { "type": "Polygon", "coordinates": [ [ [ -63.25134, -17.31642 ], [ -63.25236, -17.31496 ], [ -63.25162, -17.31449 ], [ -63.25156, -17.3145 ], [ -63.25045, -17.31607 ], [ -63.25127, -17.31642 ], [ -63.25134, -17.31642 ] ] ] } },
{ "type": "Feature", "properties": { "i": 2261 }, "geometry": { "type": "Polygon", "coordinates": [ [ [ -63.1858, -17.32612 ], [ -63.18483, -17.32751 ], [ -63.18537, -17.32785 ], [ -63.18633, -17.32646 ], [ -63.1858, -17.32612 ] ] ] } },
{ "type": "Feature", "properties": { "i": 2262 }, "geometry": { "type": "Polygon", "coordinates": [ [ [ -63.27347, -17.31092 ], [ -63.27342, -17.31093 ], [ -63.27317, -17.31132 ], [ -63.27318, -17.31137 ], [ -63.27412, -17.31176 ], [ -63.27442, -17.31127 ], [ -63.27392, -17.31107 ], [ -63.27391, -17.31109 ], [ -63.27347, -17.31092 ] ] ] } },
{ "type": "Feature", "properties": { "i": 2263 }, "geometry": { "type": "Polygon", "coordinates": [ [ [ -63.23547, -17.31828 ], [ -63.23546, -17.31825 ], [ -63.23444, -17.31757 ], [ -63.23407, -17.3181 ], [ -63.23512, -17.31878 ], [ -63.23516, -17.31877 ], [ -63.23547, -17.31828 ] ] ] } },
{ "type": "Feature", "properties": { "i": 2264 }, "geometry": { "type": "Polygon", "coordinates": [ [ [ -63.24159, -17.31711 ], [ -63.24199, -17.31737 ], [ -63.24205, -17.31737 ], [ -63.24253, -17.31668 ], [ -63.24253, -17.31665 ], [ -63.24208, -17.31636 ], [ -63.24158, -17.31706 ], [ -63.24159, -17.31711 ] ] ] } },
{ "type": "Feature", "properties": { "i": 2265 }, "geometry": { "type": "Polygon", "coordinates": [ [ [ -63.2799, -17.31114 ], [ -63.27993, -17.31112 ], [ -63.27992, -17.31063 ], [ -63.27995, -17.31063 ], [ -63.27992, -17.30993 ], [ -63.2793, -17.30967 ], [ -63.27928, -17.3097 ], [ -63.27933, -17.31117 ], [ -63.2799, -17.31114 ] ] ] } },
{ "type": "Feature", "properties": { "i": 2266 }, "geometry": { "type": "Polygon", "coordinates": [ [ [ -63.26897, -17.31147 ], [ -63.26889, -17.31199 ], [ -63.26891, -17.31204 ], [ -63.26977, -17.31256 ], [ -63.26982, -17.31255 ], [ -63.27008, -17.31213 ], [ -63.27008, -17.3121 ], [ -63.26901, -17.31145 ], [ -63.26897, -17.31147 ] ] ] } },
{ "type": "Feature", "properties": { "i": 2267 }, "geometry": { "type": "Polygon", "coordinates": [ [ [ -63.26835, -17.31182 ], [ -63.26831, -17.31182 ], [ -63.26804, -17.31227 ], [ -63.26861, -17.31261 ], [ -63.26864, -17.31261 ], [ -63.26866, -17.3126 ], [ -63.26872, -17.31205 ], [ -63.26835, -17.31182 ] ] ] } },
{ "type": "Feature", "properties": { "i": 2268 }, "geometry": { "type": "Polygon", "coordinates": [ [ [ -63.27801, -17.31008 ], [ -63.27774, -17.31057 ], [ -63.27828, -17.31086 ], [ -63.2783, -17.31085 ], [ -63.27839, -17.31027 ], [ -63.27801, -17.31008 ] ] ] } },
{ "type": "Feature", "properties": { "i": 2269 }, "geometry": { "type": "Polygon", "coordinates": [ [ [ -63.23649, -17.31799 ], [ -63.23523, -17.31718 ], [ -63.23491, -17.31764 ], [ -63.23491, -17.31769 ], [ -63.23614, -17.31845 ], [ -63.23619, -17.31845 ], [ -63.2365, -17.31803 ], [ -63.23649, -17.31799 ] ] ] } },
{ "type": "Feature", "properties": { "i": 2270 }, "geometry": { "type": "Polygon", "coordinates": [ [ [ -63.19918, -17.32553 ], [ -63.19938, -17.32412 ], [ -63.19862, -17.32362 ], [ -63.19786, -17.32469 ], [ -63.19918, -17.32553 ] ] ] } },
{ "type": "Feature", "properties": { "i": 2271 }, "geometry": { "type": "Polygon", "coordinates": [ [ [ -63.27262, -17.31187 ], [ -63.27267, -17.31185 ], [ -63.27295, -17.31144 ], [ -63.27293, -17.3114 ], [ -63.27201, -17.31083 ], [ -63.27173, -17.31125 ], [ -63.27174, -17.31132 ], [ -63.27262, -17.31187 ] ] ] } },
{ "type": "Feature", "properties": { "i": 2272 }, "geometry": { "type": "Polygon", "coordinates": [ [ [ -63.27149, -17.31203 ], [ -63.27154, -17.312 ], [ -63.27177, -17.31161 ], [ -63.27176, -17.31155 ], [ -63.27097, -17.31106 ], [ -63.27093, -17.31107 ], [ -63.27064, -17.31151 ], [ -63.27149, -17.31203 ] ] ] } },
{ "type": "Feature", "properties": { "i": 2273 }, "geometry": { "type": "Polygon", "coordinates": [ [ [ -63.26519, -17.31282 ], [ -63.2647, -17.3121 ], [ -63.26466, -17.3121 ], [ -63.26391, -17.31257 ], [ -63.2644, -17.31332 ], [ -63.26519, -17.31282 ] ] ] } },
{ "type": "Feature", "properties": { "i": 2274 }, "geometry": { "type": "Polygon", "coordinates": [ [ [ -63.1966, -17.32521 ], [ -63.19717, -17.32442 ], [ -63.19665, -17.32407 ], [ -63.196, -17.325 ], [ -63.1966, -17.32521 ] ] ] } },
{ "type": "Feature", "properties": { "i": 2275 }, "geometry": { "type": "Polygon", "coordinates": [ [ [ -63.28292, -17.31015 ], [ -63.28313, -17.30906 ], [ -63.28244, -17.3088 ], [ -63.28223, -17.30992 ], [ -63.28289, -17.31019 ], [ -63.28292, -17.31015 ] ] ] } },
{ "type": "Feature", "properties": { "i": 2276 }, "geometry": { "type": "Polygon", "coordinates": [ [ [ -63.28535, -17.309 ], [ -63.28405, -17.30846 ], [ -63.28388, -17.30928 ], [ -63.28519, -17.30979 ], [ -63.28535, -17.309 ] ] ] } },
{ "type": "Feature", "properties": { "i": 2277 }, "geometry": { "type": "Polygon", "coordinates": [ [ [ -63.27732, -17.31045 ], [ -63.27661, -17.31006 ], [ -63.2763, -17.31052 ], [ -63.27701, -17.31094 ], [ -63.27732, -17.31045 ] ] ] } },
{ "type": "Feature", "properties": { "i": 2278 }, "geometry": { "type": "Polygon", "coordinates": [ [ [ -63.18898, -17.32663 ], [ -63.18964, -17.32569 ], [ -63.18912, -17.32535 ], [ -63.18846, -17.3263 ], [ -63.18898, -17.32663 ] ] ] } },
{ "type": "Feature", "properties": { "i": 2279 }, "geometry": { "type": "Polygon", "coordinates": [ [ [ -63.2792, -17.31052 ], [ -63.27923, -17.31048 ], [ -63.27919, -17.30972 ], [ -63.27914, -17.30967 ], [ -63.27875, -17.30952 ], [ -63.2787, -17.30952 ], [ -63.27865, -17.30956 ], [ -63.27863, -17.30962 ], [ -63.27851, -17.3105 ], [ -63.27852, -17.31052 ], [ -63.2792, -17.31052 ] ] ] } },
{ "type": "Feature", "properties": { "i": 2280 }, "geometry": { "type": "Polygon", "coordinates": [ [ [ -63.27587, -17.31106 ], [ -63.27616, -17.3106 ], [ -63.27524, -17.31022 ], [ -63.27519, -17.31023 ], [ -63.27494, -17.31063 ], [ -63.27496, -17.31069 ], [ -63.27587, -17.31106 ] ] ] } },
{ "type": "Feature", "properties": { "i": 2281 }, "geometry": { "type": "Polygon", "coordinates": [ [ [ -63.23255, -17.31789 ], [ -63.23361, -17.31859 ], [ -63.23395, -17.31812 ], [ -63.23287, -17.31743 ], [ -63.23255, -17.31789 ] ] ] } },
{ "type": "Feature", "properties": { "i": 2282 }, "geometry": { "type": "Polygon", "coordinates": [ [ [ -63.27015, -17.31197 ], [ -63.2702, -17.31197 ], [ -63.27047, -17.31155 ], [ -63.27045, -17.31152 ], [ -63.26978, -17.31112 ], [ -63.2695, -17.31158 ], [ -63.27015, -17.31197 ] ] ] } },
{ "type": "Feature", "properties": { "i": 2283 }, "geometry": { "type": "Polygon", "coordinates": [ [ [ -63.26548, -17.31163 ], [ -63.26544, -17.31159 ], [ -63.26479, -17.31203 ], [ -63.26526, -17.3127 ], [ -63.26528, -17.31269 ], [ -63.26548, -17.31163 ] ] ] } },
{ "type": "Feature", "properties": { "i": 2284 }, "geometry": { "type": "Polygon", "coordinates": [ [ [ -63.2376, -17.31787 ], [ -63.23836, -17.31677 ], [ -63.23786, -17.31644 ], [ -63.23711, -17.31752 ], [ -63.2376, -17.31787 ] ] ] } },
{ "type": "Feature", "properties": { "i": 2285 }, "geometry": { "type": "Polygon", "coordinates": [ [ [ -63.27442, -17.3112 ], [ -63.27445, -17.31119 ], [ -63.27473, -17.31072 ], [ -63.27383, -17.31035 ], [ -63.27379, -17.31037 ], [ -63.27351, -17.3108 ], [ -63.27352, -17.31083 ], [ -63.27442, -17.3112 ] ] ] } },
{ "type": "Feature", "properties": { "i": 2286 }, "geometry": { "type": "Polygon", "coordinates": [ [ [ -63.25031, -17.31599 ], [ -63.25146, -17.31438 ], [ -63.25068, -17.31387 ], [ -63.25062, -17.31388 ], [ -63.2494, -17.31564 ], [ -63.24941, -17.31569 ], [ -63.25019, -17.31597 ], [ -63.25031, -17.31599 ] ] ] } },
{ "type": "Feature", "properties": { "i": 2287 }, "geometry": { "type": "Polygon", "coordinates": [ [ [ -63.18524, -17.32576 ], [ -63.18458, -17.32671 ], [ -63.18441, -17.32726 ], [ -63.18478, -17.32749 ], [ -63.18575, -17.32609 ], [ -63.18524, -17.32576 ] ] ] } },
{ "type": "Feature", "properties": { "i": 2288 }, "geometry": { "type": "Polygon", "coordinates": [ [ [ -63.26749, -17.3113 ], [ -63.26744, -17.31131 ], [ -63.26717, -17.31172 ], [ -63.26719, -17.31177 ], [ -63.2679, -17.31221 ], [ -63.26795, -17.31221 ], [ -63.26828, -17.31174 ], [ -63.26814, -17.31166 ], [ -63.26812, -17.31168 ], [ -63.26749, -17.3113 ] ] ] } },
{ "type": "Feature", "properties": { "i": 2289 }, "geometry": { "type": "Polygon", "coordinates": [ [ [ -63.2366, -17.31793 ], [ -63.23692, -17.31748 ], [ -63.23561, -17.31662 ], [ -63.23527, -17.3171 ], [ -63.23656, -17.31794 ], [ -63.2366, -17.31793 ] ] ] } },
{ "type": "Feature", "properties": { "i": 2290 }, "geometry": { "type": "Polygon", "coordinates": [ [ [ -63.28238, -17.30877 ], [ -63.28172, -17.30849 ], [ -63.2815, -17.30962 ], [ -63.28212, -17.30986 ], [ -63.28216, -17.30986 ], [ -63.28218, -17.30984 ], [ -63.2824, -17.30882 ], [ -63.28238, -17.30877 ] ] ] } },
{ "type": "Feature", "properties": { "i": 2291 }, "geometry": { "type": "Polygon", "coordinates": [ [ [ -63.26692, -17.31191 ], [ -63.26589, -17.31129 ], [ -63.26571, -17.31216 ], [ -63.26572, -17.31221 ], [ -63.26574, -17.31224 ], [ -63.26655, -17.31273 ], [ -63.26659, -17.3127 ], [ -63.26673, -17.31236 ], [ -63.26673, -17.31212 ], [ -63.26636, -17.3119 ], [ -63.26639, -17.31184 ], [ -63.26685, -17.31208 ], [ -63.26692, -17.31191 ] ] ] } },
{ "type": "Feature", "properties": { "i": 2292 }, "geometry": { "type": "Polygon", "coordinates": [ [ [ -63.27765, -17.31053 ], [ -63.27797, -17.31006 ], [ -63.27797, -17.31003 ], [ -63.27698, -17.30947 ], [ -63.27696, -17.30948 ], [ -63.27666, -17.30997 ], [ -63.27765, -17.31053 ] ] ] } },
{ "type": "Feature", "properties": { "i": 2293 }, "geometry": { "type": "Polygon", "coordinates": [ [ [ -63.19597, -17.32493 ], [ -63.19658, -17.32406 ], [ -63.19658, -17.32403 ], [ -63.19608, -17.32371 ], [ -63.19544, -17.32462 ], [ -63.19592, -17.32494 ], [ -63.19597, -17.32493 ] ] ] } },
{ "type": "Feature", "properties": { "i": 2294 }, "geometry": { "type": "Polygon", "coordinates": [ [ [ -63.27236, -17.31028 ], [ -63.27209, -17.3107 ], [ -63.2721, -17.31076 ], [ -63.27301, -17.31131 ], [ -63.27304, -17.3113 ], [ -63.27333, -17.31085 ], [ -63.27236, -17.31028 ] ] ] } },
{ "type": "Feature", "properties": { "i": 2295 }, "geometry": { "type": "Polygon", "coordinates": [ [ [ -63.24387, -17.31501 ], [ -63.24381, -17.31501 ], [ -63.24291, -17.31636 ], [ -63.24336, -17.31666 ], [ -63.24378, -17.31607 ], [ -63.24388, -17.31613 ], [ -63.2435, -17.31669 ], [ -63.2435, -17.31674 ], [ -63.24393, -17.31703 ], [ -63.24396, -17.31703 ], [ -63.24506, -17.31547 ], [ -63.24387, -17.31501 ] ] ] } },
{ "type": "Feature", "properties": { "i": 2296 }, "geometry": { "type": "Polygon", "coordinates": [ [ [ -63.28841, -17.30809 ], [ -63.28717, -17.30758 ], [ -63.28689, -17.30819 ], [ -63.28813, -17.30871 ], [ -63.28841, -17.30809 ] ] ] } },
{ "type": "Feature", "properties": { "i": 2297 }, "geometry": { "type": "Polygon", "coordinates": [ [ [ -63.27837, -17.31019 ], [ -63.27841, -17.31018 ], [ -63.27852, -17.30941 ], [ -63.27848, -17.30938 ], [ -63.2773, -17.30895 ], [ -63.277, -17.30942 ], [ -63.27837, -17.31019 ] ] ] } },
{ "type": "Feature", "properties": { "i": 2298 }, "geometry": { "type": "Polygon", "coordinates": [ [ [ -63.24728, -17.31601 ], [ -63.24784, -17.31531 ], [ -63.24783, -17.31526 ], [ -63.24633, -17.31455 ], [ -63.24622, -17.31455 ], [ -63.24571, -17.31529 ], [ -63.2457, -17.31538 ], [ -63.24728, -17.31601 ] ] ] } },
{ "type": "Feature", "properties": { "i": 2299 }, "geometry": { "type": "Polygon", "coordinates": [ [ [ -63.24187, -17.31545 ], [ -63.24159, -17.31586 ], [ -63.2416, -17.31593 ], [ -63.2426, -17.31658 ], [ -63.2429, -17.31615 ], [ -63.2429, -17.31612 ], [ -63.24187, -17.31545 ] ] ] } },
{ "type": "Feature", "properties": { "i": 2300 }, "geometry": { "type": "Polygon", "coordinates": [ [ [ -63.27648, -17.31002 ], [ -63.27557, -17.30966 ], [ -63.27553, -17.30968 ], [ -63.27526, -17.3101 ], [ -63.27527, -17.31013 ], [ -63.27617, -17.31048 ], [ -63.27623, -17.31048 ], [ -63.27649, -17.31005 ], [ -63.27648, -17.31002 ] ] ] } },
{ "type": "Feature", "properties": { "i": 2301 }, "geometry": { "type": "Polygon", "coordinates": [ [ [ -63.26947, -17.31151 ], [ -63.26971, -17.31113 ], [ -63.26971, -17.31109 ], [ -63.26969, -17.31106 ], [ -63.26911, -17.31074 ], [ -63.26902, -17.31129 ], [ -63.26941, -17.31154 ], [ -63.26947, -17.31151 ] ] ] } },
{ "type": "Feature", "properties": { "i": 2302 }, "geometry": { "type": "Polygon", "coordinates": [ [ [ -63.27083, -17.31095 ], [ -63.27017, -17.31058 ], [ -63.26988, -17.31105 ], [ -63.27048, -17.31143 ], [ -63.27056, -17.31143 ], [ -63.27084, -17.31098 ], [ -63.27083, -17.31095 ] ] ] } },
{ "type": "Feature", "properties": { "i": 2303 }, "geometry": { "type": "Polygon", "coordinates": [ [ [ -63.25998, -17.31546 ], [ -63.26368, -17.31308 ], [ -63.26109, -17.30932 ], [ -63.26092, -17.30972 ], [ -63.2603, -17.31148 ], [ -63.25981, -17.31273 ], [ -63.25954, -17.31327 ], [ -63.25888, -17.31437 ], [ -63.25962, -17.31521 ], [ -63.25998, -17.31546 ] ] ] } },
{ "type": "Feature", "properties": { "i": 2304 }, "geometry": { "type": "Polygon", "coordinates": [ [ [ -63.27157, -17.31122 ], [ -63.27162, -17.31121 ], [ -63.27189, -17.31081 ], [ -63.27189, -17.31077 ], [ -63.27109, -17.31028 ], [ -63.27105, -17.31029 ], [ -63.27079, -17.3107 ], [ -63.2708, -17.31074 ], [ -63.27157, -17.31122 ] ] ] } },
{ "type": "Feature", "properties": { "i": 2305 }, "geometry": { "type": "Polygon", "coordinates": [ [ [ -63.27511, -17.31016 ], [ -63.27421, -17.3098 ], [ -63.27416, -17.30982 ], [ -63.27389, -17.31024 ], [ -63.27394, -17.31029 ], [ -63.27479, -17.31064 ], [ -63.27511, -17.31016 ] ] ] } },
{ "type": "Feature", "properties": { "i": 2306 }, "geometry": { "type": "Polygon", "coordinates": [ [ [ -63.18651, -17.32511 ], [ -63.18584, -17.32606 ], [ -63.18638, -17.3264 ], [ -63.18704, -17.32545 ], [ -63.18651, -17.32511 ] ] ] } },
{ "type": "Feature", "properties": { "i": 2307 }, "geometry": { "type": "Polygon", "coordinates": [ [ [ -63.25822, -17.31373 ], [ -63.25499, -17.31159 ], [ -63.25398, -17.31305 ], [ -63.25721, -17.31522 ], [ -63.25733, -17.3152 ], [ -63.25825, -17.3139 ], [ -63.25826, -17.31383 ], [ -63.25822, -17.31373 ] ] ] } },
{ "type": "Feature", "properties": { "i": 2308 }, "geometry": { "type": "Polygon", "coordinates": [ [ [ -63.26876, -17.31191 ], [ -63.26884, -17.31134 ], [ -63.26782, -17.31074 ], [ -63.26778, -17.31075 ], [ -63.26752, -17.31115 ], [ -63.26752, -17.31118 ], [ -63.26873, -17.31192 ], [ -63.26876, -17.31191 ] ] ] } },
{ "type": "Feature", "properties": { "i": 2309 }, "geometry": { "type": "Polygon", "coordinates": [ [ [ -63.28099, -17.30821 ], [ -63.28077, -17.30934 ], [ -63.28142, -17.30959 ], [ -63.28145, -17.30955 ], [ -63.28165, -17.30851 ], [ -63.28164, -17.30846 ], [ -63.28099, -17.30821 ] ] ] } },
{ "type": "Feature", "properties": { "i": 2310 }, "geometry": { "type": "Polygon", "coordinates": [ [ [ -63.23602, -17.31609 ], [ -63.23599, -17.31609 ], [ -63.23567, -17.31654 ], [ -63.23695, -17.31742 ], [ -63.23728, -17.31696 ], [ -63.23728, -17.31692 ], [ -63.23602, -17.31609 ] ] ] } },
{ "type": "Feature", "properties": { "i": 2311 }, "geometry": { "type": "Polygon", "coordinates": [ [ [ -63.28005, -17.30914 ], [ -63.27877, -17.30861 ], [ -63.27874, -17.30862 ], [ -63.27866, -17.30925 ], [ -63.27992, -17.30974 ], [ -63.28005, -17.30914 ] ] ] } },
{ "type": "Feature", "properties": { "i": 2312 }, "geometry": { "type": "Polygon", "coordinates": [ [ [ -63.27342, -17.31072 ], [ -63.27367, -17.31033 ], [ -63.27367, -17.31028 ], [ -63.27278, -17.30973 ], [ -63.27272, -17.30974 ], [ -63.27245, -17.31016 ], [ -63.27245, -17.3102 ], [ -63.27336, -17.31074 ], [ -63.27342, -17.31072 ] ] ] } },
{ "type": "Feature", "properties": { "i": 2313 }, "geometry": { "type": "Polygon", "coordinates": [ [ [ -63.26885, -17.31121 ], [ -63.26888, -17.3112 ], [ -63.26897, -17.31067 ], [ -63.26896, -17.31063 ], [ -63.26818, -17.31018 ], [ -63.2679, -17.3106 ], [ -63.2679, -17.31063 ], [ -63.26885, -17.31121 ] ] ] } },
{ "type": "Feature", "properties": { "i": 2314 }, "geometry": { "type": "Polygon", "coordinates": [ [ [ -63.24193, -17.31536 ], [ -63.24296, -17.31606 ], [ -63.24299, -17.31606 ], [ -63.24325, -17.31566 ], [ -63.24324, -17.31562 ], [ -63.2421, -17.31514 ], [ -63.24208, -17.31514 ], [ -63.24193, -17.31536 ] ] ] } },
{ "type": "Feature", "properties": { "i": 2315 }, "geometry": { "type": "Polygon", "coordinates": [ [ [ -63.23478, -17.3176 ], [ -63.23513, -17.31711 ], [ -63.23373, -17.31619 ], [ -63.23337, -17.31671 ], [ -63.23478, -17.3176 ] ] ] } },
{ "type": "Feature", "properties": { "i": 2316 }, "geometry": { "type": "Polygon", "coordinates": [ [ [ -63.24947, -17.31355 ], [ -63.2482, -17.31515 ], [ -63.24823, -17.31523 ], [ -63.24916, -17.3156 ], [ -63.24923, -17.31557 ], [ -63.25045, -17.31383 ], [ -63.25045, -17.31373 ], [ -63.24974, -17.31327 ], [ -63.24964, -17.31329 ], [ -63.24947, -17.31355 ] ] ] } },
{ "type": "Feature", "properties": { "i": 2317 }, "geometry": { "type": "Polygon", "coordinates": [ [ [ -63.27654, -17.30992 ], [ -63.27659, -17.3099 ], [ -63.27685, -17.30946 ], [ -63.2759, -17.30907 ], [ -63.27563, -17.3095 ], [ -63.27564, -17.30955 ], [ -63.27654, -17.30992 ] ] ] } },
{ "type": "Feature", "properties": { "i": 2318 }, "geometry": { "type": "Polygon", "coordinates": [ [ [ -63.26703, -17.3117 ], [ -63.26736, -17.31122 ], [ -63.26606, -17.31046 ], [ -63.26603, -17.31047 ], [ -63.26594, -17.311 ], [ -63.26696, -17.31168 ], [ -63.26703, -17.3117 ] ] ] } },
{ "type": "Feature", "properties": { "i": 2319 }, "geometry": { "type": "Polygon", "coordinates": [ [ [ -63.2646, -17.31194 ], [ -63.26404, -17.31113 ], [ -63.26363, -17.31219 ], [ -63.2638, -17.31244 ], [ -63.26387, -17.31245 ], [ -63.26456, -17.31201 ], [ -63.2646, -17.31194 ] ] ] } },
{ "type": "Feature", "properties": { "i": 2320 }, "geometry": { "type": "Polygon", "coordinates": [ [ [ -63.2754, -17.30958 ], [ -63.27453, -17.30924 ], [ -63.27426, -17.30965 ], [ -63.27427, -17.30971 ], [ -63.27511, -17.31006 ], [ -63.27516, -17.31005 ], [ -63.27542, -17.30963 ], [ -63.2754, -17.30958 ] ] ] } },
{ "type": "Feature", "properties": { "i": 2321 }, "geometry": { "type": "Polygon", "coordinates": [ [ [ -63.28091, -17.30817 ], [ -63.28032, -17.30794 ], [ -63.28011, -17.30907 ], [ -63.2807, -17.30929 ], [ -63.28091, -17.30817 ] ] ] } },
{ "type": "Feature", "properties": { "i": 2322 }, "geometry": { "type": "Polygon", "coordinates": [ [ [ -63.2707, -17.31064 ], [ -63.27096, -17.31021 ], [ -63.27052, -17.30995 ], [ -63.27048, -17.30996 ], [ -63.27022, -17.31035 ], [ -63.27022, -17.31038 ], [ -63.27066, -17.31066 ], [ -63.2707, -17.31064 ] ] ] } },
{ "type": "Feature", "properties": { "i": 2323 }, "geometry": { "type": "Polygon", "coordinates": [ [ [ -63.27116, -17.30952 ], [ -63.27085, -17.31 ], [ -63.27192, -17.31065 ], [ -63.272, -17.31064 ], [ -63.27226, -17.31021 ], [ -63.27116, -17.30952 ] ] ] } },
{ "type": "Feature", "properties": { "i": 2324 }, "geometry": { "type": "Polygon", "coordinates": [ [ [ -63.26495, -17.3107 ], [ -63.2642, -17.31115 ], [ -63.2647, -17.31189 ], [ -63.26476, -17.31189 ], [ -63.26543, -17.31145 ], [ -63.26545, -17.31141 ], [ -63.26498, -17.3107 ], [ -63.26495, -17.3107 ] ] ] } },
{ "type": "Feature", "properties": { "i": 2325 }, "geometry": { "type": "Polygon", "coordinates": [ [ [ -63.23606, -17.31601 ], [ -63.23734, -17.31685 ], [ -63.23769, -17.31637 ], [ -63.23769, -17.31632 ], [ -63.23645, -17.31549 ], [ -63.23641, -17.3155 ], [ -63.23606, -17.31601 ] ] ] } },
{ "type": "Feature", "properties": { "i": 2326 }, "geometry": { "type": "Polygon", "coordinates": [ [ [ -63.1986, -17.32343 ], [ -63.19873, -17.32323 ], [ -63.19766, -17.32262 ], [ -63.19752, -17.32282 ], [ -63.19855, -17.32345 ], [ -63.1986, -17.32343 ] ] ] } },
{ "type": "Feature", "properties": { "i": 2327 }, "geometry": { "type": "Polygon", "coordinates": [ [ [ -63.25249, -17.31471 ], [ -63.25256, -17.31469 ], [ -63.25368, -17.31312 ], [ -63.25368, -17.31309 ], [ -63.25363, -17.31301 ], [ -63.25249, -17.31228 ], [ -63.25243, -17.31229 ], [ -63.25128, -17.31393 ], [ -63.25249, -17.31471 ] ] ] } },
{ "type": "Feature", "properties": { "i": 2328 }, "geometry": { "type": "Polygon", "coordinates": [ [ [ -63.26739, -17.31111 ], [ -63.26742, -17.31111 ], [ -63.2677, -17.31069 ], [ -63.2677, -17.31065 ], [ -63.26726, -17.3104 ], [ -63.26723, -17.3104 ], [ -63.26694, -17.31081 ], [ -63.26695, -17.31085 ], [ -63.26739, -17.31111 ] ] ] } },
{ "type": "Feature", "properties": { "i": 2329 }, "geometry": { "type": "Polygon", "coordinates": [ [ [ -63.26397, -17.31114 ], [ -63.26394, -17.3111 ], [ -63.26324, -17.31162 ], [ -63.26354, -17.31208 ], [ -63.26363, -17.31204 ], [ -63.26397, -17.31114 ] ] ] } },
{ "type": "Feature", "properties": { "i": 2330 }, "geometry": { "type": "Polygon", "coordinates": [ [ [ -63.27404, -17.30977 ], [ -63.27404, -17.30972 ], [ -63.27314, -17.30918 ], [ -63.27308, -17.30919 ], [ -63.27282, -17.30959 ], [ -63.27284, -17.30963 ], [ -63.27376, -17.31019 ], [ -63.27404, -17.30977 ] ] ] } },
{ "type": "Feature", "properties": { "i": 2331 }, "geometry": { "type": "Polygon", "coordinates": [ [ [ -63.24214, -17.31507 ], [ -63.24332, -17.31555 ], [ -63.24372, -17.31497 ], [ -63.24254, -17.31449 ], [ -63.24214, -17.31507 ] ] ] } },
{ "type": "Feature", "properties": { "i": 2332 }, "geometry": { "type": "Polygon", "coordinates": [ [ [ -63.26976, -17.31099 ], [ -63.2698, -17.31099 ], [ -63.26991, -17.31084 ], [ -63.27007, -17.31057 ], [ -63.27006, -17.31053 ], [ -63.26926, -17.31004 ], [ -63.26921, -17.31005 ], [ -63.26912, -17.3106 ], [ -63.26976, -17.31099 ] ] ] } },
{ "type": "Feature", "properties": { "i": 2333 }, "geometry": { "type": "Polygon", "coordinates": [ [ [ -63.19329, -17.32402 ], [ -63.19363, -17.32354 ], [ -63.19311, -17.3232 ], [ -63.1927, -17.32381 ], [ -63.19329, -17.32402 ] ] ] } },
{ "type": "Feature", "properties": { "i": 2334 }, "geometry": { "type": "Polygon", "coordinates": [ [ [ -63.28026, -17.30791 ], [ -63.27968, -17.30768 ], [ -63.27946, -17.3088 ], [ -63.28006, -17.30903 ], [ -63.28028, -17.30794 ], [ -63.28026, -17.30791 ] ] ] } },
{ "type": "Feature", "properties": { "i": 2335 }, "geometry": { "type": "Polygon", "coordinates": [ [ [ -63.27621, -17.30851 ], [ -63.27595, -17.30896 ], [ -63.2769, -17.30935 ], [ -63.27697, -17.30933 ], [ -63.27721, -17.30889 ], [ -63.27621, -17.30851 ] ] ] } },
{ "type": "Feature", "properties": { "i": 2336 }, "geometry": { "type": "Polygon", "coordinates": [ [ [ -63.23058, -17.31939 ], [ -63.23186, -17.31754 ], [ -63.23073, -17.31682 ], [ -63.23078, -17.31675 ], [ -63.23191, -17.31749 ], [ -63.23268, -17.3164 ], [ -63.22971, -17.31447 ], [ -63.22762, -17.31748 ], [ -63.22834, -17.31795 ], [ -63.22919, -17.31675 ], [ -63.22923, -17.31678 ], [ -63.2292, -17.31684 ], [ -63.22842, -17.31802 ], [ -63.23058, -17.31939 ] ] ] } },
{ "type": "Feature", "properties": { "i": 2337 }, "geometry": { "type": "Polygon", "coordinates": [ [ [ -63.26556, -17.31127 ], [ -63.26568, -17.31067 ], [ -63.26549, -17.31035 ], [ -63.26507, -17.31062 ], [ -63.26553, -17.31129 ], [ -63.26556, -17.31127 ] ] ] } },
{ "type": "Feature", "properties": { "i": 2338 }, "geometry": { "type": "Polygon", "coordinates": [ [ [ -63.27236, -17.31008 ], [ -63.27263, -17.30966 ], [ -63.27183, -17.30917 ], [ -63.2718, -17.30917 ], [ -63.27151, -17.30962 ], [ -63.27229, -17.31009 ], [ -63.27236, -17.31008 ] ] ] } },
{ "type": "Feature", "properties": { "i": 2339 }, "geometry": { "type": "Polygon", "coordinates": [ [ [ -63.27581, -17.30903 ], [ -63.27491, -17.30868 ], [ -63.27463, -17.30912 ], [ -63.27464, -17.30914 ], [ -63.27552, -17.30951 ], [ -63.27581, -17.30903 ] ] ] } },
{ "type": "Feature", "properties": { "i": 2340 }, "geometry": { "type": "Polygon", "coordinates": [ [ [ -63.24242, -17.31446 ], [ -63.23993, -17.31345 ], [ -63.23831, -17.31284 ], [ -63.23734, -17.31421 ], [ -63.23734, -17.31425 ], [ -63.23922, -17.31552 ], [ -63.23914, -17.31562 ], [ -63.23865, -17.3153 ], [ -63.23795, -17.31629 ], [ -63.24014, -17.31769 ], [ -63.24019, -17.31769 ], [ -63.24083, -17.31676 ], [ -63.24083, -17.31672 ], [ -63.2402, -17.31631 ], [ -63.24026, -17.31622 ], [ -63.24142, -17.317 ], [ -63.24147, -17.317 ], [ -63.24197, -17.31632 ], [ -63.24196, -17.31629 ], [ -63.24139, -17.31593 ], [ -63.24198, -17.31508 ], [ -63.24161, -17.31494 ], [ -63.24164, -17.31487 ], [ -63.24203, -17.31502 ], [ -63.24242, -17.31446 ] ] ] } },
{ "type": "Feature", "properties": { "i": 2341 }, "geometry": { "type": "Polygon", "coordinates": [ [ [ -63.27862, -17.30857 ], [ -63.27733, -17.30806 ], [ -63.27723, -17.30863 ], [ -63.27855, -17.30917 ], [ -63.27862, -17.30857 ] ] ] } },
{ "type": "Feature", "properties": { "i": 2342 }, "geometry": { "type": "Polygon", "coordinates": [ [ [ -63.24786, -17.31213 ], [ -63.24636, -17.31432 ], [ -63.24636, -17.31437 ], [ -63.24798, -17.31511 ], [ -63.24852, -17.31447 ], [ -63.24951, -17.3132 ], [ -63.24952, -17.31314 ], [ -63.24796, -17.31214 ], [ -63.24786, -17.31213 ] ] ] } },
{ "type": "Feature", "properties": { "i": 2343 }, "geometry": { "type": "Polygon", "coordinates": [ [ [ -63.26908, -17.30999 ], [ -63.26904, -17.30991 ], [ -63.26855, -17.30963 ], [ -63.26825, -17.31006 ], [ -63.26825, -17.31009 ], [ -63.2688, -17.31043 ], [ -63.26882, -17.31041 ], [ -63.26895, -17.31049 ], [ -63.269, -17.31049 ], [ -63.26908, -17.30999 ] ] ] } },
{ "type": "Feature", "properties": { "i": 2344 }, "geometry": { "type": "Polygon", "coordinates": [ [ [ -63.28571, -17.307 ], [ -63.28405, -17.30633 ], [ -63.28385, -17.307 ], [ -63.28558, -17.30768 ], [ -63.28571, -17.307 ] ] ] } },
{ "type": "Feature", "properties": { "i": 2345 }, "geometry": { "type": "Polygon", "coordinates": [ [ [ -63.18854, -17.3249 ], [ -63.18934, -17.32377 ], [ -63.1888, -17.32343 ], [ -63.18802, -17.32456 ], [ -63.18854, -17.3249 ] ] ] } },
{ "type": "Feature", "properties": { "i": 2346 }, "geometry": { "type": "Polygon", "coordinates": [ [ [ -63.27441, -17.30921 ], [ -63.2744, -17.30916 ], [ -63.2735, -17.30861 ], [ -63.27346, -17.30862 ], [ -63.27319, -17.30904 ], [ -63.2732, -17.30908 ], [ -63.27412, -17.30964 ], [ -63.27441, -17.30921 ] ] ] } },
{ "type": "Feature", "properties": { "i": 2347 }, "geometry": { "type": "Polygon", "coordinates": [ [ [ -63.2794, -17.30878 ], [ -63.27962, -17.30766 ], [ -63.27895, -17.3074 ], [ -63.27891, -17.30744 ], [ -63.27874, -17.30853 ], [ -63.2794, -17.30878 ] ] ] } },
{ "type": "Feature", "properties": { "i": 2348 }, "geometry": { "type": "Polygon", "coordinates": [ [ [ -63.28375, -17.30703 ], [ -63.28201, -17.30634 ], [ -63.28197, -17.30639 ], [ -63.28174, -17.30699 ], [ -63.28174, -17.30703 ], [ -63.28351, -17.30776 ], [ -63.28375, -17.30703 ] ] ] } },
{ "type": "Feature", "properties": { "i": 2349 }, "geometry": { "type": "Polygon", "coordinates": [ [ [ -63.26777, -17.31055 ], [ -63.2678, -17.31054 ], [ -63.26807, -17.31013 ], [ -63.26806, -17.31009 ], [ -63.26726, -17.30962 ], [ -63.26701, -17.31004 ], [ -63.26702, -17.3101 ], [ -63.26777, -17.31055 ] ] ] } },
{ "type": "Feature", "properties": { "i": 2350 }, "geometry": { "type": "Polygon", "coordinates": [ [ [ -63.26616, -17.30979 ], [ -63.26605, -17.3103 ], [ -63.26606, -17.31033 ], [ -63.26679, -17.31077 ], [ -63.26685, -17.31076 ], [ -63.26711, -17.31035 ], [ -63.26711, -17.3103 ], [ -63.26622, -17.30977 ], [ -63.26616, -17.30979 ] ] ] } },
{ "type": "Feature", "properties": { "i": 2351 }, "geometry": { "type": "Polygon", "coordinates": [ [ [ -63.23652, -17.31537 ], [ -63.23721, -17.31583 ], [ -63.23756, -17.31536 ], [ -63.23685, -17.31488 ], [ -63.23652, -17.31534 ], [ -63.23652, -17.31537 ] ] ] } },
{ "type": "Feature", "properties": { "i": 2352 }, "geometry": { "type": "Polygon", "coordinates": [ [ [ -63.23223, -17.31597 ], [ -63.23332, -17.31667 ], [ -63.23368, -17.31615 ], [ -63.23259, -17.31545 ], [ -63.23223, -17.31597 ] ] ] } },
{ "type": "Feature", "properties": { "i": 2353 }, "geometry": { "type": "Polygon", "coordinates": [ [ [ -63.28125, -17.30821 ], [ -63.28133, -17.30817 ], [ -63.28146, -17.30746 ], [ -63.28057, -17.30709 ], [ -63.2805, -17.30711 ], [ -63.28035, -17.30781 ], [ -63.28036, -17.30785 ], [ -63.28125, -17.30821 ] ] ] } },
{ "type": "Feature", "properties": { "i": 2354 }, "geometry": { "type": "Polygon", "coordinates": [ [ [ -63.19665, -17.32171 ], [ -63.19768, -17.32247 ], [ -63.19745, -17.32279 ], [ -63.19636, -17.32211 ], [ -63.19665, -17.32171 ] ] ] } },
{ "type": "Feature", "properties": { "i": 2355 }, "geometry": { "type": "Polygon", "coordinates": [ [ [ -63.26488, -17.31059 ], [ -63.26448, -17.30998 ], [ -63.26444, -17.30997 ], [ -63.26411, -17.31019 ], [ -63.26421, -17.31034 ], [ -63.26424, -17.31051 ], [ -63.26421, -17.31064 ], [ -63.26407, -17.31087 ], [ -63.26406, -17.31097 ], [ -63.26413, -17.31106 ], [ -63.26488, -17.31059 ] ] ] } },
{ "type": "Feature", "properties": { "i": 2356 }, "geometry": { "type": "Polygon", "coordinates": [ [ [ -63.27613, -17.30846 ], [ -63.27552, -17.30821 ], [ -63.2753, -17.30816 ], [ -63.27524, -17.30817 ], [ -63.27497, -17.30856 ], [ -63.27499, -17.30859 ], [ -63.27586, -17.30894 ], [ -63.27613, -17.30846 ] ] ] } },
{ "type": "Feature", "properties": { "i": 2357 }, "geometry": { "type": "Polygon", "coordinates": [ [ [ -63.27036, -17.30984 ], [ -63.26937, -17.30926 ], [ -63.26934, -17.30927 ], [ -63.26924, -17.30982 ], [ -63.27006, -17.31031 ], [ -63.27012, -17.3103 ], [ -63.27037, -17.30989 ], [ -63.27036, -17.30984 ] ] ] } },
{ "type": "Feature", "properties": { "i": 2358 }, "geometry": { "type": "Polygon", "coordinates": [ [ [ -63.26402, -17.31076 ], [ -63.26407, -17.31058 ], [ -63.26407, -17.31041 ], [ -63.26404, -17.31022 ], [ -63.26369, -17.31045 ], [ -63.26397, -17.31084 ], [ -63.26402, -17.31076 ] ] ] } },
{ "type": "Feature", "properties": { "i": 2359 }, "geometry": { "type": "Polygon", "coordinates": [ [ [ -63.27299, -17.30909 ], [ -63.27191, -17.30843 ], [ -63.27186, -17.30844 ], [ -63.27158, -17.30885 ], [ -63.27159, -17.3089 ], [ -63.27267, -17.30957 ], [ -63.27271, -17.30956 ], [ -63.27299, -17.30912 ], [ -63.27299, -17.30909 ] ] ] } },
{ "type": "Feature", "properties": { "i": 2360 }, "geometry": { "type": "Polygon", "coordinates": [ [ [ -63.19589, -17.32269 ], [ -63.19479, -17.32198 ], [ -63.19444, -17.3225 ], [ -63.19553, -17.3232 ], [ -63.19589, -17.32269 ] ] ] } },
{ "type": "Feature", "properties": { "i": 2361 }, "geometry": { "type": "Polygon", "coordinates": [ [ [ -63.19317, -17.32316 ], [ -63.19367, -17.32348 ], [ -63.19432, -17.32257 ], [ -63.19379, -17.32224 ], [ -63.19316, -17.32313 ], [ -63.19317, -17.32316 ] ] ] } },
{ "type": "Feature", "properties": { "i": 2362 }, "geometry": { "type": "Polygon", "coordinates": [ [ [ -63.23852, -17.31523 ], [ -63.23851, -17.31519 ], [ -63.23723, -17.31434 ], [ -63.23689, -17.3148 ], [ -63.23821, -17.31567 ], [ -63.23852, -17.31523 ] ] ] } },
{ "type": "Feature", "properties": { "i": 2363 }, "geometry": { "type": "Polygon", "coordinates": [ [ [ -63.27076, -17.30997 ], [ -63.27108, -17.30945 ], [ -63.26966, -17.30861 ], [ -63.26962, -17.30861 ], [ -63.26937, -17.30906 ], [ -63.26938, -17.30911 ], [ -63.27076, -17.30997 ] ] ] } },
{ "type": "Feature", "properties": { "i": 2364 }, "geometry": { "type": "Polygon", "coordinates": [ [ [ -63.27466, -17.3088 ], [ -63.27477, -17.30864 ], [ -63.27477, -17.30861 ], [ -63.27384, -17.30804 ], [ -63.27355, -17.30846 ], [ -63.27356, -17.30851 ], [ -63.2745, -17.30911 ], [ -63.27469, -17.30882 ], [ -63.27466, -17.3088 ] ] ] } },
{ "type": "Feature", "properties": { "i": 2365 }, "geometry": { "type": "Polygon", "coordinates": [ [ [ -63.25114, -17.31141 ], [ -63.2499, -17.313 ], [ -63.24993, -17.31308 ], [ -63.25112, -17.31383 ], [ -63.25227, -17.31219 ], [ -63.25227, -17.31215 ], [ -63.25114, -17.31141 ] ] ] } },
{ "type": "Feature", "properties": { "i": 2366 }, "geometry": { "type": "Polygon", "coordinates": [ [ [ -63.27872, -17.30733 ], [ -63.27825, -17.30714 ], [ -63.27822, -17.30716 ], [ -63.27807, -17.30819 ], [ -63.27809, -17.30822 ], [ -63.27859, -17.30839 ], [ -63.27863, -17.30837 ], [ -63.27875, -17.30738 ], [ -63.27872, -17.30733 ] ] ] } },
{ "type": "Feature", "properties": { "i": 2367 }, "geometry": { "type": "Polygon", "coordinates": [ [ [ -63.26842, -17.30957 ], [ -63.26842, -17.30952 ], [ -63.26768, -17.30909 ], [ -63.26763, -17.3091 ], [ -63.26736, -17.30951 ], [ -63.26736, -17.30953 ], [ -63.26812, -17.30999 ], [ -63.26816, -17.30999 ], [ -63.26842, -17.30957 ] ] ] } },
{ "type": "Feature", "properties": { "i": 2368 }, "geometry": { "type": "Polygon", "coordinates": [ [ [ -63.26544, -17.31028 ], [ -63.26511, -17.30956 ], [ -63.26461, -17.30987 ], [ -63.2646, -17.30991 ], [ -63.265, -17.31052 ], [ -63.26544, -17.31028 ] ] ] } },
{ "type": "Feature", "properties": { "i": 2369 }, "geometry": { "type": "Polygon", "coordinates": [ [ [ -63.18806, -17.32296 ], [ -63.18801, -17.32296 ], [ -63.18724, -17.32407 ], [ -63.18777, -17.32441 ], [ -63.18856, -17.32328 ], [ -63.18856, -17.32326 ], [ -63.18806, -17.32296 ] ] ] } },
{ "type": "Feature", "properties": { "i": 2370 }, "geometry": { "type": "Polygon", "coordinates": [ [ [ -63.27728, -17.30749 ], [ -63.27725, -17.30746 ], [ -63.27678, -17.30728 ], [ -63.27674, -17.3073 ], [ -63.27659, -17.30837 ], [ -63.27709, -17.30854 ], [ -63.27713, -17.30852 ], [ -63.27728, -17.30749 ] ] ] } },
{ "type": "Feature", "properties": { "i": 2371 }, "geometry": { "type": "Polygon", "coordinates": [ [ [ -63.25987, -17.31048 ], [ -63.25984, -17.31037 ], [ -63.25886, -17.30894 ], [ -63.2588, -17.30892 ], [ -63.25877, -17.30894 ], [ -63.25658, -17.31229 ], [ -63.25851, -17.31359 ], [ -63.25894, -17.31287 ], [ -63.2592, -17.31231 ], [ -63.25962, -17.31126 ], [ -63.25987, -17.31048 ] ] ] } },
{ "type": "Feature", "properties": { "i": 2372 }, "geometry": { "type": "Polygon", "coordinates": [ [ [ -63.26923, -17.30918 ], [ -63.2692, -17.30914 ], [ -63.26893, -17.30898 ], [ -63.26888, -17.30899 ], [ -63.26862, -17.30938 ], [ -63.26862, -17.30943 ], [ -63.26908, -17.30974 ], [ -63.26912, -17.30974 ], [ -63.26923, -17.30918 ] ] ] } },
{ "type": "Feature", "properties": { "i": 2373 }, "geometry": { "type": "Polygon", "coordinates": [ [ [ -63.23263, -17.31541 ], [ -63.23371, -17.3161 ], [ -63.23405, -17.31561 ], [ -63.23297, -17.31491 ], [ -63.23263, -17.31541 ] ] ] } },
{ "type": "Feature", "properties": { "i": 2374 }, "geometry": { "type": "Polygon", "coordinates": [ [ [ -63.18607, -17.32339 ], [ -63.1856, -17.32404 ], [ -63.18547, -17.32441 ], [ -63.18591, -17.32468 ], [ -63.18658, -17.32373 ], [ -63.18607, -17.32339 ] ] ] } },
{ "type": "Feature", "properties": { "i": 2375 }, "geometry": { "type": "Polygon", "coordinates": [ [ [ -63.26302, -17.30965 ], [ -63.26223, -17.31015 ], [ -63.26272, -17.31085 ], [ -63.26278, -17.31086 ], [ -63.26351, -17.3104 ], [ -63.26302, -17.30965 ] ] ] } },
{ "type": "Feature", "properties": { "i": 2376 }, "geometry": { "type": "Polygon", "coordinates": [ [ [ -63.27303, -17.30899 ], [ -63.27306, -17.30898 ], [ -63.27336, -17.30853 ], [ -63.27224, -17.30786 ], [ -63.27197, -17.3083 ], [ -63.27198, -17.30834 ], [ -63.27303, -17.30899 ] ] ] } },
{ "type": "Feature", "properties": { "i": 2377 }, "geometry": { "type": "Polygon", "coordinates": [ [ [ -63.19592, -17.32265 ], [ -63.19629, -17.32211 ], [ -63.19519, -17.32141 ], [ -63.19483, -17.32194 ], [ -63.19592, -17.32265 ] ] ] } },
{ "type": "Feature", "properties": { "i": 2378 }, "geometry": { "type": "Polygon", "coordinates": [ [ [ -63.2669, -17.30999 ], [ -63.26717, -17.30958 ], [ -63.26717, -17.30955 ], [ -63.26634, -17.30904 ], [ -63.26631, -17.30905 ], [ -63.26621, -17.30955 ], [ -63.26624, -17.30961 ], [ -63.26686, -17.31 ], [ -63.2669, -17.30999 ] ] ] } },
{ "type": "Feature", "properties": { "i": 2379 }, "geometry": { "type": "Polygon", "coordinates": [ [ [ -63.27812, -17.3071 ], [ -63.2775, -17.30684 ], [ -63.27747, -17.30686 ], [ -63.27733, -17.30794 ], [ -63.278, -17.30817 ], [ -63.27812, -17.3071 ] ] ] } },
{ "type": "Feature", "properties": { "i": 2380 }, "geometry": { "type": "Polygon", "coordinates": [ [ [ -63.29355, -17.3053 ], [ -63.29222, -17.30463 ], [ -63.29178, -17.30536 ], [ -63.29355, -17.3053 ] ] ] } },
{ "type": "Feature", "properties": { "i": 2381 }, "geometry": { "type": "Polygon", "coordinates": [ [ [ -63.28043, -17.30707 ], [ -63.2804, -17.30702 ], [ -63.2791, -17.30651 ], [ -63.27906, -17.30653 ], [ -63.27897, -17.30729 ], [ -63.27972, -17.3076 ], [ -63.28026, -17.30779 ], [ -63.28043, -17.30707 ] ] ] } },
{ "type": "Feature", "properties": { "i": 2382 }, "geometry": { "type": "Polygon", "coordinates": [ [ [ -63.28584, -17.30624 ], [ -63.28428, -17.30562 ], [ -63.28407, -17.30627 ], [ -63.28568, -17.30691 ], [ -63.28584, -17.30624 ] ] ] } },
{ "type": "Feature", "properties": { "i": 2383 }, "geometry": { "type": "Polygon", "coordinates": [ [ [ -63.29413, -17.30487 ], [ -63.29255, -17.30404 ], [ -63.29224, -17.30457 ], [ -63.2936, -17.30528 ], [ -63.29369, -17.3053 ], [ -63.29388, -17.30529 ], [ -63.29413, -17.30487 ] ] ] } },
{ "type": "Feature", "properties": { "i": 2384 }, "geometry": { "type": "Polygon", "coordinates": [ [ [ -63.27082, -17.30921 ], [ -63.27112, -17.30877 ], [ -63.27111, -17.30874 ], [ -63.27007, -17.3081 ], [ -63.27004, -17.3081 ], [ -63.26975, -17.30853 ], [ -63.26976, -17.30858 ], [ -63.27082, -17.30921 ] ] ] } },
{ "type": "Feature", "properties": { "i": 2385 }, "geometry": { "type": "Polygon", "coordinates": [ [ [ -63.26403, -17.30925 ], [ -63.26394, -17.30912 ], [ -63.2639, -17.30911 ], [ -63.26314, -17.30958 ], [ -63.26363, -17.31029 ], [ -63.26399, -17.31008 ], [ -63.26403, -17.30925 ] ] ] } },
{ "type": "Feature", "properties": { "i": 2386 }, "geometry": { "type": "Polygon", "coordinates": [ [ [ -63.26581, -17.31009 ], [ -63.26538, -17.30999 ], [ -63.26531, -17.30974 ], [ -63.2655, -17.30887 ], [ -63.26553, -17.30885 ], [ -63.26603, -17.30896 ], [ -63.26605, -17.30899 ], [ -63.26581, -17.31009 ] ] ] } },
{ "type": "Feature", "properties": { "i": 2387 }, "geometry": { "type": "Polygon", "coordinates": [ [ [ -63.23502, -17.31442 ], [ -63.23637, -17.3153 ], [ -63.23643, -17.31528 ], [ -63.23673, -17.31482 ], [ -63.23672, -17.31479 ], [ -63.23535, -17.31391 ], [ -63.23502, -17.31438 ], [ -63.23502, -17.31442 ] ] ] } },
{ "type": "Feature", "properties": { "i": 2388 }, "geometry": { "type": "Polygon", "coordinates": [ [ [ -63.2644, -17.30982 ], [ -63.26413, -17.30942 ], [ -63.26411, -17.31001 ], [ -63.26439, -17.30985 ], [ -63.2644, -17.30982 ] ] ] } },
{ "type": "Feature", "properties": { "i": 2389 }, "geometry": { "type": "Polygon", "coordinates": [ [ [ -63.23443, -17.31506 ], [ -63.23335, -17.31436 ], [ -63.23301, -17.31486 ], [ -63.23409, -17.31556 ], [ -63.23443, -17.31506 ] ] ] } },
{ "type": "Feature", "properties": { "i": 2390 }, "geometry": { "type": "Polygon", "coordinates": [ [ [ -63.26878, -17.30889 ], [ -63.26798, -17.30841 ], [ -63.26769, -17.30885 ], [ -63.26769, -17.30888 ], [ -63.26848, -17.30935 ], [ -63.26878, -17.30889 ] ] ] } },
{ "type": "Feature", "properties": { "i": 2391 }, "geometry": { "type": "Polygon", "coordinates": [ [ [ -63.27372, -17.30799 ], [ -63.27332, -17.30776 ], [ -63.27244, -17.30757 ], [ -63.27239, -17.30759 ], [ -63.27228, -17.30776 ], [ -63.2734, -17.30844 ], [ -63.27343, -17.30843 ], [ -63.27372, -17.30799 ] ] ] } },
{ "type": "Feature", "properties": { "i": 2392 }, "geometry": { "type": "Polygon", "coordinates": [ [ [ -63.28396, -17.30631 ], [ -63.2823, -17.30564 ], [ -63.28204, -17.30628 ], [ -63.28375, -17.30697 ], [ -63.28396, -17.30631 ] ] ] } },
{ "type": "Feature", "properties": { "i": 2393 }, "geometry": { "type": "Polygon", "coordinates": [ [ [ -63.28797, -17.30548 ], [ -63.28642, -17.30484 ], [ -63.28626, -17.30556 ], [ -63.2877, -17.30613 ], [ -63.28797, -17.30548 ] ] ] } },
{ "type": "Feature", "properties": { "i": 2394 }, "geometry": { "type": "Polygon", "coordinates": [ [ [ -63.19439, -17.32247 ], [ -63.19476, -17.32195 ], [ -63.19365, -17.32124 ], [ -63.1933, -17.32175 ], [ -63.19439, -17.32247 ] ] ] } },
{ "type": "Feature", "properties": { "i": 2395 }, "geometry": { "type": "Polygon", "coordinates": [ [ [ -63.29583, -17.30326 ], [ -63.29526, -17.30299 ], [ -63.29419, -17.30484 ], [ -63.29476, -17.30513 ], [ -63.29583, -17.30326 ] ] ] } },
{ "type": "Feature", "properties": { "i": 2396 }, "geometry": { "type": "Polygon", "coordinates": [ [ [ -63.26728, -17.30943 ], [ -63.26753, -17.30902 ], [ -63.26751, -17.30898 ], [ -63.26654, -17.3084 ], [ -63.26649, -17.30841 ], [ -63.26645, -17.30845 ], [ -63.26636, -17.30887 ], [ -63.26637, -17.30893 ], [ -63.26719, -17.30943 ], [ -63.26728, -17.30943 ] ] ] } },
{ "type": "Feature", "properties": { "i": 2397 }, "geometry": { "type": "Polygon", "coordinates": [ [ [ -63.27176, -17.3084 ], [ -63.27175, -17.30834 ], [ -63.27044, -17.30755 ], [ -63.2704, -17.30756 ], [ -63.27013, -17.30795 ], [ -63.27014, -17.30802 ], [ -63.2715, -17.30883 ], [ -63.27176, -17.3084 ] ] ] } },
{ "type": "Feature", "properties": { "i": 2398 }, "geometry": { "type": "Polygon", "coordinates": [ [ [ -63.25475, -17.31158 ], [ -63.25473, -17.31145 ], [ -63.25178, -17.30955 ], [ -63.2514, -17.31065 ], [ -63.25118, -17.31116 ], [ -63.25349, -17.31266 ], [ -63.25344, -17.31275 ], [ -63.25353, -17.3128 ], [ -63.25383, -17.31288 ], [ -63.25475, -17.31158 ] ] ] } },
{ "type": "Feature", "properties": { "i": 2399 }, "geometry": { "type": "Polygon", "coordinates": [ [ [ -63.26957, -17.30837 ], [ -63.26883, -17.30791 ], [ -63.26875, -17.30791 ], [ -63.26862, -17.30847 ], [ -63.26864, -17.30854 ], [ -63.26922, -17.30886 ], [ -63.26927, -17.30884 ], [ -63.26957, -17.30837 ] ] ] } },
{ "type": "Feature", "properties": { "i": 2400 }, "geometry": { "type": "Polygon", "coordinates": [ [ [ -63.26525, -17.30937 ], [ -63.26528, -17.30935 ], [ -63.26538, -17.30882 ], [ -63.26486, -17.30871 ], [ -63.26515, -17.30935 ], [ -63.26525, -17.30937 ] ] ] } },
{ "type": "Feature", "properties": { "i": 2401 }, "geometry": { "type": "Polygon", "coordinates": [ [ [ -63.29033, -17.30529 ], [ -63.29053, -17.30481 ], [ -63.28891, -17.3042 ], [ -63.2887, -17.30473 ], [ -63.29006, -17.30529 ], [ -63.29033, -17.30529 ] ] ] } },
{ "type": "Feature", "properties": { "i": 2402 }, "geometry": { "type": "Polygon", "coordinates": [ [ [ -63.286, -17.30548 ], [ -63.28448, -17.30487 ], [ -63.28444, -17.30492 ], [ -63.28428, -17.30547 ], [ -63.28428, -17.30553 ], [ -63.28589, -17.30617 ], [ -63.286, -17.30548 ] ] ] } },
{ "type": "Feature", "properties": { "i": 2403 }, "geometry": { "type": "Polygon", "coordinates": [ [ [ -63.23339, -17.31432 ], [ -63.23448, -17.315 ], [ -63.23483, -17.31448 ], [ -63.23432, -17.31412 ], [ -63.23376, -17.31378 ], [ -63.23339, -17.31432 ] ] ] } },
{ "type": "Feature", "properties": { "i": 2404 }, "geometry": { "type": "Polygon", "coordinates": [ [ [ -63.26488, -17.30951 ], [ -63.26444, -17.30877 ], [ -63.26438, -17.30881 ], [ -63.26421, -17.30932 ], [ -63.26451, -17.30977 ], [ -63.26454, -17.30977 ], [ -63.26488, -17.30956 ], [ -63.26488, -17.30951 ] ] ] } },
{ "type": "Feature", "properties": { "i": 2405 }, "geometry": { "type": "Polygon", "coordinates": [ [ [ -63.26293, -17.30956 ], [ -63.26245, -17.30883 ], [ -63.26238, -17.30882 ], [ -63.26166, -17.30929 ], [ -63.26166, -17.30933 ], [ -63.26211, -17.31002 ], [ -63.26214, -17.31003 ], [ -63.26293, -17.30956 ] ] ] } },
{ "type": "Feature", "properties": { "i": 2406 }, "geometry": { "type": "Polygon", "coordinates": [ [ [ -63.25093, -17.31139 ], [ -63.25093, -17.31132 ], [ -63.2492, -17.31022 ], [ -63.24866, -17.31097 ], [ -63.24808, -17.31184 ], [ -63.24809, -17.31189 ], [ -63.24971, -17.31295 ], [ -63.25093, -17.31139 ] ] ] } },
{ "type": "Feature", "properties": { "i": 2407 }, "geometry": { "type": "Polygon", "coordinates": [ [ [ -63.27658, -17.30646 ], [ -63.27625, -17.30631 ], [ -63.27625, -17.30643 ], [ -63.27615, -17.30685 ], [ -63.27616, -17.30691 ], [ -63.27728, -17.30735 ], [ -63.27735, -17.30679 ], [ -63.27657, -17.30649 ], [ -63.27658, -17.30646 ] ] ] } },
{ "type": "Feature", "properties": { "i": 2408 }, "geometry": { "type": "Polygon", "coordinates": [ [ [ -63.2789, -17.30645 ], [ -63.27761, -17.30595 ], [ -63.27752, -17.30671 ], [ -63.27755, -17.30674 ], [ -63.27878, -17.30722 ], [ -63.2789, -17.30645 ] ] ] } },
{ "type": "Feature", "properties": { "i": 2409 }, "geometry": { "type": "Polygon", "coordinates": [ [ [ -63.23539, -17.31385 ], [ -63.23645, -17.31454 ], [ -63.2368, -17.31404 ], [ -63.23575, -17.31335 ], [ -63.23539, -17.31385 ] ] ] } },
{ "type": "Feature", "properties": { "i": 2410 }, "geometry": { "type": "Polygon", "coordinates": [ [ [ -63.19478, -17.32191 ], [ -63.19515, -17.32137 ], [ -63.19404, -17.32069 ], [ -63.19368, -17.32119 ], [ -63.19478, -17.32191 ] ] ] } },
{ "type": "Feature", "properties": { "i": 2411 }, "geometry": { "type": "Polygon", "coordinates": [ [ [ -63.28416, -17.30559 ], [ -63.28263, -17.30497 ], [ -63.28237, -17.30556 ], [ -63.28397, -17.30619 ], [ -63.28416, -17.30559 ] ] ] } },
{ "type": "Feature", "properties": { "i": 2412 }, "geometry": { "type": "Polygon", "coordinates": [ [ [ -63.27186, -17.30824 ], [ -63.27213, -17.30783 ], [ -63.27212, -17.30779 ], [ -63.27142, -17.30737 ], [ -63.27077, -17.30721 ], [ -63.27067, -17.30721 ], [ -63.27057, -17.30725 ], [ -63.27042, -17.30742 ], [ -63.27181, -17.30825 ], [ -63.27186, -17.30824 ] ] ] } },
{ "type": "Feature", "properties": { "i": 2413 }, "geometry": { "type": "Polygon", "coordinates": [ [ [ -63.29243, -17.30391 ], [ -63.2912, -17.3034 ], [ -63.29093, -17.30406 ], [ -63.29208, -17.30454 ], [ -63.29243, -17.30391 ] ] ] } },
{ "type": "Feature", "properties": { "i": 2414 }, "geometry": { "type": "Polygon", "coordinates": [ [ [ -63.26653, -17.30759 ], [ -63.26644, -17.30811 ], [ -63.26759, -17.30882 ], [ -63.26786, -17.30839 ], [ -63.26786, -17.30835 ], [ -63.26745, -17.30808 ], [ -63.2666, -17.30757 ], [ -63.26655, -17.30757 ], [ -63.26653, -17.30759 ] ] ] } },
{ "type": "Feature", "properties": { "i": 2415 }, "geometry": { "type": "Polygon", "coordinates": [ [ [ -63.28223, -17.30561 ], [ -63.281, -17.30512 ], [ -63.28072, -17.30574 ], [ -63.28196, -17.30624 ], [ -63.28223, -17.30561 ] ] ] } },
{ "type": "Feature", "properties": { "i": 2416 }, "geometry": { "type": "Polygon", "coordinates": [ [ [ -63.26381, -17.30898 ], [ -63.26329, -17.30822 ], [ -63.26255, -17.30868 ], [ -63.26254, -17.30875 ], [ -63.26304, -17.30947 ], [ -63.26309, -17.30947 ], [ -63.2638, -17.30902 ], [ -63.26381, -17.30898 ] ] ] } },
{ "type": "Feature", "properties": { "i": 2417 }, "geometry": { "type": "Polygon", "coordinates": [ [ [ -63.29083, -17.30413 ], [ -63.28922, -17.30349 ], [ -63.28893, -17.30415 ], [ -63.29056, -17.30477 ], [ -63.29083, -17.30413 ] ] ] } },
{ "type": "Feature", "properties": { "i": 2418 }, "geometry": { "type": "Polygon", "coordinates": [ [ [ -63.26632, -17.3078 ], [ -63.2663, -17.30778 ], [ -63.26578, -17.30768 ], [ -63.26555, -17.30875 ], [ -63.26611, -17.30886 ], [ -63.26632, -17.3078 ] ] ] } },
{ "type": "Feature", "properties": { "i": 2419 }, "geometry": { "type": "Polygon", "coordinates": [ [ [ -63.26459, -17.3086 ], [ -63.26479, -17.30855 ], [ -63.26483, -17.3082 ], [ -63.26432, -17.30807 ], [ -63.26438, -17.30859 ], [ -63.26459, -17.3086 ] ] ] } },
{ "type": "Feature", "properties": { "i": 2420 }, "geometry": { "type": "Polygon", "coordinates": [ [ [ -63.19252, -17.32051 ], [ -63.19216, -17.32102 ], [ -63.19325, -17.32172 ], [ -63.19362, -17.3212 ], [ -63.19252, -17.32051 ] ] ] } },
{ "type": "Feature", "properties": { "i": 2421 }, "geometry": { "type": "Polygon", "coordinates": [ [ [ -63.28613, -17.30472 ], [ -63.28467, -17.30414 ], [ -63.2845, -17.30483 ], [ -63.28599, -17.30542 ], [ -63.28613, -17.30472 ] ] ] } },
{ "type": "Feature", "properties": { "i": 2422 }, "geometry": { "type": "Polygon", "coordinates": [ [ [ -63.26852, -17.30848 ], [ -63.26856, -17.30846 ], [ -63.26883, -17.30717 ], [ -63.26881, -17.30715 ], [ -63.26825, -17.30705 ], [ -63.26822, -17.30708 ], [ -63.26798, -17.30813 ], [ -63.26801, -17.30818 ], [ -63.26852, -17.30848 ] ] ] } },
{ "type": "Feature", "properties": { "i": 2423 }, "geometry": { "type": "Polygon", "coordinates": [ [ [ -63.2883, -17.30477 ], [ -63.28659, -17.3041 ], [ -63.28645, -17.30475 ], [ -63.28803, -17.3054 ], [ -63.2883, -17.30477 ] ] ] } },
{ "type": "Feature", "properties": { "i": 2424 }, "geometry": { "type": "Polygon", "coordinates": [ [ [ -63.27415, -17.30676 ], [ -63.27414, -17.30674 ], [ -63.27297, -17.30625 ], [ -63.27294, -17.30626 ], [ -63.27258, -17.30682 ], [ -63.27375, -17.30728 ], [ -63.2738, -17.30728 ], [ -63.27415, -17.30676 ] ] ] } },
{ "type": "Feature", "properties": { "i": 2425 }, "geometry": { "type": "Polygon", "coordinates": [ [ [ -63.25621, -17.3095 ], [ -63.25621, -17.30942 ], [ -63.25522, -17.30846 ], [ -63.25388, -17.31049 ], [ -63.25389, -17.31057 ], [ -63.25491, -17.31125 ], [ -63.255, -17.31121 ], [ -63.25621, -17.3095 ] ] ] } },
{ "type": "Feature", "properties": { "i": 2426 }, "geometry": { "type": "Polygon", "coordinates": [ [ [ -63.26993, -17.30782 ], [ -63.26992, -17.30779 ], [ -63.26892, -17.3072 ], [ -63.2689, -17.30721 ], [ -63.26876, -17.3078 ], [ -63.26959, -17.30831 ], [ -63.26963, -17.3083 ], [ -63.26993, -17.30782 ] ] ] } },
{ "type": "Feature", "properties": { "i": 2427 }, "geometry": { "type": "Polygon", "coordinates": [ [ [ -63.26564, -17.30764 ], [ -63.26507, -17.30755 ], [ -63.26487, -17.30862 ], [ -63.26541, -17.30872 ], [ -63.26564, -17.30764 ] ] ] } },
{ "type": "Feature", "properties": { "i": 2428 }, "geometry": { "type": "Polygon", "coordinates": [ [ [ -63.27627, -17.30624 ], [ -63.27735, -17.30667 ], [ -63.27737, -17.30665 ], [ -63.27746, -17.30594 ], [ -63.27741, -17.30587 ], [ -63.27613, -17.30534 ], [ -63.27609, -17.30534 ], [ -63.27607, -17.30539 ], [ -63.27627, -17.30624 ] ] ] } },
{ "type": "Feature", "properties": { "i": 2429 }, "geometry": { "type": "Polygon", "coordinates": [ [ [ -63.26432, -17.30855 ], [ -63.26392, -17.30782 ], [ -63.2634, -17.30815 ], [ -63.26393, -17.30895 ], [ -63.26429, -17.30871 ], [ -63.26433, -17.30861 ], [ -63.26432, -17.30855 ] ] ] } },
{ "type": "Feature", "properties": { "i": 2430 }, "geometry": { "type": "Polygon", "coordinates": [ [ [ -63.28419, -17.30552 ], [ -63.28441, -17.30482 ], [ -63.28293, -17.30425 ], [ -63.28288, -17.30431 ], [ -63.28263, -17.30489 ], [ -63.28419, -17.30552 ] ] ] } },
{ "type": "Feature", "properties": { "i": 2431 }, "geometry": { "type": "Polygon", "coordinates": [ [ [ -63.26794, -17.30801 ], [ -63.26816, -17.30705 ], [ -63.26814, -17.30702 ], [ -63.26758, -17.3069 ], [ -63.26753, -17.30715 ], [ -63.26751, -17.30714 ], [ -63.2674, -17.30773 ], [ -63.26741, -17.30776 ], [ -63.2679, -17.30801 ], [ -63.26794, -17.30801 ] ] ] } },
{ "type": "Feature", "properties": { "i": 2432 }, "geometry": { "type": "Polygon", "coordinates": [ [ [ -63.27597, -17.3062 ], [ -63.2749, -17.30578 ], [ -63.27459, -17.30629 ], [ -63.27583, -17.30678 ], [ -63.27588, -17.3067 ], [ -63.27595, -17.30646 ], [ -63.27597, -17.3062 ] ] ] } },
{ "type": "Feature", "properties": { "i": 2433 }, "geometry": { "type": "Polygon", "coordinates": [ [ [ -63.26234, -17.30869 ], [ -63.26185, -17.30794 ], [ -63.2614, -17.30825 ], [ -63.26128, -17.3085 ], [ -63.26122, -17.30868 ], [ -63.26156, -17.30918 ], [ -63.2616, -17.30918 ], [ -63.26167, -17.30914 ], [ -63.26232, -17.30872 ], [ -63.26234, -17.30869 ] ] ] } },
{ "type": "Feature", "properties": { "i": 2434 }, "geometry": { "type": "Polygon", "coordinates": [ [ [ -63.28885, -17.30416 ], [ -63.28693, -17.30342 ], [ -63.28668, -17.30392 ], [ -63.28668, -17.30394 ], [ -63.28863, -17.3047 ], [ -63.28885, -17.30416 ] ] ] } },
{ "type": "Feature", "properties": { "i": 2435 }, "geometry": { "type": "Polygon", "coordinates": [ [ [ -63.27, -17.30772 ], [ -63.27022, -17.3073 ], [ -63.26904, -17.30659 ], [ -63.26891, -17.30709 ], [ -63.26892, -17.30712 ], [ -63.26996, -17.30773 ], [ -63.27, -17.30772 ] ] ] } },
{ "type": "Feature", "properties": { "i": 2436 }, "geometry": { "type": "Polygon", "coordinates": [ [ [ -63.24121, -17.31268 ], [ -63.23821, -17.31141 ], [ -63.23814, -17.31145 ], [ -63.23761, -17.3122 ], [ -63.24147, -17.3137 ], [ -63.24121, -17.31268 ] ] ] } },
{ "type": "Feature", "properties": { "i": 2437 }, "geometry": { "type": "Polygon", "coordinates": [ [ [ -63.28253, -17.30491 ], [ -63.28132, -17.30441 ], [ -63.28103, -17.30504 ], [ -63.28226, -17.30553 ], [ -63.28253, -17.30491 ] ] ] } },
{ "type": "Feature", "properties": { "i": 2438 }, "geometry": { "type": "Polygon", "coordinates": [ [ [ -63.19291, -17.31995 ], [ -63.19255, -17.32046 ], [ -63.19364, -17.32116 ], [ -63.194, -17.32066 ], [ -63.19291, -17.31995 ] ] ] } },
{ "type": "Feature", "properties": { "i": 2439 }, "geometry": { "type": "Polygon", "coordinates": [ [ [ -63.2576, -17.31044 ], [ -63.25867, -17.3088 ], [ -63.25866, -17.30873 ], [ -63.25791, -17.30765 ], [ -63.25786, -17.30764 ], [ -63.25654, -17.3095 ], [ -63.25702, -17.30994 ], [ -63.25753, -17.31045 ], [ -63.2576, -17.31044 ] ] ] } },
{ "type": "Feature", "properties": { "i": 2440 }, "geometry": { "type": "Polygon", "coordinates": [ [ [ -63.29115, -17.30339 ], [ -63.28954, -17.30275 ], [ -63.28927, -17.30338 ], [ -63.29088, -17.30403 ], [ -63.29115, -17.30339 ] ] ] } },
{ "type": "Feature", "properties": { "i": 2441 }, "geometry": { "type": "Polygon", "coordinates": [ [ [ -63.28094, -17.30509 ], [ -63.27934, -17.30447 ], [ -63.27931, -17.30449 ], [ -63.27923, -17.30508 ], [ -63.27926, -17.30515 ], [ -63.28064, -17.3057 ], [ -63.2807, -17.30568 ], [ -63.28095, -17.30512 ], [ -63.28094, -17.30509 ] ] ] } },
{ "type": "Feature", "properties": { "i": 2442 }, "geometry": { "type": "Polygon", "coordinates": [ [ [ -63.27454, -17.30563 ], [ -63.27452, -17.30564 ], [ -63.27423, -17.30552 ], [ -63.27367, -17.30637 ], [ -63.27365, -17.30646 ], [ -63.27418, -17.30669 ], [ -63.27423, -17.30667 ], [ -63.27482, -17.30576 ], [ -63.27482, -17.30574 ], [ -63.27454, -17.30563 ] ] ] } },
{ "type": "Feature", "properties": { "i": 2443 }, "geometry": { "type": "Polygon", "coordinates": [ [ [ -63.26447, -17.30741 ], [ -63.2643, -17.30753 ], [ -63.26444, -17.30791 ], [ -63.26488, -17.30801 ], [ -63.26496, -17.30752 ], [ -63.26447, -17.30741 ] ] ] } },
{ "type": "Feature", "properties": { "i": 2444 }, "geometry": { "type": "Polygon", "coordinates": [ [ [ -63.28642, -17.30401 ], [ -63.28499, -17.30343 ], [ -63.28472, -17.30409 ], [ -63.28624, -17.30469 ], [ -63.28642, -17.30401 ] ] ] } },
{ "type": "Feature", "properties": { "i": 2445 }, "geometry": { "type": "Polygon", "coordinates": [ [ [ -63.2632, -17.30811 ], [ -63.26272, -17.30741 ], [ -63.26199, -17.30789 ], [ -63.26199, -17.30794 ], [ -63.26246, -17.30862 ], [ -63.2632, -17.30811 ] ] ] } },
{ "type": "Feature", "properties": { "i": 2446 }, "geometry": { "type": "Polygon", "coordinates": [ [ [ -63.27907, -17.30518 ], [ -63.27735, -17.3045 ], [ -63.27724, -17.30524 ], [ -63.27898, -17.30593 ], [ -63.27907, -17.30518 ] ] ] } },
{ "type": "Feature", "properties": { "i": 2447 }, "geometry": { "type": "Polygon", "coordinates": [ [ [ -63.27072, -17.3068 ], [ -63.26922, -17.3059 ], [ -63.26916, -17.30589 ], [ -63.26904, -17.30649 ], [ -63.27035, -17.30729 ], [ -63.27072, -17.3068 ] ] ] } },
{ "type": "Feature", "properties": { "i": 2448 }, "geometry": { "type": "Polygon", "coordinates": [ [ [ -63.27287, -17.30623 ], [ -63.27156, -17.30571 ], [ -63.27123, -17.30622 ], [ -63.27127, -17.30628 ], [ -63.27252, -17.30679 ], [ -63.27287, -17.30623 ] ] ] } },
{ "type": "Feature", "properties": { "i": 2449 }, "geometry": { "type": "Polygon", "coordinates": [ [ [ -63.19211, -17.32099 ], [ -63.19247, -17.32047 ], [ -63.19135, -17.31977 ], [ -63.19099, -17.32028 ], [ -63.19211, -17.32099 ] ] ] } },
{ "type": "Feature", "properties": { "i": 2450 }, "geometry": { "type": "Polygon", "coordinates": [ [ [ -63.28462, -17.30411 ], [ -63.2832, -17.30358 ], [ -63.28293, -17.30419 ], [ -63.28442, -17.30477 ], [ -63.28462, -17.30411 ] ] ] } },
{ "type": "Feature", "properties": { "i": 2451 }, "geometry": { "type": "Polygon", "coordinates": [ [ [ -63.28915, -17.30345 ], [ -63.28741, -17.30276 ], [ -63.287, -17.30334 ], [ -63.28888, -17.30409 ], [ -63.28915, -17.30345 ] ] ] } },
{ "type": "Feature", "properties": { "i": 2452 }, "geometry": { "type": "Polygon", "coordinates": [ [ [ -63.26732, -17.30768 ], [ -63.26759, -17.30626 ], [ -63.26684, -17.3061 ], [ -63.26665, -17.30725 ], [ -63.26667, -17.30734 ], [ -63.26727, -17.3077 ], [ -63.26732, -17.30768 ] ] ] } },
{ "type": "Feature", "properties": { "i": 2453 }, "geometry": { "type": "Polygon", "coordinates": [ [ [ -63.19336, -17.31931 ], [ -63.19294, -17.31991 ], [ -63.19403, -17.32061 ], [ -63.19445, -17.32002 ], [ -63.19336, -17.31931 ] ] ] } },
{ "type": "Feature", "properties": { "i": 2454 }, "geometry": { "type": "Polygon", "coordinates": [ [ [ -63.29248, -17.30201 ], [ -63.29188, -17.30181 ], [ -63.29123, -17.30334 ], [ -63.29181, -17.30356 ], [ -63.29248, -17.30201 ] ] ] } },
{ "type": "Feature", "properties": { "i": 2455 }, "geometry": { "type": "Polygon", "coordinates": [ [ [ -63.27359, -17.30528 ], [ -63.273, -17.30616 ], [ -63.27301, -17.3062 ], [ -63.27351, -17.30639 ], [ -63.27358, -17.30638 ], [ -63.27413, -17.30552 ], [ -63.27412, -17.30548 ], [ -63.27362, -17.30527 ], [ -63.27359, -17.30528 ] ] ] } },
{ "type": "Feature", "properties": { "i": 2456 }, "geometry": { "type": "Polygon", "coordinates": [ [ [ -63.26159, -17.30761 ], [ -63.26152, -17.30784 ], [ -63.26143, -17.30796 ], [ -63.26149, -17.30805 ], [ -63.26177, -17.30785 ], [ -63.26159, -17.30761 ] ] ] } },
{ "type": "Feature", "properties": { "i": 2457 }, "geometry": { "type": "Polygon", "coordinates": [ [ [ -63.26384, -17.30768 ], [ -63.26384, -17.30765 ], [ -63.26344, -17.30695 ], [ -63.2634, -17.30695 ], [ -63.26285, -17.30732 ], [ -63.26331, -17.30803 ], [ -63.26384, -17.30768 ] ] ] } },
{ "type": "Feature", "properties": { "i": 2458 }, "geometry": { "type": "Polygon", "coordinates": [ [ [ -63.28946, -17.30272 ], [ -63.28792, -17.30212 ], [ -63.28743, -17.30267 ], [ -63.28919, -17.30336 ], [ -63.28946, -17.30272 ] ] ] } },
{ "type": "Feature", "properties": { "i": 2459 }, "geometry": { "type": "Polygon", "coordinates": [ [ [ -63.2663, -17.30766 ], [ -63.26633, -17.30764 ], [ -63.26655, -17.30668 ], [ -63.26653, -17.30662 ], [ -63.26648, -17.30659 ], [ -63.26537, -17.30636 ], [ -63.26533, -17.30639 ], [ -63.26511, -17.30739 ], [ -63.26513, -17.30743 ], [ -63.2663, -17.30766 ] ] ] } },
{ "type": "Feature", "properties": { "i": 2460 }, "geometry": { "type": "Polygon", "coordinates": [ [ [ -63.27921, -17.30441 ], [ -63.27761, -17.30378 ], [ -63.27746, -17.30371 ], [ -63.27737, -17.3044 ], [ -63.27911, -17.3051 ], [ -63.27921, -17.30441 ] ] ] } },
{ "type": "Feature", "properties": { "i": 2461 }, "geometry": { "type": "Polygon", "coordinates": [ [ [ -63.26, -17.31022 ], [ -63.26053, -17.30874 ], [ -63.26052, -17.30866 ], [ -63.2595, -17.30699 ], [ -63.25904, -17.30632 ], [ -63.25901, -17.30629 ], [ -63.25891, -17.30626 ], [ -63.25881, -17.30627 ], [ -63.25799, -17.30743 ], [ -63.25993, -17.31024 ], [ -63.25996, -17.31025 ], [ -63.26, -17.31022 ] ] ] } },
{ "type": "Feature", "properties": { "i": 2462 }, "geometry": { "type": "Polygon", "coordinates": [ [ [ -63.281, -17.30497 ], [ -63.28125, -17.30441 ], [ -63.28123, -17.30436 ], [ -63.27954, -17.3037 ], [ -63.27952, -17.30372 ], [ -63.27933, -17.30434 ], [ -63.27934, -17.30438 ], [ -63.28094, -17.305 ], [ -63.281, -17.30497 ] ] ] } },
{ "type": "Feature", "properties": { "i": 2463 }, "geometry": { "type": "Polygon", "coordinates": [ [ [ -63.27354, -17.30525 ], [ -63.27293, -17.30501 ], [ -63.27235, -17.30592 ], [ -63.27235, -17.30596 ], [ -63.2729, -17.30619 ], [ -63.27354, -17.30525 ] ] ] } },
{ "type": "Feature", "properties": { "i": 2464 }, "geometry": { "type": "Polygon", "coordinates": [ [ [ -63.271, -17.30634 ], [ -63.27061, -17.30588 ], [ -63.27026, -17.30558 ], [ -63.26987, -17.30533 ], [ -63.26961, -17.30606 ], [ -63.27074, -17.30674 ], [ -63.271, -17.30634 ] ] ] } },
{ "type": "Feature", "properties": { "i": 2465 }, "geometry": { "type": "Polygon", "coordinates": [ [ [ -63.24116, -17.31249 ], [ -63.24092, -17.31138 ], [ -63.24054, -17.31119 ], [ -63.23903, -17.31024 ], [ -63.23827, -17.31134 ], [ -63.24116, -17.31249 ] ] ] } },
{ "type": "Feature", "properties": { "i": 2466 }, "geometry": { "type": "Polygon", "coordinates": [ [ [ -63.28662, -17.30326 ], [ -63.28529, -17.30274 ], [ -63.28504, -17.3033 ], [ -63.28634, -17.30383 ], [ -63.28662, -17.30326 ] ] ] } },
{ "type": "Feature", "properties": { "i": 2467 }, "geometry": { "type": "Polygon", "coordinates": [ [ [ -63.23243, -17.31315 ], [ -63.23256, -17.31253 ], [ -63.23125, -17.31229 ], [ -63.23084, -17.31288 ], [ -63.23243, -17.31315 ] ] ] } },
{ "type": "Feature", "properties": { "i": 2468 }, "geometry": { "type": "Polygon", "coordinates": [ [ [ -63.24375, -17.30681 ], [ -63.24425, -17.30994 ], [ -63.24422, -17.31001 ], [ -63.24416, -17.31003 ], [ -63.24399, -17.31003 ], [ -63.2438, -17.31023 ], [ -63.24376, -17.31039 ], [ -63.24377, -17.31143 ], [ -63.24369, -17.31446 ], [ -63.24381, -17.31464 ], [ -63.24522, -17.31518 ], [ -63.24684, -17.31284 ], [ -63.24991, -17.30829 ], [ -63.24991, -17.30826 ], [ -63.24492, -17.30514 ], [ -63.24485, -17.30515 ], [ -63.24382, -17.30655 ], [ -63.24377, -17.30679 ], [ -63.24375, -17.30681 ] ] ] } },
{ "type": "Feature", "properties": { "i": 2469 }, "geometry": { "type": "Polygon", "coordinates": [ [ [ -63.26404, -17.30727 ], [ -63.26406, -17.30684 ], [ -63.26384, -17.3068 ], [ -63.26373, -17.30697 ], [ -63.26372, -17.30713 ], [ -63.26394, -17.30763 ], [ -63.26413, -17.30752 ], [ -63.26404, -17.30727 ] ] ] } },
{ "type": "Feature", "properties": { "i": 2470 }, "geometry": { "type": "Polygon", "coordinates": [ [ [ -63.24169, -17.31033 ], [ -63.24171, -17.31035 ], [ -63.24097, -17.31115 ], [ -63.24096, -17.3112 ], [ -63.24097, -17.31131 ], [ -63.24164, -17.31382 ], [ -63.24367, -17.31459 ], [ -63.24373, -17.31142 ], [ -63.24373, -17.31038 ], [ -63.24377, -17.31022 ], [ -63.24388, -17.31006 ], [ -63.24397, -17.31001 ], [ -63.2442, -17.30998 ], [ -63.24422, -17.30993 ], [ -63.24372, -17.30685 ], [ -63.24148, -17.31006 ], [ -63.24112, -17.30983 ], [ -63.24077, -17.31056 ], [ -63.24093, -17.31111 ], [ -63.24169, -17.31033 ] ] ] } },
{ "type": "Feature", "properties": { "i": 2471 }, "geometry": { "type": "Polygon", "coordinates": [ [ [ -63.27525, -17.30497 ], [ -63.27415, -17.30455 ], [ -63.27365, -17.30522 ], [ -63.27487, -17.30567 ], [ -63.27528, -17.30504 ], [ -63.27525, -17.30497 ] ] ] } },
{ "type": "Feature", "properties": { "i": 2472 }, "geometry": { "type": "Polygon", "coordinates": [ [ [ -63.26521, -17.30634 ], [ -63.26466, -17.30622 ], [ -63.26444, -17.30727 ], [ -63.26496, -17.30739 ], [ -63.26501, -17.30735 ], [ -63.26521, -17.30634 ] ] ] } },
{ "type": "Feature", "properties": { "i": 2473 }, "geometry": { "type": "Polygon", "coordinates": [ [ [ -63.28491, -17.3034 ], [ -63.2835, -17.30286 ], [ -63.28323, -17.30351 ], [ -63.28464, -17.30404 ], [ -63.28491, -17.3034 ] ] ] } },
{ "type": "Feature", "properties": { "i": 2474 }, "geometry": { "type": "Polygon", "coordinates": [ [ [ -63.27722, -17.30446 ], [ -63.27576, -17.30387 ], [ -63.27594, -17.30477 ], [ -63.27712, -17.30523 ], [ -63.27722, -17.30446 ] ] ] } },
{ "type": "Feature", "properties": { "i": 2475 }, "geometry": { "type": "Polygon", "coordinates": [ [ [ -63.26899, -17.30488 ], [ -63.26869, -17.30482 ], [ -63.26838, -17.30634 ], [ -63.26897, -17.30648 ], [ -63.269, -17.30646 ], [ -63.2693, -17.30504 ], [ -63.2693, -17.30501 ], [ -63.26899, -17.30488 ] ] ] } },
{ "type": "Feature", "properties": { "i": 2476 }, "geometry": { "type": "Polygon", "coordinates": [ [ [ -63.27289, -17.30499 ], [ -63.27221, -17.30471 ], [ -63.27159, -17.30566 ], [ -63.27225, -17.30592 ], [ -63.27229, -17.30591 ], [ -63.27289, -17.30499 ] ] ] } },
{ "type": "Feature", "properties": { "i": 2477 }, "geometry": { "type": "Polygon", "coordinates": [ [ [ -63.28129, -17.30434 ], [ -63.28155, -17.3037 ], [ -63.27981, -17.303 ], [ -63.27955, -17.30362 ], [ -63.27958, -17.30366 ], [ -63.28129, -17.30434 ] ] ] } },
{ "type": "Feature", "properties": { "i": 2478 }, "geometry": { "type": "Polygon", "coordinates": [ [ [ -63.28705, -17.30262 ], [ -63.2856, -17.30203 ], [ -63.28532, -17.30268 ], [ -63.28665, -17.30321 ], [ -63.28705, -17.30262 ] ] ] } },
{ "type": "Feature", "properties": { "i": 2479 }, "geometry": { "type": "Polygon", "coordinates": [ [ [ -63.26202, -17.30642 ], [ -63.26166, -17.30742 ], [ -63.26166, -17.30745 ], [ -63.26186, -17.30778 ], [ -63.2619, -17.30778 ], [ -63.26261, -17.30731 ], [ -63.26262, -17.30728 ], [ -63.26206, -17.30641 ], [ -63.26202, -17.30642 ] ] ] } },
{ "type": "Feature", "properties": { "i": 2480 }, "geometry": { "type": "Polygon", "coordinates": [ [ [ -63.26981, -17.30528 ], [ -63.26937, -17.30503 ], [ -63.26918, -17.30583 ], [ -63.26954, -17.30603 ], [ -63.26981, -17.30528 ] ] ] } },
{ "type": "Feature", "properties": { "i": 2481 }, "geometry": { "type": "Polygon", "coordinates": [ [ [ -63.25637, -17.30925 ], [ -63.25769, -17.30737 ], [ -63.25731, -17.30681 ], [ -63.25684, -17.30613 ], [ -63.25679, -17.30611 ], [ -63.25535, -17.30826 ], [ -63.25537, -17.30835 ], [ -63.25631, -17.30925 ], [ -63.25637, -17.30925 ] ] ] } },
{ "type": "Feature", "properties": { "i": 2482 }, "geometry": { "type": "Polygon", "coordinates": [ [ [ -63.26455, -17.3062 ], [ -63.26427, -17.30615 ], [ -63.2642, -17.30649 ], [ -63.26448, -17.30654 ], [ -63.26455, -17.3062 ] ] ] } },
{ "type": "Feature", "properties": { "i": 2483 }, "geometry": { "type": "Polygon", "coordinates": [ [ [ -63.26663, -17.3065 ], [ -63.26685, -17.30544 ], [ -63.26682, -17.30539 ], [ -63.26628, -17.30529 ], [ -63.26602, -17.30636 ], [ -63.26605, -17.30639 ], [ -63.26663, -17.3065 ] ] ] } },
{ "type": "Feature", "properties": { "i": 2484 }, "geometry": { "type": "Polygon", "coordinates": [ [ [ -63.26386, -17.30612 ], [ -63.26384, -17.30607 ], [ -63.26361, -17.30603 ], [ -63.26333, -17.30611 ], [ -63.26364, -17.30664 ], [ -63.2637, -17.30668 ], [ -63.26374, -17.30668 ], [ -63.26378, -17.30662 ], [ -63.26386, -17.30612 ] ] ] } },
{ "type": "Feature", "properties": { "i": 2485 }, "geometry": { "type": "Polygon", "coordinates": [ [ [ -63.29014, -17.30119 ], [ -63.28955, -17.30098 ], [ -63.28944, -17.30119 ], [ -63.28892, -17.30242 ], [ -63.2895, -17.30266 ], [ -63.29014, -17.30119 ] ] ] } },
{ "type": "Feature", "properties": { "i": 2486 }, "geometry": { "type": "Polygon", "coordinates": [ [ [ -63.28522, -17.30272 ], [ -63.28362, -17.30207 ], [ -63.28339, -17.30264 ], [ -63.28497, -17.30329 ], [ -63.28522, -17.30272 ] ] ] } },
{ "type": "Feature", "properties": { "i": 2487 }, "geometry": { "type": "Polygon", "coordinates": [ [ [ -63.27942, -17.30371 ], [ -63.27769, -17.30301 ], [ -63.27765, -17.30302 ], [ -63.2775, -17.30359 ], [ -63.27752, -17.30365 ], [ -63.27922, -17.30433 ], [ -63.27925, -17.30431 ], [ -63.27942, -17.30371 ] ] ] } },
{ "type": "Feature", "properties": { "i": 2488 }, "geometry": { "type": "Polygon", "coordinates": [ [ [ -63.26614, -17.30529 ], [ -63.2656, -17.30518 ], [ -63.26535, -17.30624 ], [ -63.2659, -17.30636 ], [ -63.26592, -17.30635 ], [ -63.26615, -17.30532 ], [ -63.26614, -17.30529 ] ] ] } },
{ "type": "Feature", "properties": { "i": 2489 }, "geometry": { "type": "Polygon", "coordinates": [ [ [ -63.26792, -17.30473 ], [ -63.26724, -17.30478 ], [ -63.26697, -17.30603 ], [ -63.26698, -17.30605 ], [ -63.26765, -17.30618 ], [ -63.26796, -17.30475 ], [ -63.26792, -17.30473 ] ] ] } },
{ "type": "Feature", "properties": { "i": 2490 }, "geometry": { "type": "Polygon", "coordinates": [ [ [ -63.26864, -17.30481 ], [ -63.26838, -17.30475 ], [ -63.26804, -17.30472 ], [ -63.2677, -17.30619 ], [ -63.26772, -17.30622 ], [ -63.26829, -17.30635 ], [ -63.26832, -17.30633 ], [ -63.26864, -17.30481 ] ] ] } },
{ "type": "Feature", "properties": { "i": 2491 }, "geometry": { "type": "Polygon", "coordinates": [ [ [ -63.2818, -17.30309 ], [ -63.28008, -17.3024 ], [ -63.27985, -17.30295 ], [ -63.28158, -17.30365 ], [ -63.2818, -17.30309 ] ] ] } },
{ "type": "Feature", "properties": { "i": 2492 }, "geometry": { "type": "Polygon", "coordinates": [ [ [ -63.23746, -17.30917 ], [ -63.23627, -17.31088 ], [ -63.23528, -17.31139 ], [ -63.23483, -17.3114 ], [ -63.23481, -17.31155 ], [ -63.23639, -17.3118 ], [ -63.23748, -17.31222 ], [ -63.23809, -17.31136 ], [ -63.23771, -17.31118 ], [ -63.23773, -17.3111 ], [ -63.23814, -17.31129 ], [ -63.23894, -17.31012 ], [ -63.23746, -17.30917 ] ] ] } },
{ "type": "Feature", "properties": { "i": 2493 }, "geometry": { "type": "Polygon", "coordinates": [ [ [ -63.28949, -17.30095 ], [ -63.28894, -17.30078 ], [ -63.28795, -17.30205 ], [ -63.28887, -17.30241 ], [ -63.28949, -17.30095 ] ] ] } },
{ "type": "Feature", "properties": { "i": 2494 }, "geometry": { "type": "Polygon", "coordinates": [ [ [ -63.26521, -17.30622 ], [ -63.26526, -17.30619 ], [ -63.26549, -17.30516 ], [ -63.26547, -17.30514 ], [ -63.26492, -17.30503 ], [ -63.2649, -17.30504 ], [ -63.26466, -17.30608 ], [ -63.26467, -17.30611 ], [ -63.26521, -17.30622 ] ] ] } },
{ "type": "Feature", "properties": { "i": 2495 }, "geometry": { "type": "Polygon", "coordinates": [ [ [ -63.26236, -17.30505 ], [ -63.26204, -17.30613 ], [ -63.26206, -17.30619 ], [ -63.26274, -17.30719 ], [ -63.2628, -17.3072 ], [ -63.26335, -17.30679 ], [ -63.26336, -17.30676 ], [ -63.26287, -17.30582 ], [ -63.2624, -17.30506 ], [ -63.26236, -17.30505 ] ] ] } },
{ "type": "Feature", "properties": { "i": 2496 }, "geometry": { "type": "Polygon", "coordinates": [ [ [ -63.27561, -17.30458 ], [ -63.27543, -17.30371 ], [ -63.27437, -17.3033 ], [ -63.27411, -17.30401 ], [ -63.27561, -17.30458 ] ] ] } },
{ "type": "Feature", "properties": { "i": 2497 }, "geometry": { "type": "Polygon", "coordinates": [ [ [ -63.2648, -17.30504 ], [ -63.26478, -17.30501 ], [ -63.26429, -17.30491 ], [ -63.26425, -17.30493 ], [ -63.26403, -17.30594 ], [ -63.26406, -17.306 ], [ -63.26458, -17.30609 ], [ -63.2648, -17.30504 ] ] ] } },
{ "type": "Feature", "properties": { "i": 2498 }, "geometry": { "type": "Polygon", "coordinates": [ [ [ -63.27974, -17.30298 ], [ -63.27792, -17.30227 ], [ -63.27766, -17.3029 ], [ -63.27947, -17.30363 ], [ -63.27974, -17.30298 ] ] ] } },
{ "type": "Feature", "properties": { "i": 2499 }, "geometry": { "type": "Polygon", "coordinates": [ [ [ -63.28757, -17.30197 ], [ -63.28591, -17.30131 ], [ -63.28564, -17.30192 ], [ -63.28712, -17.3025 ], [ -63.28716, -17.3025 ], [ -63.28757, -17.30197 ] ] ] } },
{ "type": "Feature", "properties": { "i": 2500 }, "geometry": { "type": "Polygon", "coordinates": [ [ [ -63.2668, -17.3053 ], [ -63.26686, -17.30527 ], [ -63.26698, -17.30475 ], [ -63.26694, -17.30471 ], [ -63.26643, -17.30454 ], [ -63.2663, -17.30519 ], [ -63.26631, -17.30521 ], [ -63.2668, -17.3053 ] ] ] } },
{ "type": "Feature", "properties": { "i": 2501 }, "geometry": { "type": "Polygon", "coordinates": [ [ [ -63.27725, -17.30433 ], [ -63.27734, -17.30365 ], [ -63.27557, -17.30295 ], [ -63.27574, -17.30373 ], [ -63.27577, -17.30376 ], [ -63.27725, -17.30433 ] ] ] } },
{ "type": "Feature", "properties": { "i": 2502 }, "geometry": { "type": "Polygon", "coordinates": [ [ [ -63.2697, -17.30369 ], [ -63.26924, -17.30477 ], [ -63.26926, -17.30482 ], [ -63.26946, -17.30488 ], [ -63.26981, -17.30506 ], [ -63.2703, -17.30393 ], [ -63.2697, -17.30369 ] ] ] } },
{ "type": "Feature", "properties": { "i": 2503 }, "geometry": { "type": "Polygon", "coordinates": [ [ [ -63.26415, -17.30492 ], [ -63.26412, -17.30484 ], [ -63.26336, -17.30468 ], [ -63.26342, -17.30486 ], [ -63.26387, -17.30586 ], [ -63.26392, -17.30593 ], [ -63.26396, -17.30593 ], [ -63.26415, -17.30492 ] ] ] } },
{ "type": "Feature", "properties": { "i": 2504 }, "geometry": { "type": "Polygon", "coordinates": [ [ [ -63.28354, -17.30205 ], [ -63.28192, -17.3014 ], [ -63.28169, -17.30195 ], [ -63.28329, -17.3026 ], [ -63.28354, -17.30205 ] ] ] } },
{ "type": "Feature", "properties": { "i": 2505 }, "geometry": { "type": "Polygon", "coordinates": [ [ [ -63.28552, -17.30202 ], [ -63.28392, -17.30137 ], [ -63.28365, -17.30202 ], [ -63.28526, -17.30266 ], [ -63.28552, -17.30202 ] ] ] } },
{ "type": "Feature", "properties": { "i": 2506 }, "geometry": { "type": "Polygon", "coordinates": [ [ [ -63.26618, -17.30518 ], [ -63.26629, -17.30451 ], [ -63.26578, -17.30433 ], [ -63.26563, -17.30507 ], [ -63.26618, -17.30518 ] ] ] } },
{ "type": "Feature", "properties": { "i": 2507 }, "geometry": { "type": "Polygon", "coordinates": [ [ [ -63.2754, -17.30357 ], [ -63.27524, -17.30283 ], [ -63.27352, -17.30215 ], [ -63.27347, -17.30217 ], [ -63.27325, -17.30273 ], [ -63.2754, -17.30357 ] ] ] } },
{ "type": "Feature", "properties": { "i": 2508 }, "geometry": { "type": "Polygon", "coordinates": [ [ [ -63.27432, -17.30328 ], [ -63.27319, -17.30284 ], [ -63.2729, -17.30353 ], [ -63.27403, -17.30399 ], [ -63.27432, -17.30328 ] ] ] } },
{ "type": "Feature", "properties": { "i": 2509 }, "geometry": { "type": "Polygon", "coordinates": [ [ [ -63.27754, -17.30293 ], [ -63.2756, -17.30218 ], [ -63.27552, -17.30283 ], [ -63.27735, -17.30355 ], [ -63.27754, -17.30293 ] ] ] } },
{ "type": "Feature", "properties": { "i": 2510 }, "geometry": { "type": "Polygon", "coordinates": [ [ [ -63.27173, -17.30358 ], [ -63.2707, -17.30316 ], [ -63.27039, -17.30384 ], [ -63.27042, -17.30391 ], [ -63.27146, -17.30434 ], [ -63.27173, -17.30358 ] ] ] } },
{ "type": "Feature", "properties": { "i": 2511 }, "geometry": { "type": "Polygon", "coordinates": [ [ [ -63.28, -17.30238 ], [ -63.27819, -17.30165 ], [ -63.27797, -17.30222 ], [ -63.27977, -17.30294 ], [ -63.28, -17.30238 ] ] ] } },
{ "type": "Feature", "properties": { "i": 2512 }, "geometry": { "type": "Polygon", "coordinates": [ [ [ -63.28585, -17.30128 ], [ -63.28422, -17.30065 ], [ -63.28397, -17.30125 ], [ -63.28559, -17.3019 ], [ -63.28585, -17.30128 ] ] ] } },
{ "type": "Feature", "properties": { "i": 2513 }, "geometry": { "type": "Polygon", "coordinates": [ [ [ -63.25696, -17.30598 ], [ -63.25776, -17.30711 ], [ -63.25781, -17.30714 ], [ -63.25787, -17.30711 ], [ -63.25861, -17.30606 ], [ -63.25869, -17.30586 ], [ -63.25867, -17.30579 ], [ -63.25793, -17.30471 ], [ -63.25786, -17.30468 ], [ -63.25779, -17.30468 ], [ -63.25772, -17.30472 ], [ -63.25696, -17.30586 ], [ -63.25694, -17.30592 ], [ -63.25696, -17.30598 ] ] ] } },
{ "type": "Feature", "properties": { "i": 2514 }, "geometry": { "type": "Polygon", "coordinates": [ [ [ -63.26569, -17.30429 ], [ -63.26514, -17.3041 ], [ -63.26512, -17.30411 ], [ -63.26494, -17.30489 ], [ -63.26497, -17.30493 ], [ -63.26552, -17.30504 ], [ -63.26569, -17.30429 ] ] ] } },
{ "type": "Feature", "properties": { "i": 2515 }, "geometry": { "type": "Polygon", "coordinates": [ [ [ -63.26173, -17.30281 ], [ -63.26002, -17.30221 ], [ -63.25836, -17.30457 ], [ -63.26089, -17.30821 ], [ -63.26141, -17.30672 ], [ -63.2616, -17.30599 ], [ -63.26177, -17.30507 ], [ -63.2618, -17.30389 ], [ -63.26173, -17.30281 ] ] ] } },
{ "type": "Feature", "properties": { "i": 2516 }, "geometry": { "type": "Polygon", "coordinates": [ [ [ -63.25519, -17.30817 ], [ -63.25668, -17.30589 ], [ -63.25534, -17.30395 ], [ -63.25523, -17.30393 ], [ -63.25361, -17.30666 ], [ -63.25363, -17.30673 ], [ -63.25516, -17.30817 ], [ -63.25519, -17.30817 ] ] ] } },
{ "type": "Feature", "properties": { "i": 2517 }, "geometry": { "type": "Polygon", "coordinates": [ [ [ -63.28355, -17.30198 ], [ -63.28385, -17.30134 ], [ -63.28223, -17.30069 ], [ -63.28197, -17.30133 ], [ -63.28198, -17.30136 ], [ -63.28355, -17.30198 ] ] ] } },
{ "type": "Feature", "properties": { "i": 2518 }, "geometry": { "type": "Polygon", "coordinates": [ [ [ -63.23458, -17.31147 ], [ -63.23459, -17.31143 ], [ -63.23613, -17.31083 ], [ -63.23611, -17.31073 ], [ -63.23354, -17.30906 ], [ -63.23215, -17.31105 ], [ -63.23458, -17.31147 ] ] ] } },
{ "type": "Feature", "properties": { "i": 2519 }, "geometry": { "type": "Polygon", "coordinates": [ [ [ -63.26446, -17.30385 ], [ -63.26428, -17.30479 ], [ -63.26484, -17.3049 ], [ -63.26502, -17.30399 ], [ -63.26449, -17.3038 ], [ -63.26446, -17.30385 ] ] ] } },
{ "type": "Feature", "properties": { "i": 2520 }, "geometry": { "type": "Polygon", "coordinates": [ [ [ -63.26705, -17.30449 ], [ -63.26721, -17.30371 ], [ -63.26667, -17.30351 ], [ -63.26652, -17.30435 ], [ -63.26697, -17.30449 ], [ -63.26705, -17.30449 ] ] ] } },
{ "type": "Feature", "properties": { "i": 2521 }, "geometry": { "type": "Polygon", "coordinates": [ [ [ -63.268, -17.30453 ], [ -63.2683, -17.30314 ], [ -63.26758, -17.30286 ], [ -63.26725, -17.30455 ], [ -63.268, -17.30453 ] ] ] } },
{ "type": "Feature", "properties": { "i": 2522 }, "geometry": { "type": "Polygon", "coordinates": [ [ [ -63.2776, -17.30282 ], [ -63.27785, -17.30223 ], [ -63.27583, -17.30142 ], [ -63.27569, -17.30209 ], [ -63.27756, -17.30284 ], [ -63.2776, -17.30282 ] ] ] } },
{ "type": "Feature", "properties": { "i": 2523 }, "geometry": { "type": "Polygon", "coordinates": [ [ [ -63.28611, -17.30066 ], [ -63.28449, -17.30002 ], [ -63.28425, -17.30057 ], [ -63.28589, -17.30121 ], [ -63.28611, -17.30066 ] ] ] } },
{ "type": "Feature", "properties": { "i": 2524 }, "geometry": { "type": "Polygon", "coordinates": [ [ [ -63.26656, -17.30346 ], [ -63.26602, -17.30325 ], [ -63.26585, -17.30408 ], [ -63.2664, -17.30427 ], [ -63.26656, -17.30346 ] ] ] } },
{ "type": "Feature", "properties": { "i": 2525 }, "geometry": { "type": "Polygon", "coordinates": [ [ [ -63.28164, -17.30193 ], [ -63.28187, -17.30137 ], [ -63.28026, -17.30071 ], [ -63.28002, -17.30127 ], [ -63.28162, -17.30194 ], [ -63.28164, -17.30193 ] ] ] } },
{ "type": "Feature", "properties": { "i": 2526 }, "geometry": { "type": "Polygon", "coordinates": [ [ [ -63.27996, -17.30228 ], [ -63.28006, -17.30225 ], [ -63.28034, -17.30161 ], [ -63.27854, -17.30087 ], [ -63.27824, -17.30156 ], [ -63.27827, -17.30161 ], [ -63.27996, -17.30228 ] ] ] } },
{ "type": "Feature", "properties": { "i": 2527 }, "geometry": { "type": "Polygon", "coordinates": [ [ [ -63.2731, -17.30279 ], [ -63.27127, -17.30207 ], [ -63.271, -17.30275 ], [ -63.27102, -17.3028 ], [ -63.27277, -17.30352 ], [ -63.2731, -17.30279 ] ] ] } },
{ "type": "Feature", "properties": { "i": 2528 }, "geometry": { "type": "Polygon", "coordinates": [ [ [ -63.28613, -17.3006 ], [ -63.28643, -17.29995 ], [ -63.28642, -17.29991 ], [ -63.28478, -17.29932 ], [ -63.28452, -17.29995 ], [ -63.28613, -17.3006 ] ] ] } },
{ "type": "Feature", "properties": { "i": 2529 }, "geometry": { "type": "Polygon", "coordinates": [ [ [ -63.26382, -17.30362 ], [ -63.26362, -17.30462 ], [ -63.26364, -17.30468 ], [ -63.26415, -17.30477 ], [ -63.26418, -17.30473 ], [ -63.26437, -17.30377 ], [ -63.26386, -17.30359 ], [ -63.26382, -17.30362 ] ] ] } },
{ "type": "Feature", "properties": { "i": 2530 }, "geometry": { "type": "Polygon", "coordinates": [ [ [ -63.28417, -17.30062 ], [ -63.28254, -17.29998 ], [ -63.28228, -17.30057 ], [ -63.28228, -17.30059 ], [ -63.28388, -17.30123 ], [ -63.28391, -17.30122 ], [ -63.28417, -17.30062 ] ] ] } },
{ "type": "Feature", "properties": { "i": 2531 }, "geometry": { "type": "Polygon", "coordinates": [ [ [ -63.27524, -17.30269 ], [ -63.27536, -17.30209 ], [ -63.27533, -17.30205 ], [ -63.27382, -17.30144 ], [ -63.27377, -17.30147 ], [ -63.27355, -17.302 ], [ -63.27356, -17.30204 ], [ -63.27524, -17.30269 ] ] ] } },
{ "type": "Feature", "properties": { "i": 2532 }, "geometry": { "type": "Polygon", "coordinates": [ [ [ -63.25187, -17.30543 ], [ -63.2503, -17.30443 ], [ -63.24843, -17.30717 ], [ -63.24921, -17.30764 ], [ -63.24922, -17.30761 ], [ -63.25005, -17.3081 ], [ -63.25187, -17.30543 ] ] ] } },
{ "type": "Feature", "properties": { "i": 2533 }, "geometry": { "type": "Polygon", "coordinates": [ [ [ -63.26597, -17.30322 ], [ -63.26543, -17.30299 ], [ -63.26524, -17.30382 ], [ -63.26526, -17.30386 ], [ -63.26579, -17.30406 ], [ -63.26597, -17.30322 ] ] ] } },
{ "type": "Feature", "properties": { "i": 2534 }, "geometry": { "type": "Polygon", "coordinates": [ [ [ -63.26374, -17.30356 ], [ -63.26343, -17.30347 ], [ -63.26331, -17.30409 ], [ -63.26335, -17.30416 ], [ -63.2636, -17.30421 ], [ -63.26374, -17.30356 ] ] ] } },
{ "type": "Feature", "properties": { "i": 2535 }, "geometry": { "type": "Polygon", "coordinates": [ [ [ -63.2625, -17.30305 ], [ -63.26224, -17.30452 ], [ -63.26258, -17.30427 ], [ -63.26277, -17.30408 ], [ -63.26302, -17.30376 ], [ -63.2633, -17.30345 ], [ -63.26331, -17.30341 ], [ -63.26329, -17.30335 ], [ -63.26323, -17.30331 ], [ -63.2625, -17.30305 ] ] ] } },
{ "type": "Feature", "properties": { "i": 2536 }, "geometry": { "type": "Polygon", "coordinates": [ [ [ -63.28189, -17.30131 ], [ -63.28191, -17.3013 ], [ -63.28216, -17.30066 ], [ -63.28059, -17.30003 ], [ -63.28054, -17.30005 ], [ -63.28027, -17.30065 ], [ -63.28189, -17.30131 ] ] ] } },
{ "type": "Feature", "properties": { "i": 2537 }, "geometry": { "type": "Polygon", "coordinates": [ [ [ -63.27064, -17.30314 ], [ -63.2687, -17.30236 ], [ -63.2684, -17.30311 ], [ -63.27028, -17.30385 ], [ -63.27034, -17.30383 ], [ -63.27064, -17.30314 ] ] ] } },
{ "type": "Feature", "properties": { "i": 2538 }, "geometry": { "type": "Polygon", "coordinates": [ [ [ -63.27337, -17.30212 ], [ -63.27335, -17.30208 ], [ -63.27166, -17.3014 ], [ -63.2716, -17.30141 ], [ -63.27137, -17.30196 ], [ -63.27137, -17.30198 ], [ -63.27313, -17.30268 ], [ -63.27337, -17.30212 ] ] ] } },
{ "type": "Feature", "properties": { "i": 2539 }, "geometry": { "type": "Polygon", "coordinates": [ [ [ -63.26512, -17.30381 ], [ -63.26549, -17.30208 ], [ -63.26495, -17.30186 ], [ -63.26456, -17.30361 ], [ -63.26512, -17.30381 ] ] ] } },
{ "type": "Feature", "properties": { "i": 2540 }, "geometry": { "type": "Polygon", "coordinates": [ [ [ -63.28019, -17.30071 ], [ -63.28018, -17.30067 ], [ -63.27861, -17.30007 ], [ -63.27857, -17.30008 ], [ -63.27834, -17.30059 ], [ -63.27836, -17.30062 ], [ -63.27996, -17.30125 ], [ -63.28019, -17.30071 ] ] ] } },
{ "type": "Feature", "properties": { "i": 2541 }, "geometry": { "type": "Polygon", "coordinates": [ [ [ -63.23046, -17.30885 ], [ -63.22857, -17.3075 ], [ -63.22823, -17.30778 ], [ -63.22708, -17.30889 ], [ -63.22656, -17.30966 ], [ -63.22645, -17.31002 ], [ -63.22751, -17.31024 ], [ -63.23129, -17.3109 ], [ -63.23267, -17.30891 ], [ -63.23157, -17.30818 ], [ -63.23072, -17.30871 ], [ -63.23046, -17.30885 ] ] ] } },
{ "type": "Feature", "properties": { "i": 2542 }, "geometry": { "type": "Polygon", "coordinates": [ [ [ -63.27407, -17.3008 ], [ -63.27384, -17.30135 ], [ -63.27536, -17.30195 ], [ -63.27538, -17.30194 ], [ -63.27551, -17.30137 ], [ -63.27549, -17.30131 ], [ -63.27411, -17.30078 ], [ -63.27407, -17.3008 ] ] ] } },
{ "type": "Feature", "properties": { "i": 2543 }, "geometry": { "type": "Polygon", "coordinates": [ [ [ -63.26459, -17.30305 ], [ -63.26369, -17.30266 ], [ -63.26367, -17.30328 ], [ -63.26448, -17.30359 ], [ -63.26459, -17.30305 ] ] ] } },
{ "type": "Feature", "properties": { "i": 2544 }, "geometry": { "type": "Polygon", "coordinates": [ [ [ -63.26759, -17.3028 ], [ -63.26831, -17.30308 ], [ -63.26834, -17.30307 ], [ -63.26864, -17.30235 ], [ -63.26778, -17.30201 ], [ -63.26775, -17.30202 ], [ -63.26759, -17.3028 ] ] ] } },
{ "type": "Feature", "properties": { "i": 2545 }, "geometry": { "type": "Polygon", "coordinates": [ [ [ -63.24917, -17.30583 ], [ -63.24764, -17.30485 ], [ -63.2468, -17.30608 ], [ -63.24683, -17.30615 ], [ -63.2483, -17.30709 ], [ -63.24917, -17.30583 ] ] ] } },
{ "type": "Feature", "properties": { "i": 2546 }, "geometry": { "type": "Polygon", "coordinates": [ [ [ -63.27117, -17.30202 ], [ -63.26944, -17.30131 ], [ -63.26941, -17.30133 ], [ -63.26913, -17.30199 ], [ -63.26913, -17.30206 ], [ -63.27087, -17.30276 ], [ -63.27117, -17.30202 ] ] ] } },
{ "type": "Feature", "properties": { "i": 2547 }, "geometry": { "type": "Polygon", "coordinates": [ [ [ -63.28249, -17.29996 ], [ -63.28088, -17.29932 ], [ -63.28063, -17.2999 ], [ -63.28063, -17.29993 ], [ -63.28221, -17.30057 ], [ -63.28249, -17.29996 ] ] ] } },
{ "type": "Feature", "properties": { "i": 2548 }, "geometry": { "type": "Polygon", "coordinates": [ [ [ -63.26731, -17.30298 ], [ -63.26749, -17.30209 ], [ -63.26747, -17.30205 ], [ -63.26581, -17.30136 ], [ -63.26549, -17.30284 ], [ -63.26552, -17.30289 ], [ -63.26708, -17.30353 ], [ -63.26731, -17.30298 ] ] ] } },
{ "type": "Feature", "properties": { "i": 2549 }, "geometry": { "type": "Polygon", "coordinates": [ [ [ -63.27164, -17.30127 ], [ -63.27342, -17.30199 ], [ -63.27366, -17.3014 ], [ -63.27189, -17.3007 ], [ -63.27164, -17.30127 ] ] ] } },
{ "type": "Feature", "properties": { "i": 2550 }, "geometry": { "type": "Polygon", "coordinates": [ [ [ -63.28018, -17.30061 ], [ -63.28021, -17.3006 ], [ -63.28044, -17.30004 ], [ -63.28042, -17.29999 ], [ -63.27893, -17.29939 ], [ -63.27885, -17.29938 ], [ -63.27861, -17.29998 ], [ -63.27864, -17.30003 ], [ -63.28018, -17.30061 ] ] ] } },
{ "type": "Feature", "properties": { "i": 2551 }, "geometry": { "type": "Polygon", "coordinates": [ [ [ -63.26369, -17.30261 ], [ -63.2646, -17.303 ], [ -63.26471, -17.30245 ], [ -63.26374, -17.30202 ], [ -63.2637, -17.30206 ], [ -63.26369, -17.30261 ] ] ] } },
{ "type": "Feature", "properties": { "i": 2552 }, "geometry": { "type": "Polygon", "coordinates": [ [ [ -63.27415, -17.30068 ], [ -63.27556, -17.30122 ], [ -63.27559, -17.30119 ], [ -63.27572, -17.30061 ], [ -63.27441, -17.30007 ], [ -63.27438, -17.30008 ], [ -63.27414, -17.30064 ], [ -63.27415, -17.30068 ] ] ] } },
{ "type": "Feature", "properties": { "i": 2553 }, "geometry": { "type": "Polygon", "coordinates": [ [ [ -63.26342, -17.30258 ], [ -63.26219, -17.30214 ], [ -63.26219, -17.30281 ], [ -63.26338, -17.30322 ], [ -63.26342, -17.30258 ] ] ] } },
{ "type": "Feature", "properties": { "i": 2554 }, "geometry": { "type": "Polygon", "coordinates": [ [ [ -63.27143, -17.30135 ], [ -63.27141, -17.30132 ], [ -63.26977, -17.30067 ], [ -63.26973, -17.30068 ], [ -63.2695, -17.30122 ], [ -63.2695, -17.30125 ], [ -63.27118, -17.30191 ], [ -63.27143, -17.30135 ] ] ] } },
{ "type": "Feature", "properties": { "i": 2555 }, "geometry": { "type": "Polygon", "coordinates": [ [ [ -63.28117, -17.29868 ], [ -63.28092, -17.29925 ], [ -63.28252, -17.29989 ], [ -63.28275, -17.29933 ], [ -63.28117, -17.29868 ] ] ] } },
{ "type": "Feature", "properties": { "i": 2556 }, "geometry": { "type": "Polygon", "coordinates": [ [ [ -63.27695, -17.29942 ], [ -63.27691, -17.29944 ], [ -63.27657, -17.29982 ], [ -63.27656, -17.29987 ], [ -63.2766, -17.29992 ], [ -63.27823, -17.30058 ], [ -63.27829, -17.30055 ], [ -63.27852, -17.30002 ], [ -63.27695, -17.29942 ] ] ] } },
{ "type": "Feature", "properties": { "i": 2557 }, "geometry": { "type": "Polygon", "coordinates": [ [ [ -63.26803, -17.30076 ], [ -63.26801, -17.30077 ], [ -63.26788, -17.30156 ], [ -63.26898, -17.30201 ], [ -63.26907, -17.30199 ], [ -63.26938, -17.30129 ], [ -63.26803, -17.30076 ] ] ] } },
{ "type": "Feature", "properties": { "i": 2558 }, "geometry": { "type": "Polygon", "coordinates": [ [ [ -63.27396, -17.30074 ], [ -63.27395, -17.3007 ], [ -63.27224, -17.30002 ], [ -63.2722, -17.30002 ], [ -63.27219, -17.30004 ], [ -63.27198, -17.30055 ], [ -63.27199, -17.3006 ], [ -63.27372, -17.3013 ], [ -63.27396, -17.30074 ] ] ] } },
{ "type": "Feature", "properties": { "i": 2559 }, "geometry": { "type": "Polygon", "coordinates": [ [ [ -63.2788, -17.29933 ], [ -63.27734, -17.29875 ], [ -63.27728, -17.29876 ], [ -63.27698, -17.29934 ], [ -63.27854, -17.29998 ], [ -63.2788, -17.29933 ] ] ] } },
{ "type": "Feature", "properties": { "i": 2560 }, "geometry": { "type": "Polygon", "coordinates": [ [ [ -63.25994, -17.30217 ], [ -63.25933, -17.30196 ], [ -63.25887, -17.30261 ], [ -63.2586, -17.303 ], [ -63.25897, -17.30355 ], [ -63.25994, -17.30217 ] ] ] } },
{ "type": "Feature", "properties": { "i": 2561 }, "geometry": { "type": "Polygon", "coordinates": [ [ [ -63.25021, -17.30441 ], [ -63.2502, -17.30437 ], [ -63.2486, -17.30337 ], [ -63.24771, -17.3047 ], [ -63.24932, -17.30572 ], [ -63.25021, -17.30441 ] ] ] } },
{ "type": "Feature", "properties": { "i": 2562 }, "geometry": { "type": "Polygon", "coordinates": [ [ [ -63.26484, -17.30182 ], [ -63.26371, -17.30135 ], [ -63.26369, -17.3019 ], [ -63.26373, -17.30195 ], [ -63.26474, -17.30237 ], [ -63.26484, -17.30182 ] ] ] } },
{ "type": "Feature", "properties": { "i": 2563 }, "geometry": { "type": "Polygon", "coordinates": [ [ [ -63.27606, -17.29994 ], [ -63.27605, -17.29991 ], [ -63.2747, -17.29936 ], [ -63.27468, -17.29937 ], [ -63.27444, -17.29997 ], [ -63.27574, -17.30046 ], [ -63.27606, -17.29994 ] ] ] } },
{ "type": "Feature", "properties": { "i": 2564 }, "geometry": { "type": "Polygon", "coordinates": [ [ [ -63.28138, -17.29815 ], [ -63.28119, -17.29863 ], [ -63.28276, -17.29927 ], [ -63.28279, -17.29926 ], [ -63.28301, -17.29873 ], [ -63.28297, -17.29868 ], [ -63.28138, -17.29815 ] ] ] } },
{ "type": "Feature", "properties": { "i": 2565 }, "geometry": { "type": "Polygon", "coordinates": [ [ [ -63.252, -17.3053 ], [ -63.2531, -17.30363 ], [ -63.2531, -17.30358 ], [ -63.25163, -17.30265 ], [ -63.25156, -17.30267 ], [ -63.25042, -17.30433 ], [ -63.252, -17.3053 ] ] ] } },
{ "type": "Feature", "properties": { "i": 2566 }, "geometry": { "type": "Polygon", "coordinates": [ [ [ -63.25847, -17.30302 ], [ -63.25776, -17.30193 ], [ -63.25771, -17.30193 ], [ -63.25704, -17.30284 ], [ -63.25784, -17.30392 ], [ -63.25847, -17.30302 ] ] ] } },
{ "type": "Feature", "properties": { "i": 2567 }, "geometry": { "type": "Polygon", "coordinates": [ [ [ -63.27149, -17.30123 ], [ -63.27174, -17.30063 ], [ -63.27009, -17.29998 ], [ -63.27004, -17.29999 ], [ -63.2698, -17.30053 ], [ -63.26981, -17.30056 ], [ -63.27149, -17.30123 ] ] ] } },
{ "type": "Feature", "properties": { "i": 2568 }, "geometry": { "type": "Polygon", "coordinates": [ [ [ -63.2743, -17.30005 ], [ -63.27428, -17.3 ], [ -63.27422, -17.29997 ], [ -63.27252, -17.29929 ], [ -63.27227, -17.29989 ], [ -63.27229, -17.29992 ], [ -63.27406, -17.30062 ], [ -63.2743, -17.30005 ] ] ] } },
{ "type": "Feature", "properties": { "i": 2569 }, "geometry": { "type": "Polygon", "coordinates": [ [ [ -63.26938, -17.3012 ], [ -63.26962, -17.30067 ], [ -63.2696, -17.3006 ], [ -63.26821, -17.30005 ], [ -63.26818, -17.30006 ], [ -63.26805, -17.30062 ], [ -63.26806, -17.30069 ], [ -63.26809, -17.30072 ], [ -63.26931, -17.30122 ], [ -63.26938, -17.3012 ] ] ] } },
{ "type": "Feature", "properties": { "i": 2570 }, "geometry": { "type": "Polygon", "coordinates": [ [ [ -63.26165, -17.30261 ], [ -63.26161, -17.3015 ], [ -63.26137, -17.30141 ], [ -63.26075, -17.30228 ], [ -63.26165, -17.30261 ] ] ] } },
{ "type": "Feature", "properties": { "i": 2571 }, "geometry": { "type": "Polygon", "coordinates": [ [ [ -63.28105, -17.29866 ], [ -63.27948, -17.29804 ], [ -63.27926, -17.29857 ], [ -63.28083, -17.29919 ], [ -63.28105, -17.29866 ] ] ] } },
{ "type": "Feature", "properties": { "i": 2572 }, "geometry": { "type": "Polygon", "coordinates": [ [ [ -63.25854, -17.3029 ], [ -63.25924, -17.30195 ], [ -63.25923, -17.30191 ], [ -63.25866, -17.30171 ], [ -63.25818, -17.30242 ], [ -63.25854, -17.3029 ] ] ] } },
{ "type": "Feature", "properties": { "i": 2573 }, "geometry": { "type": "Polygon", "coordinates": [ [ [ -63.26375, -17.30057 ], [ -63.26372, -17.30126 ], [ -63.26552, -17.30199 ], [ -63.26569, -17.30121 ], [ -63.26388, -17.3005 ], [ -63.26375, -17.30057 ] ] ] } },
{ "type": "Feature", "properties": { "i": 2574 }, "geometry": { "type": "Polygon", "coordinates": [ [ [ -63.26783, -17.30069 ], [ -63.26637, -17.30012 ], [ -63.26633, -17.30013 ], [ -63.26617, -17.30086 ], [ -63.26767, -17.30146 ], [ -63.26783, -17.30069 ] ] ] } },
{ "type": "Feature", "properties": { "i": 2575 }, "geometry": { "type": "Polygon", "coordinates": [ [ [ -63.27656, -17.2993 ], [ -63.27656, -17.29925 ], [ -63.27487, -17.29858 ], [ -63.27484, -17.2986 ], [ -63.27462, -17.29913 ], [ -63.27618, -17.29975 ], [ -63.27656, -17.2993 ] ] ] } },
{ "type": "Feature", "properties": { "i": 2576 }, "geometry": { "type": "Polygon", "coordinates": [ [ [ -63.26132, -17.30139 ], [ -63.26071, -17.30117 ], [ -63.26009, -17.30205 ], [ -63.26069, -17.30226 ], [ -63.26132, -17.30139 ] ] ] } },
{ "type": "Feature", "properties": { "i": 2577 }, "geometry": { "type": "Polygon", "coordinates": [ [ [ -63.27204, -17.29994 ], [ -63.27038, -17.29927 ], [ -63.27034, -17.29929 ], [ -63.2701, -17.29986 ], [ -63.27176, -17.30052 ], [ -63.2718, -17.30051 ], [ -63.27204, -17.29994 ] ] ] } },
{ "type": "Feature", "properties": { "i": 2578 }, "geometry": { "type": "Polygon", "coordinates": [ [ [ -63.20959, -17.30866 ], [ -63.20859, -17.30998 ], [ -63.20842, -17.31093 ], [ -63.20848, -17.31106 ], [ -63.20847, -17.31109 ], [ -63.20843, -17.31109 ], [ -63.20833, -17.31085 ], [ -63.20796, -17.31098 ], [ -63.20788, -17.31113 ], [ -63.20784, -17.31173 ], [ -63.20803, -17.31187 ], [ -63.20804, -17.31239 ], [ -63.21035, -17.31328 ], [ -63.21178, -17.30943 ], [ -63.20959, -17.30866 ] ] ] } },
{ "type": "Feature", "properties": { "i": 2579 }, "geometry": { "type": "Polygon", "coordinates": [ [ [ -63.27911, -17.29862 ], [ -63.27757, -17.29799 ], [ -63.27737, -17.29863 ], [ -63.27887, -17.29924 ], [ -63.27911, -17.29862 ] ] ] } },
{ "type": "Feature", "properties": { "i": 2580 }, "geometry": { "type": "Polygon", "coordinates": [ [ [ -63.26345, -17.30127 ], [ -63.26217, -17.30077 ], [ -63.26215, -17.30132 ], [ -63.26344, -17.30182 ], [ -63.26345, -17.30127 ] ] ] } },
{ "type": "Feature", "properties": { "i": 2581 }, "geometry": { "type": "Polygon", "coordinates": [ [ [ -63.28132, -17.2981 ], [ -63.27973, -17.29747 ], [ -63.27951, -17.29794 ], [ -63.28111, -17.2986 ], [ -63.28132, -17.2981 ] ] ] } },
{ "type": "Feature", "properties": { "i": 2582 }, "geometry": { "type": "Polygon", "coordinates": [ [ [ -63.27701, -17.29862 ], [ -63.27516, -17.29788 ], [ -63.27511, -17.29789 ], [ -63.27485, -17.2985 ], [ -63.27657, -17.29919 ], [ -63.27667, -17.29916 ], [ -63.27701, -17.29862 ] ] ] } },
{ "type": "Feature", "properties": { "i": 2583 }, "geometry": { "type": "Polygon", "coordinates": [ [ [ -63.24847, -17.30333 ], [ -63.24692, -17.3023 ], [ -63.24645, -17.30297 ], [ -63.24602, -17.30364 ], [ -63.2476, -17.30462 ], [ -63.24847, -17.30333 ] ] ] } },
{ "type": "Feature", "properties": { "i": 2584 }, "geometry": { "type": "Polygon", "coordinates": [ [ [ -63.26797, -17.30002 ], [ -63.2665, -17.29944 ], [ -63.26637, -17.29997 ], [ -63.26785, -17.30056 ], [ -63.26797, -17.30002 ] ] ] } },
{ "type": "Feature", "properties": { "i": 2585 }, "geometry": { "type": "Polygon", "coordinates": [ [ [ -63.27234, -17.29925 ], [ -63.27063, -17.29857 ], [ -63.27037, -17.29916 ], [ -63.27039, -17.2992 ], [ -63.27209, -17.29987 ], [ -63.27234, -17.29925 ] ] ] } },
{ "type": "Feature", "properties": { "i": 2586 }, "geometry": { "type": "Polygon", "coordinates": [ [ [ -63.25145, -17.30252 ], [ -63.24987, -17.30152 ], [ -63.24872, -17.30325 ], [ -63.25027, -17.30423 ], [ -63.25145, -17.30252 ] ] ] } },
{ "type": "Feature", "properties": { "i": 2587 }, "geometry": { "type": "Polygon", "coordinates": [ [ [ -63.2612, -17.30036 ], [ -63.26065, -17.3001 ], [ -63.25945, -17.30182 ], [ -63.26004, -17.30203 ], [ -63.2612, -17.30036 ] ] ] } },
{ "type": "Feature", "properties": { "i": 2588 }, "geometry": { "type": "Polygon", "coordinates": [ [ [ -63.2794, -17.29798 ], [ -63.2777, -17.2973 ], [ -63.2776, -17.29788 ], [ -63.27915, -17.29851 ], [ -63.27918, -17.29852 ], [ -63.2794, -17.29802 ], [ -63.2794, -17.29798 ] ] ] } },
{ "type": "Feature", "properties": { "i": 2589 }, "geometry": { "type": "Polygon", "coordinates": [ [ [ -63.26835, -17.29928 ], [ -63.26833, -17.2993 ], [ -63.26821, -17.29991 ], [ -63.26822, -17.29994 ], [ -63.26968, -17.30052 ], [ -63.26994, -17.29994 ], [ -63.26992, -17.29991 ], [ -63.26835, -17.29928 ] ] ] } },
{ "type": "Feature", "properties": { "i": 2590 }, "geometry": { "type": "Polygon", "coordinates": [ [ [ -63.26623, -17.30006 ], [ -63.26481, -17.2995 ], [ -63.26477, -17.29951 ], [ -63.26475, -17.29954 ], [ -63.26462, -17.30024 ], [ -63.26463, -17.30026 ], [ -63.26601, -17.30081 ], [ -63.26605, -17.3008 ], [ -63.26623, -17.30006 ] ] ] } },
{ "type": "Feature", "properties": { "i": 2591 }, "geometry": { "type": "Polygon", "coordinates": [ [ [ -63.26161, -17.30144 ], [ -63.26152, -17.30049 ], [ -63.26127, -17.30039 ], [ -63.26075, -17.30113 ], [ -63.26161, -17.30144 ] ] ] } },
{ "type": "Feature", "properties": { "i": 2592 }, "geometry": { "type": "Polygon", "coordinates": [ [ [ -63.27473, -17.29852 ], [ -63.27385, -17.29817 ], [ -63.27385, -17.29815 ], [ -63.27294, -17.29779 ], [ -63.27272, -17.29825 ], [ -63.27271, -17.29833 ], [ -63.27272, -17.29839 ], [ -63.27452, -17.29911 ], [ -63.27475, -17.29857 ], [ -63.27473, -17.29852 ] ] ] } },
{ "type": "Feature", "properties": { "i": 2593 }, "geometry": { "type": "Polygon", "coordinates": [ [ [ -63.26058, -17.30008 ], [ -63.26, -17.29983 ], [ -63.25878, -17.30157 ], [ -63.25939, -17.3018 ], [ -63.26058, -17.30008 ] ] ] } },
{ "type": "Feature", "properties": { "i": 2594 }, "geometry": { "type": "Polygon", "coordinates": [ [ [ -63.27023, -17.29921 ], [ -63.26905, -17.29875 ], [ -63.26907, -17.29873 ], [ -63.26849, -17.2985 ], [ -63.26847, -17.29851 ], [ -63.26834, -17.29913 ], [ -63.26836, -17.29916 ], [ -63.26995, -17.29981 ], [ -63.27, -17.2998 ], [ -63.27024, -17.29924 ], [ -63.27023, -17.29921 ] ] ] } },
{ "type": "Feature", "properties": { "i": 2595 }, "geometry": { "type": "Polygon", "coordinates": [ [ [ -63.268, -17.29992 ], [ -63.26809, -17.29935 ], [ -63.26808, -17.29931 ], [ -63.26663, -17.29876 ], [ -63.26651, -17.29934 ], [ -63.268, -17.29992 ] ] ] } },
{ "type": "Feature", "properties": { "i": 2596 }, "geometry": { "type": "Polygon", "coordinates": [ [ [ -63.27723, -17.29787 ], [ -63.27722, -17.29782 ], [ -63.27546, -17.29712 ], [ -63.27542, -17.29716 ], [ -63.27517, -17.29775 ], [ -63.277, -17.29848 ], [ -63.27704, -17.29843 ], [ -63.27723, -17.29787 ] ] ] } },
{ "type": "Feature", "properties": { "i": 2597 }, "geometry": { "type": "Polygon", "coordinates": [ [ [ -63.27963, -17.29743 ], [ -63.27853, -17.29703 ], [ -63.2778, -17.2968 ], [ -63.27777, -17.29681 ], [ -63.27771, -17.29726 ], [ -63.27944, -17.29792 ], [ -63.27963, -17.29743 ] ] ] } },
{ "type": "Feature", "properties": { "i": 2598 }, "geometry": { "type": "Polygon", "coordinates": [ [ [ -63.25993, -17.29981 ], [ -63.25933, -17.29958 ], [ -63.25812, -17.30135 ], [ -63.25872, -17.30156 ], [ -63.25993, -17.29981 ] ] ] } },
{ "type": "Feature", "properties": { "i": 2599 }, "geometry": { "type": "Polygon", "coordinates": [ [ [ -63.26641, -17.29938 ], [ -63.26487, -17.29879 ], [ -63.26475, -17.29934 ], [ -63.26478, -17.29938 ], [ -63.26626, -17.29996 ], [ -63.26641, -17.29938 ] ] ] } },
{ "type": "Feature", "properties": { "i": 2600 }, "geometry": { "type": "Polygon", "coordinates": [ [ [ -63.27294, -17.29775 ], [ -63.2748, -17.29846 ], [ -63.27506, -17.29785 ], [ -63.27406, -17.29746 ], [ -63.27407, -17.29743 ], [ -63.27326, -17.29711 ], [ -63.27322, -17.29712 ], [ -63.27294, -17.29775 ] ] ] } },
{ "type": "Feature", "properties": { "i": 2601 }, "geometry": { "type": "Polygon", "coordinates": [ [ [ -63.27146, -17.29722 ], [ -63.2714, -17.29723 ], [ -63.27118, -17.29777 ], [ -63.27262, -17.29834 ], [ -63.27287, -17.29777 ], [ -63.27146, -17.29722 ] ] ] } },
{ "type": "Feature", "properties": { "i": 2602 }, "geometry": { "type": "Polygon", "coordinates": [ [ [ -63.2703, -17.29913 ], [ -63.27054, -17.29851 ], [ -63.26865, -17.29775 ], [ -63.2686, -17.29778 ], [ -63.2685, -17.29839 ], [ -63.27028, -17.29913 ], [ -63.2703, -17.29913 ] ] ] } },
{ "type": "Feature", "properties": { "i": 2603 }, "geometry": { "type": "Polygon", "coordinates": [ [ [ -63.26657, -17.29872 ], [ -63.26504, -17.29815 ], [ -63.2649, -17.29868 ], [ -63.26491, -17.29871 ], [ -63.26641, -17.2993 ], [ -63.26657, -17.29872 ] ] ] } },
{ "type": "Feature", "properties": { "i": 2604 }, "geometry": { "type": "Polygon", "coordinates": [ [ [ -63.25929, -17.29955 ], [ -63.25869, -17.29933 ], [ -63.25744, -17.30111 ], [ -63.25804, -17.30133 ], [ -63.25807, -17.30132 ], [ -63.25929, -17.29955 ] ] ] } },
{ "type": "Feature", "properties": { "i": 2605 }, "geometry": { "type": "Polygon", "coordinates": [ [ [ -63.27735, -17.29715 ], [ -63.27573, -17.29652 ], [ -63.27569, -17.29655 ], [ -63.27547, -17.29707 ], [ -63.2772, -17.29774 ], [ -63.27727, -17.29771 ], [ -63.27735, -17.29715 ] ] ] } },
{ "type": "Feature", "properties": { "i": 2606 }, "geometry": { "type": "Polygon", "coordinates": [ [ [ -63.21505, -17.3104 ], [ -63.21538, -17.30798 ], [ -63.21062, -17.30635 ], [ -63.20964, -17.30857 ], [ -63.21474, -17.31033 ], [ -63.21505, -17.3104 ] ] ] } },
{ "type": "Feature", "properties": { "i": 2607 }, "geometry": { "type": "Polygon", "coordinates": [ [ [ -63.24695, -17.30215 ], [ -63.24857, -17.30315 ], [ -63.24976, -17.30146 ], [ -63.24812, -17.30044 ], [ -63.24695, -17.30215 ] ] ] } },
{ "type": "Feature", "properties": { "i": 2608 }, "geometry": { "type": "Polygon", "coordinates": [ [ [ -63.25675, -17.3009 ], [ -63.25739, -17.3011 ], [ -63.25862, -17.29931 ], [ -63.25801, -17.29912 ], [ -63.25675, -17.3009 ] ] ] } },
{ "type": "Feature", "properties": { "i": 2609 }, "geometry": { "type": "Polygon", "coordinates": [ [ [ -63.2652, -17.29746 ], [ -63.26447, -17.29719 ], [ -63.26422, -17.29786 ], [ -63.26401, -17.29861 ], [ -63.26378, -17.29984 ], [ -63.26453, -17.30016 ], [ -63.26469, -17.29919 ], [ -63.26482, -17.29861 ], [ -63.26499, -17.29802 ], [ -63.2652, -17.29746 ] ] ] } },
{ "type": "Feature", "properties": { "i": 2610 }, "geometry": { "type": "Polygon", "coordinates": [ [ [ -63.26822, -17.29866 ], [ -63.2668, -17.2981 ], [ -63.26666, -17.29868 ], [ -63.26808, -17.29922 ], [ -63.26822, -17.29866 ] ] ] } },
{ "type": "Feature", "properties": { "i": 2611 }, "geometry": { "type": "Polygon", "coordinates": [ [ [ -63.27506, -17.29772 ], [ -63.27513, -17.29769 ], [ -63.27538, -17.29715 ], [ -63.27535, -17.29708 ], [ -63.27357, -17.29639 ], [ -63.27352, -17.2964 ], [ -63.27327, -17.297 ], [ -63.27506, -17.29772 ] ] ] } },
{ "type": "Feature", "properties": { "i": 2612 }, "geometry": { "type": "Polygon", "coordinates": [ [ [ -63.27086, -17.29786 ], [ -63.26876, -17.29699 ], [ -63.26862, -17.29763 ], [ -63.26864, -17.29767 ], [ -63.27058, -17.29844 ], [ -63.27062, -17.29844 ], [ -63.27086, -17.29786 ] ] ] } },
{ "type": "Feature", "properties": { "i": 2613 }, "geometry": { "type": "Polygon", "coordinates": [ [ [ -63.27746, -17.29659 ], [ -63.27591, -17.29602 ], [ -63.27576, -17.2964 ], [ -63.27579, -17.29647 ], [ -63.27735, -17.2971 ], [ -63.27746, -17.29659 ] ] ] } },
{ "type": "Feature", "properties": { "i": 2614 }, "geometry": { "type": "Polygon", "coordinates": [ [ [ -63.26833, -17.29804 ], [ -63.26697, -17.2975 ], [ -63.26694, -17.29751 ], [ -63.26682, -17.29804 ], [ -63.26824, -17.29858 ], [ -63.26834, -17.29807 ], [ -63.26833, -17.29804 ] ] ] } },
{ "type": "Feature", "properties": { "i": 2615 }, "geometry": { "type": "Polygon", "coordinates": [ [ [ -63.27146, -17.29715 ], [ -63.27288, -17.29773 ], [ -63.27315, -17.29709 ], [ -63.27171, -17.29651 ], [ -63.27145, -17.29713 ], [ -63.27146, -17.29715 ] ] ] } },
{ "type": "Feature", "properties": { "i": 2616 }, "geometry": { "type": "Polygon", "coordinates": [ [ [ -63.26659, -17.29864 ], [ -63.26671, -17.29808 ], [ -63.26527, -17.2975 ], [ -63.26507, -17.29803 ], [ -63.26508, -17.29806 ], [ -63.26655, -17.29865 ], [ -63.26659, -17.29864 ] ] ] } },
{ "type": "Feature", "properties": { "i": 2617 }, "geometry": { "type": "Polygon", "coordinates": [ [ [ -63.25734, -17.29893 ], [ -63.2567, -17.29988 ], [ -63.2567, -17.29993 ], [ -63.25696, -17.30051 ], [ -63.25792, -17.29914 ], [ -63.2579, -17.29908 ], [ -63.25737, -17.29892 ], [ -63.25734, -17.29893 ] ] ] } },
{ "type": "Feature", "properties": { "i": 2618 }, "geometry": { "type": "Polygon", "coordinates": [ [ [ -63.27136, -17.29722 ], [ -63.27133, -17.29717 ], [ -63.26991, -17.2966 ], [ -63.26968, -17.29713 ], [ -63.26969, -17.29718 ], [ -63.27114, -17.29776 ], [ -63.27136, -17.29722 ] ] ] } },
{ "type": "Feature", "properties": { "i": 2619 }, "geometry": { "type": "Polygon", "coordinates": [ [ [ -63.27565, -17.29651 ], [ -63.27563, -17.29647 ], [ -63.27384, -17.29575 ], [ -63.27381, -17.29576 ], [ -63.27358, -17.29627 ], [ -63.27359, -17.29632 ], [ -63.27542, -17.29704 ], [ -63.27544, -17.29703 ], [ -63.27565, -17.29651 ] ] ] } },
{ "type": "Feature", "properties": { "i": 2620 }, "geometry": { "type": "Polygon", "coordinates": [ [ [ -63.25538, -17.30054 ], [ -63.25474, -17.29914 ], [ -63.25353, -17.2963 ], [ -63.25001, -17.30139 ], [ -63.25327, -17.30346 ], [ -63.25538, -17.30054 ] ] ] } },
{ "type": "Feature", "properties": { "i": 2621 }, "geometry": { "type": "Polygon", "coordinates": [ [ [ -63.27203, -17.29577 ], [ -63.27176, -17.29637 ], [ -63.27177, -17.29641 ], [ -63.27321, -17.29699 ], [ -63.27348, -17.29637 ], [ -63.27347, -17.29634 ], [ -63.27207, -17.29576 ], [ -63.27203, -17.29577 ] ] ] } },
{ "type": "Feature", "properties": { "i": 2622 }, "geometry": { "type": "Polygon", "coordinates": [ [ [ -63.26668, -17.29798 ], [ -63.26674, -17.29795 ], [ -63.26686, -17.29745 ], [ -63.26552, -17.29691 ], [ -63.26532, -17.29739 ], [ -63.26533, -17.29744 ], [ -63.26668, -17.29798 ] ] ] } },
{ "type": "Feature", "properties": { "i": 2623 }, "geometry": { "type": "Polygon", "coordinates": [ [ [ -63.27566, -17.29641 ], [ -63.2757, -17.29639 ], [ -63.27583, -17.29607 ], [ -63.2758, -17.29601 ], [ -63.27399, -17.29532 ], [ -63.27384, -17.2957 ], [ -63.27566, -17.29641 ] ] ] } },
{ "type": "Feature", "properties": { "i": 2624 }, "geometry": { "type": "Polygon", "coordinates": [ [ [ -63.27025, -17.29593 ], [ -63.26995, -17.29651 ], [ -63.26997, -17.29656 ], [ -63.27136, -17.29711 ], [ -63.27141, -17.29709 ], [ -63.27167, -17.29649 ], [ -63.27025, -17.29593 ] ] ] } },
{ "type": "Feature", "properties": { "i": 2625 }, "geometry": { "type": "Polygon", "coordinates": [ [ [ -63.26835, -17.29793 ], [ -63.26844, -17.29747 ], [ -63.26713, -17.29684 ], [ -63.26711, -17.29685 ], [ -63.26699, -17.29739 ], [ -63.26835, -17.29793 ] ] ] } },
{ "type": "Feature", "properties": { "i": 2626 }, "geometry": { "type": "Polygon", "coordinates": [ [ [ -63.25081, -17.29987 ], [ -63.2492, -17.29877 ], [ -63.24825, -17.30027 ], [ -63.24982, -17.3013 ], [ -63.25081, -17.29987 ] ] ] } },
{ "type": "Feature", "properties": { "i": 2627 }, "geometry": { "type": "Polygon", "coordinates": [ [ [ -63.26142, -17.29782 ], [ -63.26067, -17.29737 ], [ -63.25998, -17.29834 ], [ -63.25998, -17.29837 ], [ -63.26, -17.29841 ], [ -63.26081, -17.29871 ], [ -63.26142, -17.29782 ] ] ] } },
{ "type": "Feature", "properties": { "i": 2628 }, "geometry": { "type": "Polygon", "coordinates": [ [ [ -63.27199, -17.29572 ], [ -63.27097, -17.29532 ], [ -63.27093, -17.29532 ], [ -63.27022, -17.2958 ], [ -63.27171, -17.29639 ], [ -63.27199, -17.29572 ] ] ] } },
{ "type": "Feature", "properties": { "i": 2629 }, "geometry": { "type": "Polygon", "coordinates": [ [ [ -63.26961, -17.29714 ], [ -63.27014, -17.29589 ], [ -63.26939, -17.29559 ], [ -63.26901, -17.29619 ], [ -63.26881, -17.29681 ], [ -63.26961, -17.29714 ] ] ] } },
{ "type": "Feature", "properties": { "i": 2630 }, "geometry": { "type": "Polygon", "coordinates": [ [ [ -63.26857, -17.29693 ], [ -63.26855, -17.29684 ], [ -63.26633, -17.29549 ], [ -63.26629, -17.29548 ], [ -63.26592, -17.29609 ], [ -63.26595, -17.29614 ], [ -63.26845, -17.2974 ], [ -63.26857, -17.29693 ] ] ] } },
{ "type": "Feature", "properties": { "i": 2631 }, "geometry": { "type": "Polygon", "coordinates": [ [ [ -63.27393, -17.29529 ], [ -63.27345, -17.2951 ], [ -63.2733, -17.29522 ], [ -63.27319, -17.29542 ], [ -63.27378, -17.29567 ], [ -63.27393, -17.29529 ] ] ] } },
{ "type": "Feature", "properties": { "i": 2632 }, "geometry": { "type": "Polygon", "coordinates": [ [ [ -63.27351, -17.29628 ], [ -63.27353, -17.29627 ], [ -63.27375, -17.29573 ], [ -63.27158, -17.29485 ], [ -63.27099, -17.29528 ], [ -63.27351, -17.29628 ] ] ] } },
{ "type": "Feature", "properties": { "i": 2633 }, "geometry": { "type": "Polygon", "coordinates": [ [ [ -63.26683, -17.29733 ], [ -63.26689, -17.2973 ], [ -63.26704, -17.29677 ], [ -63.26588, -17.29619 ], [ -63.26585, -17.29621 ], [ -63.26555, -17.2968 ], [ -63.26683, -17.29733 ] ] ] } },
{ "type": "Feature", "properties": { "i": 2634 }, "geometry": { "type": "Polygon", "coordinates": [ [ [ -63.26875, -17.29629 ], [ -63.26671, -17.29487 ], [ -63.26634, -17.29539 ], [ -63.26863, -17.29681 ], [ -63.26875, -17.29629 ] ] ] } },
{ "type": "Feature", "properties": { "i": 2635 }, "geometry": { "type": "Polygon", "coordinates": [ [ [ -63.27018, -17.2958 ], [ -63.27153, -17.29482 ], [ -63.27098, -17.2941 ], [ -63.26992, -17.29488 ], [ -63.26959, -17.2952 ], [ -63.2694, -17.29544 ], [ -63.2694, -17.29546 ], [ -63.27018, -17.2958 ] ] ] } },
{ "type": "Feature", "properties": { "i": 2636 }, "geometry": { "type": "Polygon", "coordinates": [ [ [ -63.26898, -17.29564 ], [ -63.26712, -17.29435 ], [ -63.26674, -17.29483 ], [ -63.26874, -17.2962 ], [ -63.26899, -17.2957 ], [ -63.26898, -17.29564 ] ] ] } },
{ "type": "Feature", "properties": { "i": 2637 }, "geometry": { "type": "Polygon", "coordinates": [ [ [ -63.27227, -17.29437 ], [ -63.27344, -17.29483 ], [ -63.27384, -17.29368 ], [ -63.27355, -17.29346 ], [ -63.27227, -17.29437 ] ] ] } },
{ "type": "Feature", "properties": { "i": 2638 }, "geometry": { "type": "Polygon", "coordinates": [ [ [ -63.22404, -17.30053 ], [ -63.22362, -17.30064 ], [ -63.22324, -17.30061 ], [ -63.22315, -17.30063 ], [ -63.22307, -17.30068 ], [ -63.22295, -17.30087 ], [ -63.22292, -17.30094 ], [ -63.22283, -17.30149 ], [ -63.22258, -17.30326 ], [ -63.22399, -17.30388 ], [ -63.22497, -17.30429 ], [ -63.22528, -17.3044 ], [ -63.22647, -17.30497 ], [ -63.22752, -17.30533 ], [ -63.22765, -17.30555 ], [ -63.22779, -17.30572 ], [ -63.22803, -17.30596 ], [ -63.22831, -17.30614 ], [ -63.22885, -17.30475 ], [ -63.2306, -17.30082 ], [ -63.23074, -17.30045 ], [ -63.23061, -17.3004 ], [ -63.23048, -17.30039 ], [ -63.22943, -17.30035 ], [ -63.23026, -17.29827 ], [ -63.22803, -17.2979 ], [ -63.22753, -17.2978 ], [ -63.2276, -17.29752 ], [ -63.22439, -17.29695 ], [ -63.22407, -17.29925 ], [ -63.22423, -17.29963 ], [ -63.22414, -17.30043 ], [ -63.22412, -17.30047 ], [ -63.22404, -17.30053 ] ] ] } },
{ "type": "Feature", "properties": { "i": 2639 }, "geometry": { "type": "Polygon", "coordinates": [ [ [ -63.26906, -17.29561 ], [ -63.2691, -17.29561 ], [ -63.26938, -17.29511 ], [ -63.26758, -17.29385 ], [ -63.2672, -17.2943 ], [ -63.26906, -17.29561 ] ] ] } },
{ "type": "Feature", "properties": { "i": 2640 }, "geometry": { "type": "Polygon", "coordinates": [ [ [ -63.27102, -17.29408 ], [ -63.27158, -17.29479 ], [ -63.27282, -17.29391 ], [ -63.27228, -17.2932 ], [ -63.27102, -17.29408 ] ] ] } },
{ "type": "Feature", "properties": { "i": 2641 }, "geometry": { "type": "Polygon", "coordinates": [ [ [ -63.26984, -17.29463 ], [ -63.26808, -17.29338 ], [ -63.26805, -17.29338 ], [ -63.26768, -17.29376 ], [ -63.26768, -17.29383 ], [ -63.26941, -17.29504 ], [ -63.26946, -17.29503 ], [ -63.26984, -17.29467 ], [ -63.26984, -17.29463 ] ] ] } },
{ "type": "Feature", "properties": { "i": 2642 }, "geometry": { "type": "Polygon", "coordinates": [ [ [ -63.19949, -17.30518 ], [ -63.20702, -17.30787 ], [ -63.20746, -17.30668 ], [ -63.20745, -17.30656 ], [ -63.20736, -17.30621 ], [ -63.20717, -17.30572 ], [ -63.2072, -17.30531 ], [ -63.20052, -17.30304 ], [ -63.19949, -17.30518 ] ] ] } },
{ "type": "Feature", "properties": { "i": 2643 }, "geometry": { "type": "Polygon", "coordinates": [ [ [ -63.27041, -17.29427 ], [ -63.2704, -17.29422 ], [ -63.2686, -17.29296 ], [ -63.26854, -17.29296 ], [ -63.26812, -17.29331 ], [ -63.26994, -17.29461 ], [ -63.27041, -17.29427 ] ] ] } },
{ "type": "Feature", "properties": { "i": 2644 }, "geometry": { "type": "Polygon", "coordinates": [ [ [ -63.27101, -17.29385 ], [ -63.2691, -17.29252 ], [ -63.26868, -17.29288 ], [ -63.26868, -17.29291 ], [ -63.27053, -17.2942 ], [ -63.27101, -17.29385 ] ] ] } },
{ "type": "Feature", "properties": { "i": 2645 }, "geometry": { "type": "Polygon", "coordinates": [ [ [ -63.27107, -17.29378 ], [ -63.27111, -17.29379 ], [ -63.27154, -17.29351 ], [ -63.27156, -17.29348 ], [ -63.27154, -17.29345 ], [ -63.26963, -17.29213 ], [ -63.26959, -17.29214 ], [ -63.2692, -17.29246 ], [ -63.27107, -17.29378 ] ] ] } },
{ "type": "Feature", "properties": { "i": 2646 }, "geometry": { "type": "Polygon", "coordinates": [ [ [ -63.2746, -17.29173 ], [ -63.27447, -17.29166 ], [ -63.27301, -17.2927 ], [ -63.27398, -17.29337 ], [ -63.27425, -17.29272 ], [ -63.2746, -17.29173 ] ] ] } },
{ "type": "Feature", "properties": { "i": 2647 }, "geometry": { "type": "Polygon", "coordinates": [ [ [ -63.27215, -17.2931 ], [ -63.27215, -17.29305 ], [ -63.27015, -17.29168 ], [ -63.26974, -17.29202 ], [ -63.26974, -17.29205 ], [ -63.27169, -17.29344 ], [ -63.27215, -17.2931 ] ] ] } },
{ "type": "Feature", "properties": { "i": 2648 }, "geometry": { "type": "Polygon", "coordinates": [ [ [ -63.27274, -17.29268 ], [ -63.27068, -17.29125 ], [ -63.2706, -17.29126 ], [ -63.27022, -17.29158 ], [ -63.27023, -17.29161 ], [ -63.27229, -17.29302 ], [ -63.27273, -17.29272 ], [ -63.27274, -17.29268 ] ] ] } },
{ "type": "Feature", "properties": { "i": 2649 }, "geometry": { "type": "Polygon", "coordinates": [ [ [ -63.22012, -17.29899 ], [ -63.21924, -17.30315 ], [ -63.22081, -17.30338 ], [ -63.22097, -17.30312 ], [ -63.2213, -17.30281 ], [ -63.2216, -17.30264 ], [ -63.22208, -17.30139 ], [ -63.22228, -17.30128 ], [ -63.22265, -17.30132 ], [ -63.22273, -17.30128 ], [ -63.2229, -17.29992 ], [ -63.22283, -17.29986 ], [ -63.2221, -17.29966 ], [ -63.22054, -17.29931 ], [ -63.22032, -17.29917 ], [ -63.22012, -17.29899 ] ] ] } },
{ "type": "Feature", "properties": { "i": 2650 }, "geometry": { "type": "Polygon", "coordinates": [ [ [ -63.19833, -17.30547 ], [ -63.1979, -17.30566 ], [ -63.1965, -17.30604 ], [ -63.19644, -17.30624 ], [ -63.19653, -17.30654 ], [ -63.19672, -17.30675 ], [ -63.19705, -17.30688 ], [ -63.19752, -17.30621 ], [ -63.19758, -17.30615 ], [ -63.19776, -17.30606 ], [ -63.19873, -17.30566 ], [ -63.19891, -17.30575 ], [ -63.1991, -17.30588 ], [ -63.19949, -17.30529 ], [ -63.19937, -17.30523 ], [ -63.20042, -17.30303 ], [ -63.20039, -17.30296 ], [ -63.19825, -17.30222 ], [ -63.19823, -17.30228 ], [ -63.19856, -17.3033 ], [ -63.19854, -17.3034 ], [ -63.19797, -17.30452 ], [ -63.19784, -17.3046 ], [ -63.19574, -17.30465 ], [ -63.19498, -17.30474 ], [ -63.1948, -17.3048 ], [ -63.19286, -17.30573 ], [ -63.19267, -17.30587 ], [ -63.19261, -17.30595 ], [ -63.19217, -17.30686 ], [ -63.1933, -17.30707 ], [ -63.19342, -17.30697 ], [ -63.19428, -17.30663 ], [ -63.1945, -17.30647 ], [ -63.19467, -17.30639 ], [ -63.19768, -17.30564 ], [ -63.1979, -17.30558 ], [ -63.19828, -17.30541 ], [ -63.19833, -17.30547 ] ] ] } },
{ "type": "Feature", "properties": { "i": 2651 }, "geometry": { "type": "Polygon", "coordinates": [ [ [ -63.27343, -17.29216 ], [ -63.27343, -17.29213 ], [ -63.27134, -17.29068 ], [ -63.27082, -17.29108 ], [ -63.2729, -17.29253 ], [ -63.27343, -17.29216 ] ] ] } },
{ "type": "Feature", "properties": { "i": 2652 }, "geometry": { "type": "Polygon", "coordinates": [ [ [ -63.26237, -17.29184 ], [ -63.26063, -17.29104 ], [ -63.2623, -17.28889 ], [ -63.26224, -17.28882 ], [ -63.26021, -17.28715 ], [ -63.25888, -17.28845 ], [ -63.25755, -17.28955 ], [ -63.25226, -17.29229 ], [ -63.25596, -17.30082 ], [ -63.25887, -17.29667 ], [ -63.26237, -17.29184 ] ] ] } },
{ "type": "Feature", "properties": { "i": 2653 }, "geometry": { "type": "Polygon", "coordinates": [ [ [ -63.27397, -17.29171 ], [ -63.27188, -17.29025 ], [ -63.2714, -17.29063 ], [ -63.27351, -17.29211 ], [ -63.27396, -17.29177 ], [ -63.27397, -17.29171 ] ] ] } },
{ "type": "Feature", "properties": { "i": 2654 }, "geometry": { "type": "Polygon", "coordinates": [ [ [ -63.24433, -17.29954 ], [ -63.24566, -17.29873 ], [ -63.24654, -17.29929 ], [ -63.24774, -17.29763 ], [ -63.24916, -17.29855 ], [ -63.24999, -17.29729 ], [ -63.25153, -17.29509 ], [ -63.25327, -17.29577 ], [ -63.25258, -17.29422 ], [ -63.2519, -17.2926 ], [ -63.25181, -17.29254 ], [ -63.24274, -17.29106 ], [ -63.24403, -17.2982 ], [ -63.24433, -17.29954 ] ] ] } },
{ "type": "Feature", "properties": { "i": 2655 }, "geometry": { "type": "Polygon", "coordinates": [ [ [ -63.27502, -17.28947 ], [ -63.27516, -17.28882 ], [ -63.27371, -17.28873 ], [ -63.273, -17.28932 ], [ -63.27396, -17.28996 ], [ -63.27389, -17.29038 ], [ -63.27357, -17.29127 ], [ -63.27357, -17.29136 ], [ -63.27406, -17.29168 ], [ -63.27432, -17.29156 ], [ -63.27459, -17.29119 ], [ -63.2747, -17.29087 ], [ -63.27501, -17.28951 ], [ -63.27486, -17.28947 ], [ -63.27486, -17.28943 ], [ -63.27502, -17.28947 ] ] ] } },
{ "type": "Feature", "properties": { "i": 2656 }, "geometry": { "type": "Polygon", "coordinates": [ [ [ -63.27359, -17.29085 ], [ -63.27364, -17.2907 ], [ -63.27363, -17.29067 ], [ -63.27242, -17.28981 ], [ -63.27196, -17.29019 ], [ -63.27351, -17.29129 ], [ -63.27357, -17.29105 ], [ -63.27359, -17.29085 ] ] ] } },
{ "type": "Feature", "properties": { "i": 2657 }, "geometry": { "type": "Polygon", "coordinates": [ [ [ -63.27365, -17.29059 ], [ -63.27391, -17.29007 ], [ -63.27388, -17.29001 ], [ -63.27294, -17.28938 ], [ -63.27247, -17.28977 ], [ -63.27365, -17.29059 ] ] ] } },
{ "type": "Feature", "properties": { "i": 2658 }, "geometry": { "type": "Polygon", "coordinates": [ [ [ -63.27177, -17.29023 ], [ -63.27177, -17.2902 ], [ -63.27112, -17.28972 ], [ -63.27006, -17.29059 ], [ -63.27073, -17.29106 ], [ -63.27076, -17.29106 ], [ -63.27177, -17.29023 ] ] ] } },
{ "type": "Feature", "properties": { "i": 2659 }, "geometry": { "type": "Polygon", "coordinates": [ [ [ -63.19231, -17.30567 ], [ -63.19233, -17.30618 ], [ -63.19229, -17.30617 ], [ -63.19226, -17.30567 ], [ -63.19241, -17.30551 ], [ -63.19187, -17.30445 ], [ -63.19189, -17.30434 ], [ -63.19193, -17.3043 ], [ -63.19344, -17.30356 ], [ -63.19376, -17.30329 ], [ -63.19404, -17.30288 ], [ -63.19459, -17.3017 ], [ -63.1946, -17.30157 ], [ -63.19474, -17.30125 ], [ -63.19477, -17.3012 ], [ -63.19486, -17.30114 ], [ -63.19488, -17.30109 ], [ -63.19443, -17.30095 ], [ -63.19363, -17.30301 ], [ -63.19358, -17.30321 ], [ -63.19349, -17.3033 ], [ -63.19166, -17.30417 ], [ -63.19169, -17.30493 ], [ -63.1919, -17.30577 ], [ -63.19183, -17.30638 ], [ -63.19214, -17.30683 ], [ -63.19243, -17.30619 ], [ -63.19257, -17.30592 ], [ -63.19264, -17.30583 ], [ -63.19243, -17.30554 ], [ -63.19231, -17.30567 ] ] ] } },
{ "type": "Feature", "properties": { "i": 2660 }, "geometry": { "type": "Polygon", "coordinates": [ [ [ -63.22316, -17.30051 ], [ -63.22359, -17.30056 ], [ -63.22394, -17.30048 ], [ -63.22405, -17.3004 ], [ -63.22406, -17.30036 ], [ -63.22408, -17.30004 ], [ -63.22406, -17.29967 ], [ -63.224, -17.29918 ], [ -63.22406, -17.29857 ], [ -63.2243, -17.29673 ], [ -63.22323, -17.29656 ], [ -63.22294, -17.30032 ], [ -63.22301, -17.30041 ], [ -63.22316, -17.30051 ] ] ] } }
]
}
