{
"type": "FeatureCollection",
"name": "geo_el_torno",
"crs": { "type": "name", "properties": { "name": "urn:ogc:def:crs:OGC:1.3:CRS84" } },
"xy_coordinate_resolution": 1e-05,
"features": [
{ "type": "Feature", "properties": { "i": 0 }, "geometry": { "type": "Polygon", "coordinates": [ [ [ -63.51621, -18.16566 ], [ -63.51583, -18.1652 ], [ -63.51543, -18.16549 ], [ -63.51594, -18.16621 ], [ -63.51621, -18.16566 ] ] ] } },
{ "type": "Feature", "properties": { "i": 1 }, "geometry": { "type": "Polygon", "coordinates": [ [ [ -63.5155, -18.16674 ], [ -63.5142, -18.16637 ], [ -63.51319, -18.16591 ], [ -63.51215, -18.16518 ], [ -63.51188, -18.1656 ], [ -63.51271, -18.16608 ], [ -63.51396, -18.16674 ], [ -63.51468, -18.167 ], [ -63.51542, -18.1672 ], [ -63.5155, -18.16674 ] ] ] } },
{ "type": "Feature", "properties": { "i": 2 }, "geometry": { "type": "Polygon", "coordinates": [ [ [ -63.51454, -18.16421 ], [ -63.5144, -18.16426 ], [ -63.51345, -18.16518 ], [ -63.5139, -18.16539 ], [ -63.51426, -18.16477 ], [ -63.5146, -18.1643 ], [ -63.51454, -18.16421 ] ] ] } },
{ "type": "Feature", "properties": { "i": 3 }, "geometry": { "type": "Polygon", "coordinates": [ [ [ -63.50195, -18.16619 ], [ -63.50162, -18.16596 ], [ -63.501, -18.16694 ], [ -63.50115, -18.16703 ], [ -63.50158, -18.1667 ], [ -63.50195, -18.16619 ] ] ] } },
{ "type": "Feature", "properties": { "i": 4 }, "geometry": { "type": "Polygon", "coordinates": [ [ [ -63.5116, -18.16492 ], [ -63.51098, -18.16454 ], [ -63.50955, -18.16392 ], [ -63.50932, -18.16454 ], [ -63.51135, -18.16531 ], [ -63.5116, -18.16492 ] ] ] } },
{ "type": "Feature", "properties": { "i": 5 }, "geometry": { "type": "Polygon", "coordinates": [ [ [ -63.5081, -18.16348 ], [ -63.50804, -18.16335 ], [ -63.50806, -18.16333 ], [ -63.50899, -18.16363 ], [ -63.5094, -18.16374 ], [ -63.50944, -18.1638 ], [ -63.50917, -18.16451 ], [ -63.50827, -18.16438 ], [ -63.508, -18.16418 ], [ -63.50803, -18.16407 ], [ -63.50809, -18.16403 ], [ -63.50827, -18.164 ], [ -63.50889, -18.16398 ], [ -63.50828, -18.16399 ], [ -63.50809, -18.16401 ], [ -63.50804, -18.16396 ], [ -63.5081, -18.16348 ] ] ] } },
{ "type": "Feature", "properties": { "i": 6 }, "geometry": { "type": "Polygon", "coordinates": [ [ [ -63.50167, -18.1659 ], [ -63.502, -18.16613 ], [ -63.50218, -18.16588 ], [ -63.50307, -18.16509 ], [ -63.50269, -18.16475 ], [ -63.50251, -18.16462 ], [ -63.50246, -18.16463 ], [ -63.50167, -18.1659 ] ] ] } },
{ "type": "Feature", "properties": { "i": 7 }, "geometry": { "type": "Polygon", "coordinates": [ [ [ -63.50805, -18.16349 ], [ -63.50794, -18.16327 ], [ -63.50694, -18.16289 ], [ -63.50658, -18.16338 ], [ -63.50664, -18.16348 ], [ -63.50728, -18.16374 ], [ -63.50769, -18.16408 ], [ -63.5078, -18.16414 ], [ -63.50796, -18.16405 ], [ -63.50805, -18.16349 ] ] ] } },
{ "type": "Feature", "properties": { "i": 8 }, "geometry": { "type": "Polygon", "coordinates": [ [ [ -63.50322, -18.16503 ], [ -63.50373, -18.16432 ], [ -63.50301, -18.16379 ], [ -63.50255, -18.16453 ], [ -63.50322, -18.16503 ] ] ] } },
{ "type": "Feature", "properties": { "i": 9 }, "geometry": { "type": "Polygon", "coordinates": [ [ [ -63.5037, -18.16486 ], [ -63.5047, -18.16415 ], [ -63.50504, -18.164 ], [ -63.50547, -18.16405 ], [ -63.50561, -18.16392 ], [ -63.50602, -18.16345 ], [ -63.50591, -18.16334 ], [ -63.50582, -18.16334 ], [ -63.50573, -18.16338 ], [ -63.50501, -18.16275 ], [ -63.50451, -18.16338 ], [ -63.50413, -18.16394 ], [ -63.50354, -18.16474 ], [ -63.5037, -18.16486 ] ] ] } },
{ "type": "Feature", "properties": { "i": 10 }, "geometry": { "type": "Polygon", "coordinates": [ [ [ -63.50868, -18.16222 ], [ -63.509, -18.16229 ], [ -63.50864, -18.16329 ], [ -63.50713, -18.16278 ], [ -63.50727, -18.16262 ], [ -63.50778, -18.16254 ], [ -63.50837, -18.1623 ], [ -63.50868, -18.16222 ] ] ] } },
{ "type": "Feature", "properties": { "i": 11 }, "geometry": { "type": "Polygon", "coordinates": [ [ [ -63.50432, -18.16349 ], [ -63.5038, -18.16422 ], [ -63.50376, -18.16422 ], [ -63.50306, -18.16372 ], [ -63.50356, -18.16292 ], [ -63.50432, -18.16349 ] ] ] } },
{ "type": "Feature", "properties": { "i": 12 }, "geometry": { "type": "Polygon", "coordinates": [ [ [ -63.50687, -18.16285 ], [ -63.50621, -18.1625 ], [ -63.50559, -18.16318 ], [ -63.5057, -18.16327 ], [ -63.50614, -18.16319 ], [ -63.50618, -18.1632 ], [ -63.50619, -18.16336 ], [ -63.50643, -18.16339 ], [ -63.50687, -18.16285 ] ] ] } },
{ "type": "Feature", "properties": { "i": 13 }, "geometry": { "type": "Polygon", "coordinates": [ [ [ -63.50706, -18.16273 ], [ -63.50673, -18.16257 ], [ -63.50635, -18.16228 ], [ -63.50684, -18.16176 ], [ -63.50716, -18.16146 ], [ -63.5082, -18.16231 ], [ -63.50774, -18.1625 ], [ -63.50721, -18.16257 ], [ -63.50706, -18.16273 ] ] ] } },
{ "type": "Feature", "properties": { "i": 14 }, "geometry": { "type": "Polygon", "coordinates": [ [ [ -63.50348, -18.16287 ], [ -63.50294, -18.16247 ], [ -63.50244, -18.16323 ], [ -63.50299, -18.16365 ], [ -63.50348, -18.16287 ] ] ] } },
{ "type": "Feature", "properties": { "i": 15 }, "geometry": { "type": "Polygon", "coordinates": [ [ [ -63.50437, -18.16341 ], [ -63.50491, -18.16262 ], [ -63.50422, -18.16202 ], [ -63.50419, -18.16203 ], [ -63.50363, -18.16285 ], [ -63.50437, -18.16341 ] ] ] } },
{ "type": "Feature", "properties": { "i": 16 }, "geometry": { "type": "Polygon", "coordinates": [ [ [ -63.506, -18.16219 ], [ -63.50594, -18.16224 ], [ -63.5056, -18.16187 ], [ -63.50557, -18.16188 ], [ -63.50542, -18.16208 ], [ -63.50597, -18.1626 ], [ -63.50601, -18.1626 ], [ -63.5062, -18.16239 ], [ -63.506, -18.16219 ] ] ] } },
{ "type": "Feature", "properties": { "i": 17 }, "geometry": { "type": "Polygon", "coordinates": [ [ [ -63.50249, -18.16449 ], [ -63.50079, -18.16319 ], [ -63.50185, -18.1616 ], [ -63.50282, -18.16237 ], [ -63.50282, -18.16241 ], [ -63.50226, -18.16325 ], [ -63.50294, -18.16377 ], [ -63.50249, -18.16449 ] ] ] } },
{ "type": "Feature", "properties": { "i": 18 }, "geometry": { "type": "Polygon", "coordinates": [ [ [ -63.50497, -18.16256 ], [ -63.50552, -18.16177 ], [ -63.50489, -18.16112 ], [ -63.50486, -18.16112 ], [ -63.50428, -18.16192 ], [ -63.50497, -18.16256 ] ] ] } },
{ "type": "Feature", "properties": { "i": 19 }, "geometry": { "type": "Polygon", "coordinates": [ [ [ -63.50342, -18.16133 ], [ -63.50281, -18.16223 ], [ -63.50356, -18.16278 ], [ -63.50413, -18.16195 ], [ -63.50342, -18.16133 ] ] ] } },
{ "type": "Feature", "properties": { "i": 20 }, "geometry": { "type": "Polygon", "coordinates": [ [ [ -63.50706, -18.1614 ], [ -63.50595, -18.16017 ], [ -63.50522, -18.16083 ], [ -63.50597, -18.16177 ], [ -63.50633, -18.16214 ], [ -63.50706, -18.1614 ] ] ] } },
{ "type": "Feature", "properties": { "i": 21 }, "geometry": { "type": "Polygon", "coordinates": [ [ [ -63.50799, -18.16024 ], [ -63.50751, -18.15973 ], [ -63.50657, -18.16071 ], [ -63.50713, -18.16133 ], [ -63.50797, -18.16049 ], [ -63.50799, -18.16024 ] ] ] } },
{ "type": "Feature", "properties": { "i": 22 }, "geometry": { "type": "Polygon", "coordinates": [ [ [ -63.50484, -18.16093 ], [ -63.5042, -18.16186 ], [ -63.50351, -18.16127 ], [ -63.50351, -18.16124 ], [ -63.50418, -18.16035 ], [ -63.50484, -18.16093 ] ] ] } },
{ "type": "Feature", "properties": { "i": 23 }, "geometry": { "type": "Polygon", "coordinates": [ [ [ -63.50248, -18.16067 ], [ -63.50192, -18.1615 ], [ -63.50273, -18.16216 ], [ -63.50337, -18.16129 ], [ -63.50248, -18.16067 ] ] ] } },
{ "type": "Feature", "properties": { "i": 24 }, "geometry": { "type": "Polygon", "coordinates": [ [ [ -63.50727, -18.1599 ], [ -63.50663, -18.15936 ], [ -63.50604, -18.16005 ], [ -63.50653, -18.16065 ], [ -63.50727, -18.1599 ] ] ] } },
{ "type": "Feature", "properties": { "i": 25 }, "geometry": { "type": "Polygon", "coordinates": [ [ [ -63.50342, -18.1612 ], [ -63.50254, -18.16058 ], [ -63.5032, -18.15959 ], [ -63.50409, -18.16029 ], [ -63.50342, -18.1612 ] ] ] } },
{ "type": "Feature", "properties": { "i": 26 }, "geometry": { "type": "Polygon", "coordinates": [ [ [ -63.50515, -18.16075 ], [ -63.50432, -18.15996 ], [ -63.50488, -18.1592 ], [ -63.50544, -18.15955 ], [ -63.50588, -18.16007 ], [ -63.50515, -18.16075 ] ] ] } },
{ "type": "Feature", "properties": { "i": 27 }, "geometry": { "type": "Polygon", "coordinates": [ [ [ -63.50719, -18.15864 ], [ -63.50726, -18.15864 ], [ -63.50734, -18.15868 ], [ -63.50788, -18.15916 ], [ -63.50734, -18.15983 ], [ -63.50667, -18.15927 ], [ -63.50719, -18.15864 ] ] ] } },
{ "type": "Feature", "properties": { "i": 28 }, "geometry": { "type": "Polygon", "coordinates": [ [ [ -63.50658, -18.15927 ], [ -63.50609, -18.15883 ], [ -63.50553, -18.15952 ], [ -63.50597, -18.16001 ], [ -63.50658, -18.15927 ] ] ] } },
{ "type": "Feature", "properties": { "i": 29 }, "geometry": { "type": "Polygon", "coordinates": [ [ [ -63.50579, -18.159 ], [ -63.50532, -18.1587 ], [ -63.50495, -18.15909 ], [ -63.50546, -18.15943 ], [ -63.50579, -18.159 ] ] ] } },
{ "type": "Feature", "properties": { "i": 30 }, "geometry": { "type": "Polygon", "coordinates": [ [ [ -63.50426, -18.15987 ], [ -63.50478, -18.15914 ], [ -63.50478, -18.15911 ], [ -63.50408, -18.1586 ], [ -63.50355, -18.15933 ], [ -63.50426, -18.15987 ] ] ] } },
{ "type": "Feature", "properties": { "i": 31 }, "geometry": { "type": "Polygon", "coordinates": [ [ [ -63.50735, -18.15828 ], [ -63.50732, -18.15837 ], [ -63.50661, -18.15921 ], [ -63.50612, -18.15877 ], [ -63.50697, -18.15779 ], [ -63.50729, -18.15803 ], [ -63.50735, -18.15828 ] ] ] } },
{ "type": "Feature", "properties": { "i": 32 }, "geometry": { "type": "Polygon", "coordinates": [ [ [ -63.50273, -18.1599 ], [ -63.50168, -18.15915 ], [ -63.50174, -18.15903 ], [ -63.50164, -18.15896 ], [ -63.50181, -18.15868 ], [ -63.50189, -18.15859 ], [ -63.50308, -18.15948 ], [ -63.50273, -18.1599 ] ] ] } },
{ "type": "Feature", "properties": { "i": 33 }, "geometry": { "type": "Polygon", "coordinates": [ [ [ -63.50401, -18.15853 ], [ -63.50336, -18.15804 ], [ -63.50284, -18.15884 ], [ -63.50346, -18.1593 ], [ -63.50401, -18.15853 ] ] ] } },
{ "type": "Feature", "properties": { "i": 34 }, "geometry": { "type": "Polygon", "coordinates": [ [ [ -63.49993, -18.15717 ], [ -63.49962, -18.15758 ], [ -63.49931, -18.15766 ], [ -63.49897, -18.15784 ], [ -63.49788, -18.15951 ], [ -63.4979, -18.15963 ], [ -63.49961, -18.1608 ], [ -63.49966, -18.16081 ], [ -63.4998, -18.16079 ], [ -63.49989, -18.16074 ], [ -63.50157, -18.15835 ], [ -63.50045, -18.15752 ], [ -63.49993, -18.15717 ] ] ] } },
{ "type": "Feature", "properties": { "i": 35 }, "geometry": { "type": "Polygon", "coordinates": [ [ [ -63.50643, -18.15824 ], [ -63.50505, -18.15733 ], [ -63.50415, -18.15847 ], [ -63.50415, -18.1585 ], [ -63.50486, -18.15905 ], [ -63.50532, -18.15855 ], [ -63.50586, -18.15892 ], [ -63.50643, -18.15824 ] ] ] } },
{ "type": "Feature", "properties": { "i": 36 }, "geometry": { "type": "Polygon", "coordinates": [ [ [ -63.50241, -18.15852 ], [ -63.50215, -18.15829 ], [ -63.50264, -18.15754 ], [ -63.50326, -18.15799 ], [ -63.50276, -18.15875 ], [ -63.50241, -18.15852 ] ] ] } },
{ "type": "Feature", "properties": { "i": 37 }, "geometry": { "type": "Polygon", "coordinates": [ [ [ -63.50456, -18.15788 ], [ -63.50486, -18.15749 ], [ -63.50487, -18.15739 ], [ -63.50452, -18.15718 ], [ -63.50441, -18.15724 ], [ -63.50405, -18.157 ], [ -63.50374, -18.15745 ], [ -63.50413, -18.15772 ], [ -63.50412, -18.15773 ], [ -63.50373, -18.15746 ], [ -63.50342, -18.15796 ], [ -63.50343, -18.15799 ], [ -63.50406, -18.15844 ], [ -63.50432, -18.15804 ], [ -63.50456, -18.15788 ] ] ] } },
{ "type": "Feature", "properties": { "i": 38 }, "geometry": { "type": "Polygon", "coordinates": [ [ [ -63.49602, -18.15993 ], [ -63.49715, -18.15831 ], [ -63.49714, -18.15825 ], [ -63.49634, -18.15774 ], [ -63.4944, -18.16051 ], [ -63.49379, -18.16132 ], [ -63.49425, -18.16156 ], [ -63.49446, -18.16126 ], [ -63.4945, -18.16126 ], [ -63.49493, -18.16155 ], [ -63.49602, -18.15993 ] ] ] } },
{ "type": "Feature", "properties": { "i": 39 }, "geometry": { "type": "Polygon", "coordinates": [ [ [ -63.50375, -18.15728 ], [ -63.50375, -18.15724 ], [ -63.50352, -18.15708 ], [ -63.50346, -18.1571 ], [ -63.50305, -18.15771 ], [ -63.50333, -18.15791 ], [ -63.50375, -18.15728 ] ] ] } },
{ "type": "Feature", "properties": { "i": 40 }, "geometry": { "type": "Polygon", "coordinates": [ [ [ -63.50341, -18.157 ], [ -63.50315, -18.15682 ], [ -63.5027, -18.15746 ], [ -63.50299, -18.15766 ], [ -63.50341, -18.157 ] ] ] } },
{ "type": "Feature", "properties": { "i": 41 }, "geometry": { "type": "Polygon", "coordinates": [ [ [ -63.50377, -18.15567 ], [ -63.50188, -18.15371 ], [ -63.50004, -18.15613 ], [ -63.49972, -18.1566 ], [ -63.5011, -18.1575 ], [ -63.5021, -18.15825 ], [ -63.50318, -18.15658 ], [ -63.50372, -18.1558 ], [ -63.50377, -18.15567 ] ] ] } },
{ "type": "Feature", "properties": { "i": 42 }, "geometry": { "type": "Polygon", "coordinates": [ [ [ -63.50485, -18.15581 ], [ -63.50431, -18.15514 ], [ -63.50403, -18.15539 ], [ -63.50363, -18.15605 ], [ -63.50318, -18.15672 ], [ -63.50381, -18.15716 ], [ -63.50485, -18.15581 ] ] ] } },
{ "type": "Feature", "properties": { "i": 43 }, "geometry": { "type": "Polygon", "coordinates": [ [ [ -63.49826, -18.15871 ], [ -63.49925, -18.15719 ], [ -63.49871, -18.15677 ], [ -63.49888, -18.15653 ], [ -63.49888, -18.1565 ], [ -63.49773, -18.15573 ], [ -63.49721, -18.15652 ], [ -63.49805, -18.15707 ], [ -63.49734, -18.15812 ], [ -63.49826, -18.15871 ] ] ] } },
{ "type": "Feature", "properties": { "i": 44 }, "geometry": { "type": "Polygon", "coordinates": [ [ [ -63.49934, -18.1572 ], [ -63.49898, -18.15684 ], [ -63.49888, -18.15671 ], [ -63.499, -18.15654 ], [ -63.49989, -18.15715 ], [ -63.49972, -18.15737 ], [ -63.49928, -18.15728 ], [ -63.49934, -18.1572 ] ] ] } },
{ "type": "Feature", "properties": { "i": 45 }, "geometry": { "type": "Polygon", "coordinates": [ [ [ -63.50095, -18.15476 ], [ -63.49965, -18.1539 ], [ -63.49833, -18.15569 ], [ -63.49912, -18.15623 ], [ -63.49948, -18.15575 ], [ -63.49913, -18.15624 ], [ -63.49964, -18.15658 ], [ -63.50095, -18.15476 ] ] ] } },
{ "type": "Feature", "properties": { "i": 46 }, "geometry": { "type": "Polygon", "coordinates": [ [ [ -63.49409, -18.15708 ], [ -63.49587, -18.15454 ], [ -63.4976, -18.15567 ], [ -63.49535, -18.15901 ], [ -63.49448, -18.15837 ], [ -63.49498, -18.15766 ], [ -63.49409, -18.15708 ] ] ] } },
{ "type": "Feature", "properties": { "i": 47 }, "geometry": { "type": "Polygon", "coordinates": [ [ [ -63.50652, -18.15289 ], [ -63.50604, -18.15431 ], [ -63.50574, -18.15432 ], [ -63.50561, -18.15417 ], [ -63.50559, -18.15402 ], [ -63.50565, -18.15371 ], [ -63.50571, -18.15364 ], [ -63.50591, -18.15355 ], [ -63.50599, -18.15347 ], [ -63.50613, -18.15304 ], [ -63.50635, -18.15279 ], [ -63.50652, -18.15289 ] ] ] } },
{ "type": "Feature", "properties": { "i": 48 }, "geometry": { "type": "GeometryCollection", "geometries": [ { "type": "Polygon", "coordinates": [ [ [ -63.49957, -18.15386 ], [ -63.49892, -18.15359 ], [ -63.49772, -18.15529 ], [ -63.49827, -18.15564 ], [ -63.49886, -18.15483 ], [ -63.49957, -18.15386 ] ] ] }, { "type": "LineString", "coordinates": [ [ -63.49886, -18.15483 ], [ -63.49868, -18.15472 ] ] } ] } },
{ "type": "Feature", "properties": { "i": 49 }, "geometry": { "type": "Polygon", "coordinates": [ [ [ -63.50625, -18.1528 ], [ -63.50642, -18.15247 ], [ -63.50614, -18.15236 ], [ -63.5059, -18.15266 ], [ -63.50579, -18.1532 ], [ -63.50597, -18.15325 ], [ -63.50603, -18.15308 ], [ -63.50625, -18.1528 ] ] ] } },
{ "type": "Feature", "properties": { "i": 50 }, "geometry": { "type": "Polygon", "coordinates": [ [ [ -63.4957, -18.15446 ], [ -63.49484, -18.1539 ], [ -63.49291, -18.15664 ], [ -63.49369, -18.15725 ], [ -63.4957, -18.15446 ] ] ] } },
{ "type": "Feature", "properties": { "i": 51 }, "geometry": { "type": "Polygon", "coordinates": [ [ [ -63.49475, -18.15384 ], [ -63.49384, -18.15325 ], [ -63.49196, -18.15583 ], [ -63.49291, -18.15643 ], [ -63.49475, -18.15384 ] ] ] } },
{ "type": "Feature", "properties": { "i": 52 }, "geometry": { "type": "Polygon", "coordinates": [ [ [ -63.49551, -18.1538 ], [ -63.49553, -18.15385 ], [ -63.49764, -18.15525 ], [ -63.49858, -18.15393 ], [ -63.49714, -18.153 ], [ -63.49855, -18.15126 ], [ -63.49801, -18.15112 ], [ -63.49699, -18.15151 ], [ -63.49681, -18.15155 ], [ -63.49621, -18.15153 ], [ -63.49608, -18.1515 ], [ -63.49596, -18.1515 ], [ -63.49585, -18.15156 ], [ -63.49561, -18.15199 ], [ -63.49583, -18.15232 ], [ -63.49581, -18.15236 ], [ -63.49592, -18.15258 ], [ -63.49602, -18.15269 ], [ -63.49602, -18.15315 ], [ -63.49562, -18.15364 ], [ -63.49551, -18.1538 ] ], [ [ -63.49636, -18.15413 ], [ -63.49636, -18.15414 ], [ -63.49562, -18.15364 ], [ -63.49636, -18.15413 ] ] ] } },
{ "type": "Feature", "properties": { "i": 53 }, "geometry": { "type": "Polygon", "coordinates": [ [ [ -63.49377, -18.1532 ], [ -63.49231, -18.15524 ], [ -63.4913, -18.15459 ], [ -63.49286, -18.15261 ], [ -63.49377, -18.1532 ] ] ] } },
{ "type": "Feature", "properties": { "i": 54 }, "geometry": { "type": "Polygon", "coordinates": [ [ [ -63.48547, -18.1567 ], [ -63.48658, -18.1581 ], [ -63.48813, -18.15645 ], [ -63.48876, -18.15571 ], [ -63.48901, -18.15533 ], [ -63.48972, -18.15619 ], [ -63.49107, -18.15466 ], [ -63.49281, -18.15258 ], [ -63.49121, -18.15148 ], [ -63.48982, -18.15058 ], [ -63.48856, -18.14982 ], [ -63.48751, -18.1511 ], [ -63.48533, -18.15367 ], [ -63.48355, -18.15549 ], [ -63.48387, -18.15574 ], [ -63.48405, -18.15575 ], [ -63.48506, -18.15674 ], [ -63.48547, -18.1567 ] ] ] } },
{ "type": "Feature", "properties": { "i": 55 }, "geometry": { "type": "Polygon", "coordinates": [ [ [ -63.49443, -18.1519 ], [ -63.49308, -18.15123 ], [ -63.49284, -18.15158 ], [ -63.49283, -18.15166 ], [ -63.49264, -18.15205 ], [ -63.49538, -18.15376 ], [ -63.4957, -18.15329 ], [ -63.49524, -18.15298 ], [ -63.49525, -18.15297 ], [ -63.49571, -18.15328 ], [ -63.49572, -18.15327 ], [ -63.49586, -18.15308 ], [ -63.49591, -18.15296 ], [ -63.49593, -18.15284 ], [ -63.49592, -18.1527 ], [ -63.49575, -18.15234 ], [ -63.49553, -18.15197 ], [ -63.4952, -18.15244 ], [ -63.49443, -18.1519 ] ] ] } },
{ "type": "Feature", "properties": { "i": 56 }, "geometry": { "type": "Polygon", "coordinates": [ [ [ -63.493, -18.15116 ], [ -63.49167, -18.15029 ], [ -63.49124, -18.1511 ], [ -63.49261, -18.15198 ], [ -63.49282, -18.15154 ], [ -63.493, -18.15128 ], [ -63.493, -18.15116 ] ] ] } },
{ "type": "Feature", "properties": { "i": 57 }, "geometry": { "type": "Polygon", "coordinates": [ [ [ -63.47994, -18.15504 ], [ -63.47993, -18.15551 ], [ -63.48086, -18.1566 ], [ -63.4823, -18.15514 ], [ -63.48287, -18.15466 ], [ -63.48366, -18.15528 ], [ -63.48512, -18.15378 ], [ -63.48748, -18.15105 ], [ -63.48851, -18.14972 ], [ -63.48656, -18.14845 ], [ -63.48549, -18.14771 ], [ -63.48508, -18.14819 ], [ -63.48563, -18.14863 ], [ -63.48562, -18.14864 ], [ -63.48507, -18.1482 ], [ -63.48504, -18.14822 ], [ -63.48463, -18.14867 ], [ -63.485, -18.14897 ], [ -63.48499, -18.14899 ], [ -63.48461, -18.14868 ], [ -63.48459, -18.14869 ], [ -63.48418, -18.14916 ], [ -63.48326, -18.15011 ], [ -63.48359, -18.15039 ], [ -63.48358, -18.1504 ], [ -63.48325, -18.15012 ], [ -63.48282, -18.15057 ], [ -63.48278, -18.15059 ], [ -63.48332, -18.15101 ], [ -63.48276, -18.1506 ], [ -63.48233, -18.15107 ], [ -63.48284, -18.15149 ], [ -63.48283, -18.1515 ], [ -63.48232, -18.15107 ], [ -63.48187, -18.15155 ], [ -63.48221, -18.15183 ], [ -63.4822, -18.15184 ], [ -63.48186, -18.15156 ], [ -63.48095, -18.15248 ], [ -63.48162, -18.15308 ], [ -63.48161, -18.15309 ], [ -63.48093, -18.1525 ], [ -63.48047, -18.15295 ], [ -63.48102, -18.15343 ], [ -63.48101, -18.15344 ], [ -63.48046, -18.15296 ], [ -63.47968, -18.15381 ], [ -63.47962, -18.15399 ], [ -63.47958, -18.15446 ], [ -63.47994, -18.15504 ] ] ] } },
{ "type": "Feature", "properties": { "i": 58 }, "geometry": { "type": "Polygon", "coordinates": [ [ [ -63.49117, -18.15107 ], [ -63.49135, -18.15075 ], [ -63.49152, -18.15032 ], [ -63.49156, -18.15016 ], [ -63.49112, -18.14988 ], [ -63.4915, -18.14929 ], [ -63.49111, -18.14906 ], [ -63.49111, -18.14892 ], [ -63.49093, -18.14883 ], [ -63.4908, -18.14883 ], [ -63.49052, -18.14902 ], [ -63.48997, -18.14967 ], [ -63.48995, -18.14993 ], [ -63.48979, -18.15015 ], [ -63.49117, -18.15107 ] ] ] } },
{ "type": "Feature", "properties": { "i": 59 }, "geometry": { "type": "GeometryCollection", "geometries": [ { "type": "Polygon", "coordinates": [ [ [ -63.48875, -18.14945 ], [ -63.4891, -18.14907 ], [ -63.48887, -18.14889 ], [ -63.48907, -18.14868 ], [ -63.48888, -18.14889 ], [ -63.48911, -18.14906 ], [ -63.48942, -18.14871 ], [ -63.4895, -18.14876 ], [ -63.4897, -18.14853 ], [ -63.48971, -18.14854 ], [ -63.48951, -18.14877 ], [ -63.48969, -18.1489 ], [ -63.48976, -18.14881 ], [ -63.48981, -18.14884 ], [ -63.4897, -18.14898 ], [ -63.48942, -18.14878 ], [ -63.48881, -18.14946 ], [ -63.48882, -18.14949 ], [ -63.48974, -18.15012 ], [ -63.4899, -18.14991 ], [ -63.48992, -18.14966 ], [ -63.49048, -18.14897 ], [ -63.49022, -18.14825 ], [ -63.49088, -18.14741 ], [ -63.49075, -18.14734 ], [ -63.49018, -18.14737 ], [ -63.48975, -18.14718 ], [ -63.48949, -18.14712 ], [ -63.48908, -18.14712 ], [ -63.48783, -18.14725 ], [ -63.48697, -18.1483 ], [ -63.48835, -18.14919 ], [ -63.48875, -18.14945 ] ] ] }, { "type": "LineString", "coordinates": [ [ -63.48835, -18.14919 ], [ -63.48874, -18.14879 ] ] } ] } },
{ "type": "Feature", "properties": { "i": 60 }, "geometry": { "type": "Polygon", "coordinates": [ [ [ -63.47891, -18.15011 ], [ -63.47848, -18.15051 ], [ -63.47927, -18.15122 ], [ -63.47965, -18.15076 ], [ -63.47891, -18.15011 ] ] ] } },
{ "type": "Feature", "properties": { "i": 61 }, "geometry": { "type": "Polygon", "coordinates": [ [ [ -63.47973, -18.15068 ], [ -63.48004, -18.15037 ], [ -63.47932, -18.14973 ], [ -63.47897, -18.15005 ], [ -63.47969, -18.15068 ], [ -63.47973, -18.15068 ] ] ] } },
{ "type": "Feature", "properties": { "i": 62 }, "geometry": { "type": "Polygon", "coordinates": [ [ [ -63.47973, -18.14934 ], [ -63.47938, -18.14967 ], [ -63.4801, -18.1503 ], [ -63.48044, -18.14997 ], [ -63.47973, -18.14934 ] ] ] } },
{ "type": "Feature", "properties": { "i": 63 }, "geometry": { "type": "Polygon", "coordinates": [ [ [ -63.4798, -18.1493 ], [ -63.48048, -18.14991 ], [ -63.48082, -18.14956 ], [ -63.48016, -18.14896 ], [ -63.4798, -18.1493 ] ] ] } },
{ "type": "Feature", "properties": { "i": 64 }, "geometry": { "type": "Polygon", "coordinates": [ [ [ -63.4843, -18.1482 ], [ -63.48378, -18.14811 ], [ -63.48367, -18.14813 ], [ -63.48238, -18.1495 ], [ -63.48162, -18.14883 ], [ -63.4839, -18.14645 ], [ -63.48538, -18.1477 ], [ -63.48466, -18.14849 ], [ -63.4843, -18.1482 ] ] ] } },
{ "type": "Feature", "properties": { "i": 65 }, "geometry": { "type": "Polygon", "coordinates": [ [ [ -63.48118, -18.14914 ], [ -63.48056, -18.14858 ], [ -63.48089, -18.14824 ], [ -63.48152, -18.1488 ], [ -63.48118, -18.14914 ] ] ] } },
{ "type": "Feature", "properties": { "i": 66 }, "geometry": { "type": "Polygon", "coordinates": [ [ [ -63.48132, -18.14786 ], [ -63.48097, -18.14819 ], [ -63.48157, -18.14873 ], [ -63.4819, -18.14839 ], [ -63.48132, -18.14786 ] ] ] } },
{ "type": "Feature", "properties": { "i": 67 }, "geometry": { "type": "Polygon", "coordinates": [ [ [ -63.48613, -18.14346 ], [ -63.48531, -18.14414 ], [ -63.48498, -18.14431 ], [ -63.48434, -18.14491 ], [ -63.48403, -18.14499 ], [ -63.48347, -18.14559 ], [ -63.48547, -18.14725 ], [ -63.48689, -18.14829 ], [ -63.48771, -18.14728 ], [ -63.48531, -18.14549 ], [ -63.48765, -18.14331 ], [ -63.48703, -18.14261 ], [ -63.48613, -18.14346 ] ] ] } },
{ "type": "Feature", "properties": { "i": 68 }, "geometry": { "type": "Polygon", "coordinates": [ [ [ -63.48229, -18.148 ], [ -63.48173, -18.1475 ], [ -63.48141, -18.14779 ], [ -63.4814, -18.14783 ], [ -63.48195, -18.14833 ], [ -63.48229, -18.148 ] ] ] } },
{ "type": "Feature", "properties": { "i": 69 }, "geometry": { "type": "Polygon", "coordinates": [ [ [ -63.48232, -18.14794 ], [ -63.48273, -18.14754 ], [ -63.48219, -18.14705 ], [ -63.48178, -18.14742 ], [ -63.48232, -18.14794 ] ] ] } },
{ "type": "Feature", "properties": { "i": 70 }, "geometry": { "type": "Polygon", "coordinates": [ [ [ -63.48319, -18.14707 ], [ -63.48266, -18.1466 ], [ -63.48226, -18.14698 ], [ -63.48279, -18.14749 ], [ -63.48319, -18.14707 ] ] ] } },
{ "type": "Feature", "properties": { "i": 71 }, "geometry": { "type": "Polygon", "coordinates": [ [ [ -63.4834, -18.14597 ], [ -63.48275, -18.14657 ], [ -63.48321, -18.147 ], [ -63.48383, -18.14637 ], [ -63.4834, -18.14597 ] ] ] } },
{ "type": "Feature", "properties": { "i": 72 }, "geometry": { "type": "Polygon", "coordinates": [ [ [ -63.48126, -18.14512 ], [ -63.47936, -18.14682 ], [ -63.47778, -18.14827 ], [ -63.4788, -18.1494 ], [ -63.47949, -18.14877 ], [ -63.48029, -18.14799 ], [ -63.48296, -18.14553 ], [ -63.48168, -18.14423 ], [ -63.48105, -18.14348 ], [ -63.4804, -18.14412 ], [ -63.48126, -18.14512 ] ] ] } },
{ "type": "Feature", "properties": { "i": 73 }, "geometry": { "type": "Polygon", "coordinates": [ [ [ -63.47465, -18.14755 ], [ -63.47543, -18.14698 ], [ -63.47546, -18.14692 ], [ -63.47518, -18.1461 ], [ -63.474, -18.14696 ], [ -63.47421, -18.14721 ], [ -63.47421, -18.14731 ], [ -63.47376, -18.14765 ], [ -63.47407, -18.14796 ], [ -63.47413, -18.14795 ], [ -63.47445, -18.14772 ], [ -63.47444, -18.14769 ], [ -63.47453, -18.14761 ], [ -63.47465, -18.14755 ] ] ] } },
{ "type": "Feature", "properties": { "i": 74 }, "geometry": { "type": "Polygon", "coordinates": [ [ [ -63.47511, -18.14806 ], [ -63.47473, -18.14758 ], [ -63.47552, -18.14701 ], [ -63.47556, -18.14689 ], [ -63.47526, -18.14605 ], [ -63.47618, -18.14533 ], [ -63.47746, -18.14426 ], [ -63.47799, -18.14499 ], [ -63.47805, -18.14502 ], [ -63.47893, -18.14428 ], [ -63.47898, -18.14435 ], [ -63.47906, -18.14435 ], [ -63.47922, -18.14456 ], [ -63.47794, -18.14565 ], [ -63.47773, -18.14538 ], [ -63.4772, -18.14532 ], [ -63.47694, -18.14537 ], [ -63.47666, -18.1457 ], [ -63.47664, -18.14645 ], [ -63.47661, -18.14662 ], [ -63.4765, -18.1467 ], [ -63.47645, -18.14671 ], [ -63.47643, -18.14674 ], [ -63.47641, -18.14691 ], [ -63.47646, -18.14728 ], [ -63.47532, -18.14841 ], [ -63.47468, -18.14804 ], [ -63.47446, -18.1478 ], [ -63.47471, -18.14762 ], [ -63.47501, -18.14795 ], [ -63.47509, -18.14807 ], [ -63.47511, -18.14806 ] ] ] } },
{ "type": "Feature", "properties": { "i": 75 }, "geometry": { "type": "Polygon", "coordinates": [ [ [ -63.48429, -18.14487 ], [ -63.4847, -18.14448 ], [ -63.48372, -18.14352 ], [ -63.48464, -18.14272 ], [ -63.48415, -18.14227 ], [ -63.48326, -18.14311 ], [ -63.48241, -18.14377 ], [ -63.48238, -18.14388 ], [ -63.48208, -18.14417 ], [ -63.48275, -18.14488 ], [ -63.48343, -18.14556 ], [ -63.484, -18.14496 ], [ -63.48429, -18.14487 ] ] ] } },
{ "type": "Feature", "properties": { "i": 76 }, "geometry": { "type": "Polygon", "coordinates": [ [ [ -63.47378, -18.14676 ], [ -63.47349, -18.14633 ], [ -63.47321, -18.14581 ], [ -63.47314, -18.14578 ], [ -63.47141, -18.14648 ], [ -63.47096, -18.14683 ], [ -63.47136, -18.14726 ], [ -63.47162, -18.14773 ], [ -63.47378, -18.14676 ] ] ] } },
{ "type": "Feature", "properties": { "i": 77 }, "geometry": { "type": "Polygon", "coordinates": [ [ [ -63.48214, -18.14355 ], [ -63.48205, -18.14362 ], [ -63.48192, -18.14365 ], [ -63.48169, -18.14351 ], [ -63.48152, -18.14349 ], [ -63.48147, -18.14355 ], [ -63.48206, -18.14413 ], [ -63.4823, -18.1439 ], [ -63.48233, -18.14385 ], [ -63.48235, -18.14373 ], [ -63.48214, -18.14355 ] ] ] } },
{ "type": "Feature", "properties": { "i": 78 }, "geometry": { "type": "Polygon", "coordinates": [ [ [ -63.47558, -18.1457 ], [ -63.47597, -18.14539 ], [ -63.47526, -18.14466 ], [ -63.47491, -18.14495 ], [ -63.47492, -18.14499 ], [ -63.47558, -18.1457 ] ] ] } },
{ "type": "Feature", "properties": { "i": 79 }, "geometry": { "type": "Polygon", "coordinates": [ [ [ -63.47602, -18.14535 ], [ -63.47645, -18.14499 ], [ -63.47645, -18.14497 ], [ -63.47579, -18.14425 ], [ -63.47534, -18.14462 ], [ -63.47602, -18.14535 ] ] ] } },
{ "type": "Feature", "properties": { "i": 80 }, "geometry": { "type": "Polygon", "coordinates": [ [ [ -63.47807, -18.14491 ], [ -63.47886, -18.14421 ], [ -63.4783, -18.14356 ], [ -63.47755, -18.14418 ], [ -63.47802, -18.14491 ], [ -63.47807, -18.14491 ] ] ] } },
{ "type": "Feature", "properties": { "i": 81 }, "geometry": { "type": "Polygon", "coordinates": [ [ [ -63.48072, -18.14316 ], [ -63.48053, -18.14292 ], [ -63.4797, -18.14361 ], [ -63.47903, -18.1442 ], [ -63.47933, -18.14456 ], [ -63.47958, -18.14448 ], [ -63.48002, -18.14418 ], [ -63.48018, -18.14401 ], [ -63.48072, -18.14316 ] ] ] } },
{ "type": "Feature", "properties": { "i": 82 }, "geometry": { "type": "Polygon", "coordinates": [ [ [ -63.47572, -18.1442 ], [ -63.47668, -18.14341 ], [ -63.47612, -18.14275 ], [ -63.47419, -18.14427 ], [ -63.47263, -18.14545 ], [ -63.4716, -18.14631 ], [ -63.4731, -18.14567 ], [ -63.47319, -18.14567 ], [ -63.47327, -18.1457 ], [ -63.47342, -18.146 ], [ -63.47572, -18.1442 ] ] ] } },
{ "type": "Feature", "properties": { "i": 83 }, "geometry": { "type": "Polygon", "coordinates": [ [ [ -63.47956, -18.14358 ], [ -63.47956, -18.1435 ], [ -63.47905, -18.14292 ], [ -63.47845, -18.14344 ], [ -63.47845, -18.14348 ], [ -63.47896, -18.1441 ], [ -63.47956, -18.14358 ] ] ] } },
{ "type": "Feature", "properties": { "i": 84 }, "geometry": { "type": "Polygon", "coordinates": [ [ [ -63.47822, -18.14347 ], [ -63.47784, -18.14304 ], [ -63.47707, -18.14368 ], [ -63.47748, -18.14413 ], [ -63.47822, -18.14347 ] ] ] } },
{ "type": "Feature", "properties": { "i": 85 }, "geometry": { "type": "Polygon", "coordinates": [ [ [ -63.48043, -18.14286 ], [ -63.47984, -18.14225 ], [ -63.4798, -18.14225 ], [ -63.47912, -18.14285 ], [ -63.47968, -18.14349 ], [ -63.48043, -18.14286 ] ] ] } },
{ "type": "Feature", "properties": { "i": 86 }, "geometry": { "type": "Polygon", "coordinates": [ [ [ -63.4813, -18.14187 ], [ -63.48211, -18.14276 ], [ -63.48209, -18.14281 ], [ -63.48187, -18.14304 ], [ -63.48162, -18.14326 ], [ -63.48149, -18.14327 ], [ -63.48128, -18.14319 ], [ -63.48104, -18.14315 ], [ -63.48049, -18.14256 ], [ -63.4813, -18.14187 ] ] ] } },
{ "type": "Feature", "properties": { "i": 87 }, "geometry": { "type": "Polygon", "coordinates": [ [ [ -63.4783, -18.14341 ], [ -63.47899, -18.14283 ], [ -63.4786, -18.14238 ], [ -63.4779, -18.14299 ], [ -63.4783, -18.14341 ] ] ] } },
{ "type": "Feature", "properties": { "i": 88 }, "geometry": { "type": "Polygon", "coordinates": [ [ [ -63.47655, -18.14314 ], [ -63.47702, -18.14362 ], [ -63.47779, -18.14295 ], [ -63.47735, -18.14249 ], [ -63.47655, -18.14314 ] ] ] } },
{ "type": "Feature", "properties": { "i": 89 }, "geometry": { "type": "Polygon", "coordinates": [ [ [ -63.47977, -18.1422 ], [ -63.47977, -18.14215 ], [ -63.47939, -18.1417 ], [ -63.47866, -18.14232 ], [ -63.47906, -18.14277 ], [ -63.47977, -18.1422 ] ] ] } },
{ "type": "Feature", "properties": { "i": 90 }, "geometry": { "type": "Polygon", "coordinates": [ [ [ -63.48066, -18.14142 ], [ -63.48104, -18.14184 ], [ -63.4804, -18.14237 ], [ -63.48049, -18.14246 ], [ -63.48175, -18.14137 ], [ -63.48175, -18.14131 ], [ -63.48087, -18.14037 ], [ -63.48082, -18.14037 ], [ -63.48027, -18.14086 ], [ -63.48007, -18.14118 ], [ -63.47966, -18.14154 ], [ -63.47986, -18.14177 ], [ -63.47989, -18.14175 ], [ -63.48005, -18.14192 ], [ -63.48066, -18.14142 ] ] ] } },
{ "type": "Feature", "properties": { "i": 91 }, "geometry": { "type": "Polygon", "coordinates": [ [ [ -63.47785, -18.14289 ], [ -63.47933, -18.14166 ], [ -63.47855, -18.14079 ], [ -63.47707, -18.14199 ], [ -63.47785, -18.14289 ] ] ] } },
{ "type": "Feature", "properties": { "i": 92 }, "geometry": { "type": "Polygon", "coordinates": [ [ [ -63.47634, -18.14243 ], [ -63.47677, -18.14208 ], [ -63.47624, -18.14147 ], [ -63.47579, -18.14182 ], [ -63.47634, -18.14243 ] ] ] } },
{ "type": "Feature", "properties": { "i": 93 }, "geometry": { "type": "Polygon", "coordinates": [ [ [ -63.48185, -18.14128 ], [ -63.48358, -18.13977 ], [ -63.48299, -18.1392 ], [ -63.48281, -18.13918 ], [ -63.48246, -18.13896 ], [ -63.48092, -18.14031 ], [ -63.48148, -18.14092 ], [ -63.48153, -18.14092 ], [ -63.48249, -18.1401 ], [ -63.48251, -18.14012 ], [ -63.48155, -18.14096 ], [ -63.48173, -18.14115 ], [ -63.48177, -18.1411 ], [ -63.48179, -18.14091 ], [ -63.48197, -18.14083 ], [ -63.48198, -18.14087 ], [ -63.48182, -18.14093 ], [ -63.48179, -18.14111 ], [ -63.48175, -18.14118 ], [ -63.48185, -18.14128 ] ] ] } },
{ "type": "Feature", "properties": { "i": 94 }, "geometry": { "type": "Polygon", "coordinates": [ [ [ -63.4763, -18.14141 ], [ -63.47684, -18.14202 ], [ -63.47848, -18.14072 ], [ -63.47792, -18.14011 ], [ -63.4763, -18.14141 ] ] ] } },
{ "type": "Feature", "properties": { "i": 95 }, "geometry": { "type": "Polygon", "coordinates": [ [ [ -63.47789, -18.14004 ], [ -63.47729, -18.13936 ], [ -63.4743, -18.14174 ], [ -63.47493, -18.14244 ], [ -63.47789, -18.14004 ] ] ] } },
{ "type": "Feature", "properties": { "i": 96 }, "geometry": { "type": "Polygon", "coordinates": [ [ [ -63.47857, -18.14034 ], [ -63.4796, -18.14152 ], [ -63.48, -18.14115 ], [ -63.48035, -18.14068 ], [ -63.48162, -18.13954 ], [ -63.48243, -18.13889 ], [ -63.48255, -18.1389 ], [ -63.48287, -18.13913 ], [ -63.48305, -18.13914 ], [ -63.48338, -18.13898 ], [ -63.48294, -18.13844 ], [ -63.48315, -18.13825 ], [ -63.4819, -18.1377 ], [ -63.4818, -18.1377 ], [ -63.48112, -18.13809 ], [ -63.47954, -18.13949 ], [ -63.47951, -18.13953 ], [ -63.47951, -18.13954 ], [ -63.47857, -18.14034 ] ], [ [ -63.47951, -18.13954 ], [ -63.47989, -18.13992 ], [ -63.47988, -18.13992 ], [ -63.47951, -18.13954 ] ], [ [ -63.48061, -18.13937 ], [ -63.48005, -18.13989 ], [ -63.47997, -18.13992 ], [ -63.48005, -18.13988 ], [ -63.48061, -18.13937 ] ] ] } },
{ "type": "Feature", "properties": { "i": 97 }, "geometry": { "type": "Polygon", "coordinates": [ [ [ -63.46682, -18.14669 ], [ -63.46657, -18.14546 ], [ -63.46692, -18.14525 ], [ -63.46923, -18.14344 ], [ -63.47139, -18.1417 ], [ -63.47136, -18.14166 ], [ -63.47466, -18.13903 ], [ -63.47598, -18.13794 ], [ -63.47722, -18.13931 ], [ -63.47623, -18.14008 ], [ -63.47611, -18.14001 ], [ -63.47587, -18.13979 ], [ -63.47584, -18.13982 ], [ -63.47619, -18.1401 ], [ -63.47579, -18.14042 ], [ -63.47548, -18.14012 ], [ -63.47544, -18.14015 ], [ -63.47575, -18.14045 ], [ -63.47313, -18.14257 ], [ -63.47271, -18.14217 ], [ -63.47272, -18.14213 ], [ -63.47287, -18.14202 ], [ -63.47286, -18.14201 ], [ -63.47271, -18.14212 ], [ -63.4727, -18.14217 ], [ -63.4731, -18.14258 ], [ -63.47257, -18.14302 ], [ -63.47197, -18.14242 ], [ -63.47195, -18.14243 ], [ -63.47255, -18.14303 ], [ -63.47222, -18.14329 ], [ -63.4718, -18.14287 ], [ -63.47178, -18.14289 ], [ -63.47222, -18.14333 ], [ -63.47168, -18.1438 ], [ -63.47046, -18.14473 ], [ -63.46959, -18.14546 ], [ -63.46782, -18.14687 ], [ -63.46699, -18.14735 ], [ -63.46682, -18.14669 ] ] ] } },
{ "type": "Feature", "properties": { "i": 98 }, "geometry": { "type": "Polygon", "coordinates": [ [ [ -63.47522, -18.13713 ], [ -63.47595, -18.13793 ], [ -63.47354, -18.13988 ], [ -63.47133, -18.14163 ], [ -63.47133, -18.14168 ], [ -63.47056, -18.14231 ], [ -63.46923, -18.14095 ], [ -63.47468, -18.13654 ], [ -63.47521, -18.13712 ], [ -63.47469, -18.1375 ], [ -63.4746, -18.13739 ], [ -63.47385, -18.13793 ], [ -63.47386, -18.13795 ], [ -63.4746, -18.13741 ], [ -63.47469, -18.13752 ], [ -63.47522, -18.13713 ] ] ] } },
{ "type": "Feature", "properties": { "i": 99 }, "geometry": { "type": "Polygon", "coordinates": [ [ [ -63.47678, -18.13825 ], [ -63.47658, -18.13805 ], [ -63.477, -18.13763 ], [ -63.47701, -18.1374 ], [ -63.47706, -18.13728 ], [ -63.47863, -18.13588 ], [ -63.47908, -18.13646 ], [ -63.47744, -18.13791 ], [ -63.47906, -18.13985 ], [ -63.47857, -18.14028 ], [ -63.47678, -18.13825 ] ] ] } },
{ "type": "Feature", "properties": { "i": 100 }, "geometry": { "type": "Polygon", "coordinates": [ [ [ -63.47332, -18.13497 ], [ -63.47461, -18.13646 ], [ -63.46888, -18.14106 ], [ -63.4682, -18.14032 ], [ -63.46573, -18.14214 ], [ -63.46503, -18.14167 ], [ -63.46817, -18.13914 ], [ -63.46909, -18.13837 ], [ -63.47259, -18.13557 ], [ -63.47262, -18.13556 ], [ -63.47314, -18.13612 ], [ -63.47315, -18.1361 ], [ -63.47264, -18.13555 ], [ -63.47332, -18.13497 ] ] ] } },
{ "type": "Feature", "properties": { "i": 101 }, "geometry": { "type": "Polygon", "coordinates": [ [ [ -63.47323, -18.13309 ], [ -63.47257, -18.1336 ], [ -63.47257, -18.13362 ], [ -63.47481, -18.13607 ], [ -63.47531, -18.13562 ], [ -63.47515, -18.13525 ], [ -63.47434, -18.13448 ], [ -63.47369, -18.13379 ], [ -63.47345, -18.13328 ], [ -63.47323, -18.13309 ] ] ] } },
{ "type": "Feature", "properties": { "i": 102 }, "geometry": { "type": "Polygon", "coordinates": [ [ [ -63.47671, -18.13451 ], [ -63.4744, -18.13273 ], [ -63.47354, -18.13329 ], [ -63.4738, -18.1338 ], [ -63.47425, -18.13423 ], [ -63.47519, -18.13523 ], [ -63.47536, -18.13565 ], [ -63.47487, -18.13613 ], [ -63.47654, -18.13799 ], [ -63.47693, -18.1376 ], [ -63.47695, -18.1373 ], [ -63.477, -18.13722 ], [ -63.47774, -18.13658 ], [ -63.47653, -18.13529 ], [ -63.47704, -18.13485 ], [ -63.47671, -18.13451 ] ] ] } },
{ "type": "Feature", "properties": { "i": 103 }, "geometry": { "type": "Polygon", "coordinates": [ [ [ -63.46641, -18.14045 ], [ -63.46816, -18.13907 ], [ -63.47329, -18.13494 ], [ -63.47204, -18.13358 ], [ -63.47042, -18.13174 ], [ -63.47036, -18.13173 ], [ -63.46636, -18.13359 ], [ -63.46597, -18.1338 ], [ -63.4659, -18.13387 ], [ -63.46584, -18.13407 ], [ -63.46565, -18.13565 ], [ -63.46562, -18.1362 ], [ -63.46605, -18.1371 ], [ -63.46637, -18.137 ], [ -63.46645, -18.13687 ], [ -63.46746, -18.13607 ], [ -63.46748, -18.13609 ], [ -63.46651, -18.13687 ], [ -63.46641, -18.13703 ], [ -63.46576, -18.13726 ], [ -63.46572, -18.1373 ], [ -63.46512, -18.13745 ], [ -63.46506, -18.13762 ], [ -63.46523, -18.1387 ], [ -63.46534, -18.13903 ], [ -63.46572, -18.13926 ], [ -63.46641, -18.14045 ] ] ] } },
{ "type": "Feature", "properties": { "i": 104 }, "geometry": { "type": "Polygon", "coordinates": [ [ [ -63.46286, -18.13595 ], [ -63.46383, -18.1377 ], [ -63.46575, -18.13722 ], [ -63.46586, -18.13714 ], [ -63.4659, -18.13704 ], [ -63.46552, -18.1362 ], [ -63.46552, -18.13592 ], [ -63.46578, -18.13387 ], [ -63.46584, -18.1338 ], [ -63.4663, -18.13355 ], [ -63.47033, -18.13167 ], [ -63.46858, -18.12971 ], [ -63.46236, -18.13463 ], [ -63.462, -18.13498 ], [ -63.46251, -18.13549 ], [ -63.46286, -18.13595 ] ] ] } },
{ "type": "Feature", "properties": { "i": 105 }, "geometry": { "type": "Polygon", "coordinates": [ [ [ -63.47247, -18.12944 ], [ -63.47222, -18.12965 ], [ -63.47197, -18.12978 ], [ -63.47176, -18.12981 ], [ -63.47163, -18.12989 ], [ -63.47145, -18.13017 ], [ -63.47139, -18.13035 ], [ -63.47135, -18.1306 ], [ -63.47208, -18.13125 ], [ -63.47248, -18.13188 ], [ -63.47304, -18.13245 ], [ -63.47408, -18.1317 ], [ -63.47437, -18.13211 ], [ -63.47454, -18.13253 ], [ -63.47352, -18.1332 ], [ -63.47347, -18.1332 ], [ -63.47324, -18.13299 ], [ -63.47251, -18.13357 ], [ -63.46949, -18.1302 ], [ -63.47044, -18.12947 ], [ -63.47163, -18.12861 ], [ -63.47247, -18.12944 ] ] ] } },
{ "type": "Feature", "properties": { "i": 106 }, "geometry": { "type": "Polygon", "coordinates": [ [ [ -63.46796, -18.13006 ], [ -63.46796, -18.13001 ], [ -63.46742, -18.12939 ], [ -63.4674, -18.12939 ], [ -63.4653, -18.13104 ], [ -63.4642, -18.13199 ], [ -63.46468, -18.13271 ], [ -63.46796, -18.13006 ] ] ] } },
{ "type": "Feature", "properties": { "i": 107 }, "geometry": { "type": "Polygon", "coordinates": [ [ [ -63.46354, -18.13245 ], [ -63.46539, -18.13092 ], [ -63.46733, -18.12937 ], [ -63.46704, -18.12902 ], [ -63.46639, -18.12953 ], [ -63.46609, -18.1292 ], [ -63.46295, -18.13175 ], [ -63.46354, -18.13245 ] ] ] } },
{ "type": "Feature", "properties": { "i": 108 }, "geometry": { "type": "Polygon", "coordinates": [ [ [ -63.46384, -18.12971 ], [ -63.46443, -18.13047 ], [ -63.46255, -18.13197 ], [ -63.46196, -18.13123 ], [ -63.46384, -18.12971 ] ] ] } },
{ "type": "Feature", "properties": { "i": 109 }, "geometry": { "type": "Polygon", "coordinates": [ [ [ -63.46804, -18.13004 ], [ -63.46851, -18.12966 ], [ -63.46811, -18.12919 ], [ -63.46767, -18.12956 ], [ -63.46766, -18.12959 ], [ -63.46804, -18.13004 ] ] ] } },
{ "type": "Feature", "properties": { "i": 110 }, "geometry": { "type": "Polygon", "coordinates": [ [ [ -63.47074, -18.12911 ], [ -63.46942, -18.13016 ], [ -63.46823, -18.12875 ], [ -63.46957, -18.12787 ], [ -63.47074, -18.12911 ] ] ] } },
{ "type": "Feature", "properties": { "i": 111 }, "geometry": { "type": "Polygon", "coordinates": [ [ [ -63.46305, -18.13027 ], [ -63.46246, -18.12959 ], [ -63.46181, -18.13017 ], [ -63.46239, -18.1308 ], [ -63.46305, -18.13027 ] ] ] } },
{ "type": "Feature", "properties": { "i": 112 }, "geometry": { "type": "Polygon", "coordinates": [ [ [ -63.46573, -18.1294 ], [ -63.4645, -18.13042 ], [ -63.46392, -18.12967 ], [ -63.46516, -18.12864 ], [ -63.46573, -18.1294 ] ] ] } },
{ "type": "Feature", "properties": { "i": 113 }, "geometry": { "type": "Polygon", "coordinates": [ [ [ -63.46803, -18.12775 ], [ -63.46764, -18.12803 ], [ -63.46776, -18.1282 ], [ -63.4682, -18.12872 ], [ -63.46953, -18.12785 ], [ -63.46912, -18.12752 ], [ -63.46879, -18.12747 ], [ -63.46849, -18.12748 ], [ -63.46803, -18.12775 ] ] ] } },
{ "type": "Feature", "properties": { "i": 114 }, "geometry": { "type": "Polygon", "coordinates": [ [ [ -63.46762, -18.12953 ], [ -63.46807, -18.12916 ], [ -63.46726, -18.12818 ], [ -63.46668, -18.12744 ], [ -63.46594, -18.12804 ], [ -63.46666, -18.12892 ], [ -63.4669, -18.12871 ], [ -63.46762, -18.12953 ] ] ] } },
{ "type": "Feature", "properties": { "i": 115 }, "geometry": { "type": "Polygon", "coordinates": [ [ [ -63.46664, -18.12739 ], [ -63.4661, -18.12664 ], [ -63.46259, -18.12948 ], [ -63.46316, -18.13016 ], [ -63.46418, -18.12939 ], [ -63.46664, -18.12739 ] ] ] } },
{ "type": "Feature", "properties": { "i": 116 }, "geometry": { "type": "Polygon", "coordinates": [ [ [ -63.46238, -18.12748 ], [ -63.46209, -18.12705 ], [ -63.46116, -18.12767 ], [ -63.46115, -18.12775 ], [ -63.46143, -18.12817 ], [ -63.46238, -18.12748 ] ] ] } },
{ "type": "Feature", "properties": { "i": 117 }, "geometry": { "type": "Polygon", "coordinates": [ [ [ -63.46557, -18.12586 ], [ -63.46411, -18.12694 ], [ -63.46469, -18.12773 ], [ -63.46607, -18.12662 ], [ -63.46557, -18.12586 ] ] ] } },
{ "type": "Feature", "properties": { "i": 118 }, "geometry": { "type": "Polygon", "coordinates": [ [ [ -63.46835, -18.12719 ], [ -63.4673, -18.12512 ], [ -63.46712, -18.12507 ], [ -63.4659, -18.12569 ], [ -63.46643, -18.12646 ], [ -63.46718, -18.12749 ], [ -63.46759, -18.12799 ], [ -63.46853, -18.12741 ], [ -63.46835, -18.12719 ] ] ] } },
{ "type": "Feature", "properties": { "i": 119 }, "geometry": { "type": "Polygon", "coordinates": [ [ [ -63.46323, -18.12744 ], [ -63.46551, -18.12579 ], [ -63.46529, -18.12546 ], [ -63.46172, -18.12804 ], [ -63.46193, -18.12844 ], [ -63.46323, -18.12744 ] ] ] } },
{ "type": "Feature", "properties": { "i": 120 }, "geometry": { "type": "Polygon", "coordinates": [ [ [ -63.46528, -18.12539 ], [ -63.46456, -18.1243 ], [ -63.46348, -18.12501 ], [ -63.46348, -18.12505 ], [ -63.46394, -18.12575 ], [ -63.46441, -18.12544 ], [ -63.46466, -18.12584 ], [ -63.46528, -18.12539 ] ] ] } },
{ "type": "Feature", "properties": { "i": 121 }, "geometry": { "type": "Polygon", "coordinates": [ [ [ -63.46695, -18.12509 ], [ -63.4658, -18.12324 ], [ -63.46472, -18.1238 ], [ -63.46587, -18.12565 ], [ -63.46695, -18.12509 ] ] ] } },
{ "type": "Feature", "properties": { "i": 122 }, "geometry": { "type": "Polygon", "coordinates": [ [ [ -63.46144, -18.12394 ], [ -63.46046, -18.12457 ], [ -63.46045, -18.12459 ], [ -63.46074, -18.12505 ], [ -63.4608, -18.12505 ], [ -63.46173, -18.12441 ], [ -63.46144, -18.12394 ] ] ] } },
{ "type": "Feature", "properties": { "i": 123 }, "geometry": { "type": "Polygon", "coordinates": [ [ [ -63.46425, -18.12377 ], [ -63.46386, -18.12316 ], [ -63.46195, -18.12439 ], [ -63.46237, -18.12507 ], [ -63.46425, -18.12377 ] ] ] } },
{ "type": "Feature", "properties": { "i": 124 }, "geometry": { "type": "Polygon", "coordinates": [ [ [ -63.46301, -18.12361 ], [ -63.46273, -18.12311 ], [ -63.46152, -18.12388 ], [ -63.46183, -18.12437 ], [ -63.46301, -18.12361 ] ] ] } },
{ "type": "Feature", "properties": { "i": 125 }, "geometry": { "type": "Polygon", "coordinates": [ [ [ -63.46575, -18.12321 ], [ -63.4654, -18.12254 ], [ -63.46432, -18.12306 ], [ -63.4647, -18.12374 ], [ -63.46575, -18.12321 ] ] ] } },
{ "type": "Feature", "properties": { "i": 126 }, "geometry": { "type": "Polygon", "coordinates": [ [ [ -63.46328, -18.12338 ], [ -63.46388, -18.12303 ], [ -63.46359, -18.12253 ], [ -63.46301, -18.12291 ], [ -63.46328, -18.12338 ] ] ] } },
{ "type": "Feature", "properties": { "i": 127 }, "geometry": { "type": "Polygon", "coordinates": [ [ [ -63.46503, -18.12191 ], [ -63.46531, -18.12243 ], [ -63.46528, -18.12254 ], [ -63.46426, -18.12299 ], [ -63.46395, -18.1224 ], [ -63.46503, -18.12191 ] ] ] } },
{ "type": "Feature", "properties": { "i": 128 }, "geometry": { "type": "Polygon", "coordinates": [ [ [ -63.4624, -18.1227 ], [ -63.45752, -18.12582 ], [ -63.45772, -18.12615 ], [ -63.46079, -18.12428 ], [ -63.46143, -18.12385 ], [ -63.46356, -18.1225 ], [ -63.46317, -18.12167 ], [ -63.46213, -18.1223 ], [ -63.4624, -18.1227 ] ] ] } },
{ "type": "Feature", "properties": { "i": 129 }, "geometry": { "type": "Polygon", "coordinates": [ [ [ -63.45822, -18.12243 ], [ -63.45707, -18.12311 ], [ -63.45733, -18.12352 ], [ -63.45844, -18.12284 ], [ -63.45822, -18.12243 ] ] ] } },
{ "type": "Feature", "properties": { "i": 130 }, "geometry": { "type": "Polygon", "coordinates": [ [ [ -63.46534, -18.12168 ], [ -63.4651, -18.12003 ], [ -63.46498, -18.11981 ], [ -63.46387, -18.12026 ], [ -63.46305, -18.12055 ], [ -63.46367, -18.12192 ], [ -63.46393, -18.12233 ], [ -63.46534, -18.12168 ] ] ] } },
{ "type": "Feature", "properties": { "i": 131 }, "geometry": { "type": "Polygon", "coordinates": [ [ [ -63.46243, -18.12155 ], [ -63.46232, -18.121 ], [ -63.46236, -18.12084 ], [ -63.46268, -18.12065 ], [ -63.46314, -18.12164 ], [ -63.46261, -18.12195 ], [ -63.46243, -18.12155 ] ] ] } },
{ "type": "Feature", "properties": { "i": 132 }, "geometry": { "type": "Polygon", "coordinates": [ [ [ -63.46225, -18.12101 ], [ -63.46234, -18.12083 ], [ -63.46266, -18.12062 ], [ -63.46237, -18.11994 ], [ -63.46005, -18.12139 ], [ -63.45862, -18.12218 ], [ -63.45888, -18.12264 ], [ -63.45779, -18.12332 ], [ -63.45804, -18.12367 ], [ -63.45948, -18.12278 ], [ -63.46164, -18.12138 ], [ -63.46225, -18.12101 ] ] ] } },
{ "type": "Feature", "properties": { "i": 133 }, "geometry": { "type": "Polygon", "coordinates": [ [ [ -63.46402, -18.12009 ], [ -63.4635, -18.1189 ], [ -63.46251, -18.11922 ], [ -63.46303, -18.12048 ], [ -63.46402, -18.12009 ] ] ] } },
{ "type": "Feature", "properties": { "i": 134 }, "geometry": { "type": "Polygon", "coordinates": [ [ [ -63.46168, -18.11974 ], [ -63.46098, -18.12017 ], [ -63.46122, -18.12057 ], [ -63.46235, -18.11988 ], [ -63.46197, -18.11907 ], [ -63.46145, -18.11937 ], [ -63.46168, -18.11974 ] ] ] } },
{ "type": "Feature", "properties": { "i": 135 }, "geometry": { "type": "Polygon", "coordinates": [ [ [ -63.45911, -18.12069 ], [ -63.45933, -18.12056 ], [ -63.45892, -18.11976 ], [ -63.45868, -18.11989 ], [ -63.45911, -18.12069 ] ] ] } },
{ "type": "Feature", "properties": { "i": 136 }, "geometry": { "type": "Polygon", "coordinates": [ [ [ -63.45689, -18.12093 ], [ -63.45648, -18.12007 ], [ -63.45566, -18.12054 ], [ -63.45607, -18.12143 ], [ -63.45689, -18.12093 ] ] ] } },
{ "type": "Feature", "properties": { "i": 137 }, "geometry": { "type": "Polygon", "coordinates": [ [ [ -63.45953, -18.11944 ], [ -63.45902, -18.11973 ], [ -63.45942, -18.1205 ], [ -63.45987, -18.12024 ], [ -63.45988, -18.12021 ], [ -63.45953, -18.11944 ] ] ] } },
{ "type": "Feature", "properties": { "i": 138 }, "geometry": { "type": "Polygon", "coordinates": [ [ [ -63.45998, -18.12018 ], [ -63.45959, -18.1194 ], [ -63.46008, -18.11911 ], [ -63.46048, -18.11988 ], [ -63.45998, -18.12018 ] ] ] } },
{ "type": "Feature", "properties": { "i": 139 }, "geometry": { "type": "Polygon", "coordinates": [ [ [ -63.4616, -18.11821 ], [ -63.46019, -18.11902 ], [ -63.46015, -18.11906 ], [ -63.46054, -18.11983 ], [ -63.46198, -18.119 ], [ -63.4616, -18.11821 ] ] ] } },
{ "type": "Feature", "properties": { "i": 140 }, "geometry": { "type": "Polygon", "coordinates": [ [ [ -63.46269, -18.11819 ], [ -63.46299, -18.11896 ], [ -63.46244, -18.11912 ], [ -63.46212, -18.11839 ], [ -63.46269, -18.11819 ] ] ] } },
{ "type": "Feature", "properties": { "i": 141 }, "geometry": { "type": "Polygon", "coordinates": [ [ [ -63.45892, -18.11969 ], [ -63.46007, -18.11901 ], [ -63.45972, -18.11823 ], [ -63.45968, -18.11821 ], [ -63.45856, -18.11883 ], [ -63.45892, -18.11969 ] ] ] } },
{ "type": "Feature", "properties": { "i": 142 }, "geometry": { "type": "Polygon", "coordinates": [ [ [ -63.46124, -18.11727 ], [ -63.45981, -18.11814 ], [ -63.45981, -18.1182 ], [ -63.46015, -18.11894 ], [ -63.46158, -18.11813 ], [ -63.46158, -18.11806 ], [ -63.46124, -18.11727 ] ] ] } },
{ "type": "Feature", "properties": { "i": 143 }, "geometry": { "type": "Polygon", "coordinates": [ [ [ -63.45888, -18.11748 ], [ -63.4578, -18.11808 ], [ -63.45827, -18.11894 ], [ -63.45929, -18.11834 ], [ -63.45931, -18.11831 ], [ -63.45888, -18.11748 ] ] ] } },
{ "type": "Feature", "properties": { "i": 144 }, "geometry": { "type": "Polygon", "coordinates": [ [ [ -63.46137, -18.11662 ], [ -63.46208, -18.11831 ], [ -63.46335, -18.11786 ], [ -63.46319, -18.11749 ], [ -63.46238, -18.11775 ], [ -63.46188, -18.11647 ], [ -63.46137, -18.11662 ] ] ] } },
{ "type": "Feature", "properties": { "i": 145 }, "geometry": { "type": "Polygon", "coordinates": [ [ [ -63.45974, -18.11804 ], [ -63.45934, -18.11728 ], [ -63.45931, -18.11728 ], [ -63.45895, -18.11748 ], [ -63.45935, -18.1183 ], [ -63.45974, -18.11809 ], [ -63.45974, -18.11804 ] ] ] } },
{ "type": "Feature", "properties": { "i": 146 }, "geometry": { "type": "Polygon", "coordinates": [ [ [ -63.46085, -18.11639 ], [ -63.45983, -18.11697 ], [ -63.45942, -18.11725 ], [ -63.45941, -18.11728 ], [ -63.4598, -18.118 ], [ -63.45987, -18.118 ], [ -63.46121, -18.11721 ], [ -63.46085, -18.11639 ] ] ] } },
{ "type": "Feature", "properties": { "i": 147 }, "geometry": { "type": "Polygon", "coordinates": [ [ [ -63.45975, -18.11599 ], [ -63.45965, -18.11598 ], [ -63.4579, -18.11695 ], [ -63.45835, -18.11775 ], [ -63.46083, -18.11632 ], [ -63.46066, -18.11595 ], [ -63.4603, -18.11612 ], [ -63.46018, -18.11615 ], [ -63.45987, -18.11613 ], [ -63.45975, -18.11599 ] ] ] } },
{ "type": "Feature", "properties": { "i": 148 }, "geometry": { "type": "Polygon", "coordinates": [ [ [ -63.45903, -18.11575 ], [ -63.45719, -18.11677 ], [ -63.45734, -18.11708 ], [ -63.4573, -18.11709 ], [ -63.45695, -18.11645 ], [ -63.45654, -18.11666 ], [ -63.45689, -18.11741 ], [ -63.45747, -18.11713 ], [ -63.45924, -18.11616 ], [ -63.45903, -18.11575 ] ] ] } },
{ "type": "Feature", "properties": { "i": 149 }, "geometry": { "type": "Polygon", "coordinates": [ [ [ -63.46335, -18.11597 ], [ -63.46308, -18.1151 ], [ -63.46203, -18.11541 ], [ -63.46181, -18.11456 ], [ -63.4606, -18.11491 ], [ -63.46133, -18.11659 ], [ -63.46335, -18.11597 ] ] ] } },
{ "type": "Feature", "properties": { "i": 150 }, "geometry": { "type": "Polygon", "coordinates": [ [ [ -63.45892, -18.11576 ], [ -63.45871, -18.11542 ], [ -63.45761, -18.11607 ], [ -63.4578, -18.11639 ], [ -63.45892, -18.11576 ] ] ] } },
{ "type": "Feature", "properties": { "i": 151 }, "geometry": { "type": "Polygon", "coordinates": [ [ [ -63.45932, -18.11506 ], [ -63.45945, -18.1153 ], [ -63.45943, -18.11531 ], [ -63.45929, -18.11507 ], [ -63.45878, -18.11538 ], [ -63.45897, -18.11574 ], [ -63.45981, -18.11526 ], [ -63.46016, -18.11604 ], [ -63.46022, -18.11606 ], [ -63.46062, -18.1159 ], [ -63.46007, -18.11463 ], [ -63.45932, -18.11506 ] ] ] } },
{ "type": "Feature", "properties": { "i": 152 }, "geometry": { "type": "Polygon", "coordinates": [ [ [ -63.46451, -18.11372 ], [ -63.46435, -18.11329 ], [ -63.46275, -18.11373 ], [ -63.46287, -18.11417 ], [ -63.46451, -18.11372 ] ] ] } },
{ "type": "Feature", "properties": { "i": 153 }, "geometry": { "type": "Polygon", "coordinates": [ [ [ -63.46057, -18.11486 ], [ -63.46102, -18.11471 ], [ -63.46051, -18.11342 ], [ -63.46039, -18.11341 ], [ -63.46022, -18.11343 ], [ -63.45997, -18.1135 ], [ -63.46057, -18.11486 ] ] ] } },
{ "type": "Feature", "properties": { "i": 154 }, "geometry": { "type": "Polygon", "coordinates": [ [ [ -63.45901, -18.11515 ], [ -63.46004, -18.11457 ], [ -63.4595, -18.11335 ], [ -63.45839, -18.11395 ], [ -63.45855, -18.11439 ], [ -63.45901, -18.11515 ] ] ] } },
{ "type": "Feature", "properties": { "i": 155 }, "geometry": { "type": "Polygon", "coordinates": [ [ [ -63.46294, -18.11337 ], [ -63.4626, -18.11346 ], [ -63.46241, -18.11287 ], [ -63.46276, -18.11278 ], [ -63.46294, -18.11337 ] ] ] } },
{ "type": "Feature", "properties": { "i": 156 }, "geometry": { "type": "Polygon", "coordinates": [ [ [ -63.46396, -18.11234 ], [ -63.46376, -18.11158 ], [ -63.46269, -18.11185 ], [ -63.46274, -18.112 ], [ -63.46259, -18.11205 ], [ -63.46305, -18.11334 ], [ -63.46415, -18.11302 ], [ -63.46403, -18.11262 ], [ -63.46318, -18.11287 ], [ -63.4631, -18.11257 ], [ -63.46396, -18.11234 ] ] ] } },
{ "type": "Feature", "properties": { "i": 157 }, "geometry": { "type": "Polygon", "coordinates": [ [ [ -63.46108, -18.11259 ], [ -63.45971, -18.11295 ], [ -63.45994, -18.11348 ], [ -63.46018, -18.1134 ], [ -63.46074, -18.11328 ], [ -63.46124, -18.11312 ], [ -63.46126, -18.1131 ], [ -63.46108, -18.11259 ] ] ] } },
{ "type": "Feature", "properties": { "i": 158 }, "geometry": { "type": "Polygon", "coordinates": [ [ [ -63.4627, -18.1127 ], [ -63.46254, -18.11221 ], [ -63.46118, -18.11257 ], [ -63.46117, -18.11261 ], [ -63.46135, -18.1131 ], [ -63.4627, -18.1127 ] ] ] } },
{ "type": "Feature", "properties": { "i": 159 }, "geometry": { "type": "Polygon", "coordinates": [ [ [ -63.45884, -18.1127 ], [ -63.45899, -18.11314 ], [ -63.45831, -18.11348 ], [ -63.45844, -18.11389 ], [ -63.45949, -18.1133 ], [ -63.45919, -18.11254 ], [ -63.45884, -18.1127 ] ] ] } },
{ "type": "Feature", "properties": { "i": 160 }, "geometry": { "type": "Polygon", "coordinates": [ [ [ -63.46286, -18.11142 ], [ -63.46235, -18.11136 ], [ -63.46234, -18.11139 ], [ -63.46259, -18.11204 ], [ -63.46272, -18.11199 ], [ -63.46267, -18.11185 ], [ -63.46316, -18.11172 ], [ -63.46305, -18.11142 ], [ -63.46286, -18.11142 ] ] ] } },
{ "type": "Feature", "properties": { "i": 161 }, "geometry": { "type": "Polygon", "coordinates": [ [ [ -63.46371, -18.11125 ], [ -63.46309, -18.11141 ], [ -63.46319, -18.11167 ], [ -63.46316, -18.11168 ], [ -63.46317, -18.11172 ], [ -63.4643, -18.11142 ], [ -63.46419, -18.11099 ], [ -63.46394, -18.11117 ], [ -63.46371, -18.11125 ] ] ] } },
{ "type": "Feature", "properties": { "i": 162 }, "geometry": { "type": "Polygon", "coordinates": [ [ [ -63.4625, -18.1121 ], [ -63.46223, -18.11131 ], [ -63.4617, -18.11119 ], [ -63.46126, -18.11112 ], [ -63.46089, -18.11112 ], [ -63.46075, -18.11113 ], [ -63.46047, -18.1112 ], [ -63.46033, -18.11127 ], [ -63.45989, -18.11186 ], [ -63.45957, -18.11213 ], [ -63.45943, -18.11219 ], [ -63.45969, -18.11287 ], [ -63.46086, -18.11254 ], [ -63.46247, -18.11213 ], [ -63.4625, -18.1121 ] ] ] } },
{ "type": "Feature", "properties": { "i": 163 }, "geometry": { "type": "Polygon", "coordinates": [ [ [ -63.45744, -18.1131 ], [ -63.45816, -18.11278 ], [ -63.45911, -18.11241 ], [ -63.45855, -18.11123 ], [ -63.45737, -18.11179 ], [ -63.45719, -18.11198 ], [ -63.45597, -18.11249 ], [ -63.45583, -18.11286 ], [ -63.455, -18.11322 ], [ -63.45496, -18.11331 ], [ -63.45484, -18.11403 ], [ -63.45483, -18.11414 ], [ -63.45486, -18.11428 ], [ -63.45494, -18.11431 ], [ -63.455, -18.11429 ], [ -63.45744, -18.1131 ] ] ] } },
{ "type": "Feature", "properties": { "i": 164 }, "geometry": { "type": "Polygon", "coordinates": [ [ [ -63.45991, -18.11169 ], [ -63.45967, -18.11113 ], [ -63.45994, -18.11168 ], [ -63.4603, -18.1112 ], [ -63.46043, -18.11114 ], [ -63.46039, -18.111 ], [ -63.46031, -18.11099 ], [ -63.46032, -18.11093 ], [ -63.46042, -18.11094 ], [ -63.46041, -18.111 ], [ -63.46045, -18.11113 ], [ -63.46052, -18.11111 ], [ -63.46044, -18.11077 ], [ -63.46033, -18.11077 ], [ -63.4595, -18.11106 ], [ -63.45904, -18.11127 ], [ -63.45937, -18.11206 ], [ -63.45943, -18.11209 ], [ -63.45972, -18.11191 ], [ -63.45991, -18.11169 ] ] ] } },
{ "type": "Feature", "properties": { "i": 165 }, "geometry": { "type": "Polygon", "coordinates": [ [ [ -63.4596, -18.11091 ], [ -63.45901, -18.10973 ], [ -63.45843, -18.10987 ], [ -63.459, -18.11114 ], [ -63.4596, -18.11091 ] ] ] } },
{ "type": "Feature", "properties": { "i": 166 }, "geometry": { "type": "Polygon", "coordinates": [ [ [ -63.45785, -18.11059 ], [ -63.45746, -18.10973 ], [ -63.45788, -18.10957 ], [ -63.45835, -18.11073 ], [ -63.45856, -18.11119 ], [ -63.45733, -18.11178 ], [ -63.45727, -18.11179 ], [ -63.45693, -18.11119 ], [ -63.45691, -18.1111 ], [ -63.45785, -18.11059 ] ] ] } },
{ "type": "Feature", "properties": { "i": 167 }, "geometry": { "type": "Polygon", "coordinates": [ [ [ -63.45912, -18.10605 ], [ -63.45903, -18.10689 ], [ -63.46106, -18.10651 ], [ -63.46105, -18.10645 ], [ -63.45985, -18.10589 ], [ -63.45922, -18.10572 ], [ -63.45912, -18.10605 ] ] ] } },
{ "type": "Feature", "properties": { "i": 168 }, "geometry": { "type": "Polygon", "coordinates": [ [ [ -63.46137, -18.10645 ], [ -63.46114, -18.10644 ], [ -63.45986, -18.10581 ], [ -63.45988, -18.10577 ], [ -63.46136, -18.10553 ], [ -63.46139, -18.10615 ], [ -63.46137, -18.10645 ] ] ] } },
{ "type": "Feature", "properties": { "i": 169 }, "geometry": { "type": "Polygon", "coordinates": [ [ [ -63.45969, -18.10574 ], [ -63.45927, -18.10558 ], [ -63.45924, -18.10554 ], [ -63.45924, -18.10535 ], [ -63.46025, -18.1052 ], [ -63.46025, -18.10525 ], [ -63.4613, -18.10509 ], [ -63.46135, -18.10514 ], [ -63.46136, -18.10546 ], [ -63.46133, -18.10551 ], [ -63.45969, -18.10574 ] ] ] } },
{ "type": "Feature", "properties": { "i": 170 }, "geometry": { "type": "Polygon", "coordinates": [ [ [ -63.45963, -18.10525 ], [ -63.46135, -18.10503 ], [ -63.46136, -18.10487 ], [ -63.46146, -18.10457 ], [ -63.45964, -18.10485 ], [ -63.45931, -18.10521 ], [ -63.45931, -18.10524 ], [ -63.45963, -18.10525 ] ] ] } },
{ "type": "Feature", "properties": { "i": 171 }, "geometry": { "type": "Polygon", "coordinates": [ [ [ -63.46147, -18.10454 ], [ -63.46162, -18.10413 ], [ -63.4616, -18.10358 ], [ -63.46045, -18.10377 ], [ -63.46009, -18.10448 ], [ -63.46011, -18.10474 ], [ -63.46147, -18.10454 ] ] ] } },
{ "type": "Feature", "properties": { "i": 172 }, "geometry": { "type": "Polygon", "coordinates": [ [ [ -63.4584, -18.10305 ], [ -63.45827, -18.10149 ], [ -63.45798, -18.10162 ], [ -63.45519, -18.10313 ], [ -63.45671, -18.10585 ], [ -63.45734, -18.10704 ], [ -63.45783, -18.10705 ], [ -63.45823, -18.10601 ], [ -63.45844, -18.1045 ], [ -63.45846, -18.10416 ], [ -63.4584, -18.10305 ] ] ] } },
{ "type": "Feature", "properties": { "i": 173 }, "geometry": { "type": "Polygon", "coordinates": [ [ [ -63.46202, -18.10241 ], [ -63.46154, -18.10265 ], [ -63.46119, -18.10298 ], [ -63.46117, -18.10303 ], [ -63.46117, -18.10309 ], [ -63.46153, -18.10305 ], [ -63.46164, -18.10357 ], [ -63.46166, -18.104 ], [ -63.46316, -18.10383 ], [ -63.46385, -18.1037 ], [ -63.46372, -18.10327 ], [ -63.46315, -18.10335 ], [ -63.46253, -18.10295 ], [ -63.46214, -18.10241 ], [ -63.46202, -18.10241 ] ] ] } },
{ "type": "Feature", "properties": { "i": 174 }, "geometry": { "type": "Polygon", "coordinates": [ [ [ -63.45532, -18.10412 ], [ -63.45508, -18.10364 ], [ -63.45433, -18.10236 ], [ -63.45362, -18.10396 ], [ -63.45404, -18.10487 ], [ -63.45406, -18.10488 ], [ -63.45436, -18.10473 ], [ -63.45529, -18.10421 ], [ -63.45532, -18.10412 ] ] ] } },
{ "type": "Feature", "properties": { "i": 175 }, "geometry": { "type": "Polygon", "coordinates": [ [ [ -63.45375, -18.10288 ], [ -63.45288, -18.10488 ], [ -63.45289, -18.10494 ], [ -63.45311, -18.10503 ], [ -63.45382, -18.10347 ], [ -63.45431, -18.10233 ], [ -63.45416, -18.10209 ], [ -63.454, -18.10236 ], [ -63.45375, -18.10288 ] ] ] } },
{ "type": "Feature", "properties": { "i": 176 }, "geometry": { "type": "Polygon", "coordinates": [ [ [ -63.45368, -18.10171 ], [ -63.45381, -18.10156 ], [ -63.45361, -18.10127 ], [ -63.45338, -18.10154 ], [ -63.45329, -18.10169 ], [ -63.452, -18.10447 ], [ -63.45279, -18.10488 ], [ -63.45284, -18.10486 ], [ -63.45297, -18.1045 ], [ -63.45378, -18.10268 ], [ -63.45413, -18.10206 ], [ -63.45383, -18.1016 ], [ -63.45371, -18.10173 ], [ -63.45344, -18.1022 ], [ -63.45341, -18.10218 ], [ -63.45368, -18.10171 ] ] ] } },
{ "type": "Feature", "properties": { "i": 177 }, "geometry": { "type": "Polygon", "coordinates": [ [ [ -63.44587, -18.10506 ], [ -63.4456, -18.1045 ], [ -63.44632, -18.10383 ], [ -63.44654, -18.10416 ], [ -63.44641, -18.10429 ], [ -63.44675, -18.10471 ], [ -63.44646, -18.10493 ], [ -63.44587, -18.10506 ] ] ] } },
{ "type": "Feature", "properties": { "i": 178 }, "geometry": { "type": "Polygon", "coordinates": [ [ [ -63.44716, -18.10312 ], [ -63.4464, -18.1038 ], [ -63.44691, -18.10444 ], [ -63.44743, -18.10403 ], [ -63.44722, -18.10374 ], [ -63.44721, -18.10367 ], [ -63.44723, -18.10362 ], [ -63.44737, -18.10343 ], [ -63.44716, -18.10312 ] ] ] } },
{ "type": "Feature", "properties": { "i": 179 }, "geometry": { "type": "Polygon", "coordinates": [ [ [ -63.45258, -18.10311 ], [ -63.45325, -18.10169 ], [ -63.45336, -18.10151 ], [ -63.45359, -18.10124 ], [ -63.45324, -18.10073 ], [ -63.45269, -18.10116 ], [ -63.45193, -18.10181 ], [ -63.45177, -18.1019 ], [ -63.45164, -18.10193 ], [ -63.45158, -18.10197 ], [ -63.45112, -18.10241 ], [ -63.45191, -18.10306 ], [ -63.45218, -18.10275 ], [ -63.45258, -18.10311 ] ] ] } },
{ "type": "Feature", "properties": { "i": 180 }, "geometry": { "type": "Polygon", "coordinates": [ [ [ -63.44713, -18.10305 ], [ -63.44681, -18.10257 ], [ -63.44601, -18.10324 ], [ -63.446, -18.10328 ], [ -63.44632, -18.10368 ], [ -63.44635, -18.10369 ], [ -63.44713, -18.10305 ] ] ] } },
{ "type": "Feature", "properties": { "i": 181 }, "geometry": { "type": "Polygon", "coordinates": [ [ [ -63.44803, -18.10242 ], [ -63.44824, -18.10268 ], [ -63.44744, -18.10338 ], [ -63.44722, -18.1031 ], [ -63.44722, -18.10306 ], [ -63.44803, -18.10242 ] ] ] } },
{ "type": "Feature", "properties": { "i": 182 }, "geometry": { "type": "Polygon", "coordinates": [ [ [ -63.44567, -18.10295 ], [ -63.44629, -18.10375 ], [ -63.44571, -18.1043 ], [ -63.44554, -18.10443 ], [ -63.44526, -18.10396 ], [ -63.44496, -18.10424 ], [ -63.44462, -18.10381 ], [ -63.44567, -18.10295 ] ] ] } },
{ "type": "Feature", "properties": { "i": 183 }, "geometry": { "type": "Polygon", "coordinates": [ [ [ -63.45815, -18.10149 ], [ -63.45811, -18.10058 ], [ -63.45787, -18.09959 ], [ -63.45629, -18.10045 ], [ -63.45421, -18.10154 ], [ -63.45446, -18.10191 ], [ -63.45516, -18.10309 ], [ -63.45608, -18.10262 ], [ -63.45815, -18.10149 ] ] ] } },
{ "type": "Feature", "properties": { "i": 184 }, "geometry": { "type": "Polygon", "coordinates": [ [ [ -63.4501, -18.10203 ], [ -63.44933, -18.10269 ], [ -63.44985, -18.10326 ], [ -63.44924, -18.10377 ], [ -63.44827, -18.10269 ], [ -63.44831, -18.10267 ], [ -63.44773, -18.10183 ], [ -63.44848, -18.1012 ], [ -63.44852, -18.1012 ], [ -63.44884, -18.10171 ], [ -63.44944, -18.10125 ], [ -63.45011, -18.10199 ], [ -63.4501, -18.10203 ] ] ] } },
{ "type": "Feature", "properties": { "i": 185 }, "geometry": { "type": "Polygon", "coordinates": [ [ [ -63.44798, -18.10235 ], [ -63.44765, -18.10187 ], [ -63.44687, -18.10251 ], [ -63.44718, -18.10299 ], [ -63.44798, -18.10235 ] ] ] } },
{ "type": "Feature", "properties": { "i": 186 }, "geometry": { "type": "Polygon", "coordinates": [ [ [ -63.45109, -18.10127 ], [ -63.45197, -18.10057 ], [ -63.45268, -18.09997 ], [ -63.45271, -18.09998 ], [ -63.45321, -18.10068 ], [ -63.45307, -18.10082 ], [ -63.45281, -18.10101 ], [ -63.45199, -18.1017 ], [ -63.4518, -18.10184 ], [ -63.4516, -18.10189 ], [ -63.45093, -18.10252 ], [ -63.45056, -18.1029 ], [ -63.44998, -18.10224 ], [ -63.45109, -18.10127 ] ] ] } },
{ "type": "Feature", "properties": { "i": 187 }, "geometry": { "type": "Polygon", "coordinates": [ [ [ -63.44473, -18.10275 ], [ -63.44523, -18.10236 ], [ -63.44536, -18.10187 ], [ -63.44599, -18.10174 ], [ -63.44639, -18.1016 ], [ -63.44654, -18.10177 ], [ -63.44663, -18.10177 ], [ -63.44709, -18.10144 ], [ -63.44708, -18.10142 ], [ -63.44662, -18.10175 ], [ -63.44656, -18.10175 ], [ -63.44642, -18.10159 ], [ -63.44706, -18.10109 ], [ -63.44739, -18.1015 ], [ -63.4476, -18.1018 ], [ -63.44594, -18.10318 ], [ -63.44571, -18.10289 ], [ -63.44487, -18.10356 ], [ -63.44453, -18.10302 ], [ -63.44473, -18.10275 ] ] ] } },
{ "type": "Feature", "properties": { "i": 188 }, "geometry": { "type": "Polygon", "coordinates": [ [ [ -63.4497, -18.10149 ], [ -63.44952, -18.10122 ], [ -63.44952, -18.10117 ], [ -63.45032, -18.10047 ], [ -63.45035, -18.10047 ], [ -63.45053, -18.10071 ], [ -63.45062, -18.10072 ], [ -63.45106, -18.10123 ], [ -63.4502, -18.10197 ], [ -63.45015, -18.10196 ], [ -63.4497, -18.10149 ] ] ] } },
{ "type": "Feature", "properties": { "i": 189 }, "geometry": { "type": "Polygon", "coordinates": [ [ [ -63.4489, -18.10156 ], [ -63.44937, -18.10117 ], [ -63.44907, -18.10073 ], [ -63.44903, -18.10073 ], [ -63.44896, -18.10078 ], [ -63.44859, -18.10111 ], [ -63.44859, -18.10116 ], [ -63.44887, -18.10156 ], [ -63.4489, -18.10156 ] ] ] } },
{ "type": "Feature", "properties": { "i": 190 }, "geometry": { "type": "Polygon", "coordinates": [ [ [ -63.45126, -18.1002 ], [ -63.4511, -18.09989 ], [ -63.45041, -18.10042 ], [ -63.45109, -18.1012 ], [ -63.45163, -18.10077 ], [ -63.45158, -18.10072 ], [ -63.45147, -18.1007 ], [ -63.45126, -18.10043 ], [ -63.45124, -18.1003 ], [ -63.45126, -18.1002 ] ] ] } },
{ "type": "Feature", "properties": { "i": 191 }, "geometry": { "type": "Polygon", "coordinates": [ [ [ -63.44878, -18.10081 ], [ -63.44767, -18.10173 ], [ -63.44714, -18.10102 ], [ -63.44745, -18.10077 ], [ -63.44764, -18.10102 ], [ -63.44766, -18.10101 ], [ -63.44747, -18.10076 ], [ -63.44798, -18.10036 ], [ -63.44818, -18.10016 ], [ -63.44856, -18.10055 ], [ -63.44878, -18.10081 ] ] ] } },
{ "type": "Feature", "properties": { "i": 192 }, "geometry": { "type": "Polygon", "coordinates": [ [ [ -63.4503, -18.10039 ], [ -63.44944, -18.1011 ], [ -63.44913, -18.10065 ], [ -63.44998, -18.09994 ], [ -63.45001, -18.09994 ], [ -63.4501, -18.10006 ], [ -63.4503, -18.10039 ] ] ] } },
{ "type": "Feature", "properties": { "i": 193 }, "geometry": { "type": "Polygon", "coordinates": [ [ [ -63.45207, -18.10041 ], [ -63.45179, -18.10003 ], [ -63.45178, -18.1 ], [ -63.45183, -18.09995 ], [ -63.45172, -18.09981 ], [ -63.45167, -18.09955 ], [ -63.45161, -18.09948 ], [ -63.45118, -18.09982 ], [ -63.45134, -18.10011 ], [ -63.45129, -18.10022 ], [ -63.45129, -18.10039 ], [ -63.4515, -18.10066 ], [ -63.4517, -18.1007 ], [ -63.45207, -18.10041 ] ] ] } },
{ "type": "Feature", "properties": { "i": 194 }, "geometry": { "type": "Polygon", "coordinates": [ [ [ -63.45267, -18.09991 ], [ -63.45212, -18.09911 ], [ -63.45163, -18.09947 ], [ -63.45174, -18.09961 ], [ -63.45177, -18.09977 ], [ -63.45188, -18.09994 ], [ -63.45182, -18.09999 ], [ -63.45182, -18.10003 ], [ -63.45208, -18.10036 ], [ -63.45267, -18.09991 ] ] ] } },
{ "type": "Feature", "properties": { "i": 195 }, "geometry": { "type": "Polygon", "coordinates": [ [ [ -63.45104, -18.09981 ], [ -63.45105, -18.09978 ], [ -63.45082, -18.09927 ], [ -63.45007, -18.09986 ], [ -63.45037, -18.10032 ], [ -63.45104, -18.09981 ] ] ] } },
{ "type": "Feature", "properties": { "i": 196 }, "geometry": { "type": "Polygon", "coordinates": [ [ [ -63.44904, -18.0998 ], [ -63.44878, -18.09949 ], [ -63.44847, -18.0996 ], [ -63.44823, -18.09984 ], [ -63.44819, -18.10001 ], [ -63.44842, -18.10026 ], [ -63.44904, -18.0998 ] ] ] } },
{ "type": "Feature", "properties": { "i": 197 }, "geometry": { "type": "Polygon", "coordinates": [ [ [ -63.45206, -18.09902 ], [ -63.45175, -18.09853 ], [ -63.4509, -18.0992 ], [ -63.45112, -18.09972 ], [ -63.45206, -18.09902 ] ] ] } },
{ "type": "Feature", "properties": { "i": 198 }, "geometry": { "type": "Polygon", "coordinates": [ [ [ -63.451, -18.09899 ], [ -63.45172, -18.09844 ], [ -63.45126, -18.09778 ], [ -63.45063, -18.09827 ], [ -63.45013, -18.09877 ], [ -63.44962, -18.09922 ], [ -63.44939, -18.09934 ], [ -63.44884, -18.09948 ], [ -63.44912, -18.09981 ], [ -63.44848, -18.10033 ], [ -63.44884, -18.10074 ], [ -63.45097, -18.09905 ], [ -63.451, -18.09899 ] ] ] } },
{ "type": "Feature", "properties": { "i": 199 }, "geometry": { "type": "Polygon", "coordinates": [ [ [ -63.45574, -18.09812 ], [ -63.45576, -18.09813 ], [ -63.45564, -18.09826 ], [ -63.45423, -18.09898 ], [ -63.45339, -18.0995 ], [ -63.453, -18.09971 ], [ -63.45419, -18.1015 ], [ -63.45494, -18.10112 ], [ -63.45788, -18.09955 ], [ -63.4579, -18.099 ], [ -63.45762, -18.09798 ], [ -63.45742, -18.09756 ], [ -63.45702, -18.09696 ], [ -63.45637, -18.09575 ], [ -63.45609, -18.09534 ], [ -63.45553, -18.09467 ], [ -63.45409, -18.09557 ], [ -63.45134, -18.09721 ], [ -63.45298, -18.09968 ], [ -63.45338, -18.09948 ], [ -63.45424, -18.09895 ], [ -63.45561, -18.09825 ], [ -63.45574, -18.09812 ] ] ] } },
{ "type": "Feature", "properties": { "i": 200 }, "geometry": { "type": "Polygon", "coordinates": [ [ [ -63.44732, -18.09947 ], [ -63.44706, -18.09902 ], [ -63.44693, -18.09884 ], [ -63.44695, -18.0988 ], [ -63.44734, -18.09853 ], [ -63.44764, -18.09887 ], [ -63.44765, -18.09885 ], [ -63.44737, -18.09851 ], [ -63.44774, -18.09819 ], [ -63.44861, -18.09754 ], [ -63.44898, -18.09748 ], [ -63.44914, -18.09737 ], [ -63.44958, -18.097 ], [ -63.44969, -18.09696 ], [ -63.44986, -18.09696 ], [ -63.44992, -18.09694 ], [ -63.45053, -18.09656 ], [ -63.45064, -18.09674 ], [ -63.45072, -18.09693 ], [ -63.44985, -18.09763 ], [ -63.44879, -18.09843 ], [ -63.44881, -18.09845 ], [ -63.44966, -18.09782 ], [ -63.45074, -18.09696 ], [ -63.45124, -18.09773 ], [ -63.45047, -18.09833 ], [ -63.45036, -18.09821 ], [ -63.45029, -18.0982 ], [ -63.45019, -18.09825 ], [ -63.44897, -18.09913 ], [ -63.44899, -18.09916 ], [ -63.44903, -18.09914 ], [ -63.44942, -18.09887 ], [ -63.44959, -18.0991 ], [ -63.44959, -18.09913 ], [ -63.44948, -18.09921 ], [ -63.44923, -18.09932 ], [ -63.44859, -18.0995 ], [ -63.44829, -18.09964 ], [ -63.44817, -18.0998 ], [ -63.44812, -18.09992 ], [ -63.4481, -18.1001 ], [ -63.44804, -18.10019 ], [ -63.44755, -18.10061 ], [ -63.44629, -18.10157 ], [ -63.44609, -18.10165 ], [ -63.44566, -18.10175 ], [ -63.44525, -18.1018 ], [ -63.44727, -18.10024 ], [ -63.44732, -18.09947 ] ] ] } },
{ "type": "Feature", "properties": { "i": 201 }, "geometry": { "type": "Polygon", "coordinates": [ [ [ -63.45041, -18.09838 ], [ -63.45034, -18.09828 ], [ -63.45022, -18.09828 ], [ -63.44952, -18.09879 ], [ -63.44946, -18.09886 ], [ -63.44964, -18.09909 ], [ -63.44989, -18.0989 ], [ -63.4504, -18.09842 ], [ -63.45041, -18.09838 ] ] ] } },
{ "type": "Feature", "properties": { "i": 202 }, "geometry": { "type": "Polygon", "coordinates": [ [ [ -63.4472, -18.09833 ], [ -63.44681, -18.09861 ], [ -63.44691, -18.09873 ], [ -63.44727, -18.0985 ], [ -63.44861, -18.09747 ], [ -63.44898, -18.09741 ], [ -63.44957, -18.09695 ], [ -63.44969, -18.09689 ], [ -63.44984, -18.09689 ], [ -63.44994, -18.09685 ], [ -63.45051, -18.09651 ], [ -63.45039, -18.096 ], [ -63.4503, -18.09594 ], [ -63.44963, -18.09646 ], [ -63.44819, -18.09752 ], [ -63.44752, -18.09805 ], [ -63.4472, -18.09833 ] ] ] } },
{ "type": "Feature", "properties": { "i": 203 }, "geometry": { "type": "Polygon", "coordinates": [ [ [ -63.44762, -18.09669 ], [ -63.44693, -18.09773 ], [ -63.44725, -18.09819 ], [ -63.45021, -18.09593 ], [ -63.45022, -18.09568 ], [ -63.45014, -18.09544 ], [ -63.45007, -18.09502 ], [ -63.44998, -18.09392 ], [ -63.44784, -18.09551 ], [ -63.44762, -18.09669 ] ] ] } },
{ "type": "Feature", "properties": { "i": 204 }, "geometry": { "type": "Polygon", "coordinates": [ [ [ -63.4533, -18.09426 ], [ -63.45405, -18.0955 ], [ -63.45191, -18.09683 ], [ -63.45128, -18.09717 ], [ -63.4508, -18.09629 ], [ -63.45054, -18.09569 ], [ -63.4533, -18.09426 ] ] ] } },
{ "type": "Feature", "properties": { "i": 205 }, "geometry": { "type": "Polygon", "coordinates": [ [ [ -63.45252, -18.09299 ], [ -63.45228, -18.0916 ], [ -63.45054, -18.09263 ], [ -63.45048, -18.09324 ], [ -63.45053, -18.09327 ], [ -63.45119, -18.09286 ], [ -63.45121, -18.09289 ], [ -63.45043, -18.09335 ], [ -63.45036, -18.0937 ], [ -63.45033, -18.09427 ], [ -63.45035, -18.09508 ], [ -63.45044, -18.09552 ], [ -63.45278, -18.09433 ], [ -63.45295, -18.09406 ], [ -63.45252, -18.09299 ] ] ] } },
{ "type": "Feature", "properties": { "i": 206 }, "geometry": { "type": "Polygon", "coordinates": [ [ [ -63.44782, -18.09447 ], [ -63.44818, -18.0952 ], [ -63.44975, -18.09403 ], [ -63.45001, -18.09386 ], [ -63.45007, -18.09312 ], [ -63.45013, -18.09274 ], [ -63.44897, -18.09351 ], [ -63.44784, -18.09431 ], [ -63.44782, -18.09434 ], [ -63.44782, -18.09447 ] ] ] } },
{ "type": "Feature", "properties": { "i": 207 }, "geometry": { "type": "Polygon", "coordinates": [ [ [ -63.45612, -18.091 ], [ -63.45593, -18.09116 ], [ -63.45591, -18.09125 ], [ -63.45596, -18.09149 ], [ -63.45564, -18.09166 ], [ -63.4554, -18.09173 ], [ -63.45577, -18.0925 ], [ -63.45703, -18.09197 ], [ -63.45879, -18.09129 ], [ -63.45831, -18.09067 ], [ -63.45821, -18.09049 ], [ -63.45814, -18.09012 ], [ -63.45779, -18.08952 ], [ -63.45611, -18.09033 ], [ -63.45635, -18.09088 ], [ -63.45612, -18.091 ] ] ] } },
{ "type": "Feature", "properties": { "i": 208 }, "geometry": { "type": "Polygon", "coordinates": [ [ [ -63.45027, -18.0914 ], [ -63.45025, -18.09139 ], [ -63.44787, -18.09297 ], [ -63.44776, -18.09405 ], [ -63.44778, -18.09429 ], [ -63.44781, -18.09429 ], [ -63.44897, -18.09346 ], [ -63.45012, -18.09268 ], [ -63.45027, -18.0914 ] ] ] } },
{ "type": "Feature", "properties": { "i": 209 }, "geometry": { "type": "Polygon", "coordinates": [ [ [ -63.44813, -18.09271 ], [ -63.44785, -18.09233 ], [ -63.44753, -18.09196 ], [ -63.44739, -18.09184 ], [ -63.44722, -18.09179 ], [ -63.44657, -18.09179 ], [ -63.44657, -18.09204 ], [ -63.44684, -18.09203 ], [ -63.44714, -18.09207 ], [ -63.4473, -18.09219 ], [ -63.44748, -18.09237 ], [ -63.44796, -18.09278 ], [ -63.44803, -18.09278 ], [ -63.44813, -18.09271 ] ] ] } },
{ "type": "Feature", "properties": { "i": 210 }, "geometry": { "type": "Polygon", "coordinates": [ [ [ -63.45306, -18.09022 ], [ -63.45304, -18.09005 ], [ -63.45147, -18.09104 ], [ -63.45097, -18.0914 ], [ -63.45067, -18.09155 ], [ -63.45054, -18.09258 ], [ -63.45212, -18.09164 ], [ -63.45239, -18.09129 ], [ -63.45306, -18.09022 ] ] ] } },
{ "type": "Feature", "properties": { "i": 211 }, "geometry": { "type": "Polygon", "coordinates": [ [ [ -63.45388, -18.08905 ], [ -63.45369, -18.08874 ], [ -63.45076, -18.09063 ], [ -63.45068, -18.0915 ], [ -63.45072, -18.0915 ], [ -63.45104, -18.09132 ], [ -63.45145, -18.09102 ], [ -63.45217, -18.09055 ], [ -63.45326, -18.08988 ], [ -63.4536, -18.08963 ], [ -63.45371, -18.08954 ], [ -63.45388, -18.08905 ] ] ] } },
{ "type": "Feature", "properties": { "i": 212 }, "geometry": { "type": "Polygon", "coordinates": [ [ [ -63.4504, -18.09006 ], [ -63.4501, -18.09022 ], [ -63.44977, -18.09044 ], [ -63.44761, -18.09193 ], [ -63.4476, -18.09195 ], [ -63.44764, -18.09201 ], [ -63.44816, -18.09269 ], [ -63.4494, -18.09186 ], [ -63.45029, -18.0913 ], [ -63.4504, -18.09006 ] ] ] } },
{ "type": "Feature", "properties": { "i": 213 }, "geometry": { "type": "Polygon", "coordinates": [ [ [ -63.4504, -18.08996 ], [ -63.45042, -18.08892 ], [ -63.45008, -18.08913 ], [ -63.44911, -18.08981 ], [ -63.44867, -18.09037 ], [ -63.44856, -18.09081 ], [ -63.44877, -18.09106 ], [ -63.4504, -18.08996 ] ] ] } },
{ "type": "Feature", "properties": { "i": 214 }, "geometry": { "type": "Polygon", "coordinates": [ [ [ -63.45077, -18.09057 ], [ -63.45257, -18.08943 ], [ -63.45291, -18.08919 ], [ -63.45342, -18.08888 ], [ -63.45383, -18.0886 ], [ -63.45412, -18.08837 ], [ -63.45434, -18.08782 ], [ -63.45462, -18.08723 ], [ -63.45462, -18.08718 ], [ -63.45459, -18.08716 ], [ -63.454, -18.08758 ], [ -63.4517, -18.08911 ], [ -63.45132, -18.08944 ], [ -63.45082, -18.08976 ], [ -63.45077, -18.09057 ] ] ] } },
{ "type": "Feature", "properties": { "i": 215 }, "geometry": { "type": "Polygon", "coordinates": [ [ [ -63.45013, -18.08905 ], [ -63.45042, -18.08888 ], [ -63.4504, -18.08818 ], [ -63.44932, -18.08888 ], [ -63.44949, -18.08948 ], [ -63.45013, -18.08905 ] ] ] } },
{ "type": "Feature", "properties": { "i": 216 }, "geometry": { "type": "Polygon", "coordinates": [ [ [ -63.45333, -18.08633 ], [ -63.45304, -18.0863 ], [ -63.45249, -18.08666 ], [ -63.45136, -18.08749 ], [ -63.45077, -18.08787 ], [ -63.45083, -18.08922 ], [ -63.45082, -18.08969 ], [ -63.45142, -18.0893 ], [ -63.45165, -18.08909 ], [ -63.45264, -18.08845 ], [ -63.45429, -18.08733 ], [ -63.45351, -18.08643 ], [ -63.45333, -18.08633 ] ] ] } },
{ "type": "Feature", "properties": { "i": 217 }, "geometry": { "type": "Polygon", "coordinates": [ [ [ -63.44969, -18.08814 ], [ -63.45026, -18.08778 ], [ -63.45036, -18.08774 ], [ -63.4504, -18.08812 ], [ -63.44933, -18.0888 ], [ -63.44931, -18.08859 ], [ -63.44955, -18.08846 ], [ -63.44956, -18.08819 ], [ -63.44969, -18.08814 ] ] ] } },
{ "type": "Feature", "properties": { "i": 218 }, "geometry": { "type": "Polygon", "coordinates": [ [ [ -63.44969, -18.08811 ], [ -63.45036, -18.08767 ], [ -63.45033, -18.08721 ], [ -63.4503, -18.08721 ], [ -63.44958, -18.08767 ], [ -63.44955, -18.08817 ], [ -63.44969, -18.08811 ] ] ] } },
{ "type": "Feature", "properties": { "i": 219 }, "geometry": { "type": "Polygon", "coordinates": [ [ [ -63.45221, -18.08616 ], [ -63.45131, -18.08677 ], [ -63.45068, -18.0871 ], [ -63.45075, -18.08779 ], [ -63.45078, -18.0878 ], [ -63.45096, -18.0877 ], [ -63.45156, -18.08729 ], [ -63.45174, -18.08714 ], [ -63.45188, -18.08706 ], [ -63.4526, -18.08653 ], [ -63.453, -18.08628 ], [ -63.45304, -18.08623 ], [ -63.45305, -18.08617 ], [ -63.45298, -18.08605 ], [ -63.45276, -18.08578 ], [ -63.45273, -18.08578 ], [ -63.45221, -18.08616 ] ] ] } },
{ "type": "Feature", "properties": { "i": 220 }, "geometry": { "type": "Polygon", "coordinates": [ [ [ -63.45026, -18.08677 ], [ -63.44948, -18.08728 ], [ -63.44956, -18.08758 ], [ -63.44967, -18.08757 ], [ -63.44975, -18.08753 ], [ -63.45032, -18.08714 ], [ -63.45026, -18.08677 ] ] ] } },
{ "type": "Feature", "properties": { "i": 221 }, "geometry": { "type": "Polygon", "coordinates": [ [ [ -63.44937, -18.0873 ], [ -63.44924, -18.08675 ], [ -63.45011, -18.0862 ], [ -63.45016, -18.08627 ], [ -63.45024, -18.08676 ], [ -63.44967, -18.08713 ], [ -63.44937, -18.0873 ] ] ] } },
{ "type": "Feature", "properties": { "i": 222 }, "geometry": { "type": "Polygon", "coordinates": [ [ [ -63.45214, -18.0852 ], [ -63.45138, -18.08577 ], [ -63.4505, -18.08603 ], [ -63.45069, -18.08697 ], [ -63.45124, -18.08673 ], [ -63.45269, -18.08572 ], [ -63.45229, -18.08511 ], [ -63.45214, -18.0852 ] ] ] } },
{ "type": "Feature", "properties": { "i": 223 }, "geometry": { "type": "Polygon", "coordinates": [ [ [ -63.45001, -18.08528 ], [ -63.44939, -18.08554 ], [ -63.44961, -18.08647 ], [ -63.45017, -18.08612 ], [ -63.45001, -18.08528 ] ] ] } },
{ "type": "Feature", "properties": { "i": 224 }, "geometry": { "type": "Polygon", "coordinates": [ [ [ -63.45096, -18.08559 ], [ -63.45053, -18.0859 ], [ -63.45054, -18.08599 ], [ -63.45085, -18.08591 ], [ -63.4514, -18.08571 ], [ -63.45415, -18.0837 ], [ -63.45388, -18.08337 ], [ -63.45221, -18.08462 ], [ -63.45096, -18.08559 ] ] ] } },
{ "type": "Feature", "properties": { "i": 225 }, "geometry": { "type": "Polygon", "coordinates": [ [ [ -63.44942, -18.0834 ], [ -63.4493, -18.08327 ], [ -63.44928, -18.08328 ], [ -63.44846, -18.08391 ], [ -63.4495, -18.08495 ], [ -63.44989, -18.08491 ], [ -63.44942, -18.0834 ] ] ] } },
{ "type": "Feature", "properties": { "i": 226 }, "geometry": { "type": "Polygon", "coordinates": [ [ [ -63.4549, -18.08256 ], [ -63.45254, -18.08431 ], [ -63.45075, -18.0857 ], [ -63.45049, -18.0858 ], [ -63.4499, -18.0838 ], [ -63.44992, -18.08375 ], [ -63.4504, -18.08337 ], [ -63.45042, -18.08338 ], [ -63.45123, -18.08444 ], [ -63.45376, -18.08247 ], [ -63.4537, -18.08239 ], [ -63.45122, -18.08429 ], [ -63.45051, -18.08339 ], [ -63.45096, -18.08304 ], [ -63.45091, -18.08294 ], [ -63.45366, -18.08095 ], [ -63.4549, -18.08256 ] ] ] } },
{ "type": "Feature", "properties": { "i": 227 }, "geometry": { "type": "Polygon", "coordinates": [ [ [ -63.44898, -18.08343 ], [ -63.44935, -18.08318 ], [ -63.44928, -18.08299 ], [ -63.44921, -18.08287 ], [ -63.44897, -18.08302 ], [ -63.44819, -18.08365 ], [ -63.44844, -18.0839 ], [ -63.44893, -18.08352 ], [ -63.44898, -18.08343 ] ] ] } },
{ "type": "Feature", "properties": { "i": 228 }, "geometry": { "type": "Polygon", "coordinates": [ [ [ -63.44787, -18.08389 ], [ -63.44837, -18.08335 ], [ -63.44836, -18.08286 ], [ -63.44849, -18.08243 ], [ -63.44788, -18.08298 ], [ -63.44729, -18.08345 ], [ -63.44773, -18.08398 ], [ -63.44787, -18.08389 ] ] ] } },
{ "type": "Feature", "properties": { "i": 229 }, "geometry": { "type": "Polygon", "coordinates": [ [ [ -63.44891, -18.08218 ], [ -63.4492, -18.08283 ], [ -63.44894, -18.08298 ], [ -63.44852, -18.08333 ], [ -63.44847, -18.08331 ], [ -63.44845, -18.08294 ], [ -63.44857, -18.08248 ], [ -63.4486, -18.08241 ], [ -63.44891, -18.08218 ] ] ] } },
{ "type": "Feature", "properties": { "i": 230 }, "geometry": { "type": "Polygon", "coordinates": [ [ [ -63.45569, -18.07831 ], [ -63.45567, -18.07903 ], [ -63.45549, -18.0796 ], [ -63.45537, -18.07966 ], [ -63.45513, -18.07969 ], [ -63.45484, -18.07996 ], [ -63.45099, -18.08283 ], [ -63.44995, -18.08359 ], [ -63.44987, -18.08355 ], [ -63.44957, -18.08274 ], [ -63.44973, -18.08265 ], [ -63.44984, -18.08253 ], [ -63.45449, -18.07909 ], [ -63.45569, -18.07831 ] ] ] } },
{ "type": "Feature", "properties": { "i": 231 }, "geometry": { "type": "Polygon", "coordinates": [ [ [ -63.4545, -18.07891 ], [ -63.45416, -18.0783 ], [ -63.44923, -18.08191 ], [ -63.44936, -18.08218 ], [ -63.44955, -18.08271 ], [ -63.44971, -18.08261 ], [ -63.45052, -18.08198 ], [ -63.45189, -18.08099 ], [ -63.45356, -18.07973 ], [ -63.45446, -18.07908 ], [ -63.45449, -18.07902 ], [ -63.4545, -18.07891 ] ] ] } },
{ "type": "Feature", "properties": { "i": 232 }, "geometry": { "type": "Polygon", "coordinates": [ [ [ -63.44427, -18.07997 ], [ -63.44603, -18.08357 ], [ -63.44617, -18.08361 ], [ -63.44653, -18.08357 ], [ -63.44678, -18.08346 ], [ -63.44683, -18.08342 ], [ -63.44687, -18.08334 ], [ -63.44691, -18.08321 ], [ -63.44689, -18.08292 ], [ -63.44684, -18.0828 ], [ -63.44663, -18.08255 ], [ -63.44659, -18.08247 ], [ -63.44657, -18.08224 ], [ -63.44663, -18.08217 ], [ -63.44671, -18.08215 ], [ -63.4468, -18.08219 ], [ -63.44693, -18.08242 ], [ -63.44707, -18.08258 ], [ -63.44758, -18.08294 ], [ -63.44764, -18.08297 ], [ -63.44778, -18.08295 ], [ -63.44823, -18.08259 ], [ -63.44829, -18.08214 ], [ -63.44837, -18.08193 ], [ -63.44845, -18.08176 ], [ -63.44869, -18.08143 ], [ -63.44828, -18.08071 ], [ -63.44818, -18.0808 ], [ -63.44729, -18.07946 ], [ -63.44638, -18.07827 ], [ -63.44427, -18.07997 ] ] ] } },
{ "type": "Feature", "properties": { "i": 233 }, "geometry": { "type": "Polygon", "coordinates": [ [ [ -63.45238, -18.07892 ], [ -63.45175, -18.07774 ], [ -63.45006, -18.07916 ], [ -63.44844, -18.08048 ], [ -63.44894, -18.08139 ], [ -63.45001, -18.081 ], [ -63.45238, -18.07892 ] ] ] } },
{ "type": "Feature", "properties": { "i": 234 }, "geometry": { "type": "Polygon", "coordinates": [ [ [ -63.4517, -18.07769 ], [ -63.4511, -18.07655 ], [ -63.45023, -18.07611 ], [ -63.44912, -18.07472 ], [ -63.44905, -18.07472 ], [ -63.44769, -18.07584 ], [ -63.4469, -18.07652 ], [ -63.44746, -18.07711 ], [ -63.44811, -18.07657 ], [ -63.44816, -18.07662 ], [ -63.44662, -18.07792 ], [ -63.44776, -18.07931 ], [ -63.4484, -18.08037 ], [ -63.44994, -18.0791 ], [ -63.4517, -18.07769 ] ] ] } },
{ "type": "Feature", "properties": { "i": 235 }, "geometry": { "type": "Polygon", "coordinates": [ [ [ -63.44627, -18.07818 ], [ -63.44614, -18.07798 ], [ -63.44457, -18.07599 ], [ -63.44248, -18.0778 ], [ -63.44338, -18.07918 ], [ -63.44419, -18.07989 ], [ -63.44625, -18.07827 ], [ -63.44628, -18.07823 ], [ -63.44627, -18.07818 ] ] ] } },
{ "type": "Feature", "properties": { "i": 236 }, "geometry": { "type": "Polygon", "coordinates": [ [ [ -63.44606, -18.07722 ], [ -63.44655, -18.07784 ], [ -63.44738, -18.07716 ], [ -63.44683, -18.07655 ], [ -63.44606, -18.07722 ] ] ] } },
{ "type": "Feature", "properties": { "i": 237 }, "geometry": { "type": "Polygon", "coordinates": [ [ [ -63.45313, -18.07479 ], [ -63.45177, -18.07525 ], [ -63.45115, -18.07533 ], [ -63.45079, -18.07562 ], [ -63.45025, -18.07508 ], [ -63.4501, -18.07507 ], [ -63.44973, -18.07537 ], [ -63.45025, -18.07606 ], [ -63.45116, -18.0765 ], [ -63.45329, -18.07483 ], [ -63.45313, -18.07479 ] ] ] } },
{ "type": "Feature", "properties": { "i": 238 }, "geometry": { "type": "Polygon", "coordinates": [ [ [ -63.34421, -18.09973 ], [ -63.34411, -18.09959 ], [ -63.34399, -18.09951 ], [ -63.34327, -18.09941 ], [ -63.34324, -18.09952 ], [ -63.34432, -18.10014 ], [ -63.34421, -18.09973 ] ] ] } },
{ "type": "Feature", "properties": { "i": 239 }, "geometry": { "type": "Polygon", "coordinates": [ [ [ -63.34504, -18.09963 ], [ -63.34523, -18.10042 ], [ -63.34525, -18.10074 ], [ -63.34523, -18.10075 ], [ -63.34441, -18.10019 ], [ -63.34427, -18.09965 ], [ -63.34419, -18.09954 ], [ -63.34411, -18.09948 ], [ -63.34397, -18.09943 ], [ -63.34398, -18.09853 ], [ -63.34402, -18.09851 ], [ -63.34493, -18.09859 ], [ -63.34495, -18.09861 ], [ -63.34492, -18.09923 ], [ -63.34504, -18.09963 ] ] ] } },
{ "type": "Feature", "properties": { "i": 240 }, "geometry": { "type": "Polygon", "coordinates": [ [ [ -63.45186, -18.07514 ], [ -63.45265, -18.07488 ], [ -63.45323, -18.07468 ], [ -63.45298, -18.0743 ], [ -63.45073, -18.07508 ], [ -63.45071, -18.07507 ], [ -63.45051, -18.07521 ], [ -63.4508, -18.0755 ], [ -63.45109, -18.07528 ], [ -63.45186, -18.07514 ] ] ] } },
{ "type": "Feature", "properties": { "i": 241 }, "geometry": { "type": "Polygon", "coordinates": [ [ [ -63.34297, -18.09841 ], [ -63.34293, -18.09931 ], [ -63.34389, -18.09943 ], [ -63.34392, -18.0985 ], [ -63.34297, -18.09841 ] ] ] } },
{ "type": "Feature", "properties": { "i": 242 }, "geometry": { "type": "Polygon", "coordinates": [ [ [ -63.34289, -18.09838 ], [ -63.34196, -18.09827 ], [ -63.34195, -18.09878 ], [ -63.34277, -18.09929 ], [ -63.34285, -18.0993 ], [ -63.34289, -18.09838 ] ] ] } },
{ "type": "Feature", "properties": { "i": 243 }, "geometry": { "type": "Polygon", "coordinates": [ [ [ -63.34651, -18.09821 ], [ -63.34796, -18.09791 ], [ -63.34791, -18.09706 ], [ -63.34672, -18.09727 ], [ -63.34651, -18.09733 ], [ -63.34634, -18.0974 ], [ -63.34584, -18.09771 ], [ -63.34506, -18.09764 ], [ -63.34503, -18.09831 ], [ -63.34545, -18.09832 ], [ -63.34651, -18.09821 ] ] ] } },
{ "type": "Feature", "properties": { "i": 244 }, "geometry": { "type": "Polygon", "coordinates": [ [ [ -63.34495, -18.09851 ], [ -63.34498, -18.09764 ], [ -63.34496, -18.09762 ], [ -63.34406, -18.0975 ], [ -63.34401, -18.09842 ], [ -63.34495, -18.09851 ] ] ] } },
{ "type": "Feature", "properties": { "i": 245 }, "geometry": { "type": "Polygon", "coordinates": [ [ [ -63.44917, -18.07465 ], [ -63.4497, -18.07526 ], [ -63.45011, -18.07493 ], [ -63.44998, -18.07391 ], [ -63.44918, -18.0746 ], [ -63.44917, -18.07465 ] ] ] } },
{ "type": "Feature", "properties": { "i": 246 }, "geometry": { "type": "Polygon", "coordinates": [ [ [ -63.34255, -18.09928 ], [ -63.34053, -18.09803 ], [ -63.33945, -18.09768 ], [ -63.33803, -18.09738 ], [ -63.33737, -18.09719 ], [ -63.33711, -18.09855 ], [ -63.33709, -18.09874 ], [ -63.33712, -18.09878 ], [ -63.34255, -18.09928 ] ] ] } },
{ "type": "Feature", "properties": { "i": 247 }, "geometry": { "type": "Polygon", "coordinates": [ [ [ -63.34261, -18.09828 ], [ -63.3439, -18.09842 ], [ -63.34394, -18.09752 ], [ -63.34197, -18.09728 ], [ -63.34195, -18.0973 ], [ -63.34193, -18.09815 ], [ -63.34197, -18.09819 ], [ -63.34261, -18.09828 ] ] ] } },
{ "type": "Feature", "properties": { "i": 248 }, "geometry": { "type": "Polygon", "coordinates": [ [ [ -63.34627, -18.0973 ], [ -63.3467, -18.09716 ], [ -63.3479, -18.09694 ], [ -63.34777, -18.09626 ], [ -63.34626, -18.09644 ], [ -63.34627, -18.0973 ] ] ] } },
{ "type": "Feature", "properties": { "i": 249 }, "geometry": { "type": "Polygon", "coordinates": [ [ [ -63.34187, -18.09873 ], [ -63.34123, -18.09832 ], [ -63.34136, -18.09724 ], [ -63.34188, -18.09727 ], [ -63.34187, -18.09873 ] ] ] } },
{ "type": "Feature", "properties": { "i": 250 }, "geometry": { "type": "Polygon", "coordinates": [ [ [ -63.34406, -18.09743 ], [ -63.34407, -18.09647 ], [ -63.34502, -18.0965 ], [ -63.34499, -18.09753 ], [ -63.34406, -18.09743 ] ] ] } },
{ "type": "Feature", "properties": { "i": 251 }, "geometry": { "type": "Polygon", "coordinates": [ [ [ -63.34067, -18.0979 ], [ -63.34067, -18.09801 ], [ -63.34114, -18.09828 ], [ -63.34127, -18.09724 ], [ -63.34092, -18.09722 ], [ -63.34089, -18.09725 ], [ -63.34082, -18.09775 ], [ -63.34074, -18.09786 ], [ -63.34067, -18.0979 ] ] ] } },
{ "type": "Feature", "properties": { "i": 252 }, "geometry": { "type": "Polygon", "coordinates": [ [ [ -63.34304, -18.09644 ], [ -63.3431, -18.09639 ], [ -63.34399, -18.09645 ], [ -63.34397, -18.09741 ], [ -63.34301, -18.09731 ], [ -63.34304, -18.09644 ] ] ] } },
{ "type": "Feature", "properties": { "i": 253 }, "geometry": { "type": "Polygon", "coordinates": [ [ [ -63.44671, -18.07245 ], [ -63.44692, -18.07268 ], [ -63.4457, -18.07377 ], [ -63.44429, -18.07499 ], [ -63.44487, -18.07575 ], [ -63.446, -18.07714 ], [ -63.44605, -18.07713 ], [ -63.44854, -18.07505 ], [ -63.44989, -18.07386 ], [ -63.44995, -18.07374 ], [ -63.4501, -18.07191 ], [ -63.44988, -18.07175 ], [ -63.44904, -18.07168 ], [ -63.44902, -18.07165 ], [ -63.44881, -18.07009 ], [ -63.4496, -18.0694 ], [ -63.44875, -18.06874 ], [ -63.44299, -18.07336 ], [ -63.44427, -18.07494 ], [ -63.44473, -18.07456 ], [ -63.44418, -18.07391 ], [ -63.44421, -18.07388 ], [ -63.44476, -18.07453 ], [ -63.44478, -18.07452 ], [ -63.44563, -18.07376 ], [ -63.44507, -18.07313 ], [ -63.4451, -18.07311 ], [ -63.44566, -18.07373 ], [ -63.44637, -18.07311 ], [ -63.44601, -18.07274 ], [ -63.44577, -18.07275 ], [ -63.44577, -18.07272 ], [ -63.44602, -18.07271 ], [ -63.4464, -18.07309 ], [ -63.44687, -18.07268 ], [ -63.44668, -18.07247 ], [ -63.44671, -18.07245 ] ] ] } },
{ "type": "Feature", "properties": { "i": 254 }, "geometry": { "type": "Polygon", "coordinates": [ [ [ -63.34295, -18.09643 ], [ -63.34145, -18.09635 ], [ -63.3414, -18.09712 ], [ -63.34292, -18.0973 ], [ -63.34295, -18.09643 ] ] ] } },
{ "type": "Feature", "properties": { "i": 255 }, "geometry": { "type": "Polygon", "coordinates": [ [ [ -63.34127, -18.09714 ], [ -63.34078, -18.09713 ], [ -63.34071, -18.0977 ], [ -63.34066, -18.0978 ], [ -63.34062, -18.09783 ], [ -63.34013, -18.0978 ], [ -63.34001, -18.09775 ], [ -63.34021, -18.0963 ], [ -63.34136, -18.09634 ], [ -63.34127, -18.09714 ] ] ] } },
{ "type": "Feature", "properties": { "i": 256 }, "geometry": { "type": "Polygon", "coordinates": [ [ [ -63.34735, -18.09432 ], [ -63.34725, -18.09476 ], [ -63.34712, -18.09475 ], [ -63.34672, -18.09541 ], [ -63.34668, -18.0954 ], [ -63.34662, -18.09433 ], [ -63.34723, -18.09424 ], [ -63.34735, -18.09432 ] ] ] } },
{ "type": "Feature", "properties": { "i": 257 }, "geometry": { "type": "Polygon", "coordinates": [ [ [ -63.44184, -18.07826 ], [ -63.44455, -18.07592 ], [ -63.44431, -18.07562 ], [ -63.44394, -18.0759 ], [ -63.44392, -18.07588 ], [ -63.44427, -18.07559 ], [ -63.44057, -18.07096 ], [ -63.43954, -18.07182 ], [ -63.44043, -18.07491 ], [ -63.44152, -18.07681 ], [ -63.44153, -18.07711 ], [ -63.43919, -18.07895 ], [ -63.43965, -18.07961 ], [ -63.44184, -18.07826 ] ] ] } },
{ "type": "Feature", "properties": { "i": 258 }, "geometry": { "type": "Polygon", "coordinates": [ [ [ -63.4487, -18.06862 ], [ -63.44831, -18.06735 ], [ -63.44821, -18.06712 ], [ -63.44803, -18.06695 ], [ -63.44792, -18.06689 ], [ -63.44774, -18.06685 ], [ -63.44757, -18.06686 ], [ -63.44734, -18.06702 ], [ -63.44524, -18.06874 ], [ -63.44419, -18.06956 ], [ -63.44367, -18.07001 ], [ -63.4423, -18.07102 ], [ -63.44157, -18.07161 ], [ -63.44296, -18.07331 ], [ -63.44485, -18.07177 ], [ -63.44509, -18.07151 ], [ -63.4487, -18.06862 ] ] ] } },
{ "type": "Feature", "properties": { "i": 259 }, "geometry": { "type": "Polygon", "coordinates": [ [ [ -63.44055, -18.07092 ], [ -63.43911, -18.06916 ], [ -63.4375, -18.0706 ], [ -63.43903, -18.07204 ], [ -63.44055, -18.07092 ] ] ] } },
{ "type": "Feature", "properties": { "i": 260 }, "geometry": { "type": "Polygon", "coordinates": [ [ [ -63.44296, -18.06907 ], [ -63.44156, -18.06742 ], [ -63.44146, -18.06741 ], [ -63.4395, -18.06902 ], [ -63.44089, -18.07072 ], [ -63.44296, -18.06907 ] ] ] } },
{ "type": "Feature", "properties": { "i": 261 }, "geometry": { "type": "Polygon", "coordinates": [ [ [ -63.44719, -18.06706 ], [ -63.44633, -18.06639 ], [ -63.44301, -18.06906 ], [ -63.44303, -18.06913 ], [ -63.44182, -18.07007 ], [ -63.44094, -18.0708 ], [ -63.44149, -18.0715 ], [ -63.44151, -18.07152 ], [ -63.44157, -18.07149 ], [ -63.44442, -18.06927 ], [ -63.44719, -18.06706 ] ] ] } },
{ "type": "Feature", "properties": { "i": 262 }, "geometry": { "type": "Polygon", "coordinates": [ [ [ -63.43689, -18.07031 ], [ -63.43722, -18.07073 ], [ -63.43906, -18.06914 ], [ -63.43907, -18.0691 ], [ -63.43885, -18.06884 ], [ -63.43812, -18.06804 ], [ -63.43756, -18.06843 ], [ -63.43663, -18.0694 ], [ -63.43689, -18.07031 ] ] ] } },
{ "type": "Feature", "properties": { "i": 263 }, "geometry": { "type": "Polygon", "coordinates": [ [ [ -63.44501, -18.06741 ], [ -63.44412, -18.06674 ], [ -63.44232, -18.0682 ], [ -63.44299, -18.06903 ], [ -63.44501, -18.06741 ] ] ] } },
{ "type": "Feature", "properties": { "i": 264 }, "geometry": { "type": "Polygon", "coordinates": [ [ [ -63.4377, -18.06752 ], [ -63.43623, -18.069 ], [ -63.43659, -18.06934 ], [ -63.43732, -18.0686 ], [ -63.43745, -18.06843 ], [ -63.43808, -18.06799 ], [ -63.4377, -18.06752 ] ] ] } },
{ "type": "Feature", "properties": { "i": 265 }, "geometry": { "type": "Polygon", "coordinates": [ [ [ -63.44406, -18.06666 ], [ -63.4434, -18.06585 ], [ -63.44156, -18.06734 ], [ -63.44228, -18.06816 ], [ -63.44406, -18.06666 ] ] ] } },
{ "type": "Feature", "properties": { "i": 266 }, "geometry": { "type": "Polygon", "coordinates": [ [ [ -63.43611, -18.069 ], [ -63.43523, -18.06895 ], [ -63.43584, -18.06838 ], [ -63.43627, -18.06882 ], [ -63.43611, -18.069 ] ] ] } },
{ "type": "Feature", "properties": { "i": 267 }, "geometry": { "type": "Polygon", "coordinates": [ [ [ -63.43589, -18.06832 ], [ -63.43633, -18.06876 ], [ -63.43671, -18.06838 ], [ -63.43629, -18.06794 ], [ -63.43589, -18.06832 ] ] ] } },
{ "type": "Feature", "properties": { "i": 268 }, "geometry": { "type": "Polygon", "coordinates": [ [ [ -63.41521, -18.07164 ], [ -63.41354, -18.07304 ], [ -63.41398, -18.07364 ], [ -63.41461, -18.07346 ], [ -63.41575, -18.07251 ], [ -63.41583, -18.0722 ], [ -63.4159, -18.0717 ], [ -63.41521, -18.07164 ] ] ] } },
{ "type": "Feature", "properties": { "i": 269 }, "geometry": { "type": "Polygon", "coordinates": [ [ [ -63.44723, -18.06579 ], [ -63.44688, -18.06524 ], [ -63.44642, -18.06481 ], [ -63.44625, -18.06483 ], [ -63.4456, -18.06542 ], [ -63.44658, -18.06647 ], [ -63.4473, -18.066 ], [ -63.44723, -18.06579 ] ] ] } },
{ "type": "Feature", "properties": { "i": 270 }, "geometry": { "type": "Polygon", "coordinates": [ [ [ -63.43637, -18.06785 ], [ -63.43681, -18.06831 ], [ -63.4372, -18.06794 ], [ -63.43676, -18.06747 ], [ -63.43637, -18.06785 ] ] ] } },
{ "type": "Feature", "properties": { "i": 271 }, "geometry": { "type": "Polygon", "coordinates": [ [ [ -63.43763, -18.06747 ], [ -63.43721, -18.06701 ], [ -63.43683, -18.0674 ], [ -63.43724, -18.06787 ], [ -63.43763, -18.06747 ] ] ] } },
{ "type": "Feature", "properties": { "i": 272 }, "geometry": { "type": "Polygon", "coordinates": [ [ [ -63.41661, -18.0718 ], [ -63.41613, -18.07173 ], [ -63.41584, -18.07291 ], [ -63.41653, -18.07289 ], [ -63.41661, -18.0718 ] ] ] } },
{ "type": "Feature", "properties": { "i": 273 }, "geometry": { "type": "Polygon", "coordinates": [ [ [ -63.43298, -18.06825 ], [ -63.43262, -18.0678 ], [ -63.43247, -18.06767 ], [ -63.43224, -18.0679 ], [ -63.43175, -18.06748 ], [ -63.43144, -18.06778 ], [ -63.43202, -18.06814 ], [ -63.43288, -18.06841 ], [ -63.43298, -18.06825 ] ] ] } },
{ "type": "Feature", "properties": { "i": 274 }, "geometry": { "type": "Polygon", "coordinates": [ [ [ -63.43513, -18.0689 ], [ -63.43334, -18.06832 ], [ -63.43313, -18.0682 ], [ -63.43362, -18.06772 ], [ -63.43425, -18.06718 ], [ -63.43538, -18.06611 ], [ -63.43601, -18.06555 ], [ -63.43636, -18.06602 ], [ -63.43717, -18.06694 ], [ -63.43677, -18.06733 ], [ -63.43672, -18.06733 ], [ -63.4363, -18.06688 ], [ -63.43629, -18.0669 ], [ -63.43671, -18.06738 ], [ -63.43628, -18.06779 ], [ -63.4358, -18.06733 ], [ -63.43578, -18.06735 ], [ -63.43628, -18.06783 ], [ -63.43584, -18.06825 ], [ -63.43537, -18.06776 ], [ -63.43534, -18.06777 ], [ -63.43581, -18.06827 ], [ -63.43518, -18.06889 ], [ -63.43513, -18.0689 ] ] ] } },
{ "type": "Feature", "properties": { "i": 275 }, "geometry": { "type": "Polygon", "coordinates": [ [ [ -63.43914, -18.06245 ], [ -63.4384, -18.06118 ], [ -63.4371, -18.06234 ], [ -63.43838, -18.06378 ], [ -63.43639, -18.06544 ], [ -63.43798, -18.0673 ], [ -63.43799, -18.06729 ], [ -63.43946, -18.06896 ], [ -63.4429, -18.06612 ], [ -63.44254, -18.06584 ], [ -63.44162, -18.06582 ], [ -63.4404, -18.0655 ], [ -63.43958, -18.06496 ], [ -63.43882, -18.06376 ], [ -63.43951, -18.0633 ], [ -63.43914, -18.06245 ] ] ] } },
{ "type": "Feature", "properties": { "i": 276 }, "geometry": { "type": "Polygon", "coordinates": [ [ [ -63.434, -18.0673 ], [ -63.4335, -18.06676 ], [ -63.43353, -18.06675 ], [ -63.43403, -18.06728 ], [ -63.4345, -18.06683 ], [ -63.4342, -18.06653 ], [ -63.43423, -18.06651 ], [ -63.43453, -18.06681 ], [ -63.43594, -18.0655 ], [ -63.43504, -18.06448 ], [ -63.43203, -18.06723 ], [ -63.43255, -18.06764 ], [ -63.43299, -18.06813 ], [ -63.43306, -18.06815 ], [ -63.43314, -18.06811 ], [ -63.43351, -18.06775 ], [ -63.43311, -18.06732 ], [ -63.43313, -18.06729 ], [ -63.43352, -18.06772 ], [ -63.434, -18.0673 ] ] ] } },
{ "type": "Feature", "properties": { "i": 277 }, "geometry": { "type": "Polygon", "coordinates": [ [ [ -63.43673, -18.065 ], [ -63.43612, -18.06433 ], [ -63.4357, -18.06471 ], [ -63.4363, -18.06537 ], [ -63.43673, -18.065 ] ] ] } },
{ "type": "Feature", "properties": { "i": 278 }, "geometry": { "type": "Polygon", "coordinates": [ [ [ -63.43723, -18.06458 ], [ -63.43657, -18.06384 ], [ -63.43614, -18.06421 ], [ -63.4368, -18.06495 ], [ -63.43723, -18.06458 ] ] ] } },
{ "type": "Feature", "properties": { "i": 279 }, "geometry": { "type": "Polygon", "coordinates": [ [ [ -63.41736, -18.06955 ], [ -63.41809, -18.06996 ], [ -63.42019, -18.06767 ], [ -63.42063, -18.06674 ], [ -63.42019, -18.06632 ], [ -63.41967, -18.06698 ], [ -63.41926, -18.06739 ], [ -63.41864, -18.06835 ], [ -63.41742, -18.06904 ], [ -63.41729, -18.06917 ], [ -63.41736, -18.06955 ] ] ] } },
{ "type": "Feature", "properties": { "i": 280 }, "geometry": { "type": "Polygon", "coordinates": [ [ [ -63.43652, -18.06377 ], [ -63.43604, -18.06324 ], [ -63.43562, -18.0636 ], [ -63.43609, -18.06414 ], [ -63.43652, -18.06377 ] ] ] } },
{ "type": "Feature", "properties": { "i": 281 }, "geometry": { "type": "Polygon", "coordinates": [ [ [ -63.43133, -18.06776 ], [ -63.43174, -18.06738 ], [ -63.43151, -18.06715 ], [ -63.43152, -18.06714 ], [ -63.43175, -18.06737 ], [ -63.43401, -18.06527 ], [ -63.43302, -18.06412 ], [ -63.43397, -18.06327 ], [ -63.43255, -18.06167 ], [ -63.43211, -18.06207 ], [ -63.43211, -18.06209 ], [ -63.43281, -18.06286 ], [ -63.43095, -18.06438 ], [ -63.42938, -18.0657 ], [ -63.43104, -18.06745 ], [ -63.43097, -18.06751 ], [ -63.43133, -18.06776 ] ] ] } },
{ "type": "Feature", "properties": { "i": 282 }, "geometry": { "type": "Polygon", "coordinates": [ [ [ -63.43607, -18.06425 ], [ -63.43554, -18.06366 ], [ -63.43513, -18.06402 ], [ -63.43566, -18.06461 ], [ -63.43607, -18.06425 ] ] ] } },
{ "type": "Feature", "properties": { "i": 283 }, "geometry": { "type": "Polygon", "coordinates": [ [ [ -63.43446, -18.06487 ], [ -63.43352, -18.06374 ], [ -63.43312, -18.0641 ], [ -63.43407, -18.06524 ], [ -63.43446, -18.06487 ] ] ] } },
{ "type": "Feature", "properties": { "i": 284 }, "geometry": { "type": "Polygon", "coordinates": [ [ [ -63.43772, -18.06418 ], [ -63.43706, -18.06341 ], [ -63.43663, -18.06378 ], [ -63.43729, -18.06452 ], [ -63.43732, -18.06452 ], [ -63.43772, -18.06418 ] ] ] } },
{ "type": "Feature", "properties": { "i": 285 }, "geometry": { "type": "Polygon", "coordinates": [ [ [ -63.43452, -18.06482 ], [ -63.43362, -18.0637 ], [ -63.43401, -18.06335 ], [ -63.43496, -18.06442 ], [ -63.43452, -18.06482 ] ] ] } },
{ "type": "Feature", "properties": { "i": 286 }, "geometry": { "type": "Polygon", "coordinates": [ [ [ -63.41667, -18.06965 ], [ -63.41682, -18.06943 ], [ -63.41705, -18.06919 ], [ -63.41749, -18.06881 ], [ -63.41818, -18.06845 ], [ -63.41845, -18.06828 ], [ -63.41858, -18.06812 ], [ -63.41895, -18.06756 ], [ -63.42001, -18.06624 ], [ -63.42022, -18.06591 ], [ -63.42068, -18.06499 ], [ -63.42059, -18.06495 ], [ -63.41814, -18.06574 ], [ -63.41645, -18.06755 ], [ -63.41514, -18.06888 ], [ -63.41667, -18.06965 ] ] ] } },
{ "type": "Feature", "properties": { "i": 287 }, "geometry": { "type": "Polygon", "coordinates": [ [ [ -63.43698, -18.06334 ], [ -63.43656, -18.06285 ], [ -63.43651, -18.06284 ], [ -63.43613, -18.06316 ], [ -63.43658, -18.06371 ], [ -63.43698, -18.06334 ] ] ] } },
{ "type": "Feature", "properties": { "i": 288 }, "geometry": { "type": "Polygon", "coordinates": [ [ [ -63.43821, -18.06372 ], [ -63.43757, -18.06301 ], [ -63.43712, -18.06337 ], [ -63.4378, -18.06412 ], [ -63.43821, -18.06378 ], [ -63.43821, -18.06372 ] ] ] } },
{ "type": "Feature", "properties": { "i": 289 }, "geometry": { "type": "Polygon", "coordinates": [ [ [ -63.43745, -18.06296 ], [ -63.43746, -18.06291 ], [ -63.43704, -18.06241 ], [ -63.437, -18.06241 ], [ -63.43662, -18.06275 ], [ -63.43661, -18.06278 ], [ -63.43706, -18.06328 ], [ -63.43745, -18.06296 ] ] ] } },
{ "type": "Feature", "properties": { "i": 290 }, "geometry": { "type": "Polygon", "coordinates": [ [ [ -63.42968, -18.06406 ], [ -63.43035, -18.0648 ], [ -63.43063, -18.06458 ], [ -63.42996, -18.06383 ], [ -63.42968, -18.06406 ] ] ] } },
{ "type": "Feature", "properties": { "i": 291 }, "geometry": { "type": "Polygon", "coordinates": [ [ [ -63.43003, -18.06377 ], [ -63.43069, -18.06449 ], [ -63.43114, -18.06416 ], [ -63.43047, -18.0634 ], [ -63.43003, -18.06377 ] ] ] } },
{ "type": "Feature", "properties": { "i": 292 }, "geometry": { "type": "Polygon", "coordinates": [ [ [ -63.43166, -18.06375 ], [ -63.43101, -18.06299 ], [ -63.43057, -18.06335 ], [ -63.43122, -18.0641 ], [ -63.43166, -18.06375 ] ] ] } },
{ "type": "Feature", "properties": { "i": 293 }, "geometry": { "type": "Polygon", "coordinates": [ [ [ -63.42938, -18.06417 ], [ -63.42872, -18.06342 ], [ -63.42855, -18.06357 ], [ -63.42874, -18.06412 ], [ -63.42895, -18.06452 ], [ -63.42938, -18.06417 ] ] ] } },
{ "type": "Feature", "properties": { "i": 294 }, "geometry": { "type": "Polygon", "coordinates": [ [ [ -63.43176, -18.06366 ], [ -63.43217, -18.06332 ], [ -63.43151, -18.06255 ], [ -63.43106, -18.06292 ], [ -63.43173, -18.06366 ], [ -63.43176, -18.06366 ] ] ] } },
{ "type": "Feature", "properties": { "i": 295 }, "geometry": { "type": "Polygon", "coordinates": [ [ [ -63.42881, -18.06333 ], [ -63.42948, -18.0641 ], [ -63.4299, -18.06375 ], [ -63.42922, -18.06299 ], [ -63.42881, -18.06333 ] ] ] } },
{ "type": "Feature", "properties": { "i": 296 }, "geometry": { "type": "Polygon", "coordinates": [ [ [ -63.43159, -18.06247 ], [ -63.43223, -18.06322 ], [ -63.43228, -18.06322 ], [ -63.43266, -18.0629 ], [ -63.43269, -18.06285 ], [ -63.43204, -18.06214 ], [ -63.43198, -18.06214 ], [ -63.43159, -18.06247 ] ] ] } },
{ "type": "Feature", "properties": { "i": 297 }, "geometry": { "type": "Polygon", "coordinates": [ [ [ -63.43043, -18.06335 ], [ -63.42976, -18.06257 ], [ -63.42934, -18.06292 ], [ -63.42999, -18.06369 ], [ -63.43043, -18.06335 ] ] ] } },
{ "type": "Feature", "properties": { "i": 298 }, "geometry": { "type": "Polygon", "coordinates": [ [ [ -63.42229, -18.06465 ], [ -63.42162, -18.06379 ], [ -63.42122, -18.06425 ], [ -63.42087, -18.06483 ], [ -63.4209, -18.0649 ], [ -63.42087, -18.06505 ], [ -63.42063, -18.06543 ], [ -63.42128, -18.06594 ], [ -63.42229, -18.06465 ] ] ] } },
{ "type": "Feature", "properties": { "i": 299 }, "geometry": { "type": "Polygon", "coordinates": [ [ [ -63.42984, -18.0625 ], [ -63.4305, -18.06326 ], [ -63.43093, -18.0629 ], [ -63.43027, -18.06216 ], [ -63.42984, -18.0625 ] ] ] } },
{ "type": "Feature", "properties": { "i": 300 }, "geometry": { "type": "Polygon", "coordinates": [ [ [ -63.43512, -18.06392 ], [ -63.4375, -18.06184 ], [ -63.43928, -18.06036 ], [ -63.43793, -18.05873 ], [ -63.43474, -18.06141 ], [ -63.43467, -18.06149 ], [ -63.4337, -18.06232 ], [ -63.43507, -18.06392 ], [ -63.43512, -18.06392 ] ] ] } },
{ "type": "Feature", "properties": { "i": 301 }, "geometry": { "type": "Polygon", "coordinates": [ [ [ -63.43089, -18.06168 ], [ -63.43152, -18.06239 ], [ -63.43193, -18.06204 ], [ -63.43131, -18.06133 ], [ -63.43089, -18.06168 ] ] ] } },
{ "type": "Feature", "properties": { "i": 302 }, "geometry": { "type": "Polygon", "coordinates": [ [ [ -63.43181, -18.06079 ], [ -63.43147, -18.0604 ], [ -63.42814, -18.06309 ], [ -63.4281, -18.06328 ], [ -63.42825, -18.06371 ], [ -63.43181, -18.06079 ] ] ] } },
{ "type": "Feature", "properties": { "i": 303 }, "geometry": { "type": "Polygon", "coordinates": [ [ [ -63.43255, -18.06155 ], [ -63.43254, -18.06148 ], [ -63.43196, -18.0608 ], [ -63.43141, -18.06127 ], [ -63.43203, -18.06198 ], [ -63.43255, -18.06155 ] ] ] } },
{ "type": "Feature", "properties": { "i": 304 }, "geometry": { "type": "Polygon", "coordinates": [ [ [ -63.42083, -18.06461 ], [ -63.41977, -18.06391 ], [ -63.41969, -18.06356 ], [ -63.41999, -18.06347 ], [ -63.42037, -18.06349 ], [ -63.421, -18.06382 ], [ -63.42137, -18.06343 ], [ -63.42126, -18.06333 ], [ -63.42178, -18.06267 ], [ -63.42184, -18.06266 ], [ -63.42218, -18.06287 ], [ -63.42181, -18.06336 ], [ -63.42131, -18.06393 ], [ -63.42083, -18.06461 ] ] ] } },
{ "type": "Feature", "properties": { "i": 305 }, "geometry": { "type": "Polygon", "coordinates": [ [ [ -63.42933, -18.06082 ], [ -63.42873, -18.0613 ], [ -63.42903, -18.06166 ], [ -63.42959, -18.06118 ], [ -63.42933, -18.06082 ] ] ] } },
{ "type": "Feature", "properties": { "i": 306 }, "geometry": { "type": "Polygon", "coordinates": [ [ [ -63.43611, -18.05786 ], [ -63.43609, -18.05788 ], [ -63.43586, -18.05771 ], [ -63.43576, -18.05769 ], [ -63.43563, -18.05771 ], [ -63.43543, -18.05786 ], [ -63.43566, -18.05813 ], [ -63.43564, -18.05814 ], [ -63.43541, -18.05788 ], [ -63.43295, -18.06003 ], [ -63.43222, -18.0607 ], [ -63.43365, -18.06227 ], [ -63.43407, -18.06192 ], [ -63.43374, -18.06152 ], [ -63.43377, -18.06149 ], [ -63.4341, -18.06189 ], [ -63.43454, -18.06154 ], [ -63.43389, -18.06078 ], [ -63.43395, -18.06073 ], [ -63.4346, -18.06147 ], [ -63.43798, -18.05864 ], [ -63.43793, -18.05835 ], [ -63.43722, -18.0575 ], [ -63.43644, -18.05696 ], [ -63.43544, -18.0578 ], [ -63.43545, -18.05781 ], [ -63.43562, -18.05768 ], [ -63.43578, -18.05766 ], [ -63.43588, -18.0577 ], [ -63.43611, -18.05786 ] ] ] } },
{ "type": "Feature", "properties": { "i": 307 }, "geometry": { "type": "Polygon", "coordinates": [ [ [ -63.43053, -18.06041 ], [ -63.43034, -18.05999 ], [ -63.42939, -18.06077 ], [ -63.42963, -18.06108 ], [ -63.42969, -18.0611 ], [ -63.43053, -18.06041 ] ] ] } },
{ "type": "Feature", "properties": { "i": 308 }, "geometry": { "type": "Polygon", "coordinates": [ [ [ -63.43138, -18.06031 ], [ -63.43078, -18.05965 ], [ -63.43037, -18.05997 ], [ -63.43056, -18.0604 ], [ -63.43063, -18.06035 ], [ -63.43095, -18.06073 ], [ -63.43131, -18.06045 ], [ -63.43138, -18.06031 ] ] ] } },
{ "type": "Feature", "properties": { "i": 309 }, "geometry": { "type": "Polygon", "coordinates": [ [ [ -63.42928, -18.06072 ], [ -63.42861, -18.06 ], [ -63.42822, -18.06033 ], [ -63.42822, -18.06038 ], [ -63.42866, -18.06091 ], [ -63.42852, -18.06102 ], [ -63.42868, -18.06122 ], [ -63.42928, -18.06072 ] ] ] } },
{ "type": "Feature", "properties": { "i": 310 }, "geometry": { "type": "Polygon", "coordinates": [ [ [ -63.43219, -18.05912 ], [ -63.43294, -18.05994 ], [ -63.43217, -18.06064 ], [ -63.43141, -18.05977 ], [ -63.43183, -18.05942 ], [ -63.43242, -18.06009 ], [ -63.43245, -18.06007 ], [ -63.43186, -18.0594 ], [ -63.43219, -18.05912 ] ] ] } },
{ "type": "Feature", "properties": { "i": 311 }, "geometry": { "type": "Polygon", "coordinates": [ [ [ -63.42935, -18.06067 ], [ -63.4299, -18.06022 ], [ -63.42991, -18.06019 ], [ -63.42928, -18.05947 ], [ -63.42876, -18.0599 ], [ -63.42873, -18.05998 ], [ -63.42935, -18.06067 ] ] ] } },
{ "type": "Feature", "properties": { "i": 312 }, "geometry": { "type": "Polygon", "coordinates": [ [ [ -63.43369, -18.05925 ], [ -63.433, -18.05845 ], [ -63.43228, -18.05906 ], [ -63.433, -18.05987 ], [ -63.43369, -18.05925 ] ] ] } },
{ "type": "Feature", "properties": { "i": 313 }, "geometry": { "type": "Polygon", "coordinates": [ [ [ -63.43435, -18.05869 ], [ -63.43405, -18.05835 ], [ -63.43348, -18.05883 ], [ -63.43379, -18.05916 ], [ -63.43435, -18.05869 ] ] ] } },
{ "type": "Feature", "properties": { "i": 314 }, "geometry": { "type": "Polygon", "coordinates": [ [ [ -63.43473, -18.05709 ], [ -63.4347, -18.05709 ], [ -63.43439, -18.05732 ], [ -63.43375, -18.05784 ], [ -63.43441, -18.05862 ], [ -63.43533, -18.05785 ], [ -63.43533, -18.05781 ], [ -63.43473, -18.05709 ] ] ] } },
{ "type": "Feature", "properties": { "i": 315 }, "geometry": { "type": "Polygon", "coordinates": [ [ [ -63.43002, -18.0594 ], [ -63.43005, -18.05943 ], [ -63.42966, -18.05974 ], [ -63.42999, -18.06011 ], [ -63.4307, -18.05954 ], [ -63.43007, -18.05885 ], [ -63.42937, -18.05941 ], [ -63.42964, -18.05971 ], [ -63.43002, -18.0594 ] ] ] } },
{ "type": "Feature", "properties": { "i": 316 }, "geometry": { "type": "Polygon", "coordinates": [ [ [ -63.43344, -18.05877 ], [ -63.43402, -18.05831 ], [ -63.43367, -18.0579 ], [ -63.4331, -18.05838 ], [ -63.43344, -18.05877 ] ] ] } },
{ "type": "Feature", "properties": { "i": 317 }, "geometry": { "type": "Polygon", "coordinates": [ [ [ -63.42882, -18.05898 ], [ -63.42824, -18.05945 ], [ -63.4286, -18.05986 ], [ -63.42867, -18.05985 ], [ -63.4292, -18.05939 ], [ -63.42887, -18.05901 ], [ -63.42882, -18.05898 ] ] ] } },
{ "type": "Feature", "properties": { "i": 318 }, "geometry": { "type": "Polygon", "coordinates": [ [ [ -63.43279, -18.05849 ], [ -63.43215, -18.05777 ], [ -63.4317, -18.05812 ], [ -63.43235, -18.05885 ], [ -63.43279, -18.05849 ] ] ] } },
{ "type": "Feature", "properties": { "i": 319 }, "geometry": { "type": "Polygon", "coordinates": [ [ [ -63.43091, -18.05737 ], [ -63.43083, -18.05736 ], [ -63.42993, -18.05808 ], [ -63.43136, -18.05968 ], [ -63.43226, -18.05892 ], [ -63.43091, -18.05737 ] ] ] } },
{ "type": "Feature", "properties": { "i": 320 }, "geometry": { "type": "Polygon", "coordinates": [ [ [ -63.4271, -18.05815 ], [ -63.42753, -18.05875 ], [ -63.42819, -18.05954 ], [ -63.42857, -18.05995 ], [ -63.42811, -18.06032 ], [ -63.42856, -18.0609 ], [ -63.42837, -18.06104 ], [ -63.42862, -18.06133 ], [ -63.4284, -18.0615 ], [ -63.42789, -18.06168 ], [ -63.42764, -18.06139 ], [ -63.42772, -18.06061 ], [ -63.42712, -18.05938 ], [ -63.42555, -18.05803 ], [ -63.42507, -18.05775 ], [ -63.42548, -18.0571 ], [ -63.42585, -18.05682 ], [ -63.426, -18.05683 ], [ -63.4271, -18.05815 ] ] ] } },
{ "type": "Feature", "properties": { "i": 321 }, "geometry": { "type": "Polygon", "coordinates": [ [ [ -63.42961, -18.05831 ], [ -63.42893, -18.05891 ], [ -63.4293, -18.05931 ], [ -63.42935, -18.05931 ], [ -63.43001, -18.05878 ], [ -63.42961, -18.05831 ] ] ] } },
{ "type": "Feature", "properties": { "i": 322 }, "geometry": { "type": "Polygon", "coordinates": [ [ [ -63.42877, -18.05889 ], [ -63.42845, -18.05854 ], [ -63.42786, -18.05902 ], [ -63.42819, -18.0594 ], [ -63.42877, -18.05894 ], [ -63.42877, -18.05889 ] ] ] } },
{ "type": "Feature", "properties": { "i": 323 }, "geometry": { "type": "Polygon", "coordinates": [ [ [ -63.42374, -18.06058 ], [ -63.42438, -18.05942 ], [ -63.42398, -18.05921 ], [ -63.42321, -18.06053 ], [ -63.42374, -18.06058 ] ] ] } },
{ "type": "Feature", "properties": { "i": 324 }, "geometry": { "type": "Polygon", "coordinates": [ [ [ -63.43252, -18.05746 ], [ -63.43223, -18.0577 ], [ -63.43287, -18.05842 ], [ -63.43316, -18.05819 ], [ -63.43252, -18.05746 ] ] ] } },
{ "type": "Feature", "properties": { "i": 325 }, "geometry": { "type": "Polygon", "coordinates": [ [ [ -63.43359, -18.05783 ], [ -63.43297, -18.0571 ], [ -63.43262, -18.05741 ], [ -63.43323, -18.05811 ], [ -63.43327, -18.05811 ], [ -63.43359, -18.05783 ] ] ] } },
{ "type": "Feature", "properties": { "i": 326 }, "geometry": { "type": "Polygon", "coordinates": [ [ [ -63.42782, -18.05897 ], [ -63.42841, -18.05849 ], [ -63.42804, -18.05806 ], [ -63.42741, -18.0585 ], [ -63.42782, -18.05897 ] ] ] } },
{ "type": "Feature", "properties": { "i": 327 }, "geometry": { "type": "Polygon", "coordinates": [ [ [ -63.43411, -18.05742 ], [ -63.43348, -18.05666 ], [ -63.43305, -18.05703 ], [ -63.43369, -18.05776 ], [ -63.43411, -18.05742 ] ] ] } },
{ "type": "Feature", "properties": { "i": 328 }, "geometry": { "type": "Polygon", "coordinates": [ [ [ -63.43587, -18.05714 ], [ -63.43532, -18.05656 ], [ -63.43647, -18.0556 ], [ -63.43675, -18.05545 ], [ -63.43685, -18.05544 ], [ -63.43691, -18.05547 ], [ -63.43706, -18.05632 ], [ -63.43601, -18.05727 ], [ -63.43543, -18.05775 ], [ -63.43479, -18.05701 ], [ -63.43529, -18.05659 ], [ -63.43585, -18.05717 ], [ -63.43587, -18.05714 ] ] ] } },
{ "type": "Feature", "properties": { "i": 329 }, "geometry": { "type": "Polygon", "coordinates": [ [ [ -63.42305, -18.05622 ], [ -63.42106, -18.05907 ], [ -63.42079, -18.06009 ], [ -63.42064, -18.06174 ], [ -63.42002, -18.06335 ], [ -63.42075, -18.06352 ], [ -63.42094, -18.06367 ], [ -63.42153, -18.0628 ], [ -63.42173, -18.06245 ], [ -63.4223, -18.06276 ], [ -63.42262, -18.06224 ], [ -63.42309, -18.06054 ], [ -63.42383, -18.05926 ], [ -63.42405, -18.05867 ], [ -63.42482, -18.05789 ], [ -63.42514, -18.05733 ], [ -63.42552, -18.05691 ], [ -63.42576, -18.05671 ], [ -63.4252, -18.05609 ], [ -63.42522, -18.05608 ], [ -63.42449, -18.0553 ], [ -63.42305, -18.05622 ] ] ] } },
{ "type": "Feature", "properties": { "i": 330 }, "geometry": { "type": "Polygon", "coordinates": [ [ [ -63.42891, -18.05752 ], [ -63.42816, -18.05801 ], [ -63.42817, -18.05804 ], [ -63.42885, -18.05882 ], [ -63.42888, -18.05882 ], [ -63.42955, -18.05825 ], [ -63.42955, -18.05821 ], [ -63.42891, -18.05752 ] ] ] } },
{ "type": "Feature", "properties": { "i": 331 }, "geometry": { "type": "Polygon", "coordinates": [ [ [ -63.43094, -18.05728 ], [ -63.4316, -18.05806 ], [ -63.43207, -18.0577 ], [ -63.4314, -18.05695 ], [ -63.43094, -18.05728 ] ] ] } },
{ "type": "Feature", "properties": { "i": 332 }, "geometry": { "type": "Polygon", "coordinates": [ [ [ -63.434, -18.05625 ], [ -63.43355, -18.05659 ], [ -63.43355, -18.05662 ], [ -63.43419, -18.05734 ], [ -63.43465, -18.05698 ], [ -63.434, -18.05625 ] ] ] } },
{ "type": "Feature", "properties": { "i": 333 }, "geometry": { "type": "Polygon", "coordinates": [ [ [ -63.43244, -18.05737 ], [ -63.43183, -18.05665 ], [ -63.4315, -18.05688 ], [ -63.43215, -18.05762 ], [ -63.43243, -18.05742 ], [ -63.43244, -18.05737 ] ] ] } },
{ "type": "Feature", "properties": { "i": 334 }, "geometry": { "type": "Polygon", "coordinates": [ [ [ -63.42988, -18.05801 ], [ -63.43058, -18.05742 ], [ -63.42991, -18.05665 ], [ -63.42921, -18.05725 ], [ -63.42988, -18.05801 ] ] ] } },
{ "type": "Feature", "properties": { "i": 335 }, "geometry": { "type": "Polygon", "coordinates": [ [ [ -63.43292, -18.05702 ], [ -63.43225, -18.05629 ], [ -63.4319, -18.05656 ], [ -63.4319, -18.05659 ], [ -63.43255, -18.05731 ], [ -63.43292, -18.05702 ] ] ] } },
{ "type": "Feature", "properties": { "i": 336 }, "geometry": { "type": "Polygon", "coordinates": [ [ [ -63.42796, -18.05799 ], [ -63.42732, -18.05722 ], [ -63.42679, -18.0576 ], [ -63.4268, -18.05764 ], [ -63.42735, -18.05831 ], [ -63.42743, -18.05835 ], [ -63.42796, -18.05799 ] ] ] } },
{ "type": "Feature", "properties": { "i": 337 }, "geometry": { "type": "Polygon", "coordinates": [ [ [ -63.43135, -18.05688 ], [ -63.43097, -18.05647 ], [ -63.43056, -18.05673 ], [ -63.4303, -18.05696 ], [ -63.43063, -18.05735 ], [ -63.4307, -18.05736 ], [ -63.43135, -18.05688 ] ] ] } },
{ "type": "Feature", "properties": { "i": 338 }, "geometry": { "type": "Polygon", "coordinates": [ [ [ -63.43302, -18.05694 ], [ -63.43342, -18.05662 ], [ -63.43342, -18.05658 ], [ -63.43285, -18.0559 ], [ -63.43279, -18.05588 ], [ -63.43239, -18.05616 ], [ -63.43237, -18.0562 ], [ -63.43299, -18.05693 ], [ -63.43302, -18.05694 ] ] ] } },
{ "type": "Feature", "properties": { "i": 339 }, "geometry": { "type": "Polygon", "coordinates": [ [ [ -63.42885, -18.05742 ], [ -63.42822, -18.05667 ], [ -63.42818, -18.05667 ], [ -63.42747, -18.05715 ], [ -63.42746, -18.05718 ], [ -63.42806, -18.05794 ], [ -63.42885, -18.05742 ] ] ] } },
{ "type": "Feature", "properties": { "i": 340 }, "geometry": { "type": "Polygon", "coordinates": [ [ [ -63.43144, -18.05679 ], [ -63.43221, -18.05618 ], [ -63.43223, -18.05614 ], [ -63.43188, -18.05572 ], [ -63.43104, -18.05638 ], [ -63.4314, -18.05678 ], [ -63.43144, -18.05679 ] ] ] } },
{ "type": "Feature", "properties": { "i": 341 }, "geometry": { "type": "Polygon", "coordinates": [ [ [ -63.43093, -18.05642 ], [ -63.43057, -18.05606 ], [ -63.42996, -18.0566 ], [ -63.4302, -18.05688 ], [ -63.43025, -18.05689 ], [ -63.43061, -18.0566 ], [ -63.43093, -18.05642 ] ] ] } },
{ "type": "Feature", "properties": { "i": 342 }, "geometry": { "type": "Polygon", "coordinates": [ [ [ -63.43448, -18.05569 ], [ -63.4339, -18.0551 ], [ -63.43347, -18.05545 ], [ -63.43401, -18.05609 ], [ -63.43448, -18.05569 ] ] ] } },
{ "type": "Feature", "properties": { "i": 343 }, "geometry": { "type": "Polygon", "coordinates": [ [ [ -63.43101, -18.05629 ], [ -63.4318, -18.05565 ], [ -63.43148, -18.0553 ], [ -63.43067, -18.05599 ], [ -63.43096, -18.05629 ], [ -63.43101, -18.05629 ] ] ] } },
{ "type": "Feature", "properties": { "i": 344 }, "geometry": { "type": "Polygon", "coordinates": [ [ [ -63.42985, -18.0566 ], [ -63.42919, -18.05587 ], [ -63.42915, -18.05586 ], [ -63.42847, -18.05643 ], [ -63.42912, -18.05716 ], [ -63.42918, -18.05716 ], [ -63.42985, -18.0566 ] ] ] } },
{ "type": "Feature", "properties": { "i": 345 }, "geometry": { "type": "Polygon", "coordinates": [ [ [ -63.42675, -18.05751 ], [ -63.42726, -18.05715 ], [ -63.42655, -18.05637 ], [ -63.42607, -18.05675 ], [ -63.42672, -18.05749 ], [ -63.42675, -18.05751 ] ] ] } },
{ "type": "Feature", "properties": { "i": 346 }, "geometry": { "type": "Polygon", "coordinates": [ [ [ -63.43235, -18.05607 ], [ -63.43326, -18.05537 ], [ -63.43289, -18.05491 ], [ -63.43195, -18.05566 ], [ -63.43195, -18.05569 ], [ -63.43229, -18.05607 ], [ -63.43235, -18.05607 ] ] ] } },
{ "type": "Feature", "properties": { "i": 347 }, "geometry": { "type": "Polygon", "coordinates": [ [ [ -63.42992, -18.05526 ], [ -63.42989, -18.05525 ], [ -63.42925, -18.05578 ], [ -63.4299, -18.05652 ], [ -63.43052, -18.056 ], [ -63.43052, -18.05597 ], [ -63.42992, -18.05526 ] ] ] } },
{ "type": "Feature", "properties": { "i": 348 }, "geometry": { "type": "Polygon", "coordinates": [ [ [ -63.42739, -18.05708 ], [ -63.42807, -18.05661 ], [ -63.42738, -18.05577 ], [ -63.42671, -18.05628 ], [ -63.42671, -18.05632 ], [ -63.42736, -18.05707 ], [ -63.42739, -18.05708 ] ] ] } },
{ "type": "Feature", "properties": { "i": 349 }, "geometry": { "type": "Polygon", "coordinates": [ [ [ -63.4319, -18.05559 ], [ -63.43278, -18.05488 ], [ -63.43277, -18.05482 ], [ -63.43237, -18.05445 ], [ -63.43155, -18.05523 ], [ -63.43186, -18.0556 ], [ -63.4319, -18.05559 ] ] ] } },
{ "type": "Feature", "properties": { "i": 350 }, "geometry": { "type": "Polygon", "coordinates": [ [ [ -63.43626, -18.05418 ], [ -63.43558, -18.05353 ], [ -63.43442, -18.05452 ], [ -63.43505, -18.05522 ], [ -63.43626, -18.05418 ] ] ] } },
{ "type": "Feature", "properties": { "i": 351 }, "geometry": { "type": "Polygon", "coordinates": [ [ [ -63.43124, -18.05537 ], [ -63.43067, -18.0547 ], [ -63.43063, -18.05469 ], [ -63.42999, -18.05518 ], [ -63.43058, -18.0559 ], [ -63.43124, -18.05537 ] ] ] } },
{ "type": "Feature", "properties": { "i": 352 }, "geometry": { "type": "Polygon", "coordinates": [ [ [ -63.42844, -18.05506 ], [ -63.42775, -18.05561 ], [ -63.4284, -18.05636 ], [ -63.4291, -18.05579 ], [ -63.4285, -18.05506 ], [ -63.42844, -18.05506 ] ] ] } },
{ "type": "Feature", "properties": { "i": 353 }, "geometry": { "type": "Polygon", "coordinates": [ [ [ -63.42649, -18.05631 ], [ -63.42588, -18.05563 ], [ -63.42533, -18.05608 ], [ -63.42589, -18.05668 ], [ -63.42594, -18.0567 ], [ -63.42649, -18.05631 ] ] ] } },
{ "type": "Feature", "properties": { "i": 354 }, "geometry": { "type": "Polygon", "coordinates": [ [ [ -63.43165, -18.05501 ], [ -63.43109, -18.05433 ], [ -63.43076, -18.05458 ], [ -63.43075, -18.05463 ], [ -63.43129, -18.05528 ], [ -63.43134, -18.05529 ], [ -63.43165, -18.05501 ] ] ] } },
{ "type": "Feature", "properties": { "i": 355 }, "geometry": { "type": "Polygon", "coordinates": [ [ [ -63.43338, -18.05456 ], [ -63.43335, -18.05459 ], [ -63.43275, -18.05411 ], [ -63.43244, -18.0544 ], [ -63.43349, -18.05525 ], [ -63.43449, -18.05437 ], [ -63.43348, -18.05342 ], [ -63.43278, -18.05408 ], [ -63.43338, -18.05456 ] ] ] } },
{ "type": "Feature", "properties": { "i": 356 }, "geometry": { "type": "Polygon", "coordinates": [ [ [ -63.43247, -18.05423 ], [ -63.43199, -18.05364 ], [ -63.43115, -18.05428 ], [ -63.43171, -18.05496 ], [ -63.43247, -18.05423 ] ] ] } },
{ "type": "Feature", "properties": { "i": 357 }, "geometry": { "type": "Polygon", "coordinates": [ [ [ -63.42984, -18.05517 ], [ -63.42925, -18.05445 ], [ -63.42859, -18.05495 ], [ -63.42859, -18.05498 ], [ -63.4292, -18.05571 ], [ -63.42984, -18.05517 ] ] ] } },
{ "type": "Feature", "properties": { "i": 358 }, "geometry": { "type": "Polygon", "coordinates": [ [ [ -63.42732, -18.05564 ], [ -63.42673, -18.05497 ], [ -63.42596, -18.05554 ], [ -63.42596, -18.05557 ], [ -63.42656, -18.05624 ], [ -63.42731, -18.05567 ], [ -63.42732, -18.05564 ] ] ] } },
{ "type": "Feature", "properties": { "i": 359 }, "geometry": { "type": "Polygon", "coordinates": [ [ [ -63.42579, -18.05553 ], [ -63.42547, -18.05516 ], [ -63.42544, -18.05516 ], [ -63.4249, -18.05561 ], [ -63.42527, -18.05601 ], [ -63.42578, -18.05558 ], [ -63.42579, -18.05553 ] ] ] } },
{ "type": "Feature", "properties": { "i": 360 }, "geometry": { "type": "Polygon", "coordinates": [ [ [ -63.43061, -18.05459 ], [ -63.43, -18.05387 ], [ -63.42931, -18.05439 ], [ -63.42992, -18.05509 ], [ -63.42997, -18.05509 ], [ -63.43061, -18.05459 ] ] ] } },
{ "type": "Feature", "properties": { "i": 361 }, "geometry": { "type": "Polygon", "coordinates": [ [ [ -63.42839, -18.05497 ], [ -63.42776, -18.05422 ], [ -63.4277, -18.05422 ], [ -63.427, -18.05479 ], [ -63.42764, -18.05552 ], [ -63.42767, -18.05553 ], [ -63.4277, -18.05553 ], [ -63.42837, -18.055 ], [ -63.42839, -18.05497 ] ] ] } },
{ "type": "Feature", "properties": { "i": 362 }, "geometry": { "type": "Polygon", "coordinates": [ [ [ -63.42666, -18.05491 ], [ -63.4263, -18.05449 ], [ -63.42555, -18.05508 ], [ -63.4259, -18.05549 ], [ -63.42666, -18.05491 ] ] ] } },
{ "type": "Feature", "properties": { "i": 363 }, "geometry": { "type": "Polygon", "coordinates": [ [ [ -63.42916, -18.05438 ], [ -63.42847, -18.05362 ], [ -63.42783, -18.05414 ], [ -63.4285, -18.05489 ], [ -63.42916, -18.05438 ] ] ] } },
{ "type": "Feature", "properties": { "i": 364 }, "geometry": { "type": "Polygon", "coordinates": [ [ [ -63.43067, -18.05454 ], [ -63.43333, -18.05233 ], [ -63.43263, -18.05163 ], [ -63.43205, -18.05213 ], [ -63.43155, -18.05261 ], [ -63.43007, -18.05383 ], [ -63.43067, -18.05454 ] ] ] } },
{ "type": "Feature", "properties": { "i": 365 }, "geometry": { "type": "Polygon", "coordinates": [ [ [ -63.42765, -18.05415 ], [ -63.42696, -18.05336 ], [ -63.42627, -18.05388 ], [ -63.42627, -18.05393 ], [ -63.42694, -18.05467 ], [ -63.42699, -18.05468 ], [ -63.42765, -18.05415 ] ] ] } },
{ "type": "Feature", "properties": { "i": 366 }, "geometry": { "type": "Polygon", "coordinates": [ [ [ -63.42571, -18.05482 ], [ -63.4255, -18.05458 ], [ -63.42547, -18.0546 ], [ -63.42568, -18.05484 ], [ -63.42545, -18.05501 ], [ -63.42518, -18.05468 ], [ -63.42515, -18.05471 ], [ -63.42543, -18.05503 ], [ -63.42484, -18.05552 ], [ -63.42467, -18.05533 ], [ -63.42423, -18.05444 ], [ -63.42404, -18.05441 ], [ -63.42373, -18.05398 ], [ -63.42493, -18.05293 ], [ -63.42626, -18.05443 ], [ -63.42571, -18.05482 ] ] ] } },
{ "type": "Feature", "properties": { "i": 367 }, "geometry": { "type": "Polygon", "coordinates": [ [ [ -63.42779, -18.05405 ], [ -63.42839, -18.05355 ], [ -63.42766, -18.05276 ], [ -63.42704, -18.05327 ], [ -63.42704, -18.05329 ], [ -63.42773, -18.05406 ], [ -63.42779, -18.05405 ] ] ] } },
{ "type": "Feature", "properties": { "i": 368 }, "geometry": { "type": "Polygon", "coordinates": [ [ [ -63.42984, -18.05367 ], [ -63.4298, -18.05359 ], [ -63.42847, -18.05217 ], [ -63.42841, -18.05216 ], [ -63.42776, -18.05271 ], [ -63.42928, -18.05429 ], [ -63.42954, -18.0541 ], [ -63.42957, -18.05392 ], [ -63.42981, -18.05374 ], [ -63.42984, -18.05367 ] ] ] } },
{ "type": "Feature", "properties": { "i": 369 }, "geometry": { "type": "Polygon", "coordinates": [ [ [ -63.42676, -18.05332 ], [ -63.42637, -18.05287 ], [ -63.4258, -18.05337 ], [ -63.42621, -18.05383 ], [ -63.42675, -18.0534 ], [ -63.42676, -18.05332 ] ] ] } },
{ "type": "Feature", "properties": { "i": 370 }, "geometry": { "type": "Polygon", "coordinates": [ [ [ -63.42988, -18.05088 ], [ -63.42849, -18.0521 ], [ -63.43, -18.05373 ], [ -63.43163, -18.05231 ], [ -63.43094, -18.0515 ], [ -63.43061, -18.05178 ], [ -63.42988, -18.05088 ] ] ] } },
{ "type": "Feature", "properties": { "i": 371 }, "geometry": { "type": "Polygon", "coordinates": [ [ [ -63.42691, -18.05328 ], [ -63.4276, -18.05274 ], [ -63.4276, -18.05269 ], [ -63.42717, -18.05221 ], [ -63.42714, -18.0522 ], [ -63.42647, -18.05277 ], [ -63.42646, -18.05281 ], [ -63.42685, -18.05328 ], [ -63.42691, -18.05328 ] ] ] } },
{ "type": "Feature", "properties": { "i": 372 }, "geometry": { "type": "Polygon", "coordinates": [ [ [ -63.4277, -18.05266 ], [ -63.42983, -18.05085 ], [ -63.42879, -18.05042 ], [ -63.42702, -18.05185 ], [ -63.4277, -18.05266 ] ] ] } },
{ "type": "Feature", "properties": { "i": 373 }, "geometry": { "type": "Polygon", "coordinates": [ [ [ -63.42572, -18.05329 ], [ -63.42709, -18.05214 ], [ -63.42686, -18.05188 ], [ -63.42881, -18.05026 ], [ -63.42809, -18.04946 ], [ -63.42884, -18.04885 ], [ -63.4297, -18.04821 ], [ -63.4295, -18.04801 ], [ -63.42855, -18.0487 ], [ -63.4267, -18.05027 ], [ -63.42663, -18.05031 ], [ -63.42654, -18.0504 ], [ -63.42651, -18.05051 ], [ -63.42463, -18.05202 ], [ -63.42572, -18.05329 ] ] ] } },
{ "type": "Feature", "properties": { "i": 374 }, "geometry": { "type": "Polygon", "coordinates": [ [ [ -63.42286, -18.05059 ], [ -63.42207, -18.04965 ], [ -63.42153, -18.05012 ], [ -63.42265, -18.05444 ], [ -63.42316, -18.05447 ], [ -63.4235, -18.05423 ], [ -63.42357, -18.05395 ], [ -63.42487, -18.05286 ], [ -63.42288, -18.05062 ], [ -63.42248, -18.05094 ], [ -63.42246, -18.05093 ], [ -63.42286, -18.05059 ] ] ] } },
{ "type": "Feature", "properties": { "i": 375 }, "geometry": { "type": "Polygon", "coordinates": [ [ [ -63.42337, -18.05061 ], [ -63.42375, -18.05103 ], [ -63.42466, -18.05031 ], [ -63.42426, -18.04987 ], [ -63.42337, -18.05061 ] ] ] } },
{ "type": "Feature", "properties": { "i": 376 }, "geometry": { "type": "Polygon", "coordinates": [ [ [ -63.42475, -18.05033 ], [ -63.42382, -18.05109 ], [ -63.42458, -18.05197 ], [ -63.42642, -18.05048 ], [ -63.42646, -18.05036 ], [ -63.42843, -18.04872 ], [ -63.42762, -18.04789 ], [ -63.42475, -18.05033 ] ] ] } },
{ "type": "Feature", "properties": { "i": 377 }, "geometry": { "type": "Polygon", "coordinates": [ [ [ -63.4272, -18.04745 ], [ -63.4262, -18.04825 ], [ -63.4266, -18.04869 ], [ -63.42757, -18.04785 ], [ -63.4272, -18.04745 ] ] ] } },
{ "type": "Feature", "properties": { "i": 378 }, "geometry": { "type": "Polygon", "coordinates": [ [ [ -63.42707, -18.04604 ], [ -63.42356, -18.04903 ], [ -63.42429, -18.04975 ], [ -63.42737, -18.04716 ], [ -63.42787, -18.04664 ], [ -63.42787, -18.04656 ], [ -63.42726, -18.0459 ], [ -63.42707, -18.04604 ] ] ] } },
{ "type": "Feature", "properties": { "i": 379 }, "geometry": { "type": "Polygon", "coordinates": [ [ [ -63.4203, -18.04983 ], [ -63.41898, -18.04872 ], [ -63.41728, -18.047 ], [ -63.41821, -18.04609 ], [ -63.41901, -18.04684 ], [ -63.4213, -18.04887 ], [ -63.4203, -18.04983 ] ] ] } },
{ "type": "Feature", "properties": { "i": 380 }, "geometry": { "type": "Polygon", "coordinates": [ [ [ -63.42592, -18.04435 ], [ -63.42483, -18.04393 ], [ -63.42473, -18.04392 ], [ -63.42464, -18.04394 ], [ -63.42452, -18.04407 ], [ -63.42449, -18.04428 ], [ -63.42443, -18.04437 ], [ -63.42448, -18.04451 ], [ -63.42446, -18.04457 ], [ -63.42419, -18.04485 ], [ -63.42413, -18.04486 ], [ -63.42395, -18.04472 ], [ -63.4238, -18.0447 ], [ -63.42294, -18.04547 ], [ -63.42053, -18.04771 ], [ -63.42193, -18.04902 ], [ -63.42333, -18.05056 ], [ -63.42379, -18.0502 ], [ -63.42422, -18.04982 ], [ -63.42343, -18.049 ], [ -63.42528, -18.04746 ], [ -63.42465, -18.0467 ], [ -63.42512, -18.04635 ], [ -63.42648, -18.04526 ], [ -63.42646, -18.04505 ], [ -63.42642, -18.0449 ], [ -63.42621, -18.04464 ], [ -63.42592, -18.04435 ] ] ] } },
{ "type": "Feature", "properties": { "i": 381 }, "geometry": { "type": "Polygon", "coordinates": [ [ [ -63.42025, -18.04746 ], [ -63.42047, -18.04765 ], [ -63.42259, -18.04569 ], [ -63.42258, -18.04565 ], [ -63.42191, -18.04473 ], [ -63.4196, -18.04689 ], [ -63.42015, -18.04738 ], [ -63.42034, -18.0472 ], [ -63.42042, -18.04727 ], [ -63.42025, -18.04746 ] ] ] } },
{ "type": "Feature", "properties": { "i": 382 }, "geometry": { "type": "Polygon", "coordinates": [ [ [ -63.42324, -18.04166 ], [ -63.42168, -18.04323 ], [ -63.42022, -18.04463 ], [ -63.41873, -18.0461 ], [ -63.41951, -18.04682 ], [ -63.4219, -18.04465 ], [ -63.42388, -18.0427 ], [ -63.42337, -18.0416 ], [ -63.42324, -18.04166 ] ] ] } },
{ "type": "Feature", "properties": { "i": 383 }, "geometry": { "type": "Polygon", "coordinates": [ [ [ -63.41556, -18.0442 ], [ -63.41583, -18.04392 ], [ -63.41488, -18.043 ], [ -63.41405, -18.04371 ], [ -63.41426, -18.04427 ], [ -63.41624, -18.04619 ], [ -63.41726, -18.04679 ], [ -63.41734, -18.0468 ], [ -63.41814, -18.04604 ], [ -63.41628, -18.04433 ], [ -63.41581, -18.04475 ], [ -63.41578, -18.04469 ], [ -63.41623, -18.04429 ], [ -63.41585, -18.04394 ], [ -63.41558, -18.04421 ], [ -63.41556, -18.0442 ] ] ] } },
{ "type": "Feature", "properties": { "i": 384 }, "geometry": { "type": "Polygon", "coordinates": [ [ [ -63.42016, -18.04458 ], [ -63.41985, -18.04427 ], [ -63.41987, -18.04425 ], [ -63.4202, -18.04456 ], [ -63.42253, -18.04229 ], [ -63.42146, -18.04138 ], [ -63.42032, -18.04224 ], [ -63.41734, -18.04475 ], [ -63.41866, -18.04603 ], [ -63.42016, -18.04458 ] ] ] } },
{ "type": "Feature", "properties": { "i": 385 }, "geometry": { "type": "Polygon", "coordinates": [ [ [ -63.41946, -18.04289 ], [ -63.41884, -18.04212 ], [ -63.41855, -18.04231 ], [ -63.4174, -18.04321 ], [ -63.41636, -18.04392 ], [ -63.41728, -18.04472 ], [ -63.4188, -18.04341 ], [ -63.41946, -18.04289 ] ] ] } },
{ "type": "Feature", "properties": { "i": 386 }, "geometry": { "type": "Polygon", "coordinates": [ [ [ -63.41955, -18.0409 ], [ -63.41914, -18.04044 ], [ -63.41805, -18.04069 ], [ -63.41773, -18.04081 ], [ -63.41725, -18.04106 ], [ -63.41666, -18.04149 ], [ -63.41603, -18.04203 ], [ -63.41519, -18.04284 ], [ -63.41628, -18.04387 ], [ -63.41809, -18.04261 ], [ -63.41975, -18.04138 ], [ -63.41955, -18.0409 ] ] ] } },
{ "type": "Feature", "properties": { "i": 387 }, "geometry": { "type": "Polygon", "coordinates": [ [ [ -63.41381, -18.0438 ], [ -63.4125, -18.04278 ], [ -63.41274, -18.04252 ], [ -63.41308, -18.04283 ], [ -63.41309, -18.04282 ], [ -63.41274, -18.04251 ], [ -63.41348, -18.04176 ], [ -63.41484, -18.04297 ], [ -63.41381, -18.0438 ] ] ] } },
{ "type": "Feature", "properties": { "i": 388 }, "geometry": { "type": "Polygon", "coordinates": [ [ [ -63.41299, -18.04128 ], [ -63.41203, -18.04227 ], [ -63.41203, -18.04234 ], [ -63.41242, -18.04269 ], [ -63.41255, -18.04258 ], [ -63.41343, -18.04167 ], [ -63.41299, -18.04128 ] ] ] } },
{ "type": "Feature", "properties": { "i": 389 }, "geometry": { "type": "Polygon", "coordinates": [ [ [ -63.41668, -18.04133 ], [ -63.41645, -18.04018 ], [ -63.41631, -18.03973 ], [ -63.41604, -18.03943 ], [ -63.41598, -18.03943 ], [ -63.41405, -18.04079 ], [ -63.41328, -18.0401 ], [ -63.41276, -18.04058 ], [ -63.41512, -18.04275 ], [ -63.41668, -18.04133 ] ] ] } },
{ "type": "Feature", "properties": { "i": 390 }, "geometry": { "type": "Polygon", "coordinates": [ [ [ -63.41809, -18.04063 ], [ -63.4195, -18.04027 ], [ -63.41924, -18.03963 ], [ -63.41852, -18.04012 ], [ -63.41834, -18.04027 ], [ -63.41807, -18.04057 ], [ -63.41809, -18.04063 ] ] ] } },
{ "type": "Feature", "properties": { "i": 391 }, "geometry": { "type": "Polygon", "coordinates": [ [ [ -63.41251, -18.04082 ], [ -63.41152, -18.04183 ], [ -63.41152, -18.04189 ], [ -63.41191, -18.04224 ], [ -63.41292, -18.0412 ], [ -63.41251, -18.04082 ] ] ] } },
{ "type": "Feature", "properties": { "i": 392 }, "geometry": { "type": "Polygon", "coordinates": [ [ [ -63.4099, -18.04052 ], [ -63.41244, -18.04286 ], [ -63.41235, -18.04298 ], [ -63.41221, -18.04297 ], [ -63.41183, -18.04274 ], [ -63.41062, -18.04171 ], [ -63.40964, -18.04084 ], [ -63.4099, -18.04052 ] ] ] } },
{ "type": "Feature", "properties": { "i": 393 }, "geometry": { "type": "Polygon", "coordinates": [ [ [ -63.41935, -18.03948 ], [ -63.41907, -18.03901 ], [ -63.41786, -18.03967 ], [ -63.41803, -18.04055 ], [ -63.41831, -18.04024 ], [ -63.4185, -18.04008 ], [ -63.41935, -18.03948 ] ] ] } },
{ "type": "Feature", "properties": { "i": 394 }, "geometry": { "type": "Polygon", "coordinates": [ [ [ -63.41717, -18.0392 ], [ -63.41713, -18.03906 ], [ -63.41689, -18.03875 ], [ -63.41681, -18.03885 ], [ -63.41669, -18.03895 ], [ -63.41624, -18.03925 ], [ -63.41614, -18.03934 ], [ -63.4164, -18.03976 ], [ -63.41645, -18.0399 ], [ -63.4166, -18.04044 ], [ -63.41679, -18.04127 ], [ -63.41719, -18.041 ], [ -63.417, -18.04006 ], [ -63.41717, -18.0392 ] ] ] } },
{ "type": "Feature", "properties": { "i": 395 }, "geometry": { "type": "Polygon", "coordinates": [ [ [ -63.41142, -18.04179 ], [ -63.41242, -18.04076 ], [ -63.412, -18.04037 ], [ -63.41101, -18.04141 ], [ -63.41142, -18.04179 ] ] ] } },
{ "type": "Feature", "properties": { "i": 396 }, "geometry": { "type": "Polygon", "coordinates": [ [ [ -63.41407, -18.04067 ], [ -63.41452, -18.04034 ], [ -63.41381, -18.03971 ], [ -63.41338, -18.04003 ], [ -63.41407, -18.04067 ] ] ] } },
{ "type": "Feature", "properties": { "i": 397 }, "geometry": { "type": "Polygon", "coordinates": [ [ [ -63.41094, -18.04133 ], [ -63.41193, -18.04031 ], [ -63.41151, -18.03992 ], [ -63.41051, -18.04094 ], [ -63.41094, -18.04133 ] ] ] } },
{ "type": "Feature", "properties": { "i": 398 }, "geometry": { "type": "Polygon", "coordinates": [ [ [ -63.41497, -18.04001 ], [ -63.41431, -18.0393 ], [ -63.41387, -18.03963 ], [ -63.41456, -18.04029 ], [ -63.41497, -18.04001 ] ] ] } },
{ "type": "Feature", "properties": { "i": 399 }, "geometry": { "type": "Polygon", "coordinates": [ [ [ -63.41326, -18.04002 ], [ -63.4128, -18.03959 ], [ -63.41212, -18.04012 ], [ -63.41252, -18.0405 ], [ -63.41266, -18.04053 ], [ -63.41326, -18.04002 ] ] ] } },
{ "type": "Feature", "properties": { "i": 400 }, "geometry": { "type": "Polygon", "coordinates": [ [ [ -63.41374, -18.0396 ], [ -63.41342, -18.03929 ], [ -63.4129, -18.03956 ], [ -63.41329, -18.03996 ], [ -63.41374, -18.0396 ] ] ] } },
{ "type": "Feature", "properties": { "i": 401 }, "geometry": { "type": "Polygon", "coordinates": [ [ [ -63.41045, -18.04086 ], [ -63.41144, -18.03985 ], [ -63.41095, -18.03941 ], [ -63.41004, -18.04049 ], [ -63.41045, -18.04086 ] ] ] } },
{ "type": "Feature", "properties": { "i": 402 }, "geometry": { "type": "Polygon", "coordinates": [ [ [ -63.40949, -18.04088 ], [ -63.40984, -18.0405 ], [ -63.40864, -18.03939 ], [ -63.40841, -18.03962 ], [ -63.4088, -18.04013 ], [ -63.40949, -18.04088 ] ] ] } },
{ "type": "Feature", "properties": { "i": 403 }, "geometry": { "type": "Polygon", "coordinates": [ [ [ -63.41349, -18.03927 ], [ -63.41381, -18.03957 ], [ -63.41424, -18.03923 ], [ -63.41397, -18.03896 ], [ -63.41349, -18.03927 ] ] ] } },
{ "type": "Feature", "properties": { "i": 404 }, "geometry": { "type": "Polygon", "coordinates": [ [ [ -63.41669, -18.03884 ], [ -63.41684, -18.03866 ], [ -63.41634, -18.03789 ], [ -63.41611, -18.03803 ], [ -63.41669, -18.03884 ] ] ] } },
{ "type": "Feature", "properties": { "i": 405 }, "geometry": { "type": "Polygon", "coordinates": [ [ [ -63.41336, -18.03922 ], [ -63.41292, -18.03877 ], [ -63.4124, -18.03909 ], [ -63.41279, -18.03948 ], [ -63.41336, -18.03922 ] ] ] } },
{ "type": "Feature", "properties": { "i": 406 }, "geometry": { "type": "Polygon", "coordinates": [ [ [ -63.40986, -18.04034 ], [ -63.41081, -18.0393 ], [ -63.41041, -18.0389 ], [ -63.40941, -18.03994 ], [ -63.40986, -18.04034 ] ] ] } },
{ "type": "Feature", "properties": { "i": 407 }, "geometry": { "type": "Polygon", "coordinates": [ [ [ -63.41687, -18.03852 ], [ -63.41618, -18.03758 ], [ -63.41715, -18.03699 ], [ -63.41769, -18.03774 ], [ -63.41691, -18.03854 ], [ -63.41687, -18.03852 ] ] ] } },
{ "type": "Feature", "properties": { "i": 408 }, "geometry": { "type": "Polygon", "coordinates": [ [ [ -63.41874, -18.03721 ], [ -63.41859, -18.03698 ], [ -63.41768, -18.03752 ], [ -63.41784, -18.03774 ], [ -63.41874, -18.03721 ] ] ] } },
{ "type": "Feature", "properties": { "i": 409 }, "geometry": { "type": "Polygon", "coordinates": [ [ [ -63.40935, -18.03987 ], [ -63.41034, -18.03886 ], [ -63.40991, -18.03846 ], [ -63.40891, -18.03949 ], [ -63.40935, -18.03987 ] ] ] } },
{ "type": "Feature", "properties": { "i": 410 }, "geometry": { "type": "Polygon", "coordinates": [ [ [ -63.41288, -18.03869 ], [ -63.41231, -18.03807 ], [ -63.41234, -18.03805 ], [ -63.41293, -18.03868 ], [ -63.41357, -18.03828 ], [ -63.41361, -18.03833 ], [ -63.41299, -18.03871 ], [ -63.41342, -18.03919 ], [ -63.41496, -18.0382 ], [ -63.41447, -18.03745 ], [ -63.41351, -18.03806 ], [ -63.41251, -18.03669 ], [ -63.41071, -18.03779 ], [ -63.41143, -18.0385 ], [ -63.41085, -18.03889 ], [ -63.41203, -18.04002 ], [ -63.41214, -18.04002 ], [ -63.4127, -18.03954 ], [ -63.41207, -18.03889 ], [ -63.41212, -18.03885 ], [ -63.41233, -18.03905 ], [ -63.41288, -18.03869 ] ] ] } },
{ "type": "Feature", "properties": { "i": 411 }, "geometry": { "type": "Polygon", "coordinates": [ [ [ -63.41854, -18.0369 ], [ -63.41817, -18.03635 ], [ -63.41723, -18.03692 ], [ -63.41761, -18.03744 ], [ -63.41854, -18.0369 ] ] ] } },
{ "type": "Feature", "properties": { "i": 412 }, "geometry": { "type": "Polygon", "coordinates": [ [ [ -63.4156, -18.03782 ], [ -63.41601, -18.03754 ], [ -63.41569, -18.03708 ], [ -63.41472, -18.03766 ], [ -63.41504, -18.03816 ], [ -63.4156, -18.03782 ] ] ] } },
{ "type": "Feature", "properties": { "i": 413 }, "geometry": { "type": "Polygon", "coordinates": [ [ [ -63.40982, -18.0384 ], [ -63.40945, -18.03804 ], [ -63.40936, -18.03804 ], [ -63.40844, -18.03904 ], [ -63.40884, -18.03943 ], [ -63.40982, -18.0384 ] ] ] } },
{ "type": "Feature", "properties": { "i": 414 }, "geometry": { "type": "Polygon", "coordinates": [ [ [ -63.41127, -18.03846 ], [ -63.41063, -18.03784 ], [ -63.41013, -18.03818 ], [ -63.41013, -18.03823 ], [ -63.41075, -18.03878 ], [ -63.41127, -18.03846 ] ] ] } },
{ "type": "Feature", "properties": { "i": 415 }, "geometry": { "type": "Polygon", "coordinates": [ [ [ -63.41707, -18.03689 ], [ -63.41676, -18.03644 ], [ -63.41673, -18.03644 ], [ -63.41576, -18.03703 ], [ -63.41608, -18.03748 ], [ -63.41707, -18.03689 ] ] ] } },
{ "type": "Feature", "properties": { "i": 416 }, "geometry": { "type": "Polygon", "coordinates": [ [ [ -63.41561, -18.03699 ], [ -63.41529, -18.03656 ], [ -63.41437, -18.03711 ], [ -63.41468, -18.03756 ], [ -63.41561, -18.03699 ] ] ] } },
{ "type": "Feature", "properties": { "i": 417 }, "geometry": { "type": "Polygon", "coordinates": [ [ [ -63.40934, -18.03795 ], [ -63.40891, -18.03755 ], [ -63.40795, -18.03858 ], [ -63.40838, -18.03898 ], [ -63.40934, -18.03795 ] ] ] } },
{ "type": "Feature", "properties": { "i": 418 }, "geometry": { "type": "Polygon", "coordinates": [ [ [ -63.41812, -18.03625 ], [ -63.41776, -18.03579 ], [ -63.41684, -18.03637 ], [ -63.41716, -18.03683 ], [ -63.41812, -18.03625 ] ] ] } },
{ "type": "Feature", "properties": { "i": 419 }, "geometry": { "type": "Polygon", "coordinates": [ [ [ -63.41443, -18.03739 ], [ -63.41353, -18.03606 ], [ -63.41307, -18.03633 ], [ -63.4126, -18.03664 ], [ -63.4126, -18.03667 ], [ -63.41353, -18.03793 ], [ -63.41443, -18.03739 ] ] ] } },
{ "type": "Feature", "properties": { "i": 420 }, "geometry": { "type": "Polygon", "coordinates": [ [ [ -63.41666, -18.03635 ], [ -63.41634, -18.03591 ], [ -63.41539, -18.03649 ], [ -63.4157, -18.03695 ], [ -63.41666, -18.03635 ] ] ] } },
{ "type": "Feature", "properties": { "i": 421 }, "geometry": { "type": "Polygon", "coordinates": [ [ [ -63.41522, -18.03646 ], [ -63.4149, -18.036 ], [ -63.414, -18.03656 ], [ -63.41432, -18.03701 ], [ -63.41522, -18.03646 ] ] ] } },
{ "type": "Feature", "properties": { "i": 422 }, "geometry": { "type": "Polygon", "coordinates": [ [ [ -63.40788, -18.03853 ], [ -63.40747, -18.03815 ], [ -63.40845, -18.03712 ], [ -63.40884, -18.0375 ], [ -63.40788, -18.03853 ] ] ] } },
{ "type": "Feature", "properties": { "i": 423 }, "geometry": { "type": "Polygon", "coordinates": [ [ [ -63.41734, -18.03519 ], [ -63.41701, -18.03473 ], [ -63.41606, -18.03532 ], [ -63.41638, -18.03576 ], [ -63.41734, -18.03519 ] ] ] } },
{ "type": "Feature", "properties": { "i": 424 }, "geometry": { "type": "Polygon", "coordinates": [ [ [ -63.41773, -18.03571 ], [ -63.41742, -18.03527 ], [ -63.41644, -18.03584 ], [ -63.41676, -18.03627 ], [ -63.41773, -18.03571 ] ] ] } },
{ "type": "Feature", "properties": { "i": 425 }, "geometry": { "type": "Polygon", "coordinates": [ [ [ -63.42025, -18.03494 ], [ -63.41992, -18.03451 ], [ -63.41893, -18.03511 ], [ -63.41925, -18.03555 ], [ -63.41929, -18.03555 ], [ -63.42025, -18.03494 ] ] ] } },
{ "type": "Feature", "properties": { "i": 426 }, "geometry": { "type": "Polygon", "coordinates": [ [ [ -63.41628, -18.03582 ], [ -63.41594, -18.03537 ], [ -63.41501, -18.03595 ], [ -63.41515, -18.03617 ], [ -63.41534, -18.03641 ], [ -63.41628, -18.03582 ] ] ] } },
{ "type": "Feature", "properties": { "i": 427 }, "geometry": { "type": "Polygon", "coordinates": [ [ [ -63.41122, -18.03599 ], [ -63.41048, -18.03664 ], [ -63.40976, -18.03713 ], [ -63.40927, -18.03743 ], [ -63.40998, -18.03805 ], [ -63.41003, -18.03807 ], [ -63.41334, -18.03607 ], [ -63.41283, -18.03526 ], [ -63.4123, -18.03557 ], [ -63.41185, -18.03571 ], [ -63.41137, -18.03589 ], [ -63.41122, -18.03599 ] ] ] } },
{ "type": "Feature", "properties": { "i": 428 }, "geometry": { "type": "Polygon", "coordinates": [ [ [ -63.41364, -18.036 ], [ -63.41395, -18.03648 ], [ -63.41482, -18.03594 ], [ -63.41451, -18.0355 ], [ -63.41448, -18.03549 ], [ -63.41364, -18.036 ] ] ] } },
{ "type": "Feature", "properties": { "i": 429 }, "geometry": { "type": "Polygon", "coordinates": [ [ [ -63.40837, -18.03705 ], [ -63.40795, -18.03667 ], [ -63.40699, -18.03764 ], [ -63.407, -18.03772 ], [ -63.40739, -18.03808 ], [ -63.40837, -18.03705 ] ] ] } },
{ "type": "Feature", "properties": { "i": 430 }, "geometry": { "type": "Polygon", "coordinates": [ [ [ -63.4195, -18.03398 ], [ -63.41852, -18.03458 ], [ -63.41886, -18.03501 ], [ -63.41986, -18.03444 ], [ -63.4195, -18.03398 ] ] ] } },
{ "type": "Feature", "properties": { "i": 431 }, "geometry": { "type": "Polygon", "coordinates": [ [ [ -63.41493, -18.03587 ], [ -63.41587, -18.03528 ], [ -63.41558, -18.03485 ], [ -63.41554, -18.03485 ], [ -63.4146, -18.03542 ], [ -63.41493, -18.03587 ] ] ] } },
{ "type": "Feature", "properties": { "i": 432 }, "geometry": { "type": "Polygon", "coordinates": [ [ [ -63.41411, -18.03495 ], [ -63.41315, -18.03554 ], [ -63.41346, -18.03596 ], [ -63.41349, -18.03596 ], [ -63.41444, -18.0354 ], [ -63.41411, -18.03495 ] ] ] } },
{ "type": "Feature", "properties": { "i": 433 }, "geometry": { "type": "Polygon", "coordinates": [ [ [ -63.41073, -18.03624 ], [ -63.4103, -18.03659 ], [ -63.40922, -18.03731 ], [ -63.40809, -18.03627 ], [ -63.40989, -18.03494 ], [ -63.41109, -18.0359 ], [ -63.41074, -18.03623 ], [ -63.41, -18.03553 ], [ -63.41073, -18.03624 ] ] ] } },
{ "type": "Feature", "properties": { "i": 434 }, "geometry": { "type": "Polygon", "coordinates": [ [ [ -63.42064, -18.03472 ], [ -63.42004, -18.03289 ], [ -63.4192, -18.03342 ], [ -63.41986, -18.03431 ], [ -63.42035, -18.03493 ], [ -63.42064, -18.03472 ] ] ] } },
{ "type": "Feature", "properties": { "i": 435 }, "geometry": { "type": "Polygon", "coordinates": [ [ [ -63.41695, -18.03466 ], [ -63.41662, -18.0342 ], [ -63.41566, -18.03479 ], [ -63.41597, -18.03524 ], [ -63.41695, -18.03466 ] ] ] } },
{ "type": "Feature", "properties": { "i": 436 }, "geometry": { "type": "Polygon", "coordinates": [ [ [ -63.41943, -18.0339 ], [ -63.41911, -18.03345 ], [ -63.41814, -18.03405 ], [ -63.41846, -18.0345 ], [ -63.41943, -18.0339 ] ] ] } },
{ "type": "Feature", "properties": { "i": 437 }, "geometry": { "type": "Polygon", "coordinates": [ [ [ -63.41452, -18.03533 ], [ -63.41455, -18.03533 ], [ -63.4155, -18.03476 ], [ -63.41518, -18.0343 ], [ -63.41422, -18.03489 ], [ -63.41452, -18.03533 ] ] ] } },
{ "type": "Feature", "properties": { "i": 438 }, "geometry": { "type": "Polygon", "coordinates": [ [ [ -63.41406, -18.03487 ], [ -63.41389, -18.03464 ], [ -63.41386, -18.03463 ], [ -63.41292, -18.0352 ], [ -63.41309, -18.03546 ], [ -63.41406, -18.03487 ] ] ] } },
{ "type": "Feature", "properties": { "i": 439 }, "geometry": { "type": "Polygon", "coordinates": [ [ [ -63.41766, -18.03356 ], [ -63.41671, -18.03414 ], [ -63.41703, -18.03459 ], [ -63.41799, -18.034 ], [ -63.41766, -18.03356 ] ] ] } },
{ "type": "Feature", "properties": { "i": 440 }, "geometry": { "type": "Polygon", "coordinates": [ [ [ -63.41656, -18.03414 ], [ -63.41622, -18.03367 ], [ -63.41524, -18.03424 ], [ -63.41557, -18.03471 ], [ -63.41656, -18.03414 ] ] ] } },
{ "type": "Feature", "properties": { "i": 441 }, "geometry": { "type": "Polygon", "coordinates": [ [ [ -63.4123, -18.03543 ], [ -63.41273, -18.03518 ], [ -63.41273, -18.03514 ], [ -63.41241, -18.03472 ], [ -63.4118, -18.0351 ], [ -63.4121, -18.03552 ], [ -63.4123, -18.03543 ] ] ] } },
{ "type": "Feature", "properties": { "i": 442 }, "geometry": { "type": "Polygon", "coordinates": [ [ [ -63.4149, -18.03397 ], [ -63.41398, -18.03457 ], [ -63.41415, -18.03481 ], [ -63.41509, -18.03424 ], [ -63.41509, -18.03419 ], [ -63.41493, -18.03398 ], [ -63.4149, -18.03397 ] ] ] } },
{ "type": "Feature", "properties": { "i": 443 }, "geometry": { "type": "Polygon", "coordinates": [ [ [ -63.41905, -18.03336 ], [ -63.4187, -18.0329 ], [ -63.41778, -18.03353 ], [ -63.41809, -18.03395 ], [ -63.41905, -18.03336 ] ] ] } },
{ "type": "Feature", "properties": { "i": 444 }, "geometry": { "type": "Polygon", "coordinates": [ [ [ -63.41347, -18.03408 ], [ -63.41252, -18.03466 ], [ -63.41252, -18.03469 ], [ -63.41284, -18.0351 ], [ -63.41381, -18.03453 ], [ -63.41347, -18.03408 ] ] ] } },
{ "type": "Feature", "properties": { "i": 445 }, "geometry": { "type": "Polygon", "coordinates": [ [ [ -63.41157, -18.03514 ], [ -63.41122, -18.03467 ], [ -63.41199, -18.03421 ], [ -63.41202, -18.03421 ], [ -63.41236, -18.03464 ], [ -63.41157, -18.03514 ] ] ] } },
{ "type": "Feature", "properties": { "i": 446 }, "geometry": { "type": "Polygon", "coordinates": [ [ [ -63.4176, -18.03347 ], [ -63.41729, -18.03302 ], [ -63.41631, -18.03361 ], [ -63.41664, -18.03405 ], [ -63.4176, -18.03347 ] ] ] } },
{ "type": "Feature", "properties": { "i": 447 }, "geometry": { "type": "Polygon", "coordinates": [ [ [ -63.40645, -18.03804 ], [ -63.40786, -18.03656 ], [ -63.40593, -18.03435 ], [ -63.40579, -18.0344 ], [ -63.40562, -18.03458 ], [ -63.40565, -18.0347 ], [ -63.40422, -18.03579 ], [ -63.40394, -18.03608 ], [ -63.40385, -18.03646 ], [ -63.40645, -18.03804 ] ] ] } },
{ "type": "Feature", "properties": { "i": 448 }, "geometry": { "type": "Polygon", "coordinates": [ [ [ -63.41596, -18.03331 ], [ -63.41615, -18.03359 ], [ -63.41517, -18.03419 ], [ -63.41497, -18.03393 ], [ -63.41596, -18.03331 ] ] ] } },
{ "type": "Feature", "properties": { "i": 449 }, "geometry": { "type": "Polygon", "coordinates": [ [ [ -63.41246, -18.03458 ], [ -63.41343, -18.03398 ], [ -63.4131, -18.03354 ], [ -63.41211, -18.03412 ], [ -63.41236, -18.03449 ], [ -63.41246, -18.03458 ] ] ] } },
{ "type": "Feature", "properties": { "i": 450 }, "geometry": { "type": "Polygon", "coordinates": [ [ [ -63.41391, -18.0345 ], [ -63.41485, -18.03392 ], [ -63.41451, -18.03344 ], [ -63.41356, -18.03402 ], [ -63.41391, -18.0345 ] ] ] } },
{ "type": "Feature", "properties": { "i": 451 }, "geometry": { "type": "Polygon", "coordinates": [ [ [ -63.40855, -18.03448 ], [ -63.40869, -18.03431 ], [ -63.40873, -18.03421 ], [ -63.40882, -18.03414 ], [ -63.40969, -18.03499 ], [ -63.40799, -18.03621 ], [ -63.40728, -18.03551 ], [ -63.40753, -18.0354 ], [ -63.40773, -18.03526 ], [ -63.40795, -18.03507 ], [ -63.40855, -18.03448 ] ] ] } },
{ "type": "Feature", "properties": { "i": 452 }, "geometry": { "type": "Polygon", "coordinates": [ [ [ -63.41866, -18.03279 ], [ -63.41835, -18.03237 ], [ -63.41736, -18.03297 ], [ -63.41769, -18.03341 ], [ -63.41866, -18.03279 ] ] ] } },
{ "type": "Feature", "properties": { "i": 453 }, "geometry": { "type": "Polygon", "coordinates": [ [ [ -63.41722, -18.03295 ], [ -63.41705, -18.03269 ], [ -63.41607, -18.03328 ], [ -63.41625, -18.03353 ], [ -63.41722, -18.03295 ] ] ] } },
{ "type": "Feature", "properties": { "i": 454 }, "geometry": { "type": "Polygon", "coordinates": [ [ [ -63.41108, -18.03464 ], [ -63.41074, -18.03418 ], [ -63.41028, -18.03448 ], [ -63.41063, -18.0347 ], [ -63.41084, -18.03478 ], [ -63.41108, -18.03464 ] ] ] } },
{ "type": "Feature", "properties": { "i": 455 }, "geometry": { "type": "Polygon", "coordinates": [ [ [ -63.4108, -18.03416 ], [ -63.41111, -18.03459 ], [ -63.41115, -18.0346 ], [ -63.41196, -18.0341 ], [ -63.41164, -18.03366 ], [ -63.4108, -18.03416 ] ] ] } },
{ "type": "Feature", "properties": { "i": 456 }, "geometry": { "type": "Polygon", "coordinates": [ [ [ -63.41351, -18.03395 ], [ -63.41446, -18.03336 ], [ -63.41413, -18.03291 ], [ -63.41318, -18.03347 ], [ -63.41318, -18.0335 ], [ -63.41351, -18.03395 ] ] ] } },
{ "type": "Feature", "properties": { "i": 457 }, "geometry": { "type": "Polygon", "coordinates": [ [ [ -63.41828, -18.03231 ], [ -63.41808, -18.03206 ], [ -63.41743, -18.03245 ], [ -63.41709, -18.03262 ], [ -63.4173, -18.03291 ], [ -63.41828, -18.03231 ] ] ] } },
{ "type": "Feature", "properties": { "i": 458 }, "geometry": { "type": "Polygon", "coordinates": [ [ [ -63.4107, -18.03412 ], [ -63.41035, -18.03365 ], [ -63.40987, -18.03395 ], [ -63.40961, -18.03408 ], [ -63.41015, -18.03446 ], [ -63.4107, -18.03412 ] ] ] } },
{ "type": "Feature", "properties": { "i": 459 }, "geometry": { "type": "Polygon", "coordinates": [ [ [ -63.41519, -18.03228 ], [ -63.41425, -18.03283 ], [ -63.41423, -18.03287 ], [ -63.41454, -18.03331 ], [ -63.41552, -18.03273 ], [ -63.41519, -18.03228 ] ] ] } },
{ "type": "Feature", "properties": { "i": 460 }, "geometry": { "type": "Polygon", "coordinates": [ [ [ -63.41156, -18.03359 ], [ -63.41123, -18.03313 ], [ -63.41043, -18.03361 ], [ -63.41077, -18.03406 ], [ -63.41156, -18.03359 ] ] ] } },
{ "type": "Feature", "properties": { "i": 461 }, "geometry": { "type": "Polygon", "coordinates": [ [ [ -63.40792, -18.03506 ], [ -63.40865, -18.0343 ], [ -63.40868, -18.03421 ], [ -63.40867, -18.03415 ], [ -63.40859, -18.03406 ], [ -63.40861, -18.03381 ], [ -63.40854, -18.03363 ], [ -63.40837, -18.03345 ], [ -63.40836, -18.03328 ], [ -63.40843, -18.03312 ], [ -63.40846, -18.0329 ], [ -63.40833, -18.03282 ], [ -63.40813, -18.03293 ], [ -63.40791, -18.03299 ], [ -63.40783, -18.03305 ], [ -63.4066, -18.0347 ], [ -63.4066, -18.03474 ], [ -63.40727, -18.03547 ], [ -63.40738, -18.03544 ], [ -63.40756, -18.03533 ], [ -63.40792, -18.03506 ] ] ] } },
{ "type": "Feature", "properties": { "i": 462 }, "geometry": { "type": "Polygon", "coordinates": [ [ [ -63.41409, -18.03283 ], [ -63.41373, -18.03235 ], [ -63.41278, -18.03293 ], [ -63.41277, -18.03297 ], [ -63.4131, -18.03342 ], [ -63.41409, -18.03283 ] ] ] } },
{ "type": "Feature", "properties": { "i": 463 }, "geometry": { "type": "Polygon", "coordinates": [ [ [ -63.41656, -18.03207 ], [ -63.41625, -18.03165 ], [ -63.41528, -18.03222 ], [ -63.4156, -18.03266 ], [ -63.41656, -18.03207 ] ] ] } },
{ "type": "Feature", "properties": { "i": 464 }, "geometry": { "type": "Polygon", "coordinates": [ [ [ -63.41262, -18.03293 ], [ -63.4123, -18.03248 ], [ -63.41133, -18.03307 ], [ -63.41165, -18.03353 ], [ -63.41262, -18.03293 ] ] ] } },
{ "type": "Feature", "properties": { "i": 465 }, "geometry": { "type": "Polygon", "coordinates": [ [ [ -63.40188, -18.03467 ], [ -63.40164, -18.03422 ], [ -63.40076, -18.0344 ], [ -63.40089, -18.03504 ], [ -63.40183, -18.03541 ], [ -63.40264, -18.03563 ], [ -63.40278, -18.03558 ], [ -63.40333, -18.03573 ], [ -63.40343, -18.03571 ], [ -63.40351, -18.03566 ], [ -63.40356, -18.03559 ], [ -63.40361, -18.03538 ], [ -63.40356, -18.03502 ], [ -63.40344, -18.03509 ], [ -63.40345, -18.03519 ], [ -63.40342, -18.03528 ], [ -63.40334, -18.03535 ], [ -63.40325, -18.03539 ], [ -63.40317, -18.03539 ], [ -63.40312, -18.03534 ], [ -63.4028, -18.03475 ], [ -63.40285, -18.03472 ], [ -63.40319, -18.03533 ], [ -63.40341, -18.03519 ], [ -63.40285, -18.03405 ], [ -63.40265, -18.03418 ], [ -63.40239, -18.03454 ], [ -63.40231, -18.03483 ], [ -63.40212, -18.03484 ], [ -63.40188, -18.03467 ] ] ] } },
{ "type": "Feature", "properties": { "i": 466 }, "geometry": { "type": "Polygon", "coordinates": [ [ [ -63.41514, -18.03219 ], [ -63.41478, -18.03172 ], [ -63.41384, -18.03232 ], [ -63.41418, -18.03278 ], [ -63.41514, -18.03219 ] ] ] } },
{ "type": "Feature", "properties": { "i": 467 }, "geometry": { "type": "Polygon", "coordinates": [ [ [ -63.4175, -18.03233 ], [ -63.41882, -18.03153 ], [ -63.41882, -18.03148 ], [ -63.41824, -18.03109 ], [ -63.41681, -18.03024 ], [ -63.41584, -18.03097 ], [ -63.41666, -18.03206 ], [ -63.41697, -18.0319 ], [ -63.41667, -18.03207 ], [ -63.41705, -18.03257 ], [ -63.4175, -18.03233 ] ] ] } },
{ "type": "Feature", "properties": { "i": 468 }, "geometry": { "type": "Polygon", "coordinates": [ [ [ -63.41368, -18.0323 ], [ -63.41334, -18.03185 ], [ -63.41239, -18.03243 ], [ -63.41272, -18.03288 ], [ -63.41368, -18.0323 ] ] ] } },
{ "type": "Feature", "properties": { "i": 469 }, "geometry": { "type": "Polygon", "coordinates": [ [ [ -63.40388, -18.03469 ], [ -63.40344, -18.03377 ], [ -63.40294, -18.03402 ], [ -63.40341, -18.035 ], [ -63.40386, -18.03478 ], [ -63.40388, -18.03469 ] ] ] } },
{ "type": "Feature", "properties": { "i": 470 }, "geometry": { "type": "Polygon", "coordinates": [ [ [ -63.40452, -18.03451 ], [ -63.40403, -18.03349 ], [ -63.40353, -18.03373 ], [ -63.40405, -18.03484 ], [ -63.40452, -18.03451 ] ] ] } },
{ "type": "Feature", "properties": { "i": 471 }, "geometry": { "type": "Polygon", "coordinates": [ [ [ -63.41439, -18.03122 ], [ -63.41344, -18.03179 ], [ -63.41377, -18.03224 ], [ -63.41472, -18.03166 ], [ -63.41439, -18.03122 ] ] ] } },
{ "type": "Feature", "properties": { "i": 472 }, "geometry": { "type": "Polygon", "coordinates": [ [ [ -63.40465, -18.03331 ], [ -63.40429, -18.03337 ], [ -63.4041, -18.03345 ], [ -63.4046, -18.03448 ], [ -63.40487, -18.03432 ], [ -63.40494, -18.03424 ], [ -63.40499, -18.0341 ], [ -63.40498, -18.03396 ], [ -63.40493, -18.03382 ], [ -63.40465, -18.03331 ] ] ] } },
{ "type": "Feature", "properties": { "i": 473 }, "geometry": { "type": "Polygon", "coordinates": [ [ [ -63.41327, -18.03177 ], [ -63.41296, -18.0313 ], [ -63.41198, -18.03189 ], [ -63.4123, -18.03234 ], [ -63.41327, -18.03177 ] ] ] } },
{ "type": "Feature", "properties": { "i": 474 }, "geometry": { "type": "Polygon", "coordinates": [ [ [ -63.40592, -18.03255 ], [ -63.40563, -18.03342 ], [ -63.40655, -18.03457 ], [ -63.40782, -18.03283 ], [ -63.40843, -18.03246 ], [ -63.40799, -18.03185 ], [ -63.40745, -18.03233 ], [ -63.40736, -18.03225 ], [ -63.407, -18.03143 ], [ -63.40687, -18.03104 ], [ -63.40617, -18.03125 ], [ -63.40604, -18.03242 ], [ -63.40592, -18.03255 ] ] ] } },
{ "type": "Feature", "properties": { "i": 475 }, "geometry": { "type": "Polygon", "coordinates": [ [ [ -63.40537, -18.03363 ], [ -63.40438, -18.03216 ], [ -63.4043, -18.03221 ], [ -63.40423, -18.03234 ], [ -63.40422, -18.03241 ], [ -63.40424, -18.03248 ], [ -63.40504, -18.03384 ], [ -63.40506, -18.03416 ], [ -63.40501, -18.03435 ], [ -63.40492, -18.03443 ], [ -63.40459, -18.03463 ], [ -63.40459, -18.03471 ], [ -63.40548, -18.03451 ], [ -63.40537, -18.03363 ] ] ] } },
{ "type": "Feature", "properties": { "i": 476 }, "geometry": { "type": "Polygon", "coordinates": [ [ [ -63.41434, -18.03113 ], [ -63.414, -18.03072 ], [ -63.41393, -18.0307 ], [ -63.41304, -18.03126 ], [ -63.41304, -18.03128 ], [ -63.41336, -18.03172 ], [ -63.41434, -18.03113 ] ] ] } },
{ "type": "Feature", "properties": { "i": 477 }, "geometry": { "type": "Polygon", "coordinates": [ [ [ -63.41482, -18.03159 ], [ -63.4141, -18.03061 ], [ -63.41565, -18.02971 ], [ -63.41675, -18.03022 ], [ -63.41584, -18.03089 ], [ -63.41482, -18.03159 ] ] ] } },
{ "type": "Feature", "properties": { "i": 478 }, "geometry": { "type": "Polygon", "coordinates": [ [ [ -63.41278, -18.03128 ], [ -63.41323, -18.03103 ], [ -63.41277, -18.03034 ], [ -63.41232, -18.03061 ], [ -63.41255, -18.03097 ], [ -63.41278, -18.03128 ] ] ] } },
{ "type": "Feature", "properties": { "i": 479 }, "geometry": { "type": "Polygon", "coordinates": [ [ [ -63.40741, -18.03221 ], [ -63.40805, -18.03166 ], [ -63.40831, -18.0314 ], [ -63.40828, -18.03132 ], [ -63.40721, -18.03162 ], [ -63.40731, -18.03198 ], [ -63.40741, -18.03221 ] ] ] } },
{ "type": "Feature", "properties": { "i": 480 }, "geometry": { "type": "Polygon", "coordinates": [ [ [ -63.40477, -18.03224 ], [ -63.4045, -18.03174 ], [ -63.40503, -18.03138 ], [ -63.4055, -18.03225 ], [ -63.40584, -18.03198 ], [ -63.40592, -18.03207 ], [ -63.40577, -18.03226 ], [ -63.40567, -18.03299 ], [ -63.40555, -18.03331 ], [ -63.4055, -18.03334 ], [ -63.40477, -18.03224 ] ] ] } },
{ "type": "Feature", "properties": { "i": 481 }, "geometry": { "type": "Polygon", "coordinates": [ [ [ -63.40371, -18.03099 ], [ -63.40431, -18.0321 ], [ -63.40418, -18.03218 ], [ -63.40411, -18.03246 ], [ -63.40459, -18.03324 ], [ -63.40444, -18.03328 ], [ -63.40423, -18.03328 ], [ -63.40284, -18.03398 ], [ -63.40269, -18.03274 ], [ -63.40334, -18.03248 ], [ -63.40279, -18.03141 ], [ -63.40311, -18.03125 ], [ -63.40345, -18.03191 ], [ -63.40313, -18.03125 ], [ -63.40371, -18.03099 ] ] ] } },
{ "type": "Feature", "properties": { "i": 482 }, "geometry": { "type": "Polygon", "coordinates": [ [ [ -63.40887, -18.03086 ], [ -63.40873, -18.03049 ], [ -63.40817, -18.03066 ], [ -63.40839, -18.03132 ], [ -63.40887, -18.03086 ] ] ] } },
{ "type": "Feature", "properties": { "i": 483 }, "geometry": { "type": "Polygon", "coordinates": [ [ [ -63.40823, -18.03121 ], [ -63.40808, -18.03074 ], [ -63.40801, -18.03071 ], [ -63.40697, -18.03101 ], [ -63.40716, -18.03153 ], [ -63.40823, -18.03121 ] ] ] } },
{ "type": "Feature", "properties": { "i": 484 }, "geometry": { "type": "Polygon", "coordinates": [ [ [ -63.40603, -18.03133 ], [ -63.40599, -18.03124 ], [ -63.40576, -18.03119 ], [ -63.40543, -18.03122 ], [ -63.40509, -18.03133 ], [ -63.40553, -18.03212 ], [ -63.40601, -18.0318 ], [ -63.40603, -18.03133 ] ] ] } },
{ "type": "Feature", "properties": { "i": 485 }, "geometry": { "type": "Polygon", "coordinates": [ [ [ -63.41328, -18.02993 ], [ -63.41276, -18.02921 ], [ -63.41271, -18.02921 ], [ -63.41175, -18.02981 ], [ -63.41227, -18.03056 ], [ -63.41328, -18.02993 ] ] ] } },
{ "type": "Feature", "properties": { "i": 486 }, "geometry": { "type": "Polygon", "coordinates": [ [ [ -63.40641, -18.03048 ], [ -63.4067, -18.0304 ], [ -63.40686, -18.03093 ], [ -63.40653, -18.03103 ], [ -63.40654, -18.03063 ], [ -63.40652, -18.03104 ], [ -63.40613, -18.03116 ], [ -63.40622, -18.03073 ], [ -63.40641, -18.03048 ] ] ] } },
{ "type": "Feature", "properties": { "i": 487 }, "geometry": { "type": "Polygon", "coordinates": [ [ [ -63.40802, -18.03059 ], [ -63.40783, -18.03007 ], [ -63.40683, -18.03037 ], [ -63.407, -18.03089 ], [ -63.40802, -18.03059 ] ] ] } },
{ "type": "Feature", "properties": { "i": 488 }, "geometry": { "type": "Polygon", "coordinates": [ [ [ -63.40864, -18.0304 ], [ -63.40865, -18.03037 ], [ -63.40848, -18.02988 ], [ -63.40793, -18.03004 ], [ -63.40812, -18.03055 ], [ -63.40864, -18.0304 ] ] ] } },
{ "type": "Feature", "properties": { "i": 489 }, "geometry": { "type": "Polygon", "coordinates": [ [ [ -63.4045, -18.03163 ], [ -63.40499, -18.03131 ], [ -63.40449, -18.0305 ], [ -63.40446, -18.03049 ], [ -63.40399, -18.03082 ], [ -63.40397, -18.03086 ], [ -63.40445, -18.03163 ], [ -63.4045, -18.03163 ] ] ] } },
{ "type": "Feature", "properties": { "i": 490 }, "geometry": { "type": "Polygon", "coordinates": [ [ [ -63.41221, -18.02942 ], [ -63.41174, -18.02877 ], [ -63.41218, -18.02855 ], [ -63.41222, -18.02856 ], [ -63.41266, -18.02917 ], [ -63.41221, -18.02942 ] ] ] } },
{ "type": "Feature", "properties": { "i": 491 }, "geometry": { "type": "Polygon", "coordinates": [ [ [ -63.40508, -18.02913 ], [ -63.40451, -18.02938 ], [ -63.40411, -18.0296 ], [ -63.40443, -18.03019 ], [ -63.40507, -18.03127 ], [ -63.40569, -18.03112 ], [ -63.40584, -18.03113 ], [ -63.40608, -18.03013 ], [ -63.40616, -18.02988 ], [ -63.40575, -18.02888 ], [ -63.40508, -18.02913 ] ] ] } },
{ "type": "Feature", "properties": { "i": 492 }, "geometry": { "type": "Polygon", "coordinates": [ [ [ -63.40845, -18.02978 ], [ -63.40795, -18.0283 ], [ -63.40711, -18.0285 ], [ -63.40722, -18.02888 ], [ -63.40725, -18.02942 ], [ -63.4072, -18.0296 ], [ -63.40672, -18.03017 ], [ -63.40677, -18.0303 ], [ -63.40843, -18.02981 ], [ -63.40845, -18.02978 ] ] ] } },
{ "type": "Feature", "properties": { "i": 493 }, "geometry": { "type": "Polygon", "coordinates": [ [ [ -63.40445, -18.03038 ], [ -63.40405, -18.02965 ], [ -63.40349, -18.02998 ], [ -63.40393, -18.03076 ], [ -63.40445, -18.03038 ] ] ] } },
{ "type": "Feature", "properties": { "i": 494 }, "geometry": { "type": "Polygon", "coordinates": [ [ [ -63.4101, -18.02929 ], [ -63.40858, -18.02985 ], [ -63.40896, -18.03081 ], [ -63.41057, -18.02931 ], [ -63.41001, -18.02771 ], [ -63.4096, -18.02785 ], [ -63.4101, -18.02929 ] ] ] } },
{ "type": "Feature", "properties": { "i": 495 }, "geometry": { "type": "Polygon", "coordinates": [ [ [ -63.40994, -18.02926 ], [ -63.40949, -18.02788 ], [ -63.40874, -18.02807 ], [ -63.40805, -18.02829 ], [ -63.40853, -18.02976 ], [ -63.40993, -18.02929 ], [ -63.40994, -18.02926 ] ] ] } },
{ "type": "Feature", "properties": { "i": 496 }, "geometry": { "type": "Polygon", "coordinates": [ [ [ -63.40644, -18.0303 ], [ -63.4067, -18.03005 ], [ -63.40625, -18.02853 ], [ -63.40578, -18.02857 ], [ -63.40593, -18.02913 ], [ -63.40644, -18.0303 ] ] ] } },
{ "type": "Feature", "properties": { "i": 497 }, "geometry": { "type": "Polygon", "coordinates": [ [ [ -63.40715, -18.02897 ], [ -63.40701, -18.02844 ], [ -63.40631, -18.02853 ], [ -63.40647, -18.02902 ], [ -63.40668, -18.02954 ], [ -63.40686, -18.02954 ], [ -63.40706, -18.02958 ], [ -63.40715, -18.02897 ] ] ] } },
{ "type": "Feature", "properties": { "i": 498 }, "geometry": { "type": "Polygon", "coordinates": [ [ [ -63.40348, -18.02989 ], [ -63.40399, -18.02956 ], [ -63.40356, -18.02876 ], [ -63.40297, -18.02906 ], [ -63.40348, -18.02989 ] ] ] } },
{ "type": "Feature", "properties": { "i": 499 }, "geometry": { "type": "Polygon", "coordinates": [ [ [ -63.40505, -18.02909 ], [ -63.40508, -18.02897 ], [ -63.40573, -18.02878 ], [ -63.40566, -18.02857 ], [ -63.40453, -18.02871 ], [ -63.40475, -18.0292 ], [ -63.40505, -18.02909 ] ] ] } },
{ "type": "Feature", "properties": { "i": 500 }, "geometry": { "type": "Polygon", "coordinates": [ [ [ -63.40467, -18.02914 ], [ -63.40449, -18.02874 ], [ -63.40445, -18.02871 ], [ -63.4042, -18.02868 ], [ -63.40396, -18.0287 ], [ -63.40368, -18.02877 ], [ -63.40408, -18.02953 ], [ -63.40462, -18.02924 ], [ -63.40467, -18.02914 ] ] ] } },
{ "type": "Feature", "properties": { "i": 501 }, "geometry": { "type": "Polygon", "coordinates": [ [ [ -63.40248, -18.03143 ], [ -63.40164, -18.02969 ], [ -63.39747, -18.0313 ], [ -63.39682, -18.03 ], [ -63.40035, -18.02861 ], [ -63.40098, -18.02839 ], [ -63.40143, -18.0285 ], [ -63.40209, -18.0282 ], [ -63.40362, -18.03096 ], [ -63.40248, -18.03143 ] ] ] } },
{ "type": "Feature", "properties": { "i": 502 }, "geometry": { "type": "Polygon", "coordinates": [ [ [ -63.40927, -18.02773 ], [ -63.40897, -18.02735 ], [ -63.40787, -18.02765 ], [ -63.40802, -18.02809 ], [ -63.40927, -18.02773 ] ] ] } },
{ "type": "Feature", "properties": { "i": 503 }, "geometry": { "type": "Polygon", "coordinates": [ [ [ -63.40451, -18.02862 ], [ -63.40454, -18.02855 ], [ -63.40423, -18.02841 ], [ -63.4039, -18.028 ], [ -63.40369, -18.02803 ], [ -63.40334, -18.02816 ], [ -63.40361, -18.02865 ], [ -63.40366, -18.02869 ], [ -63.40399, -18.02864 ], [ -63.40451, -18.02862 ] ] ] } },
{ "type": "Feature", "properties": { "i": 504 }, "geometry": { "type": "Polygon", "coordinates": [ [ [ -63.40828, -18.02651 ], [ -63.40822, -18.02715 ], [ -63.40803, -18.02724 ], [ -63.40785, -18.02709 ], [ -63.40777, -18.0271 ], [ -63.40773, -18.02715 ], [ -63.40772, -18.0272 ], [ -63.40783, -18.02759 ], [ -63.40896, -18.02723 ], [ -63.4094, -18.02782 ], [ -63.40977, -18.02768 ], [ -63.41053, -18.02747 ], [ -63.41099, -18.02744 ], [ -63.41113, -18.02724 ], [ -63.40961, -18.0266 ], [ -63.40867, -18.02642 ], [ -63.40828, -18.02651 ] ] ] } },
{ "type": "Feature", "properties": { "i": 505 }, "geometry": { "type": "Polygon", "coordinates": [ [ [ -63.40352, -18.0287 ], [ -63.40306, -18.02787 ], [ -63.40253, -18.02815 ], [ -63.40294, -18.02897 ], [ -63.40352, -18.0287 ] ] ] } },
{ "type": "Feature", "properties": { "i": 506 }, "geometry": { "type": "Polygon", "coordinates": [ [ [ -63.40297, -18.02779 ], [ -63.40262, -18.02696 ], [ -63.402, -18.02718 ], [ -63.40245, -18.02806 ], [ -63.40249, -18.02807 ], [ -63.40297, -18.02779 ] ] ] } },
{ "type": "Feature", "properties": { "i": 507 }, "geometry": { "type": "Polygon", "coordinates": [ [ [ -63.40424, -18.02623 ], [ -63.40412, -18.02558 ], [ -63.40292, -18.02595 ], [ -63.40326, -18.02668 ], [ -63.40375, -18.02787 ], [ -63.40415, -18.0279 ], [ -63.40436, -18.02832 ], [ -63.40462, -18.02847 ], [ -63.40511, -18.02846 ], [ -63.40542, -18.02828 ], [ -63.40469, -18.02701 ], [ -63.40444, -18.02638 ], [ -63.40424, -18.02623 ] ] ] } },
{ "type": "Feature", "properties": { "i": 508 }, "geometry": { "type": "Polygon", "coordinates": [ [ [ -63.40782, -18.02648 ], [ -63.40722, -18.02649 ], [ -63.40708, -18.02639 ], [ -63.40691, -18.02595 ], [ -63.40681, -18.02584 ], [ -63.40676, -18.02563 ], [ -63.40683, -18.02549 ], [ -63.40679, -18.02512 ], [ -63.40689, -18.02478 ], [ -63.40695, -18.0247 ], [ -63.40724, -18.02487 ], [ -63.40742, -18.02501 ], [ -63.40776, -18.02533 ], [ -63.40826, -18.02537 ], [ -63.40883, -18.02551 ], [ -63.40967, -18.02581 ], [ -63.41036, -18.02619 ], [ -63.41094, -18.02614 ], [ -63.41177, -18.02708 ], [ -63.41127, -18.02724 ], [ -63.41057, -18.02688 ], [ -63.41029, -18.02676 ], [ -63.40951, -18.02645 ], [ -63.40919, -18.02638 ], [ -63.40849, -18.0263 ], [ -63.40807, -18.02644 ], [ -63.40782, -18.02648 ] ] ] } },
{ "type": "Feature", "properties": { "i": 509 }, "geometry": { "type": "Polygon", "coordinates": [ [ [ -63.40672, -18.02508 ], [ -63.40667, -18.02572 ], [ -63.40698, -18.02623 ], [ -63.40699, -18.02667 ], [ -63.40661, -18.02738 ], [ -63.40559, -18.02816 ], [ -63.40479, -18.02684 ], [ -63.4044, -18.02613 ], [ -63.40432, -18.02598 ], [ -63.40429, -18.02578 ], [ -63.4044, -18.0255 ], [ -63.40597, -18.025 ], [ -63.40651, -18.02487 ], [ -63.40669, -18.02457 ], [ -63.40679, -18.0245 ], [ -63.40691, -18.02464 ], [ -63.40679, -18.02479 ], [ -63.40672, -18.02508 ] ] ] } },
{ "type": "Feature", "properties": { "i": 510 }, "geometry": { "type": "Polygon", "coordinates": [ [ [ -63.40271, -18.02691 ], [ -63.40287, -18.02726 ], [ -63.40334, -18.02705 ], [ -63.40318, -18.02675 ], [ -63.40271, -18.02691 ] ] ] } },
{ "type": "Feature", "properties": { "i": 511 }, "geometry": { "type": "Polygon", "coordinates": [ [ [ -63.40194, -18.02709 ], [ -63.40259, -18.02687 ], [ -63.40221, -18.02622 ], [ -63.40212, -18.02616 ], [ -63.40154, -18.02638 ], [ -63.40194, -18.02709 ] ] ] } },
{ "type": "Feature", "properties": { "i": 512 }, "geometry": { "type": "Polygon", "coordinates": [ [ [ -63.40268, -18.02685 ], [ -63.40311, -18.02669 ], [ -63.40313, -18.02665 ], [ -63.40284, -18.02602 ], [ -63.4028, -18.02599 ], [ -63.40229, -18.02614 ], [ -63.40268, -18.02685 ] ] ] } },
{ "type": "Feature", "properties": { "i": 513 }, "geometry": { "type": "Polygon", "coordinates": [ [ [ -63.40211, -18.02607 ], [ -63.40159, -18.02513 ], [ -63.40096, -18.02537 ], [ -63.40148, -18.02629 ], [ -63.40211, -18.02607 ] ] ] } },
{ "type": "Feature", "properties": { "i": 514 }, "geometry": { "type": "Polygon", "coordinates": [ [ [ -63.40222, -18.02493 ], [ -63.40215, -18.02491 ], [ -63.40167, -18.0251 ], [ -63.40224, -18.02604 ], [ -63.40275, -18.02587 ], [ -63.40222, -18.02493 ] ] ] } },
{ "type": "Feature", "properties": { "i": 515 }, "geometry": { "type": "Polygon", "coordinates": [ [ [ -63.40341, -18.02569 ], [ -63.40283, -18.02462 ], [ -63.4023, -18.02484 ], [ -63.40229, -18.02486 ], [ -63.40286, -18.02587 ], [ -63.40341, -18.02569 ] ] ] } },
{ "type": "Feature", "properties": { "i": 516 }, "geometry": { "type": "Polygon", "coordinates": [ [ [ -63.40349, -18.02565 ], [ -63.40414, -18.02545 ], [ -63.40354, -18.02434 ], [ -63.40293, -18.02459 ], [ -63.40349, -18.02565 ] ] ] } },
{ "type": "Feature", "properties": { "i": 517 }, "geometry": { "type": "Polygon", "coordinates": [ [ [ -63.40472, -18.02527 ], [ -63.40474, -18.02523 ], [ -63.40421, -18.02405 ], [ -63.40363, -18.0243 ], [ -63.40424, -18.02543 ], [ -63.40472, -18.02527 ] ] ] } },
{ "type": "Feature", "properties": { "i": 518 }, "geometry": { "type": "Polygon", "coordinates": [ [ [ -63.40429, -18.024 ], [ -63.40486, -18.02523 ], [ -63.4054, -18.02508 ], [ -63.40483, -18.02378 ], [ -63.40429, -18.024 ] ] ] } },
{ "type": "Feature", "properties": { "i": 519 }, "geometry": { "type": "Polygon", "coordinates": [ [ [ -63.40553, -18.02365 ], [ -63.40541, -18.02346 ], [ -63.40534, -18.02343 ], [ -63.40488, -18.02366 ], [ -63.40551, -18.02504 ], [ -63.40605, -18.02489 ], [ -63.40553, -18.02365 ] ] ] } },
{ "type": "Feature", "properties": { "i": 520 }, "geometry": { "type": "Polygon", "coordinates": [ [ [ -63.40667, -18.02442 ], [ -63.40653, -18.02473 ], [ -63.40618, -18.02485 ], [ -63.40555, -18.02347 ], [ -63.40544, -18.02338 ], [ -63.40566, -18.02336 ], [ -63.40586, -18.02342 ], [ -63.40597, -18.02349 ], [ -63.40607, -18.02358 ], [ -63.40647, -18.02419 ], [ -63.40667, -18.02442 ] ] ] } },
{ "type": "Feature", "properties": { "i": 521 }, "geometry": { "type": "Polygon", "coordinates": [ [ [ -63.40036, -18.02843 ], [ -63.40023, -18.02819 ], [ -63.40014, -18.02792 ], [ -63.4003, -18.02648 ], [ -63.39801, -18.02257 ], [ -63.39876, -18.02216 ], [ -63.3988, -18.02217 ], [ -63.39968, -18.02386 ], [ -63.40079, -18.02576 ], [ -63.4017, -18.02751 ], [ -63.40206, -18.02816 ], [ -63.40151, -18.02841 ], [ -63.40099, -18.0283 ], [ -63.40036, -18.02843 ] ] ] } },
{ "type": "Feature", "properties": { "i": 522 }, "geometry": { "type": "Polygon", "coordinates": [ [ [ -63.40319, -18.02367 ], [ -63.40264, -18.02399 ], [ -63.40291, -18.0245 ], [ -63.4035, -18.02424 ], [ -63.40319, -18.02367 ] ] ] } },
{ "type": "Feature", "properties": { "i": 523 }, "geometry": { "type": "Polygon", "coordinates": [ [ [ -63.40091, -18.02529 ], [ -63.40217, -18.02478 ], [ -63.40158, -18.02375 ], [ -63.40152, -18.02373 ], [ -63.40093, -18.02414 ], [ -63.40051, -18.02335 ], [ -63.40002, -18.02361 ], [ -63.40001, -18.02364 ], [ -63.40091, -18.02529 ] ] ] } },
{ "type": "Feature", "properties": { "i": 524 }, "geometry": { "type": "Polygon", "coordinates": [ [ [ -63.40414, -18.02392 ], [ -63.40381, -18.02335 ], [ -63.40327, -18.02363 ], [ -63.40359, -18.02419 ], [ -63.40366, -18.02418 ], [ -63.40414, -18.02392 ] ] ] } },
{ "type": "Feature", "properties": { "i": 525 }, "geometry": { "type": "Polygon", "coordinates": [ [ [ -63.40533, -18.02327 ], [ -63.40505, -18.02273 ], [ -63.40501, -18.0227 ], [ -63.40497, -18.0227 ], [ -63.4039, -18.0233 ], [ -63.4042, -18.02386 ], [ -63.40473, -18.02363 ], [ -63.40533, -18.02327 ] ] ] } },
{ "type": "Feature", "properties": { "i": 526 }, "geometry": { "type": "Polygon", "coordinates": [ [ [ -63.40313, -18.02359 ], [ -63.4028, -18.02295 ], [ -63.40223, -18.02332 ], [ -63.40256, -18.02389 ], [ -63.40313, -18.02359 ] ] ] } },
{ "type": "Feature", "properties": { "i": 527 }, "geometry": { "type": "Polygon", "coordinates": [ [ [ -63.40375, -18.02325 ], [ -63.40337, -18.02256 ], [ -63.40288, -18.0229 ], [ -63.40322, -18.02353 ], [ -63.40375, -18.02325 ] ] ] } },
{ "type": "Feature", "properties": { "i": 528 }, "geometry": { "type": "Polygon", "coordinates": [ [ [ -63.40152, -18.0236 ], [ -63.40112, -18.02293 ], [ -63.40058, -18.02329 ], [ -63.40096, -18.02396 ], [ -63.40152, -18.0236 ] ] ] } },
{ "type": "Feature", "properties": { "i": 529 }, "geometry": { "type": "Polygon", "coordinates": [ [ [ -63.40214, -18.02339 ], [ -63.40208, -18.02335 ], [ -63.40168, -18.02363 ], [ -63.40167, -18.02366 ], [ -63.40227, -18.02473 ], [ -63.40232, -18.02475 ], [ -63.40281, -18.02453 ], [ -63.40252, -18.02399 ], [ -63.40214, -18.02339 ] ] ] } },
{ "type": "Feature", "properties": { "i": 530 }, "geometry": { "type": "Polygon", "coordinates": [ [ [ -63.40434, -18.02293 ], [ -63.40394, -18.02217 ], [ -63.40346, -18.0225 ], [ -63.40386, -18.02321 ], [ -63.40434, -18.02293 ] ] ] } },
{ "type": "Feature", "properties": { "i": 531 }, "geometry": { "type": "Polygon", "coordinates": [ [ [ -63.40476, -18.02225 ], [ -63.40425, -18.02255 ], [ -63.40443, -18.02291 ], [ -63.40491, -18.02265 ], [ -63.40494, -18.02261 ], [ -63.40494, -18.02257 ], [ -63.40476, -18.02225 ] ] ] } },
{ "type": "Feature", "properties": { "i": 532 }, "geometry": { "type": "Polygon", "coordinates": [ [ [ -63.40206, -18.02324 ], [ -63.4017, -18.0226 ], [ -63.40166, -18.0226 ], [ -63.40123, -18.02286 ], [ -63.40124, -18.02291 ], [ -63.40161, -18.02358 ], [ -63.40206, -18.0233 ], [ -63.40206, -18.02324 ] ] ] } },
{ "type": "Feature", "properties": { "i": 533 }, "geometry": { "type": "Polygon", "coordinates": [ [ [ -63.40453, -18.02181 ], [ -63.40449, -18.02181 ], [ -63.40402, -18.02211 ], [ -63.40421, -18.02246 ], [ -63.40472, -18.02218 ], [ -63.40453, -18.02181 ] ] ] } },
{ "type": "Feature", "properties": { "i": 534 }, "geometry": { "type": "Polygon", "coordinates": [ [ [ -63.40575, -18.02097 ], [ -63.40663, -18.02277 ], [ -63.40566, -18.02325 ], [ -63.40544, -18.02324 ], [ -63.40459, -18.02173 ], [ -63.40575, -18.02097 ] ] ] } },
{ "type": "Feature", "properties": { "i": 535 }, "geometry": { "type": "Polygon", "coordinates": [ [ [ -63.40263, -18.02189 ], [ -63.40174, -18.02254 ], [ -63.40213, -18.02325 ], [ -63.40305, -18.02269 ], [ -63.40307, -18.02266 ], [ -63.40263, -18.02189 ] ] ] } },
{ "type": "Feature", "properties": { "i": 536 }, "geometry": { "type": "Polygon", "coordinates": [ [ [ -63.39995, -18.02227 ], [ -63.40048, -18.02323 ], [ -63.39997, -18.02354 ], [ -63.39944, -18.02258 ], [ -63.39995, -18.02227 ] ] ] } },
{ "type": "Feature", "properties": { "i": 537 }, "geometry": { "type": "Polygon", "coordinates": [ [ [ -63.40102, -18.02287 ], [ -63.40046, -18.02191 ], [ -63.40001, -18.02223 ], [ -63.40053, -18.02319 ], [ -63.40102, -18.02287 ] ] ] } },
{ "type": "Feature", "properties": { "i": 538 }, "geometry": { "type": "Polygon", "coordinates": [ [ [ -63.40153, -18.02255 ], [ -63.40101, -18.02154 ], [ -63.40053, -18.02185 ], [ -63.40107, -18.02283 ], [ -63.40153, -18.02255 ] ] ] } },
{ "type": "Feature", "properties": { "i": 539 }, "geometry": { "type": "Polygon", "coordinates": [ [ [ -63.40205, -18.02218 ], [ -63.40158, -18.02119 ], [ -63.40113, -18.02147 ], [ -63.40112, -18.02155 ], [ -63.40162, -18.02248 ], [ -63.40205, -18.02218 ] ] ] } },
{ "type": "Feature", "properties": { "i": 540 }, "geometry": { "type": "Polygon", "coordinates": [ [ [ -63.4026, -18.02179 ], [ -63.40208, -18.02084 ], [ -63.40161, -18.02113 ], [ -63.40161, -18.02116 ], [ -63.40214, -18.02212 ], [ -63.4026, -18.02179 ] ] ] } },
{ "type": "Feature", "properties": { "i": 541 }, "geometry": { "type": "Polygon", "coordinates": [ [ [ -63.39939, -18.02138 ], [ -63.39893, -18.02168 ], [ -63.3994, -18.02251 ], [ -63.39991, -18.0222 ], [ -63.39939, -18.02138 ] ] ] } },
{ "type": "Feature", "properties": { "i": 542 }, "geometry": { "type": "Polygon", "coordinates": [ [ [ -63.40214, -18.02077 ], [ -63.40267, -18.02173 ], [ -63.40313, -18.02142 ], [ -63.4026, -18.02048 ], [ -63.40214, -18.02077 ] ] ] } },
{ "type": "Feature", "properties": { "i": 543 }, "geometry": { "type": "Polygon", "coordinates": [ [ [ -63.39947, -18.0213 ], [ -63.39996, -18.02212 ], [ -63.40041, -18.02182 ], [ -63.39993, -18.02101 ], [ -63.39947, -18.0213 ] ] ] } },
{ "type": "Feature", "properties": { "i": 544 }, "geometry": { "type": "Polygon", "coordinates": [ [ [ -63.40321, -18.02137 ], [ -63.40364, -18.02104 ], [ -63.4032, -18.02016 ], [ -63.40315, -18.02012 ], [ -63.40268, -18.02041 ], [ -63.40321, -18.02137 ] ] ] } },
{ "type": "Feature", "properties": { "i": 545 }, "geometry": { "type": "Polygon", "coordinates": [ [ [ -63.40048, -18.02176 ], [ -63.40095, -18.02145 ], [ -63.40047, -18.02063 ], [ -63.40002, -18.02095 ], [ -63.40048, -18.02176 ] ] ] } },
{ "type": "Feature", "properties": { "i": 546 }, "geometry": { "type": "Polygon", "coordinates": [ [ [ -63.40369, -18.01972 ], [ -63.40325, -18.02002 ], [ -63.40323, -18.02006 ], [ -63.40373, -18.02098 ], [ -63.40421, -18.02064 ], [ -63.40369, -18.01972 ] ] ] } },
{ "type": "Feature", "properties": { "i": 547 }, "geometry": { "type": "Polygon", "coordinates": [ [ [ -63.40471, -18.02027 ], [ -63.40423, -18.01937 ], [ -63.40377, -18.0197 ], [ -63.40425, -18.02057 ], [ -63.40471, -18.02027 ] ] ] } },
{ "type": "Feature", "properties": { "i": 548 }, "geometry": { "type": "Polygon", "coordinates": [ [ [ -63.40202, -18.02073 ], [ -63.40155, -18.0199 ], [ -63.40108, -18.02022 ], [ -63.40155, -18.02104 ], [ -63.40202, -18.02073 ] ] ] } },
{ "type": "Feature", "properties": { "i": 549 }, "geometry": { "type": "Polygon", "coordinates": [ [ [ -63.39936, -18.02128 ], [ -63.3988, -18.02019 ], [ -63.39827, -18.0202 ], [ -63.39816, -18.02025 ], [ -63.39846, -18.02078 ], [ -63.39885, -18.02157 ], [ -63.3989, -18.02159 ], [ -63.39936, -18.02128 ] ] ] } },
{ "type": "Feature", "properties": { "i": 550 }, "geometry": { "type": "Polygon", "coordinates": [ [ [ -63.40255, -18.02039 ], [ -63.40256, -18.02036 ], [ -63.40207, -18.01955 ], [ -63.40163, -18.01986 ], [ -63.40208, -18.02068 ], [ -63.40255, -18.02039 ] ] ] } },
{ "type": "Feature", "properties": { "i": 551 }, "geometry": { "type": "Polygon", "coordinates": [ [ [ -63.39945, -18.02012 ], [ -63.39888, -18.0202 ], [ -63.39943, -18.02123 ], [ -63.3999, -18.02092 ], [ -63.39945, -18.02012 ] ] ] } },
{ "type": "Feature", "properties": { "i": 552 }, "geometry": { "type": "Polygon", "coordinates": [ [ [ -63.39998, -18.02084 ], [ -63.40042, -18.02055 ], [ -63.39997, -18.01973 ], [ -63.39984, -18.01969 ], [ -63.39945, -18.01995 ], [ -63.39998, -18.02084 ] ] ] } },
{ "type": "Feature", "properties": { "i": 553 }, "geometry": { "type": "Polygon", "coordinates": [ [ [ -63.40264, -18.01918 ], [ -63.40217, -18.0195 ], [ -63.40263, -18.02034 ], [ -63.40312, -18.02001 ], [ -63.40264, -18.01918 ] ] ] } },
{ "type": "Feature", "properties": { "i": 554 }, "geometry": { "type": "Polygon", "coordinates": [ [ [ -63.40427, -18.01805 ], [ -63.40457, -18.01858 ], [ -63.40426, -18.01806 ], [ -63.40379, -18.01841 ], [ -63.40478, -18.02021 ], [ -63.40514, -18.01996 ], [ -63.40565, -18.01953 ], [ -63.40605, -18.01835 ], [ -63.40522, -18.01837 ], [ -63.40511, -18.01832 ], [ -63.40477, -18.01773 ], [ -63.40427, -18.01805 ] ] ] } },
{ "type": "Feature", "properties": { "i": 555 }, "geometry": { "type": "Polygon", "coordinates": [ [ [ -63.40363, -18.01966 ], [ -63.40317, -18.01882 ], [ -63.40271, -18.01914 ], [ -63.40319, -18.01997 ], [ -63.40363, -18.01966 ] ] ] } },
{ "type": "Feature", "properties": { "i": 556 }, "geometry": { "type": "Polygon", "coordinates": [ [ [ -63.40374, -18.01848 ], [ -63.4037, -18.01847 ], [ -63.40326, -18.01876 ], [ -63.40325, -18.01879 ], [ -63.40373, -18.01961 ], [ -63.40419, -18.0193 ], [ -63.40374, -18.01848 ] ] ] } },
{ "type": "Feature", "properties": { "i": 557 }, "geometry": { "type": "Polygon", "coordinates": [ [ [ -63.40096, -18.01887 ], [ -63.40052, -18.01919 ], [ -63.40052, -18.01921 ], [ -63.40107, -18.02015 ], [ -63.40153, -18.01984 ], [ -63.40096, -18.01887 ] ] ] } },
{ "type": "Feature", "properties": { "i": 558 }, "geometry": { "type": "Polygon", "coordinates": [ [ [ -63.40149, -18.01848 ], [ -63.40103, -18.01881 ], [ -63.40158, -18.01976 ], [ -63.40204, -18.01946 ], [ -63.40204, -18.01943 ], [ -63.40149, -18.01848 ] ] ] } },
{ "type": "Feature", "properties": { "i": 559 }, "geometry": { "type": "Polygon", "coordinates": [ [ [ -63.40258, -18.01909 ], [ -63.40208, -18.01821 ], [ -63.40157, -18.01843 ], [ -63.40211, -18.0194 ], [ -63.40258, -18.01909 ] ] ] } },
{ "type": "Feature", "properties": { "i": 560 }, "geometry": { "type": "Polygon", "coordinates": [ [ [ -63.40311, -18.01873 ], [ -63.40273, -18.01802 ], [ -63.40218, -18.01818 ], [ -63.40217, -18.0182 ], [ -63.40265, -18.01903 ], [ -63.40311, -18.01873 ] ] ] } },
{ "type": "Feature", "properties": { "i": 561 }, "geometry": { "type": "Polygon", "coordinates": [ [ [ -63.40565, -18.01794 ], [ -63.40531, -18.01737 ], [ -63.40485, -18.01768 ], [ -63.40519, -18.01826 ], [ -63.40565, -18.01794 ] ] ] } },
{ "type": "Feature", "properties": { "i": 562 }, "geometry": { "type": "Polygon", "coordinates": [ [ [ -63.40367, -18.01838 ], [ -63.40341, -18.01789 ], [ -63.40281, -18.018 ], [ -63.40319, -18.01868 ], [ -63.40367, -18.01838 ] ] ] } },
{ "type": "Feature", "properties": { "i": 563 }, "geometry": { "type": "Polygon", "coordinates": [ [ [ -63.39796, -18.02249 ], [ -63.39872, -18.02209 ], [ -63.39827, -18.02122 ], [ -63.39705, -18.01906 ], [ -63.39548, -18.01619 ], [ -63.39387, -18.01686 ], [ -63.39419, -18.01736 ], [ -63.39488, -18.01803 ], [ -63.39518, -18.01792 ], [ -63.39796, -18.02249 ] ] ] } },
{ "type": "Feature", "properties": { "i": 564 }, "geometry": { "type": "Polygon", "coordinates": [ [ [ -63.40349, -18.01785 ], [ -63.40373, -18.01834 ], [ -63.40419, -18.01801 ], [ -63.40392, -18.0175 ], [ -63.40349, -18.01785 ] ] ] } },
{ "type": "Feature", "properties": { "i": 565 }, "geometry": { "type": "Polygon", "coordinates": [ [ [ -63.40538, -18.01732 ], [ -63.4057, -18.0179 ], [ -63.40617, -18.01757 ], [ -63.40585, -18.017 ], [ -63.40538, -18.01732 ] ] ] } },
{ "type": "Feature", "properties": { "i": 566 }, "geometry": { "type": "Polygon", "coordinates": [ [ [ -63.40398, -18.01743 ], [ -63.40426, -18.01795 ], [ -63.40472, -18.01765 ], [ -63.40444, -18.01708 ], [ -63.40398, -18.01743 ] ] ] } },
{ "type": "Feature", "properties": { "i": 567 }, "geometry": { "type": "Polygon", "coordinates": [ [ [ -63.40623, -18.01749 ], [ -63.40672, -18.01714 ], [ -63.40704, -18.0167 ], [ -63.40674, -18.01661 ], [ -63.40645, -18.0166 ], [ -63.4059, -18.01697 ], [ -63.40623, -18.01749 ] ] ] } },
{ "type": "Feature", "properties": { "i": 568 }, "geometry": { "type": "Polygon", "coordinates": [ [ [ -63.39926, -18.01717 ], [ -63.3995, -18.01768 ], [ -63.39926, -18.01784 ], [ -63.39731, -18.01871 ], [ -63.39809, -18.02016 ], [ -63.39836, -18.02013 ], [ -63.39843, -18.02009 ], [ -63.39854, -18.01997 ], [ -63.39868, -18.01989 ], [ -63.39869, -18.01993 ], [ -63.39855, -18.02 ], [ -63.39843, -18.02015 ], [ -63.39903, -18.02013 ], [ -63.3994, -18.0199 ], [ -63.39976, -18.01962 ], [ -63.40015, -18.01944 ], [ -63.401, -18.01879 ], [ -63.40067, -18.01829 ], [ -63.40052, -18.01802 ], [ -63.40137, -18.01754 ], [ -63.40142, -18.01736 ], [ -63.40116, -18.01691 ], [ -63.40115, -18.01685 ], [ -63.40099, -18.01654 ], [ -63.4004, -18.01675 ], [ -63.3999, -18.01692 ], [ -63.39926, -18.01717 ] ], [ [ -63.40083, -18.01756 ], [ -63.4007, -18.01735 ], [ -63.4004, -18.01675 ], [ -63.40083, -18.01756 ] ], [ [ -63.4002, -18.01749 ], [ -63.40031, -18.0177 ], [ -63.3999, -18.01692 ], [ -63.4002, -18.01749 ] ] ] } },
{ "type": "Feature", "properties": { "i": 569 }, "geometry": { "type": "Polygon", "coordinates": [ [ [ -63.40527, -18.01728 ], [ -63.405, -18.01672 ], [ -63.40452, -18.01703 ], [ -63.40452, -18.01708 ], [ -63.40481, -18.01758 ], [ -63.40527, -18.01728 ] ] ] } },
{ "type": "Feature", "properties": { "i": 570 }, "geometry": { "type": "Polygon", "coordinates": [ [ [ -63.40581, -18.01692 ], [ -63.4055, -18.01636 ], [ -63.40503, -18.01668 ], [ -63.40536, -18.01723 ], [ -63.40581, -18.01692 ] ] ] } },
{ "type": "Feature", "properties": { "i": 571 }, "geometry": { "type": "Polygon", "coordinates": [ [ [ -63.40606, -18.016 ], [ -63.40558, -18.0163 ], [ -63.4059, -18.01686 ], [ -63.40634, -18.01656 ], [ -63.40634, -18.01651 ], [ -63.40606, -18.016 ] ] ] } },
{ "type": "Feature", "properties": { "i": 572 }, "geometry": { "type": "Polygon", "coordinates": [ [ [ -63.39726, -18.0186 ], [ -63.39815, -18.01821 ], [ -63.3979, -18.01778 ], [ -63.39701, -18.01818 ], [ -63.39726, -18.0186 ] ] ] } },
{ "type": "Feature", "properties": { "i": 573 }, "geometry": { "type": "Polygon", "coordinates": [ [ [ -63.3992, -18.01723 ], [ -63.39799, -18.01775 ], [ -63.39826, -18.01817 ], [ -63.39936, -18.01768 ], [ -63.39938, -18.01765 ], [ -63.3992, -18.01723 ] ] ] } },
{ "type": "Feature", "properties": { "i": 574 }, "geometry": { "type": "Polygon", "coordinates": [ [ [ -63.40279, -18.01674 ], [ -63.4024, -18.0161 ], [ -63.40126, -18.01647 ], [ -63.40172, -18.01734 ], [ -63.40279, -18.01674 ] ] ] } },
{ "type": "Feature", "properties": { "i": 575 }, "geometry": { "type": "Polygon", "coordinates": [ [ [ -63.40286, -18.01672 ], [ -63.40324, -18.01652 ], [ -63.40295, -18.01587 ], [ -63.40244, -18.01609 ], [ -63.40286, -18.01672 ] ] ] } },
{ "type": "Feature", "properties": { "i": 576 }, "geometry": { "type": "Polygon", "coordinates": [ [ [ -63.40332, -18.01648 ], [ -63.4038, -18.01623 ], [ -63.40352, -18.01562 ], [ -63.40303, -18.01584 ], [ -63.40332, -18.01648 ] ] ] } },
{ "type": "Feature", "properties": { "i": 577 }, "geometry": { "type": "Polygon", "coordinates": [ [ [ -63.40387, -18.01617 ], [ -63.40437, -18.01591 ], [ -63.40411, -18.01536 ], [ -63.40361, -18.01559 ], [ -63.40387, -18.01617 ] ] ] } },
{ "type": "Feature", "properties": { "i": 578 }, "geometry": { "type": "Polygon", "coordinates": [ [ [ -63.40492, -18.01556 ], [ -63.4047, -18.0151 ], [ -63.40418, -18.01531 ], [ -63.40445, -18.01585 ], [ -63.40492, -18.01556 ] ] ] } },
{ "type": "Feature", "properties": { "i": 579 }, "geometry": { "type": "Polygon", "coordinates": [ [ [ -63.39867, -18.01692 ], [ -63.39885, -18.01725 ], [ -63.39953, -18.01696 ], [ -63.39977, -18.01688 ], [ -63.39961, -18.0165 ], [ -63.39978, -18.01687 ], [ -63.40044, -18.01664 ], [ -63.40006, -18.01579 ], [ -63.39953, -18.01599 ], [ -63.39863, -18.01613 ], [ -63.39835, -18.01622 ], [ -63.39639, -18.01702 ], [ -63.39696, -18.01808 ], [ -63.39877, -18.01729 ], [ -63.3986, -18.01695 ], [ -63.39855, -18.01694 ], [ -63.39796, -18.0172 ], [ -63.39793, -18.01713 ], [ -63.39852, -18.01687 ], [ -63.39861, -18.01687 ], [ -63.39867, -18.01692 ] ] ] } },
{ "type": "Feature", "properties": { "i": 580 }, "geometry": { "type": "Polygon", "coordinates": [ [ [ -63.40529, -18.01481 ], [ -63.40479, -18.01506 ], [ -63.405, -18.01553 ], [ -63.40549, -18.01523 ], [ -63.40529, -18.01481 ] ] ] } },
{ "type": "Feature", "properties": { "i": 581 }, "geometry": { "type": "Polygon", "coordinates": [ [ [ -63.40016, -18.01578 ], [ -63.40052, -18.01661 ], [ -63.40107, -18.01643 ], [ -63.40067, -18.01557 ], [ -63.40017, -18.01576 ], [ -63.40016, -18.01578 ] ] ] } },
{ "type": "Feature", "properties": { "i": 582 }, "geometry": { "type": "Polygon", "coordinates": [ [ [ -63.40556, -18.01515 ], [ -63.40603, -18.01485 ], [ -63.40587, -18.01453 ], [ -63.40536, -18.0148 ], [ -63.40556, -18.01515 ] ] ] } },
{ "type": "Feature", "properties": { "i": 583 }, "geometry": { "type": "Polygon", "coordinates": [ [ [ -63.40592, -18.01437 ], [ -63.4059, -18.01447 ], [ -63.40609, -18.0148 ], [ -63.40731, -18.01402 ], [ -63.40705, -18.01373 ], [ -63.40592, -18.01437 ] ] ] } },
{ "type": "Feature", "properties": { "i": 584 }, "geometry": { "type": "Polygon", "coordinates": [ [ [ -63.40114, -18.01505 ], [ -63.40055, -18.01515 ], [ -63.40114, -18.01639 ], [ -63.40117, -18.0164 ], [ -63.40167, -18.01623 ], [ -63.40167, -18.0162 ], [ -63.40114, -18.01505 ] ] ] } },
{ "type": "Feature", "properties": { "i": 585 }, "geometry": { "type": "Polygon", "coordinates": [ [ [ -63.40176, -18.0162 ], [ -63.4023, -18.01602 ], [ -63.40178, -18.0149 ], [ -63.40124, -18.01504 ], [ -63.40176, -18.0162 ] ] ] } },
{ "type": "Feature", "properties": { "i": 586 }, "geometry": { "type": "Polygon", "coordinates": [ [ [ -63.4029, -18.01579 ], [ -63.40246, -18.0148 ], [ -63.40242, -18.01478 ], [ -63.40187, -18.0149 ], [ -63.40239, -18.016 ], [ -63.4029, -18.01579 ] ] ] } },
{ "type": "Feature", "properties": { "i": 587 }, "geometry": { "type": "Polygon", "coordinates": [ [ [ -63.40305, -18.01464 ], [ -63.40249, -18.01474 ], [ -63.40298, -18.01573 ], [ -63.40347, -18.01553 ], [ -63.40308, -18.01465 ], [ -63.40305, -18.01464 ] ] ] } },
{ "type": "Feature", "properties": { "i": 588 }, "geometry": { "type": "Polygon", "coordinates": [ [ [ -63.40405, -18.01525 ], [ -63.40357, -18.01551 ], [ -63.40317, -18.01462 ], [ -63.40372, -18.0145 ], [ -63.40405, -18.01525 ] ] ] } },
{ "type": "Feature", "properties": { "i": 589 }, "geometry": { "type": "Polygon", "coordinates": [ [ [ -63.40414, -18.01521 ], [ -63.40381, -18.01449 ], [ -63.40432, -18.01435 ], [ -63.40438, -18.01437 ], [ -63.40465, -18.01499 ], [ -63.40414, -18.01521 ] ] ] } },
{ "type": "Feature", "properties": { "i": 590 }, "geometry": { "type": "Polygon", "coordinates": [ [ [ -63.40476, -18.01495 ], [ -63.40524, -18.0147 ], [ -63.40504, -18.01419 ], [ -63.40445, -18.01433 ], [ -63.40476, -18.01495 ] ] ] } },
{ "type": "Feature", "properties": { "i": 591 }, "geometry": { "type": "Polygon", "coordinates": [ [ [ -63.40512, -18.01422 ], [ -63.40532, -18.01466 ], [ -63.40582, -18.01443 ], [ -63.40567, -18.01409 ], [ -63.40512, -18.01422 ] ] ] } },
{ "type": "Feature", "properties": { "i": 592 }, "geometry": { "type": "Polygon", "coordinates": [ [ [ -63.40612, -18.01241 ], [ -63.40541, -18.01275 ], [ -63.40519, -18.01282 ], [ -63.40556, -18.01363 ], [ -63.40583, -18.01429 ], [ -63.40587, -18.0143 ], [ -63.407, -18.01366 ], [ -63.40663, -18.01334 ], [ -63.40652, -18.01319 ], [ -63.40634, -18.01251 ], [ -63.40618, -18.01252 ], [ -63.40612, -18.01241 ] ] ] } },
{ "type": "Feature", "properties": { "i": 593 }, "geometry": { "type": "GeometryCollection", "geometries": [ { "type": "Polygon", "coordinates": [ [ [ -63.39675, -18.01405 ], [ -63.39693, -18.01458 ], [ -63.39674, -18.01405 ], [ -63.39618, -18.01415 ], [ -63.39485, -18.01424 ], [ -63.39606, -18.01644 ], [ -63.39607, -18.01645 ], [ -63.39635, -18.01697 ], [ -63.39862, -18.01607 ], [ -63.39952, -18.01592 ], [ -63.40062, -18.0155 ], [ -63.39993, -18.01396 ], [ -63.39989, -18.01395 ], [ -63.39901, -18.01418 ], [ -63.39876, -18.01362 ], [ -63.39819, -18.01378 ], [ -63.39753, -18.01392 ], [ -63.39675, -18.01405 ] ], [ [ -63.39835, -18.01416 ], [ -63.39834, -18.01416 ], [ -63.39819, -18.01378 ], [ -63.39835, -18.01416 ] ], [ [ -63.39637, -18.01634 ], [ -63.39644, -18.01638 ], [ -63.39632, -18.01635 ], [ -63.39637, -18.01634 ] ] ] }, { "type": "MultiLineString", "coordinates": [ [ [ -63.39607, -18.01645 ], [ -63.39632, -18.01635 ] ], [ [ -63.39753, -18.01392 ], [ -63.39772, -18.01435 ] ] ] } ] } },
{ "type": "Feature", "properties": { "i": 594 }, "geometry": { "type": "Polygon", "coordinates": [ [ [ -63.40316, -18.01333 ], [ -63.40261, -18.01343 ], [ -63.40313, -18.01455 ], [ -63.40367, -18.0144 ], [ -63.4032, -18.01335 ], [ -63.40316, -18.01333 ] ] ] } },
{ "type": "Feature", "properties": { "i": 595 }, "geometry": { "type": "Polygon", "coordinates": [ [ [ -63.40305, -18.01455 ], [ -63.40253, -18.01345 ], [ -63.40201, -18.01356 ], [ -63.40199, -18.01359 ], [ -63.40245, -18.01467 ], [ -63.40305, -18.01455 ] ] ] } },
{ "type": "Feature", "properties": { "i": 596 }, "geometry": { "type": "Polygon", "coordinates": [ [ [ -63.40182, -18.0148 ], [ -63.40239, -18.01468 ], [ -63.40189, -18.0136 ], [ -63.40134, -18.0137 ], [ -63.40182, -18.0148 ] ] ] } },
{ "type": "Feature", "properties": { "i": 597 }, "geometry": { "type": "Polygon", "coordinates": [ [ [ -63.40562, -18.01401 ], [ -63.40509, -18.01283 ], [ -63.40454, -18.01297 ], [ -63.40506, -18.0141 ], [ -63.40562, -18.01401 ] ] ] } },
{ "type": "Feature", "properties": { "i": 598 }, "geometry": { "type": "Polygon", "coordinates": [ [ [ -63.40382, -18.01318 ], [ -63.40329, -18.01328 ], [ -63.40379, -18.0144 ], [ -63.40433, -18.01426 ], [ -63.40382, -18.01318 ] ] ] } },
{ "type": "Feature", "properties": { "i": 599 }, "geometry": { "type": "Polygon", "coordinates": [ [ [ -63.40174, -18.01482 ], [ -63.40124, -18.01374 ], [ -63.40121, -18.01371 ], [ -63.40067, -18.01384 ], [ -63.40116, -18.01493 ], [ -63.40174, -18.01482 ] ] ] } },
{ "type": "Feature", "properties": { "i": 600 }, "geometry": { "type": "Polygon", "coordinates": [ [ [ -63.40058, -18.01387 ], [ -63.40004, -18.01397 ], [ -63.40051, -18.01506 ], [ -63.40054, -18.01507 ], [ -63.40109, -18.01494 ], [ -63.40058, -18.01387 ] ] ] } },
{ "type": "Feature", "properties": { "i": 601 }, "geometry": { "type": "Polygon", "coordinates": [ [ [ -63.40498, -18.01411 ], [ -63.40447, -18.01301 ], [ -63.40393, -18.01315 ], [ -63.40443, -18.01424 ], [ -63.40498, -18.01411 ] ] ] } },
{ "type": "Feature", "properties": { "i": 602 }, "geometry": { "type": "Polygon", "coordinates": [ [ [ -63.39383, -18.01677 ], [ -63.39278, -18.01454 ], [ -63.39317, -18.01444 ], [ -63.39366, -18.01441 ], [ -63.39441, -18.01424 ], [ -63.39542, -18.01613 ], [ -63.39383, -18.01677 ] ] ] } },
{ "type": "Feature", "properties": { "i": 603 }, "geometry": { "type": "Polygon", "coordinates": [ [ [ -63.40098, -18.01295 ], [ -63.40129, -18.01362 ], [ -63.40186, -18.0135 ], [ -63.4015, -18.0128 ], [ -63.40098, -18.01295 ] ] ] } },
{ "type": "Feature", "properties": { "i": 604 }, "geometry": { "type": "Polygon", "coordinates": [ [ [ -63.40089, -18.01299 ], [ -63.40035, -18.01312 ], [ -63.40062, -18.01374 ], [ -63.40118, -18.01362 ], [ -63.40089, -18.01299 ] ] ] } },
{ "type": "Feature", "properties": { "i": 605 }, "geometry": { "type": "Polygon", "coordinates": [ [ [ -63.39942, -18.01296 ], [ -63.39928, -18.01294 ], [ -63.39918, -18.01297 ], [ -63.39879, -18.01344 ], [ -63.39906, -18.01405 ], [ -63.39986, -18.01384 ], [ -63.39948, -18.01301 ], [ -63.39942, -18.01296 ] ] ] } },
{ "type": "Feature", "properties": { "i": 606 }, "geometry": { "type": "Polygon", "coordinates": [ [ [ -63.40247, -18.01337 ], [ -63.40234, -18.01306 ], [ -63.40248, -18.01336 ], [ -63.40313, -18.01323 ], [ -63.40295, -18.01278 ], [ -63.40332, -18.01268 ], [ -63.40321, -18.01234 ], [ -63.40294, -18.01244 ], [ -63.40163, -18.01278 ], [ -63.40162, -18.01282 ], [ -63.40195, -18.0135 ], [ -63.40247, -18.01337 ] ] ] } },
{ "type": "Feature", "properties": { "i": 607 }, "geometry": { "type": "Polygon", "coordinates": [ [ [ -63.40341, -18.01262 ], [ -63.40366, -18.01263 ], [ -63.40369, -18.01265 ], [ -63.40389, -18.01307 ], [ -63.4044, -18.01291 ], [ -63.40405, -18.01247 ], [ -63.4039, -18.01203 ], [ -63.40332, -18.01229 ], [ -63.40331, -18.01231 ], [ -63.40341, -18.01262 ] ] ] } },
{ "type": "Feature", "properties": { "i": 608 }, "geometry": { "type": "Polygon", "coordinates": [ [ [ -63.39999, -18.01386 ], [ -63.40054, -18.01377 ], [ -63.40055, -18.01375 ], [ -63.40026, -18.01313 ], [ -63.39959, -18.01303 ], [ -63.39999, -18.01386 ] ] ] } },
{ "type": "Feature", "properties": { "i": 609 }, "geometry": { "type": "Polygon", "coordinates": [ [ [ -63.40504, -18.01273 ], [ -63.40464, -18.01216 ], [ -63.40433, -18.01153 ], [ -63.40397, -18.01195 ], [ -63.40413, -18.01243 ], [ -63.40452, -18.01288 ], [ -63.40504, -18.01273 ] ] ] } },
{ "type": "Feature", "properties": { "i": 610 }, "geometry": { "type": "Polygon", "coordinates": [ [ [ -63.39746, -18.01383 ], [ -63.39801, -18.0137 ], [ -63.39786, -18.0132 ], [ -63.39782, -18.01319 ], [ -63.39732, -18.01332 ], [ -63.39746, -18.01383 ] ] ] } },
{ "type": "Feature", "properties": { "i": 611 }, "geometry": { "type": "Polygon", "coordinates": [ [ [ -63.4058, -18.0117 ], [ -63.40529, -18.01076 ], [ -63.40526, -18.01074 ], [ -63.40493, -18.01104 ], [ -63.40441, -18.01145 ], [ -63.40476, -18.01219 ], [ -63.40514, -18.01273 ], [ -63.40553, -18.01261 ], [ -63.40606, -18.01236 ], [ -63.40607, -18.01231 ], [ -63.4058, -18.0117 ] ] ] } },
{ "type": "Feature", "properties": { "i": 612 }, "geometry": { "type": "Polygon", "coordinates": [ [ [ -63.39401, -18.01279 ], [ -63.39466, -18.01388 ], [ -63.3948, -18.01416 ], [ -63.3956, -18.01412 ], [ -63.39611, -18.01406 ], [ -63.39738, -18.01383 ], [ -63.39723, -18.01332 ], [ -63.39682, -18.01339 ], [ -63.39681, -18.0133 ], [ -63.39718, -18.01323 ], [ -63.39702, -18.01273 ], [ -63.39663, -18.0128 ], [ -63.39655, -18.01251 ], [ -63.39665, -18.0125 ], [ -63.39672, -18.01268 ], [ -63.39718, -18.01261 ], [ -63.39717, -18.01269 ], [ -63.39711, -18.0127 ], [ -63.39725, -18.01324 ], [ -63.39778, -18.01311 ], [ -63.39777, -18.01306 ], [ -63.3978, -18.01305 ], [ -63.39775, -18.01285 ], [ -63.39783, -18.01283 ], [ -63.39811, -18.0137 ], [ -63.39841, -18.01364 ], [ -63.39858, -18.01357 ], [ -63.39869, -18.01348 ], [ -63.39913, -18.01292 ], [ -63.39926, -18.01288 ], [ -63.40029, -18.01304 ], [ -63.40051, -18.01299 ], [ -63.39995, -18.01148 ], [ -63.39863, -18.01193 ], [ -63.39796, -18.01219 ], [ -63.39684, -18.0125 ], [ -63.39654, -18.01151 ], [ -63.39614, -18.01168 ], [ -63.39583, -18.01186 ], [ -63.39603, -18.01254 ], [ -63.39582, -18.01187 ], [ -63.3952, -18.01218 ], [ -63.39542, -18.01254 ], [ -63.39519, -18.01219 ], [ -63.39478, -18.01239 ], [ -63.39401, -18.01279 ] ], [ [ -63.3949, -18.01265 ], [ -63.39516, -18.01299 ], [ -63.3949, -18.01266 ], [ -63.39478, -18.01239 ], [ -63.3949, -18.01265 ] ] ] } },
{ "type": "Feature", "properties": { "i": 613 }, "geometry": { "type": "Polygon", "coordinates": [ [ [ -63.40504, -18.01083 ], [ -63.40476, -18.0103 ], [ -63.40425, -18.01038 ], [ -63.40442, -18.01129 ], [ -63.40504, -18.01083 ] ] ] } },
{ "type": "Feature", "properties": { "i": 614 }, "geometry": { "type": "Polygon", "coordinates": [ [ [ -63.40196, -18.00982 ], [ -63.40227, -18.01025 ], [ -63.40195, -18.00982 ], [ -63.40124, -18.00996 ], [ -63.40171, -18.011 ], [ -63.39997, -18.01146 ], [ -63.40055, -18.01296 ], [ -63.4013, -18.01276 ], [ -63.40135, -18.01278 ], [ -63.40289, -18.01235 ], [ -63.40368, -18.01202 ], [ -63.40392, -18.0119 ], [ -63.40432, -18.01141 ], [ -63.40426, -18.01105 ], [ -63.40361, -18.01114 ], [ -63.40355, -18.0111 ], [ -63.40346, -18.01052 ], [ -63.403, -18.0106 ], [ -63.40275, -18.0105 ], [ -63.40257, -18.01012 ], [ -63.40257, -18.00984 ], [ -63.40249, -18.00972 ], [ -63.40196, -18.00982 ] ] ] } },
{ "type": "Feature", "properties": { "i": 615 }, "geometry": { "type": "Polygon", "coordinates": [ [ [ -63.3919, -18.01309 ], [ -63.39131, -18.01315 ], [ -63.39082, -18.01274 ], [ -63.39048, -18.01305 ], [ -63.39015, -18.01371 ], [ -63.39002, -18.01392 ], [ -63.3899, -18.01441 ], [ -63.38989, -18.01468 ], [ -63.39205, -18.01455 ], [ -63.3919, -18.01309 ] ] ] } },
{ "type": "Feature", "properties": { "i": 616 }, "geometry": { "type": "Polygon", "coordinates": [ [ [ -63.40423, -18.01095 ], [ -63.40415, -18.0104 ], [ -63.40356, -18.0105 ], [ -63.40365, -18.01104 ], [ -63.40423, -18.01095 ] ] ] } },
{ "type": "Feature", "properties": { "i": 617 }, "geometry": { "type": "Polygon", "coordinates": [ [ [ -63.39433, -18.01417 ], [ -63.39347, -18.01242 ], [ -63.39258, -18.01283 ], [ -63.39271, -18.01323 ], [ -63.39266, -18.01325 ], [ -63.39205, -18.01146 ], [ -63.39188, -18.0115 ], [ -63.39084, -18.01272 ], [ -63.39132, -18.01312 ], [ -63.3922, -18.01303 ], [ -63.39256, -18.01448 ], [ -63.39433, -18.01417 ] ] ] } },
{ "type": "Feature", "properties": { "i": 618 }, "geometry": { "type": "Polygon", "coordinates": [ [ [ -63.40059, -18.0102 ], [ -63.4004, -18.01002 ], [ -63.40007, -18.0101 ], [ -63.4007, -18.01097 ], [ -63.40084, -18.01094 ], [ -63.40059, -18.0102 ] ] ] } },
{ "type": "Feature", "properties": { "i": 619 }, "geometry": { "type": "Polygon", "coordinates": [ [ [ -63.39398, -18.01268 ], [ -63.3946, -18.01239 ], [ -63.3951, -18.01212 ], [ -63.39483, -18.01167 ], [ -63.39372, -18.01222 ], [ -63.39398, -18.01268 ] ] ] } },
{ "type": "Feature", "properties": { "i": 620 }, "geometry": { "type": "Polygon", "coordinates": [ [ [ -63.40422, -18.01029 ], [ -63.40407, -18.00946 ], [ -63.40428, -18.00941 ], [ -63.40471, -18.01022 ], [ -63.40422, -18.01029 ] ] ] } },
{ "type": "Feature", "properties": { "i": 621 }, "geometry": { "type": "Polygon", "coordinates": [ [ [ -63.40355, -18.01036 ], [ -63.40343, -18.0096 ], [ -63.404, -18.0095 ], [ -63.40411, -18.0103 ], [ -63.4036, -18.01039 ], [ -63.40355, -18.01036 ] ] ] } },
{ "type": "Feature", "properties": { "i": 622 }, "geometry": { "type": "Polygon", "coordinates": [ [ [ -63.40152, -18.01099 ], [ -63.4012, -18.01011 ], [ -63.40115, -18.01008 ], [ -63.40067, -18.01019 ], [ -63.40104, -18.01112 ], [ -63.40152, -18.01099 ] ] ] } },
{ "type": "Feature", "properties": { "i": 623 }, "geometry": { "type": "Polygon", "coordinates": [ [ [ -63.40283, -18.01048 ], [ -63.40343, -18.01041 ], [ -63.40344, -18.01038 ], [ -63.40333, -18.00964 ], [ -63.40264, -18.0097 ], [ -63.40265, -18.01009 ], [ -63.40283, -18.01048 ] ] ] } },
{ "type": "Feature", "properties": { "i": 624 }, "geometry": { "type": "Polygon", "coordinates": [ [ [ -63.39618, -18.01162 ], [ -63.39593, -18.01086 ], [ -63.39724, -18.01051 ], [ -63.39748, -18.01115 ], [ -63.39789, -18.01212 ], [ -63.39691, -18.01235 ], [ -63.39663, -18.01149 ], [ -63.39653, -18.01148 ], [ -63.39618, -18.01162 ] ] ] } },
{ "type": "Feature", "properties": { "i": 625 }, "geometry": { "type": "Polygon", "coordinates": [ [ [ -63.39234, -18.01142 ], [ -63.3921, -18.01145 ], [ -63.39257, -18.01274 ], [ -63.39338, -18.01239 ], [ -63.3928, -18.01132 ], [ -63.39234, -18.01142 ] ] ] } },
{ "type": "Feature", "properties": { "i": 626 }, "geometry": { "type": "Polygon", "coordinates": [ [ [ -63.39611, -18.01163 ], [ -63.39581, -18.01078 ], [ -63.39579, -18.01077 ], [ -63.39543, -18.01087 ], [ -63.39521, -18.01097 ], [ -63.39469, -18.01126 ], [ -63.39517, -18.01209 ], [ -63.39611, -18.01163 ] ] ] } },
{ "type": "Feature", "properties": { "i": 627 }, "geometry": { "type": "Polygon", "coordinates": [ [ [ -63.39452, -18.01111 ], [ -63.39376, -18.01096 ], [ -63.39314, -18.01115 ], [ -63.39368, -18.01211 ], [ -63.39475, -18.01159 ], [ -63.39476, -18.01155 ], [ -63.39452, -18.01111 ] ] ] } },
{ "type": "Feature", "properties": { "i": 628 }, "geometry": { "type": "Polygon", "coordinates": [ [ [ -63.40167, -18.00974 ], [ -63.40125, -18.00875 ], [ -63.40059, -18.00892 ], [ -63.40057, -18.00894 ], [ -63.40057, -18.00898 ], [ -63.40081, -18.00941 ], [ -63.4009, -18.00969 ], [ -63.40066, -18.00974 ], [ -63.40051, -18.00938 ], [ -63.40067, -18.00936 ], [ -63.40046, -18.00897 ], [ -63.40041, -18.00896 ], [ -63.39992, -18.00907 ], [ -63.3999, -18.00912 ], [ -63.40033, -18.00992 ], [ -63.40046, -18.00994 ], [ -63.40167, -18.00974 ] ] ] } },
{ "type": "Feature", "properties": { "i": 629 }, "geometry": { "type": "Polygon", "coordinates": [ [ [ -63.39956, -18.00998 ], [ -63.39913, -18.00919 ], [ -63.39902, -18.00916 ], [ -63.39859, -18.00924 ], [ -63.39903, -18.01006 ], [ -63.39908, -18.01008 ], [ -63.39954, -18.01002 ], [ -63.39956, -18.00998 ] ] ] } },
{ "type": "Feature", "properties": { "i": 630 }, "geometry": { "type": "Polygon", "coordinates": [ [ [ -63.39186, -18.01144 ], [ -63.39278, -18.01114 ], [ -63.39279, -18.0111 ], [ -63.39258, -18.0107 ], [ -63.39254, -18.0107 ], [ -63.39222, -18.01089 ], [ -63.39162, -18.01107 ], [ -63.39114, -18.01127 ], [ -63.3912, -18.01145 ], [ -63.39158, -18.01162 ], [ -63.39186, -18.01144 ] ] ] } },
{ "type": "Feature", "properties": { "i": 631 }, "geometry": { "type": "Polygon", "coordinates": [ [ [ -63.40499, -18.00884 ], [ -63.40475, -18.00843 ], [ -63.40448, -18.00857 ], [ -63.40447, -18.00855 ], [ -63.40473, -18.00841 ], [ -63.40461, -18.00816 ], [ -63.40445, -18.0077 ], [ -63.40429, -18.00736 ], [ -63.4037, -18.00761 ], [ -63.40275, -18.0078 ], [ -63.40249, -18.00788 ], [ -63.40246, -18.00854 ], [ -63.40183, -18.00864 ], [ -63.40222, -18.00963 ], [ -63.40333, -18.00955 ], [ -63.4041, -18.00932 ], [ -63.40483, -18.00918 ], [ -63.40495, -18.00913 ], [ -63.405, -18.00904 ], [ -63.40502, -18.00898 ], [ -63.40499, -18.00884 ] ] ] } },
{ "type": "Feature", "properties": { "i": 632 }, "geometry": { "type": "Polygon", "coordinates": [ [ [ -63.40024, -18.00994 ], [ -63.39978, -18.0091 ], [ -63.3992, -18.00916 ], [ -63.39965, -18.00997 ], [ -63.3997, -18.00999 ], [ -63.40024, -18.00994 ] ] ] } },
{ "type": "Feature", "properties": { "i": 633 }, "geometry": { "type": "Polygon", "coordinates": [ [ [ -63.39441, -18.01079 ], [ -63.394, -18.01007 ], [ -63.39283, -18.01038 ], [ -63.39317, -18.01104 ], [ -63.39441, -18.01079 ] ] ] } },
{ "type": "Feature", "properties": { "i": 634 }, "geometry": { "type": "Polygon", "coordinates": [ [ [ -63.39537, -18.01043 ], [ -63.39487, -18.00947 ], [ -63.39396, -18.00981 ], [ -63.3945, -18.01081 ], [ -63.39537, -18.01043 ] ] ] } },
{ "type": "Feature", "properties": { "i": 635 }, "geometry": { "type": "Polygon", "coordinates": [ [ [ -63.39534, -18.00929 ], [ -63.39496, -18.00944 ], [ -63.39553, -18.01051 ], [ -63.39592, -18.01036 ], [ -63.39534, -18.00929 ] ] ] } },
{ "type": "Feature", "properties": { "i": 636 }, "geometry": { "type": "Polygon", "coordinates": [ [ [ -63.39136, -18.01054 ], [ -63.39119, -18.0108 ], [ -63.39115, -18.01103 ], [ -63.3912, -18.01114 ], [ -63.39166, -18.01095 ], [ -63.39211, -18.01082 ], [ -63.39246, -18.01065 ], [ -63.39252, -18.01059 ], [ -63.39233, -18.01025 ], [ -63.3923, -18.01023 ], [ -63.39162, -18.01055 ], [ -63.39136, -18.01054 ] ] ] } },
{ "type": "Feature", "properties": { "i": 637 }, "geometry": { "type": "Polygon", "coordinates": [ [ [ -63.39602, -18.01032 ], [ -63.39646, -18.01013 ], [ -63.39591, -18.00913 ], [ -63.39584, -18.00911 ], [ -63.39545, -18.00926 ], [ -63.39602, -18.01032 ] ] ] } },
{ "type": "Feature", "properties": { "i": 638 }, "geometry": { "type": "Polygon", "coordinates": [ [ [ -63.39779, -18.01003 ], [ -63.39781, -18.00996 ], [ -63.39706, -18.00868 ], [ -63.39701, -18.00866 ], [ -63.39652, -18.00885 ], [ -63.39724, -18.01017 ], [ -63.39779, -18.01003 ] ] ] } },
{ "type": "Feature", "properties": { "i": 639 }, "geometry": { "type": "Polygon", "coordinates": [ [ [ -63.3975, -18.00851 ], [ -63.39779, -18.00904 ], [ -63.39783, -18.00903 ], [ -63.39755, -18.00849 ], [ -63.39798, -18.00832 ], [ -63.39824, -18.00876 ], [ -63.39833, -18.00895 ], [ -63.39835, -18.00909 ], [ -63.39889, -18.01003 ], [ -63.39885, -18.01008 ], [ -63.39788, -18.00995 ], [ -63.39713, -18.00864 ], [ -63.3975, -18.00851 ] ] ] } },
{ "type": "Feature", "properties": { "i": 640 }, "geometry": { "type": "Polygon", "coordinates": [ [ [ -63.3966, -18.01023 ], [ -63.3971, -18.01008 ], [ -63.39644, -18.00889 ], [ -63.39642, -18.00889 ], [ -63.396, -18.00905 ], [ -63.3966, -18.01023 ] ] ] } },
{ "type": "Feature", "properties": { "i": 641 }, "geometry": { "type": "Polygon", "coordinates": [ [ [ -63.39323, -18.00889 ], [ -63.39231, -18.00934 ], [ -63.39228, -18.00939 ], [ -63.39278, -18.01032 ], [ -63.39394, -18.01 ], [ -63.39356, -18.00939 ], [ -63.39295, -18.00969 ], [ -63.39292, -18.00962 ], [ -63.39353, -18.00934 ], [ -63.39326, -18.0089 ], [ -63.39323, -18.00889 ] ] ] } },
{ "type": "Feature", "properties": { "i": 642 }, "geometry": { "type": "Polygon", "coordinates": [ [ [ -63.39855, -18.00917 ], [ -63.39873, -18.00879 ], [ -63.3984, -18.00816 ], [ -63.39807, -18.0083 ], [ -63.39842, -18.00892 ], [ -63.39851, -18.00917 ], [ -63.39855, -18.00917 ] ] ] } },
{ "type": "Feature", "properties": { "i": 643 }, "geometry": { "type": "Polygon", "coordinates": [ [ [ -63.39174, -18.01002 ], [ -63.3913, -18.00923 ], [ -63.39168, -18.00904 ], [ -63.39226, -18.01016 ], [ -63.39181, -18.0104 ], [ -63.39154, -18.01048 ], [ -63.39106, -18.01042 ], [ -63.39107, -18.01024 ], [ -63.39174, -18.01002 ] ] ] } },
{ "type": "Feature", "properties": { "i": 644 }, "geometry": { "type": "Polygon", "coordinates": [ [ [ -63.39425, -18.0096 ], [ -63.39482, -18.00939 ], [ -63.39483, -18.00935 ], [ -63.39458, -18.00891 ], [ -63.39401, -18.00923 ], [ -63.39399, -18.00919 ], [ -63.39454, -18.00887 ], [ -63.39429, -18.00841 ], [ -63.39423, -18.00843 ], [ -63.39343, -18.00896 ], [ -63.3939, -18.00971 ], [ -63.39395, -18.00972 ], [ -63.39423, -18.00961 ], [ -63.39411, -18.00942 ], [ -63.39413, -18.00941 ], [ -63.39425, -18.0096 ] ] ] } },
{ "type": "Feature", "properties": { "i": 645 }, "geometry": { "type": "Polygon", "coordinates": [ [ [ -63.39608, -18.00891 ], [ -63.39542, -18.00794 ], [ -63.39538, -18.00794 ], [ -63.39437, -18.00835 ], [ -63.39493, -18.00935 ], [ -63.39608, -18.00891 ] ] ] } },
{ "type": "Feature", "properties": { "i": 646 }, "geometry": { "type": "Polygon", "coordinates": [ [ [ -63.39679, -18.00866 ], [ -63.39641, -18.00766 ], [ -63.39634, -18.00767 ], [ -63.39604, -18.0078 ], [ -63.39557, -18.00786 ], [ -63.39555, -18.0079 ], [ -63.39618, -18.00887 ], [ -63.39679, -18.00866 ] ] ] } },
{ "type": "Feature", "properties": { "i": 647 }, "geometry": { "type": "Polygon", "coordinates": [ [ [ -63.39867, -18.00798 ], [ -63.39855, -18.00714 ], [ -63.39786, -18.00735 ], [ -63.39803, -18.0082 ], [ -63.39867, -18.00798 ] ] ] } },
{ "type": "Feature", "properties": { "i": 648 }, "geometry": { "type": "Polygon", "coordinates": [ [ [ -63.3988, -18.00803 ], [ -63.40007, -18.00783 ], [ -63.39984, -18.00679 ], [ -63.39982, -18.00677 ], [ -63.39864, -18.00712 ], [ -63.3988, -18.00803 ] ] ] } },
{ "type": "Feature", "properties": { "i": 649 }, "geometry": { "type": "Polygon", "coordinates": [ [ [ -63.39229, -18.00927 ], [ -63.39318, -18.0088 ], [ -63.39319, -18.00876 ], [ -63.39265, -18.0079 ], [ -63.3926, -18.00789 ], [ -63.39176, -18.0084 ], [ -63.39222, -18.00925 ], [ -63.39229, -18.00927 ] ] ] } },
{ "type": "Feature", "properties": { "i": 650 }, "geometry": { "type": "Polygon", "coordinates": [ [ [ -63.39794, -18.00823 ], [ -63.39756, -18.00619 ], [ -63.39692, -18.00642 ], [ -63.39704, -18.00697 ], [ -63.39696, -18.007 ], [ -63.39685, -18.00645 ], [ -63.39623, -18.00671 ], [ -63.3962, -18.00676 ], [ -63.3962, -18.00681 ], [ -63.39637, -18.00733 ], [ -63.3969, -18.00862 ], [ -63.39694, -18.00863 ], [ -63.39794, -18.00823 ] ] ] } },
{ "type": "Feature", "properties": { "i": 651 }, "geometry": { "type": "Polygon", "coordinates": [ [ [ -63.39849, -18.00703 ], [ -63.39827, -18.00594 ], [ -63.39765, -18.00615 ], [ -63.39788, -18.00721 ], [ -63.39849, -18.00703 ] ] ] } },
{ "type": "Feature", "properties": { "i": 652 }, "geometry": { "type": "Polygon", "coordinates": [ [ [ -63.39429, -18.00823 ], [ -63.39366, -18.00726 ], [ -63.39363, -18.00726 ], [ -63.39277, -18.00786 ], [ -63.39277, -18.0079 ], [ -63.39335, -18.00882 ], [ -63.39341, -18.00883 ], [ -63.39349, -18.0088 ], [ -63.39429, -18.00829 ], [ -63.39429, -18.00823 ] ] ] } },
{ "type": "Feature", "properties": { "i": 653 }, "geometry": { "type": "Polygon", "coordinates": [ [ [ -63.39495, -18.00716 ], [ -63.3941, -18.00774 ], [ -63.39437, -18.00821 ], [ -63.3944, -18.00823 ], [ -63.39444, -18.00823 ], [ -63.39539, -18.00784 ], [ -63.39495, -18.00716 ] ] ] } },
{ "type": "Feature", "properties": { "i": 654 }, "geometry": { "type": "Polygon", "coordinates": [ [ [ -63.40084, -18.00535 ], [ -63.3998, -18.00535 ], [ -63.39963, -18.00548 ], [ -63.3999, -18.00661 ], [ -63.40011, -18.00654 ], [ -63.40013, -18.00662 ], [ -63.39991, -18.0067 ], [ -63.40015, -18.0078 ], [ -63.40214, -18.00745 ], [ -63.40187, -18.00615 ], [ -63.40175, -18.00588 ], [ -63.40161, -18.00564 ], [ -63.40156, -18.00559 ], [ -63.40111, -18.00541 ], [ -63.40084, -18.00535 ] ] ] } },
{ "type": "Feature", "properties": { "i": 655 }, "geometry": { "type": "Polygon", "coordinates": [ [ [ -63.39978, -18.00646 ], [ -63.39953, -18.00556 ], [ -63.39836, -18.00593 ], [ -63.39862, -18.00703 ], [ -63.39981, -18.00666 ], [ -63.39978, -18.00646 ] ] ] } },
{ "type": "Feature", "properties": { "i": 656 }, "geometry": { "type": "Polygon", "coordinates": [ [ [ -63.39606, -18.00771 ], [ -63.39631, -18.0076 ], [ -63.39634, -18.00753 ], [ -63.39616, -18.00694 ], [ -63.39591, -18.00653 ], [ -63.39588, -18.00652 ], [ -63.3954, -18.00685 ], [ -63.39576, -18.00738 ], [ -63.39571, -18.00742 ], [ -63.39536, -18.00689 ], [ -63.39502, -18.00711 ], [ -63.39548, -18.0078 ], [ -63.39606, -18.00771 ] ] ] } },
{ "type": "Feature", "properties": { "i": 657 }, "geometry": { "type": "Polygon", "coordinates": [ [ [ -63.3949, -18.0071 ], [ -63.39408, -18.00764 ], [ -63.39403, -18.00764 ], [ -63.39372, -18.00721 ], [ -63.39459, -18.00663 ], [ -63.3949, -18.0071 ] ] ] } },
{ "type": "Feature", "properties": { "i": 658 }, "geometry": { "type": "Polygon", "coordinates": [ [ [ -63.39199, -18.00688 ], [ -63.39124, -18.00742 ], [ -63.39128, -18.00754 ], [ -63.39172, -18.00833 ], [ -63.39257, -18.0078 ], [ -63.39199, -18.00688 ] ] ] } },
{ "type": "Feature", "properties": { "i": 659 }, "geometry": { "type": "Polygon", "coordinates": [ [ [ -63.39359, -18.00719 ], [ -63.3927, -18.00778 ], [ -63.3924, -18.00733 ], [ -63.39329, -18.00674 ], [ -63.39359, -18.00719 ] ] ] } },
{ "type": "Feature", "properties": { "i": 660 }, "geometry": { "type": "Polygon", "coordinates": [ [ [ -63.39584, -18.0064 ], [ -63.39555, -18.00598 ], [ -63.39467, -18.00659 ], [ -63.39498, -18.00703 ], [ -63.39583, -18.00646 ], [ -63.39584, -18.0064 ] ] ] } },
{ "type": "Feature", "properties": { "i": 661 }, "geometry": { "type": "Polygon", "coordinates": [ [ [ -63.39403, -18.0069 ], [ -63.39372, -18.00645 ], [ -63.39339, -18.00667 ], [ -63.39339, -18.0067 ], [ -63.39366, -18.00711 ], [ -63.39371, -18.00712 ], [ -63.39403, -18.0069 ] ] ] } },
{ "type": "Feature", "properties": { "i": 662 }, "geometry": { "type": "Polygon", "coordinates": [ [ [ -63.38879, -18.00664 ], [ -63.38834, -18.00691 ], [ -63.38851, -18.0072 ], [ -63.38984, -18.00749 ], [ -63.39015, -18.00751 ], [ -63.39068, -18.00817 ], [ -63.39126, -18.00916 ], [ -63.39165, -18.00898 ], [ -63.39088, -18.00755 ], [ -63.39017, -18.00632 ], [ -63.38946, -18.00496 ], [ -63.38837, -18.00562 ], [ -63.38863, -18.00612 ], [ -63.38883, -18.0059 ], [ -63.38936, -18.00561 ], [ -63.38938, -18.00566 ], [ -63.38882, -18.00599 ], [ -63.38867, -18.00619 ], [ -63.38891, -18.00673 ], [ -63.38885, -18.00676 ], [ -63.38879, -18.00664 ] ] ] } },
{ "type": "Feature", "properties": { "i": 663 }, "geometry": { "type": "Polygon", "coordinates": [ [ [ -63.3965, -18.00531 ], [ -63.39564, -18.00589 ], [ -63.39564, -18.00592 ], [ -63.39608, -18.00662 ], [ -63.39614, -18.00664 ], [ -63.39647, -18.00648 ], [ -63.39694, -18.00631 ], [ -63.39667, -18.00561 ], [ -63.39602, -18.00587 ], [ -63.396, -18.00583 ], [ -63.39665, -18.00556 ], [ -63.39657, -18.00539 ], [ -63.3965, -18.00531 ] ] ] } },
{ "type": "Feature", "properties": { "i": 664 }, "geometry": { "type": "Polygon", "coordinates": [ [ [ -63.39407, -18.00685 ], [ -63.3941, -18.00685 ], [ -63.39454, -18.00655 ], [ -63.39424, -18.0061 ], [ -63.39379, -18.00639 ], [ -63.39379, -18.00643 ], [ -63.39407, -18.00685 ] ] ] } },
{ "type": "Feature", "properties": { "i": 665 }, "geometry": { "type": "Polygon", "coordinates": [ [ [ -63.39236, -18.00726 ], [ -63.39325, -18.00667 ], [ -63.39292, -18.00622 ], [ -63.39207, -18.00682 ], [ -63.39236, -18.00726 ] ] ] } },
{ "type": "Feature", "properties": { "i": 666 }, "geometry": { "type": "Polygon", "coordinates": [ [ [ -63.39194, -18.00679 ], [ -63.39169, -18.00635 ], [ -63.39089, -18.0068 ], [ -63.39117, -18.00732 ], [ -63.39122, -18.00732 ], [ -63.39194, -18.00679 ] ] ] } },
{ "type": "Feature", "properties": { "i": 667 }, "geometry": { "type": "Polygon", "coordinates": [ [ [ -63.39547, -18.00591 ], [ -63.39548, -18.00586 ], [ -63.39521, -18.00545 ], [ -63.39518, -18.00544 ], [ -63.39431, -18.00603 ], [ -63.39462, -18.00648 ], [ -63.39547, -18.00591 ] ] ] } },
{ "type": "Feature", "properties": { "i": 668 }, "geometry": { "type": "Polygon", "coordinates": [ [ [ -63.40371, -18.00319 ], [ -63.40364, -18.00415 ], [ -63.40356, -18.00443 ], [ -63.40347, -18.00488 ], [ -63.40338, -18.00496 ], [ -63.40317, -18.00492 ], [ -63.40293, -18.00496 ], [ -63.40245, -18.00519 ], [ -63.40227, -18.00455 ], [ -63.40223, -18.00431 ], [ -63.40251, -18.00402 ], [ -63.40231, -18.00304 ], [ -63.40364, -18.00277 ], [ -63.40371, -18.00319 ] ] ] } },
{ "type": "Feature", "properties": { "i": 669 }, "geometry": { "type": "Polygon", "coordinates": [ [ [ -63.3942, -18.00601 ], [ -63.39388, -18.00557 ], [ -63.39301, -18.00616 ], [ -63.39331, -18.00661 ], [ -63.3942, -18.00601 ] ] ] } },
{ "type": "Feature", "properties": { "i": 670 }, "geometry": { "type": "Polygon", "coordinates": [ [ [ -63.38545, -18.00803 ], [ -63.3855, -18.00739 ], [ -63.38548, -18.00728 ], [ -63.38535, -18.00703 ], [ -63.38518, -18.00681 ], [ -63.38496, -18.0066 ], [ -63.38467, -18.00638 ], [ -63.38306, -18.00761 ], [ -63.38277, -18.00791 ], [ -63.38279, -18.00796 ], [ -63.38299, -18.0082 ], [ -63.38317, -18.00849 ], [ -63.38321, -18.00848 ], [ -63.38327, -18.00832 ], [ -63.38349, -18.00817 ], [ -63.38353, -18.00822 ], [ -63.38331, -18.00841 ], [ -63.38326, -18.00857 ], [ -63.38321, -18.00971 ], [ -63.38388, -18.0101 ], [ -63.3846, -18.00976 ], [ -63.38545, -18.00803 ] ] ] } },
{ "type": "Feature", "properties": { "i": 671 }, "geometry": { "type": "Polygon", "coordinates": [ [ [ -63.38714, -18.00845 ], [ -63.38635, -18.00743 ], [ -63.38558, -18.00744 ], [ -63.38554, -18.00801 ], [ -63.38558, -18.0081 ], [ -63.38599, -18.00842 ], [ -63.38663, -18.00882 ], [ -63.38678, -18.00887 ], [ -63.38689, -18.00887 ], [ -63.38701, -18.00884 ], [ -63.38708, -18.00878 ], [ -63.38715, -18.00858 ], [ -63.38714, -18.00845 ] ] ] } },
{ "type": "Feature", "properties": { "i": 672 }, "geometry": { "type": "Polygon", "coordinates": [ [ [ -63.38669, -18.00552 ], [ -63.38666, -18.00551 ], [ -63.38621, -18.00577 ], [ -63.38664, -18.00653 ], [ -63.38711, -18.00625 ], [ -63.38669, -18.00552 ] ] ] } },
{ "type": "Feature", "properties": { "i": 673 }, "geometry": { "type": "Polygon", "coordinates": [ [ [ -63.39642, -18.00518 ], [ -63.39615, -18.00479 ], [ -63.39613, -18.00479 ], [ -63.39528, -18.00538 ], [ -63.39557, -18.00581 ], [ -63.3956, -18.00582 ], [ -63.39642, -18.00523 ], [ -63.39642, -18.00518 ] ] ] } },
{ "type": "Feature", "properties": { "i": 674 }, "geometry": { "type": "Polygon", "coordinates": [ [ [ -63.39814, -18.00349 ], [ -63.39807, -18.00348 ], [ -63.39623, -18.00471 ], [ -63.39623, -18.00475 ], [ -63.39652, -18.00517 ], [ -63.39715, -18.00477 ], [ -63.39719, -18.00484 ], [ -63.39657, -18.00523 ], [ -63.39672, -18.00547 ], [ -63.39701, -18.00625 ], [ -63.39705, -18.00626 ], [ -63.39759, -18.00605 ], [ -63.39844, -18.00578 ], [ -63.39817, -18.00503 ], [ -63.39818, -18.00493 ], [ -63.39825, -18.00484 ], [ -63.39872, -18.00451 ], [ -63.39874, -18.00445 ], [ -63.39814, -18.00349 ] ] ] } },
{ "type": "Feature", "properties": { "i": 675 }, "geometry": { "type": "Polygon", "coordinates": [ [ [ -63.39288, -18.00612 ], [ -63.39243, -18.00544 ], [ -63.39238, -18.00544 ], [ -63.39161, -18.006 ], [ -63.39201, -18.00669 ], [ -63.39204, -18.00669 ], [ -63.39288, -18.00612 ] ] ] } },
{ "type": "Feature", "properties": { "i": 676 }, "geometry": { "type": "Polygon", "coordinates": [ [ [ -63.39514, -18.00535 ], [ -63.39486, -18.00491 ], [ -63.39483, -18.0049 ], [ -63.39397, -18.00551 ], [ -63.39427, -18.00595 ], [ -63.39431, -18.00596 ], [ -63.39514, -18.00535 ] ] ] } },
{ "type": "Feature", "properties": { "i": 677 }, "geometry": { "type": "Polygon", "coordinates": [ [ [ -63.39165, -18.00628 ], [ -63.39115, -18.00552 ], [ -63.39044, -18.00599 ], [ -63.39044, -18.00603 ], [ -63.39083, -18.00671 ], [ -63.39086, -18.00672 ], [ -63.39165, -18.00628 ] ] ] } },
{ "type": "Feature", "properties": { "i": 678 }, "geometry": { "type": "Polygon", "coordinates": [ [ [ -63.40066, -18.00494 ], [ -63.39984, -18.00375 ], [ -63.40053, -18.00324 ], [ -63.40021, -18.00279 ], [ -63.39851, -18.00393 ], [ -63.39882, -18.00443 ], [ -63.39876, -18.00459 ], [ -63.39834, -18.00488 ], [ -63.39829, -18.00495 ], [ -63.39827, -18.0051 ], [ -63.39854, -18.00577 ], [ -63.39941, -18.00549 ], [ -63.3998, -18.00519 ], [ -63.40073, -18.00521 ], [ -63.40066, -18.00494 ] ] ] } },
{ "type": "Feature", "properties": { "i": 679 }, "geometry": { "type": "Polygon", "coordinates": [ [ [ -63.3938, -18.00549 ], [ -63.3938, -18.00543 ], [ -63.39354, -18.00503 ], [ -63.3935, -18.00503 ], [ -63.39268, -18.00559 ], [ -63.39267, -18.00562 ], [ -63.39295, -18.00604 ], [ -63.39298, -18.00604 ], [ -63.3938, -18.00549 ] ] ] } },
{ "type": "Feature", "properties": { "i": 680 }, "geometry": { "type": "Polygon", "coordinates": [ [ [ -63.39611, -18.0047 ], [ -63.39581, -18.00425 ], [ -63.39576, -18.00424 ], [ -63.39493, -18.00482 ], [ -63.39493, -18.00484 ], [ -63.39522, -18.00529 ], [ -63.39611, -18.0047 ] ] ] } },
{ "type": "Feature", "properties": { "i": 681 }, "geometry": { "type": "Polygon", "coordinates": [ [ [ -63.3875, -18.0068 ], [ -63.38746, -18.00697 ], [ -63.38815, -18.00714 ], [ -63.38821, -18.0069 ], [ -63.38774, -18.00602 ], [ -63.38725, -18.0063 ], [ -63.3875, -18.0068 ] ] ] } },
{ "type": "Feature", "properties": { "i": 682 }, "geometry": { "type": "Polygon", "coordinates": [ [ [ -63.38716, -18.00636 ], [ -63.38677, -18.00659 ], [ -63.38678, -18.00662 ], [ -63.38722, -18.00674 ], [ -63.38738, -18.00672 ], [ -63.38716, -18.00636 ] ] ] } },
{ "type": "Feature", "properties": { "i": 683 }, "geometry": { "type": "Polygon", "coordinates": [ [ [ -63.38872, -18.00659 ], [ -63.38875, -18.00655 ], [ -63.38829, -18.00568 ], [ -63.38826, -18.00568 ], [ -63.38783, -18.00594 ], [ -63.38828, -18.00681 ], [ -63.38872, -18.00659 ] ] ] } },
{ "type": "Feature", "properties": { "i": 684 }, "geometry": { "type": "Polygon", "coordinates": [ [ [ -63.39449, -18.00437 ], [ -63.39361, -18.00495 ], [ -63.39388, -18.0054 ], [ -63.39391, -18.0054 ], [ -63.39479, -18.00481 ], [ -63.39449, -18.00437 ] ] ] } },
{ "type": "Feature", "properties": { "i": 685 }, "geometry": { "type": "Polygon", "coordinates": [ [ [ -63.39233, -18.00532 ], [ -63.39205, -18.00493 ], [ -63.39201, -18.00492 ], [ -63.39128, -18.00546 ], [ -63.39128, -18.0055 ], [ -63.39154, -18.00591 ], [ -63.39158, -18.00592 ], [ -63.39233, -18.00537 ], [ -63.39233, -18.00532 ] ] ] } },
{ "type": "Feature", "properties": { "i": 686 }, "geometry": { "type": "Polygon", "coordinates": [ [ [ -63.39262, -18.00552 ], [ -63.39346, -18.00495 ], [ -63.39347, -18.0049 ], [ -63.39318, -18.00446 ], [ -63.39315, -18.00446 ], [ -63.39231, -18.00508 ], [ -63.3923, -18.00512 ], [ -63.39257, -18.0055 ], [ -63.39262, -18.00552 ] ] ] } },
{ "type": "Feature", "properties": { "i": 687 }, "geometry": { "type": "Polygon", "coordinates": [ [ [ -63.38548, -18.00705 ], [ -63.38565, -18.00689 ], [ -63.38574, -18.0067 ], [ -63.38576, -18.00656 ], [ -63.38575, -18.00638 ], [ -63.38563, -18.00616 ], [ -63.38539, -18.00632 ], [ -63.38528, -18.00642 ], [ -63.38513, -18.00661 ], [ -63.38548, -18.00705 ] ] ] } },
{ "type": "Feature", "properties": { "i": 688 }, "geometry": { "type": "Polygon", "coordinates": [ [ [ -63.39704, -18.00406 ], [ -63.39704, -18.00402 ], [ -63.39676, -18.00362 ], [ -63.3967, -18.00361 ], [ -63.39588, -18.00417 ], [ -63.39588, -18.0042 ], [ -63.39616, -18.00462 ], [ -63.3962, -18.00462 ], [ -63.39704, -18.00406 ] ] ] } },
{ "type": "Feature", "properties": { "i": 689 }, "geometry": { "type": "Polygon", "coordinates": [ [ [ -63.39459, -18.00432 ], [ -63.39459, -18.00428 ], [ -63.39541, -18.00372 ], [ -63.39545, -18.00373 ], [ -63.3957, -18.00411 ], [ -63.3957, -18.00415 ], [ -63.39488, -18.00472 ], [ -63.39485, -18.00471 ], [ -63.39459, -18.00432 ] ] ] } },
{ "type": "Feature", "properties": { "i": 690 }, "geometry": { "type": "Polygon", "coordinates": [ [ [ -63.38583, -18.00662 ], [ -63.38599, -18.00665 ], [ -63.38656, -18.0066 ], [ -63.38612, -18.00584 ], [ -63.38571, -18.00608 ], [ -63.38571, -18.00614 ], [ -63.38578, -18.00624 ], [ -63.38583, -18.00638 ], [ -63.38583, -18.00662 ] ] ] } },
{ "type": "Feature", "properties": { "i": 691 }, "geometry": { "type": "Polygon", "coordinates": [ [ [ -63.39929, -18.00332 ], [ -63.39896, -18.00287 ], [ -63.39816, -18.00341 ], [ -63.39847, -18.00387 ], [ -63.39929, -18.00332 ] ] ] } },
{ "type": "Feature", "properties": { "i": 692 }, "geometry": { "type": "Polygon", "coordinates": [ [ [ -63.39044, -18.00592 ], [ -63.39112, -18.00546 ], [ -63.39032, -18.00417 ], [ -63.38965, -18.00455 ], [ -63.39038, -18.00591 ], [ -63.39044, -18.00592 ] ] ] } },
{ "type": "Feature", "properties": { "i": 693 }, "geometry": { "type": "Polygon", "coordinates": [ [ [ -63.39199, -18.00482 ], [ -63.39174, -18.00439 ], [ -63.39167, -18.00439 ], [ -63.39104, -18.00483 ], [ -63.39095, -18.0049 ], [ -63.39094, -18.00494 ], [ -63.39121, -18.00537 ], [ -63.39199, -18.00482 ] ] ] } },
{ "type": "Feature", "properties": { "i": 694 }, "geometry": { "type": "Polygon", "coordinates": [ [ [ -63.39803, -18.00339 ], [ -63.39771, -18.00295 ], [ -63.39761, -18.00301 ], [ -63.39684, -18.00353 ], [ -63.39713, -18.00396 ], [ -63.39717, -18.00397 ], [ -63.39803, -18.00339 ] ] ] } },
{ "type": "Feature", "properties": { "i": 695 }, "geometry": { "type": "Polygon", "coordinates": [ [ [ -63.38718, -18.00616 ], [ -63.38724, -18.00616 ], [ -63.38766, -18.00591 ], [ -63.38767, -18.00586 ], [ -63.38728, -18.00521 ], [ -63.3872, -18.0052 ], [ -63.38682, -18.00543 ], [ -63.38681, -18.00547 ], [ -63.38718, -18.00616 ] ] ] } },
{ "type": "Feature", "properties": { "i": 696 }, "geometry": { "type": "Polygon", "coordinates": [ [ [ -63.3967, -18.00349 ], [ -63.39638, -18.00305 ], [ -63.39634, -18.00305 ], [ -63.39549, -18.00364 ], [ -63.3958, -18.00406 ], [ -63.39585, -18.00407 ], [ -63.3967, -18.00349 ] ] ] } },
{ "type": "Feature", "properties": { "i": 697 }, "geometry": { "type": "Polygon", "coordinates": [ [ [ -63.38823, -18.00557 ], [ -63.38783, -18.0048 ], [ -63.38734, -18.00509 ], [ -63.38775, -18.00582 ], [ -63.3878, -18.00582 ], [ -63.38823, -18.00557 ] ] ] } },
{ "type": "Feature", "properties": { "i": 698 }, "geometry": { "type": "Polygon", "coordinates": [ [ [ -63.38486, -18.00612 ], [ -63.38474, -18.00628 ], [ -63.38475, -18.00632 ], [ -63.38506, -18.00654 ], [ -63.38538, -18.00616 ], [ -63.3861, -18.00572 ], [ -63.38594, -18.0054 ], [ -63.38582, -18.00523 ], [ -63.38555, -18.00492 ], [ -63.38552, -18.00491 ], [ -63.38486, -18.00612 ] ] ] } },
{ "type": "Feature", "properties": { "i": 699 }, "geometry": { "type": "Polygon", "coordinates": [ [ [ -63.39092, -18.0048 ], [ -63.39166, -18.00427 ], [ -63.39136, -18.0038 ], [ -63.39049, -18.0041 ], [ -63.39047, -18.00416 ], [ -63.39084, -18.00478 ], [ -63.39092, -18.0048 ] ] ] } },
{ "type": "Feature", "properties": { "i": 700 }, "geometry": { "type": "Polygon", "coordinates": [ [ [ -63.39197, -18.00456 ], [ -63.39226, -18.00501 ], [ -63.39312, -18.00439 ], [ -63.39312, -18.00434 ], [ -63.39298, -18.0041 ], [ -63.39303, -18.00405 ], [ -63.39354, -18.00485 ], [ -63.39359, -18.00486 ], [ -63.39437, -18.00432 ], [ -63.39439, -18.00421 ], [ -63.39356, -18.00294 ], [ -63.39352, -18.00293 ], [ -63.39226, -18.00349 ], [ -63.3915, -18.00374 ], [ -63.39164, -18.00404 ], [ -63.39192, -18.00448 ], [ -63.39238, -18.00417 ], [ -63.39241, -18.00421 ], [ -63.39198, -18.00452 ], [ -63.39197, -18.00456 ] ] ] } },
{ "type": "Feature", "properties": { "i": 701 }, "geometry": { "type": "Polygon", "coordinates": [ [ [ -63.39966, -18.00303 ], [ -63.39917, -18.00299 ], [ -63.39904, -18.00281 ], [ -63.39978, -18.00229 ], [ -63.39983, -18.00229 ], [ -63.40015, -18.00271 ], [ -63.39966, -18.00303 ] ] ] } },
{ "type": "Feature", "properties": { "i": 702 }, "geometry": { "type": "Polygon", "coordinates": [ [ [ -63.3841, -18.00588 ], [ -63.3825, -18.00717 ], [ -63.38294, -18.00759 ], [ -63.38416, -18.00667 ], [ -63.38456, -18.00634 ], [ -63.38473, -18.00614 ], [ -63.38483, -18.00599 ], [ -63.38536, -18.005 ], [ -63.38583, -18.0042 ], [ -63.3858, -18.00415 ], [ -63.38577, -18.00415 ], [ -63.3852, -18.00455 ], [ -63.3846, -18.00556 ], [ -63.3841, -18.00588 ] ] ] } },
{ "type": "Feature", "properties": { "i": 703 }, "geometry": { "type": "Polygon", "coordinates": [ [ [ -63.38833, -18.0055 ], [ -63.38939, -18.00487 ], [ -63.38896, -18.00412 ], [ -63.38893, -18.00411 ], [ -63.38791, -18.00475 ], [ -63.3883, -18.00548 ], [ -63.38833, -18.0055 ] ] ] } },
{ "type": "Feature", "properties": { "i": 704 }, "geometry": { "type": "Polygon", "coordinates": [ [ [ -63.38664, -18.0054 ], [ -63.38664, -18.00534 ], [ -63.386, -18.00415 ], [ -63.38596, -18.00415 ], [ -63.38559, -18.0048 ], [ -63.38592, -18.00522 ], [ -63.38616, -18.00567 ], [ -63.38664, -18.0054 ] ] ] } },
{ "type": "Feature", "properties": { "i": 705 }, "geometry": { "type": "Polygon", "coordinates": [ [ [ -63.38673, -18.00415 ], [ -63.38629, -18.00454 ], [ -63.38671, -18.00532 ], [ -63.38676, -18.00533 ], [ -63.38718, -18.00507 ], [ -63.3872, -18.005 ], [ -63.38673, -18.00415 ] ] ] } },
{ "type": "Feature", "properties": { "i": 706 }, "geometry": { "type": "Polygon", "coordinates": [ [ [ -63.39029, -18.00408 ], [ -63.38989, -18.00343 ], [ -63.38984, -18.00341 ], [ -63.38923, -18.00374 ], [ -63.38922, -18.00379 ], [ -63.38957, -18.00446 ], [ -63.38962, -18.00447 ], [ -63.39029, -18.00408 ] ] ] } },
{ "type": "Feature", "properties": { "i": 707 }, "geometry": { "type": "Polygon", "coordinates": [ [ [ -63.38778, -18.00467 ], [ -63.38726, -18.00371 ], [ -63.3868, -18.00408 ], [ -63.38729, -18.00497 ], [ -63.38733, -18.00498 ], [ -63.38742, -18.00493 ], [ -63.38777, -18.00471 ], [ -63.38778, -18.00467 ] ] ] } },
{ "type": "Feature", "properties": { "i": 708 }, "geometry": { "type": "Polygon", "coordinates": [ [ [ -63.38454, -18.00551 ], [ -63.38493, -18.00476 ], [ -63.38491, -18.00472 ], [ -63.38485, -18.0047 ], [ -63.38462, -18.00476 ], [ -63.38428, -18.00486 ], [ -63.38422, -18.00492 ], [ -63.38419, -18.0057 ], [ -63.38424, -18.0057 ], [ -63.38454, -18.00551 ] ] ] } },
{ "type": "Feature", "properties": { "i": 709 }, "geometry": { "type": "Polygon", "coordinates": [ [ [ -63.39028, -18.00309 ], [ -63.38993, -18.00328 ], [ -63.39036, -18.00401 ], [ -63.3904, -18.00403 ], [ -63.39123, -18.00374 ], [ -63.39124, -18.00371 ], [ -63.3907, -18.00284 ], [ -63.39036, -18.00303 ], [ -63.39062, -18.00348 ], [ -63.39055, -18.00353 ], [ -63.39028, -18.00309 ] ] ] } },
{ "type": "Feature", "properties": { "i": 710 }, "geometry": { "type": "Polygon", "coordinates": [ [ [ -63.38783, -18.00336 ], [ -63.38734, -18.00366 ], [ -63.38785, -18.00463 ], [ -63.38788, -18.00464 ], [ -63.38835, -18.00435 ], [ -63.38783, -18.00336 ] ] ] } },
{ "type": "Feature", "properties": { "i": 711 }, "geometry": { "type": "Polygon", "coordinates": [ [ [ -63.39262, -18.00318 ], [ -63.3918, -18.00212 ], [ -63.39174, -18.00214 ], [ -63.39134, -18.00243 ], [ -63.39166, -18.00295 ], [ -63.39158, -18.00299 ], [ -63.39127, -18.0025 ], [ -63.39124, -18.0025 ], [ -63.3908, -18.00275 ], [ -63.39079, -18.00278 ], [ -63.39131, -18.00366 ], [ -63.39137, -18.00368 ], [ -63.39259, -18.00326 ], [ -63.39262, -18.00318 ] ] ] } },
{ "type": "Feature", "properties": { "i": 712 }, "geometry": { "type": "Polygon", "coordinates": [ [ [ -63.38791, -18.00332 ], [ -63.38842, -18.00428 ], [ -63.38893, -18.00398 ], [ -63.38842, -18.00306 ], [ -63.38791, -18.00332 ] ] ] } },
{ "type": "Feature", "properties": { "i": 713 }, "geometry": { "type": "Polygon", "coordinates": [ [ [ -63.39326, -18.00294 ], [ -63.3923, -18.00172 ], [ -63.39226, -18.00172 ], [ -63.39185, -18.00204 ], [ -63.39272, -18.00319 ], [ -63.39325, -18.00299 ], [ -63.39326, -18.00294 ] ] ] } },
{ "type": "Feature", "properties": { "i": 714 }, "geometry": { "type": "Polygon", "coordinates": [ [ [ -63.38523, -18.00436 ], [ -63.38521, -18.00397 ], [ -63.38517, -18.00394 ], [ -63.38428, -18.00417 ], [ -63.38424, -18.00421 ], [ -63.38424, -18.00472 ], [ -63.38431, -18.00476 ], [ -63.38506, -18.00454 ], [ -63.38523, -18.00436 ] ] ] } },
{ "type": "Feature", "properties": { "i": 715 }, "geometry": { "type": "Polygon", "coordinates": [ [ [ -63.40054, -18.00306 ], [ -63.40077, -18.0029 ], [ -63.40026, -18.00222 ], [ -63.40254, -18.00048 ], [ -63.40257, -18.00041 ], [ -63.40162, -17.99902 ], [ -63.40134, -17.99852 ], [ -63.40092, -17.99811 ], [ -63.39907, -17.99804 ], [ -63.39897, -17.99805 ], [ -63.39688, -17.99967 ], [ -63.39768, -18.00065 ], [ -63.39836, -18.00015 ], [ -63.39841, -18.00021 ], [ -63.39766, -18.00077 ], [ -63.39682, -17.99974 ], [ -63.3968, -17.99974 ], [ -63.39457, -18.00144 ], [ -63.39361, -18.00283 ], [ -63.3938, -18.00313 ], [ -63.39417, -18.00291 ], [ -63.39422, -18.00299 ], [ -63.39385, -18.00321 ], [ -63.39415, -18.00366 ], [ -63.3945, -18.00344 ], [ -63.39456, -18.00353 ], [ -63.39421, -18.00375 ], [ -63.39451, -18.00419 ], [ -63.39455, -18.0042 ], [ -63.39538, -18.00361 ], [ -63.39516, -18.00331 ], [ -63.39522, -18.00327 ], [ -63.39544, -18.00355 ], [ -63.3964, -18.0029 ], [ -63.39676, -18.00342 ], [ -63.39681, -18.00343 ], [ -63.39762, -18.00289 ], [ -63.39772, -18.00289 ], [ -63.39778, -18.00292 ], [ -63.39809, -18.00333 ], [ -63.39944, -18.00243 ], [ -63.39915, -18.00202 ], [ -63.39919, -18.00199 ], [ -63.39948, -18.0024 ], [ -63.39975, -18.00221 ], [ -63.39982, -18.0022 ], [ -63.39987, -18.00222 ], [ -63.40054, -18.00306 ] ] ] } },
{ "type": "Feature", "properties": { "i": 716 }, "geometry": { "type": "Polygon", "coordinates": [ [ [ -63.39021, -18.003 ], [ -63.39021, -18.00296 ], [ -63.38987, -18.00244 ], [ -63.38956, -18.00272 ], [ -63.38987, -18.00319 ], [ -63.38991, -18.00319 ], [ -63.39021, -18.003 ] ] ] } },
{ "type": "Feature", "properties": { "i": 717 }, "geometry": { "type": "Polygon", "coordinates": [ [ [ -63.40363, -17.99992 ], [ -63.40365, -17.99957 ], [ -63.40362, -17.99939 ], [ -63.40337, -17.99866 ], [ -63.40327, -17.99852 ], [ -63.4032, -17.99847 ], [ -63.40202, -17.99801 ], [ -63.40158, -17.99794 ], [ -63.40138, -17.99794 ], [ -63.40124, -17.99798 ], [ -63.40118, -17.99802 ], [ -63.40157, -17.99874 ], [ -63.40286, -18.00073 ], [ -63.40336, -18.00074 ], [ -63.40343, -18.00068 ], [ -63.40363, -17.99992 ] ] ] } },
{ "type": "Feature", "properties": { "i": 718 }, "geometry": { "type": "Polygon", "coordinates": [ [ [ -63.3898, -18.00333 ], [ -63.38981, -18.00329 ], [ -63.38892, -18.00189 ], [ -63.38839, -18.00221 ], [ -63.38837, -18.00224 ], [ -63.38914, -18.00364 ], [ -63.3892, -18.00366 ], [ -63.3898, -18.00333 ] ] ] } },
{ "type": "Feature", "properties": { "i": 719 }, "geometry": { "type": "Polygon", "coordinates": [ [ [ -63.39065, -18.00273 ], [ -63.39026, -18.0021 ], [ -63.38994, -18.00238 ], [ -63.3903, -18.00295 ], [ -63.39065, -18.00273 ] ] ] } },
{ "type": "Feature", "properties": { "i": 720 }, "geometry": { "type": "Polygon", "coordinates": [ [ [ -63.38525, -18.00327 ], [ -63.38533, -18.0043 ], [ -63.38588, -18.004 ], [ -63.38582, -18.00317 ], [ -63.38578, -18.00315 ], [ -63.3853, -18.00323 ], [ -63.38525, -18.00327 ] ] ] } },
{ "type": "Feature", "properties": { "i": 721 }, "geometry": { "type": "Polygon", "coordinates": [ [ [ -63.38518, -18.00379 ], [ -63.38514, -18.00331 ], [ -63.38512, -18.00329 ], [ -63.38417, -18.00353 ], [ -63.38414, -18.00357 ], [ -63.38419, -18.00404 ], [ -63.38424, -18.00408 ], [ -63.38515, -18.00384 ], [ -63.38518, -18.00379 ] ] ] } },
{ "type": "Feature", "properties": { "i": 722 }, "geometry": { "type": "Polygon", "coordinates": [ [ [ -63.39072, -18.00164 ], [ -63.3903, -18.00202 ], [ -63.39071, -18.00265 ], [ -63.39076, -18.00266 ], [ -63.39117, -18.0024 ], [ -63.39118, -18.00233 ], [ -63.39072, -18.00164 ] ] ] } },
{ "type": "Feature", "properties": { "i": 723 }, "geometry": { "type": "Polygon", "coordinates": [ [ [ -63.39448, -18.0014 ], [ -63.39387, -18.00067 ], [ -63.39343, -18.00106 ], [ -63.39338, -18.00101 ], [ -63.39381, -18.00063 ], [ -63.39381, -18.00059 ], [ -63.39337, -18.00011 ], [ -63.39333, -18.00011 ], [ -63.39269, -18.00067 ], [ -63.39291, -18.00093 ], [ -63.39287, -18.00096 ], [ -63.39263, -18.0007 ], [ -63.39206, -18.00118 ], [ -63.39337, -18.0029 ], [ -63.39351, -18.00283 ], [ -63.39413, -18.00189 ], [ -63.39359, -18.0013 ], [ -63.39363, -18.00126 ], [ -63.39417, -18.00184 ], [ -63.39438, -18.00157 ], [ -63.39448, -18.0014 ] ] ] } },
{ "type": "Feature", "properties": { "i": 724 }, "geometry": { "type": "Polygon", "coordinates": [ [ [ -63.39222, -18.00164 ], [ -63.39201, -18.00137 ], [ -63.39198, -18.00136 ], [ -63.39137, -18.00163 ], [ -63.3909, -18.00153 ], [ -63.3908, -18.0016 ], [ -63.39126, -18.00233 ], [ -63.39154, -18.00215 ], [ -63.39222, -18.00164 ] ] ] } },
{ "type": "Feature", "properties": { "i": 725 }, "geometry": { "type": "Polygon", "coordinates": [ [ [ -63.38591, -18.00266 ], [ -63.38569, -18.00228 ], [ -63.38496, -18.0027 ], [ -63.38493, -18.00276 ], [ -63.38511, -18.00314 ], [ -63.38518, -18.00316 ], [ -63.38582, -18.00302 ], [ -63.38584, -18.003 ], [ -63.38591, -18.00266 ] ] ] } },
{ "type": "Feature", "properties": { "i": 726 }, "geometry": { "type": "Polygon", "coordinates": [ [ [ -63.38955, -18.00258 ], [ -63.39038, -18.00182 ], [ -63.39008, -18.00138 ], [ -63.39005, -18.00137 ], [ -63.38943, -18.00171 ], [ -63.38911, -18.00193 ], [ -63.38952, -18.00258 ], [ -63.38955, -18.00258 ] ] ] } },
{ "type": "Feature", "properties": { "i": 727 }, "geometry": { "type": "Polygon", "coordinates": [ [ [ -63.38645, -18.0014 ], [ -63.38708, -18.00258 ], [ -63.38698, -18.00263 ], [ -63.3868, -18.00227 ], [ -63.38645, -18.00255 ], [ -63.38641, -18.00245 ], [ -63.38675, -18.00219 ], [ -63.3864, -18.00149 ], [ -63.38592, -18.00311 ], [ -63.386, -18.00402 ], [ -63.38623, -18.00442 ], [ -63.38712, -18.00367 ], [ -63.38831, -18.00299 ], [ -63.38833, -18.00296 ], [ -63.38833, -18.00293 ], [ -63.38694, -18.00037 ], [ -63.38672, -18.00065 ], [ -63.38645, -18.0014 ] ] ] } },
{ "type": "Feature", "properties": { "i": 728 }, "geometry": { "type": "Polygon", "coordinates": [ [ [ -63.38885, -18.00181 ], [ -63.38879, -18.00173 ], [ -63.38821, -18.00194 ], [ -63.38821, -18.00196 ], [ -63.38833, -18.00215 ], [ -63.38884, -18.00185 ], [ -63.38885, -18.00181 ] ] ] } },
{ "type": "Feature", "properties": { "i": 729 }, "geometry": { "type": "Polygon", "coordinates": [ [ [ -63.39501, -18.00099 ], [ -63.39391, -17.99972 ], [ -63.39344, -18.00006 ], [ -63.39452, -18.00131 ], [ -63.39459, -18.00133 ], [ -63.39501, -18.00099 ] ] ] } },
{ "type": "Feature", "properties": { "i": 730 }, "geometry": { "type": "Polygon", "coordinates": [ [ [ -63.38906, -18.00184 ], [ -63.39002, -18.00126 ], [ -63.38985, -18.00099 ], [ -63.3894, -18.00117 ], [ -63.38874, -18.00132 ], [ -63.38906, -18.00184 ] ] ] } },
{ "type": "Feature", "properties": { "i": 731 }, "geometry": { "type": "Polygon", "coordinates": [ [ [ -63.39532, -18.00076 ], [ -63.39443, -17.99973 ], [ -63.39503, -17.99926 ], [ -63.3948, -17.99899 ], [ -63.3945, -17.99924 ], [ -63.39463, -17.9994 ], [ -63.39457, -17.99945 ], [ -63.39443, -17.99929 ], [ -63.394, -17.99964 ], [ -63.39508, -18.00094 ], [ -63.39532, -18.00076 ] ] ] } },
{ "type": "Feature", "properties": { "i": 732 }, "geometry": { "type": "Polygon", "coordinates": [ [ [ -63.38489, -18.00263 ], [ -63.38561, -18.00221 ], [ -63.38562, -18.00215 ], [ -63.38536, -18.00174 ], [ -63.38466, -18.00214 ], [ -63.38465, -18.00221 ], [ -63.38489, -18.00263 ] ] ] } },
{ "type": "Feature", "properties": { "i": 733 }, "geometry": { "type": "Polygon", "coordinates": [ [ [ -63.39254, -18.00059 ], [ -63.39204, -18.00001 ], [ -63.39146, -18.00048 ], [ -63.39197, -18.0011 ], [ -63.39253, -18.00063 ], [ -63.39254, -18.00059 ] ] ] } },
{ "type": "Feature", "properties": { "i": 734 }, "geometry": { "type": "Polygon", "coordinates": [ [ [ -63.38599, -18.00247 ], [ -63.38634, -18.00141 ], [ -63.38588, -18.00127 ], [ -63.38562, -18.00127 ], [ -63.38531, -18.00136 ], [ -63.38594, -18.00249 ], [ -63.38599, -18.00247 ] ] ] } },
{ "type": "Feature", "properties": { "i": 735 }, "geometry": { "type": "Polygon", "coordinates": [ [ [ -63.38919, -18.00012 ], [ -63.38914, -18.00011 ], [ -63.3887, -18.00039 ], [ -63.3891, -18.00108 ], [ -63.38937, -18.00106 ], [ -63.38968, -18.00092 ], [ -63.3897, -18.00088 ], [ -63.38919, -18.00012 ] ] ] } },
{ "type": "Feature", "properties": { "i": 736 }, "geometry": { "type": "Polygon", "coordinates": [ [ [ -63.3845, -18.00165 ], [ -63.3847, -18.002 ], [ -63.3853, -18.00166 ], [ -63.38532, -18.0016 ], [ -63.385, -18.00103 ], [ -63.38497, -18.00102 ], [ -63.3845, -18.00161 ], [ -63.3845, -18.00165 ] ] ] } },
{ "type": "Feature", "properties": { "i": 737 }, "geometry": { "type": "Polygon", "coordinates": [ [ [ -63.39327, -17.99998 ], [ -63.3928, -17.99941 ], [ -63.39277, -17.99941 ], [ -63.39213, -17.99993 ], [ -63.39263, -18.00054 ], [ -63.39326, -18.00001 ], [ -63.39327, -17.99998 ] ] ] } },
{ "type": "Feature", "properties": { "i": 738 }, "geometry": { "type": "Polygon", "coordinates": [ [ [ -63.38454, -18.00195 ], [ -63.38407, -18.00224 ], [ -63.38413, -18.0023 ], [ -63.38449, -18.00207 ], [ -63.38452, -18.00208 ], [ -63.38502, -18.00319 ], [ -63.38406, -18.00346 ], [ -63.38398, -18.00345 ], [ -63.38227, -18.00087 ], [ -63.38258, -18.00036 ], [ -63.38277, -18.00016 ], [ -63.38301, -18.00063 ], [ -63.38347, -18.00126 ], [ -63.3837, -18.00167 ], [ -63.38375, -18.0017 ], [ -63.38378, -18.00169 ], [ -63.38425, -18.00139 ], [ -63.3843, -18.00139 ], [ -63.38435, -18.00147 ], [ -63.38454, -18.00195 ] ] ] } },
{ "type": "Feature", "properties": { "i": 739 }, "geometry": { "type": "Polygon", "coordinates": [ [ [ -63.39015, -18.0006 ], [ -63.38961, -17.99981 ], [ -63.38927, -18.00003 ], [ -63.38927, -18.00007 ], [ -63.38976, -18.00084 ], [ -63.38984, -18.00084 ], [ -63.39014, -18.00064 ], [ -63.39015, -18.0006 ] ] ] } },
{ "type": "Feature", "properties": { "i": 740 }, "geometry": { "type": "Polygon", "coordinates": [ [ [ -63.38784, -18.00123 ], [ -63.38818, -18.00188 ], [ -63.38875, -18.00166 ], [ -63.38854, -18.00127 ], [ -63.38897, -18.00111 ], [ -63.38897, -18.00108 ], [ -63.38789, -17.99929 ], [ -63.38718, -18.00001 ], [ -63.38782, -18.00119 ], [ -63.38833, -18.00089 ], [ -63.38835, -18.00091 ], [ -63.38784, -18.00123 ] ] ] } },
{ "type": "Feature", "properties": { "i": 741 }, "geometry": { "type": "Polygon", "coordinates": [ [ [ -63.39099, -18.00011 ], [ -63.39052, -17.99955 ], [ -63.39049, -17.99955 ], [ -63.38988, -18.00001 ], [ -63.39027, -18.00056 ], [ -63.39099, -18.00011 ] ] ] } },
{ "type": "Feature", "properties": { "i": 742 }, "geometry": { "type": "Polygon", "coordinates": [ [ [ -63.39382, -17.99959 ], [ -63.3933, -17.99901 ], [ -63.39325, -17.99901 ], [ -63.39286, -17.99934 ], [ -63.39337, -17.99997 ], [ -63.39382, -17.99963 ], [ -63.39382, -17.99959 ] ] ] } },
{ "type": "Feature", "properties": { "i": 743 }, "geometry": { "type": "Polygon", "coordinates": [ [ [ -63.39132, -18.00033 ], [ -63.39136, -18.00033 ], [ -63.39195, -17.99987 ], [ -63.39124, -17.99903 ], [ -63.3912, -17.99902 ], [ -63.39062, -17.99946 ], [ -63.39062, -17.99949 ], [ -63.39132, -18.00033 ] ] ] } },
{ "type": "Feature", "properties": { "i": 744 }, "geometry": { "type": "Polygon", "coordinates": [ [ [ -63.38633, -18.00135 ], [ -63.38574, -18.00022 ], [ -63.38564, -18.0002 ], [ -63.38508, -18.00091 ], [ -63.38508, -18.00097 ], [ -63.38522, -18.00123 ], [ -63.38528, -18.00129 ], [ -63.38551, -18.00122 ], [ -63.38586, -18.00123 ], [ -63.3863, -18.00136 ], [ -63.38633, -18.00135 ] ] ] } },
{ "type": "Feature", "properties": { "i": 745 }, "geometry": { "type": "Polygon", "coordinates": [ [ [ -63.39434, -17.99923 ], [ -63.39434, -17.99917 ], [ -63.39383, -17.99858 ], [ -63.39338, -17.99893 ], [ -63.39391, -17.99957 ], [ -63.39434, -17.99923 ] ] ] } },
{ "type": "Feature", "properties": { "i": 746 }, "geometry": { "type": "Polygon", "coordinates": [ [ [ -63.38446, -18.00148 ], [ -63.38449, -18.00147 ], [ -63.38493, -18.00092 ], [ -63.38479, -18.00067 ], [ -63.38422, -18.00096 ], [ -63.38446, -18.00148 ] ] ] } },
{ "type": "Feature", "properties": { "i": 747 }, "geometry": { "type": "Polygon", "coordinates": [ [ [ -63.39269, -17.99928 ], [ -63.39217, -17.9987 ], [ -63.39213, -17.9987 ], [ -63.39158, -17.99913 ], [ -63.39158, -17.99919 ], [ -63.3921, -17.99979 ], [ -63.39268, -17.99933 ], [ -63.39269, -17.99928 ] ] ] } },
{ "type": "Feature", "properties": { "i": 748 }, "geometry": { "type": "Polygon", "coordinates": [ [ [ -63.38374, -18.00157 ], [ -63.38424, -18.00128 ], [ -63.38424, -18.00123 ], [ -63.38381, -18.00042 ], [ -63.38377, -18.00042 ], [ -63.38321, -18.00065 ], [ -63.38318, -18.00069 ], [ -63.38374, -18.00157 ] ] ] } },
{ "type": "Feature", "properties": { "i": 749 }, "geometry": { "type": "Polygon", "coordinates": [ [ [ -63.38958, -17.99973 ], [ -63.38921, -17.9993 ], [ -63.38835, -17.99984 ], [ -63.38863, -18.0003 ], [ -63.38868, -18.0003 ], [ -63.38958, -17.99973 ] ] ] } },
{ "type": "Feature", "properties": { "i": 750 }, "geometry": { "type": "Polygon", "coordinates": [ [ [ -63.38654, -17.99964 ], [ -63.38579, -18.00002 ], [ -63.38577, -18.00009 ], [ -63.38637, -18.00121 ], [ -63.38649, -18.00086 ], [ -63.38659, -18.00066 ], [ -63.38686, -18.00025 ], [ -63.38685, -18.00019 ], [ -63.38654, -17.99964 ] ] ] } },
{ "type": "Feature", "properties": { "i": 751 }, "geometry": { "type": "Polygon", "coordinates": [ [ [ -63.39042, -17.9995 ], [ -63.39042, -17.99945 ], [ -63.38992, -17.99885 ], [ -63.38988, -17.99885 ], [ -63.3893, -17.99924 ], [ -63.3893, -17.99927 ], [ -63.3898, -17.99992 ], [ -63.38985, -17.99992 ], [ -63.39042, -17.9995 ] ] ] } },
{ "type": "Feature", "properties": { "i": 752 }, "geometry": { "type": "Polygon", "coordinates": [ [ [ -63.3928, -17.99925 ], [ -63.39323, -17.99891 ], [ -63.39269, -17.99827 ], [ -63.39224, -17.9986 ], [ -63.3928, -17.99925 ] ] ] } },
{ "type": "Feature", "properties": { "i": 753 }, "geometry": { "type": "Polygon", "coordinates": [ [ [ -63.39556, -17.99828 ], [ -63.39503, -17.99763 ], [ -63.39445, -17.99809 ], [ -63.39498, -17.99873 ], [ -63.39556, -17.99828 ] ] ] } },
{ "type": "Feature", "properties": { "i": 754 }, "geometry": { "type": "Polygon", "coordinates": [ [ [ -63.38419, -18.00083 ], [ -63.38472, -18.00059 ], [ -63.38473, -18.00057 ], [ -63.3845, -18.00015 ], [ -63.38447, -18.00013 ], [ -63.38443, -18.00013 ], [ -63.38397, -18.00034 ], [ -63.38393, -18.00038 ], [ -63.38415, -18.00081 ], [ -63.38419, -18.00083 ] ] ] } },
{ "type": "Feature", "properties": { "i": 755 }, "geometry": { "type": "Polygon", "coordinates": [ [ [ -63.39375, -17.99851 ], [ -63.39323, -17.99787 ], [ -63.39278, -17.99821 ], [ -63.39331, -17.99885 ], [ -63.39375, -17.99851 ] ] ] } },
{ "type": "Feature", "properties": { "i": 756 }, "geometry": { "type": "Polygon", "coordinates": [ [ [ -63.39056, -17.99938 ], [ -63.39053, -17.99938 ], [ -63.39006, -17.99882 ], [ -63.39007, -17.99879 ], [ -63.39064, -17.99839 ], [ -63.39067, -17.99839 ], [ -63.39114, -17.99891 ], [ -63.39114, -17.99895 ], [ -63.39056, -17.99938 ] ] ] } },
{ "type": "Feature", "properties": { "i": 757 }, "geometry": { "type": "Polygon", "coordinates": [ [ [ -63.39445, -17.99679 ], [ -63.3939, -17.99615 ], [ -63.39636, -17.99429 ], [ -63.39652, -17.99432 ], [ -63.39777, -17.99579 ], [ -63.39784, -17.99627 ], [ -63.39775, -17.99653 ], [ -63.3978, -17.9969 ], [ -63.39819, -17.99748 ], [ -63.3985, -17.99776 ], [ -63.39886, -17.99794 ], [ -63.39888, -17.99802 ], [ -63.39714, -17.99934 ], [ -63.3964, -17.99843 ], [ -63.39634, -17.99846 ], [ -63.39709, -17.99938 ], [ -63.39536, -18.00074 ], [ -63.3945, -17.99972 ], [ -63.39528, -17.9991 ], [ -63.39507, -17.99883 ], [ -63.39506, -17.99879 ], [ -63.39568, -17.99833 ], [ -63.39533, -17.99792 ], [ -63.39538, -17.99788 ], [ -63.39511, -17.99756 ], [ -63.39604, -17.99679 ], [ -63.396, -17.99674 ], [ -63.39506, -17.99751 ], [ -63.39452, -17.99687 ], [ -63.39452, -17.99682 ], [ -63.39514, -17.99634 ], [ -63.39542, -17.99667 ], [ -63.39547, -17.99663 ], [ -63.39493, -17.99599 ], [ -63.39489, -17.99603 ], [ -63.39511, -17.99629 ], [ -63.39445, -17.99679 ] ] ] } },
{ "type": "Feature", "properties": { "i": 758 }, "geometry": { "type": "Polygon", "coordinates": [ [ [ -63.3921, -17.99857 ], [ -63.39158, -17.99794 ], [ -63.3909, -17.99845 ], [ -63.3909, -17.99848 ], [ -63.39141, -17.99909 ], [ -63.39146, -17.99909 ], [ -63.39209, -17.9986 ], [ -63.3921, -17.99857 ] ] ] } },
{ "type": "Feature", "properties": { "i": 759 }, "geometry": { "type": "Polygon", "coordinates": [ [ [ -63.38912, -17.99922 ], [ -63.38864, -17.99866 ], [ -63.38857, -17.99865 ], [ -63.38797, -17.99922 ], [ -63.38828, -17.99971 ], [ -63.38833, -17.99972 ], [ -63.38912, -17.99922 ] ] ] } },
{ "type": "Feature", "properties": { "i": 760 }, "geometry": { "type": "Polygon", "coordinates": [ [ [ -63.38509, -17.99915 ], [ -63.38427, -17.99951 ], [ -63.38427, -17.99955 ], [ -63.38498, -18.00078 ], [ -63.38505, -18.00076 ], [ -63.38561, -18.00007 ], [ -63.38561, -18.0 ], [ -63.38509, -17.99915 ] ] ] } },
{ "type": "Feature", "properties": { "i": 761 }, "geometry": { "type": "Polygon", "coordinates": [ [ [ -63.38102, -18.00181 ], [ -63.38215, -18.00094 ], [ -63.3823, -18.00063 ], [ -63.38184, -17.99982 ], [ -63.38181, -17.9998 ], [ -63.38174, -17.99983 ], [ -63.38148, -18.00034 ], [ -63.38161, -18.00062 ], [ -63.38159, -18.00063 ], [ -63.38144, -18.00042 ], [ -63.38133, -18.00058 ], [ -63.38123, -18.00064 ], [ -63.38098, -18.0007 ], [ -63.38081, -18.0007 ], [ -63.38048, -18.00064 ], [ -63.38008, -18.00052 ], [ -63.37995, -18.0005 ], [ -63.37911, -18.00055 ], [ -63.37891, -18.00059 ], [ -63.37881, -18.00065 ], [ -63.37893, -18.00078 ], [ -63.37892, -18.0008 ], [ -63.37879, -18.00067 ], [ -63.37845, -18.00089 ], [ -63.37855, -18.00111 ], [ -63.37852, -18.00111 ], [ -63.37841, -18.00091 ], [ -63.37834, -18.00096 ], [ -63.37805, -18.00128 ], [ -63.37786, -18.0016 ], [ -63.3782, -18.00187 ], [ -63.37817, -18.0019 ], [ -63.37784, -18.00165 ], [ -63.37767, -18.00193 ], [ -63.37838, -18.00252 ], [ -63.37978, -18.00309 ], [ -63.38102, -18.00181 ] ] ] } },
{ "type": "Feature", "properties": { "i": 762 }, "geometry": { "type": "Polygon", "coordinates": [ [ [ -63.39428, -17.99808 ], [ -63.39375, -17.99747 ], [ -63.39371, -17.99747 ], [ -63.39331, -17.99778 ], [ -63.39382, -17.99842 ], [ -63.39428, -17.99808 ] ] ] } },
{ "type": "Feature", "properties": { "i": 763 }, "geometry": { "type": "Polygon", "coordinates": [ [ [ -63.39494, -17.99752 ], [ -63.39444, -17.99694 ], [ -63.39438, -17.99694 ], [ -63.39386, -17.99736 ], [ -63.39386, -17.9974 ], [ -63.39436, -17.99801 ], [ -63.39493, -17.99757 ], [ -63.39494, -17.99752 ] ] ] } },
{ "type": "Feature", "properties": { "i": 764 }, "geometry": { "type": "Polygon", "coordinates": [ [ [ -63.38441, -18.0 ], [ -63.38418, -17.99957 ], [ -63.38413, -17.99956 ], [ -63.38288, -18.00009 ], [ -63.38287, -18.00013 ], [ -63.38307, -18.00056 ], [ -63.38309, -18.00058 ], [ -63.38314, -18.00058 ], [ -63.3844, -18.00004 ], [ -63.38441, -18.0 ] ] ] } },
{ "type": "Feature", "properties": { "i": 765 }, "geometry": { "type": "Polygon", "coordinates": [ [ [ -63.39271, -17.99812 ], [ -63.39218, -17.99746 ], [ -63.39165, -17.99787 ], [ -63.39165, -17.99791 ], [ -63.39218, -17.99853 ], [ -63.39271, -17.99812 ] ] ] } },
{ "type": "Feature", "properties": { "i": 766 }, "geometry": { "type": "Polygon", "coordinates": [ [ [ -63.3857, -17.99991 ], [ -63.38578, -17.99993 ], [ -63.38648, -17.99957 ], [ -63.38648, -17.99953 ], [ -63.38602, -17.99871 ], [ -63.38532, -17.99917 ], [ -63.3853, -17.99921 ], [ -63.38531, -17.99928 ], [ -63.3857, -17.99991 ] ] ] } },
{ "type": "Feature", "properties": { "i": 767 }, "geometry": { "type": "Polygon", "coordinates": [ [ [ -63.38983, -17.99876 ], [ -63.38984, -17.99873 ], [ -63.38916, -17.99795 ], [ -63.38912, -17.99795 ], [ -63.38867, -17.99852 ], [ -63.38924, -17.99917 ], [ -63.38983, -17.99876 ] ] ] } },
{ "type": "Feature", "properties": { "i": 768 }, "geometry": { "type": "Polygon", "coordinates": [ [ [ -63.38709, -17.99992 ], [ -63.38713, -17.99993 ], [ -63.38781, -17.99918 ], [ -63.38722, -17.99812 ], [ -63.38719, -17.9981 ], [ -63.38635, -17.9985 ], [ -63.38634, -17.99854 ], [ -63.38709, -17.99992 ] ] ] } },
{ "type": "Feature", "properties": { "i": 769 }, "geometry": { "type": "Polygon", "coordinates": [ [ [ -63.38237, -18.00045 ], [ -63.38273, -18.00004 ], [ -63.38272, -18.00001 ], [ -63.38234, -17.99933 ], [ -63.3823, -17.99933 ], [ -63.38184, -17.99957 ], [ -63.38183, -17.99959 ], [ -63.38232, -18.00047 ], [ -63.38237, -18.00045 ] ] ] } },
{ "type": "Feature", "properties": { "i": 770 }, "geometry": { "type": "Polygon", "coordinates": [ [ [ -63.38103, -18.00005 ], [ -63.38071, -18.00005 ], [ -63.38028, -17.99993 ], [ -63.3787, -18.00033 ], [ -63.37882, -18.00055 ], [ -63.3791, -18.00048 ], [ -63.37999, -18.00041 ], [ -63.38054, -18.00056 ], [ -63.38083, -18.0006 ], [ -63.38107, -18.00058 ], [ -63.38117, -18.00053 ], [ -63.38131, -18.00041 ], [ -63.38144, -18.00023 ], [ -63.38167, -17.9998 ], [ -63.38165, -17.99976 ], [ -63.38153, -17.99966 ], [ -63.3813, -17.99994 ], [ -63.38103, -18.00005 ] ] ] } },
{ "type": "Feature", "properties": { "i": 771 }, "geometry": { "type": "Polygon", "coordinates": [ [ [ -63.39335, -17.99764 ], [ -63.39281, -17.99697 ], [ -63.39226, -17.9974 ], [ -63.39279, -17.99806 ], [ -63.39335, -17.99764 ] ] ] } },
{ "type": "Feature", "properties": { "i": 772 }, "geometry": { "type": "Polygon", "coordinates": [ [ [ -63.38286, -17.99999 ], [ -63.38332, -17.99979 ], [ -63.38332, -17.99975 ], [ -63.38296, -17.99907 ], [ -63.38292, -17.99907 ], [ -63.38243, -17.99928 ], [ -63.38282, -17.99998 ], [ -63.38286, -17.99999 ] ] ] } },
{ "type": "Feature", "properties": { "i": 773 }, "geometry": { "type": "Polygon", "coordinates": [ [ [ -63.38997, -17.9987 ], [ -63.39058, -17.9983 ], [ -63.39059, -17.99827 ], [ -63.38973, -17.99725 ], [ -63.38969, -17.99724 ], [ -63.38965, -17.99726 ], [ -63.38923, -17.99782 ], [ -63.38923, -17.99786 ], [ -63.38988, -17.99864 ], [ -63.38997, -17.9987 ] ] ] } },
{ "type": "Feature", "properties": { "i": 774 }, "geometry": { "type": "Polygon", "coordinates": [ [ [ -63.38856, -17.99853 ], [ -63.38797, -17.99773 ], [ -63.3873, -17.99805 ], [ -63.3873, -17.99809 ], [ -63.3879, -17.99909 ], [ -63.38795, -17.99911 ], [ -63.38856, -17.99853 ] ] ] } },
{ "type": "Feature", "properties": { "i": 775 }, "geometry": { "type": "Polygon", "coordinates": [ [ [ -63.38345, -17.99972 ], [ -63.38349, -17.99973 ], [ -63.38406, -17.99947 ], [ -63.38409, -17.99944 ], [ -63.38409, -17.99939 ], [ -63.38374, -17.99875 ], [ -63.3837, -17.99873 ], [ -63.38309, -17.99901 ], [ -63.38308, -17.99904 ], [ -63.38345, -17.99972 ] ] ] } },
{ "type": "Feature", "properties": { "i": 776 }, "geometry": { "type": "Polygon", "coordinates": [ [ [ -63.38462, -17.99833 ], [ -63.38383, -17.99868 ], [ -63.38421, -17.99939 ], [ -63.38503, -17.99904 ], [ -63.38466, -17.99834 ], [ -63.38462, -17.99833 ] ] ] } },
{ "type": "Feature", "properties": { "i": 777 }, "geometry": { "type": "Polygon", "coordinates": [ [ [ -63.39207, -17.99737 ], [ -63.39159, -17.99678 ], [ -63.39115, -17.99713 ], [ -63.39165, -17.99773 ], [ -63.39207, -17.9974 ], [ -63.39207, -17.99737 ] ] ] } },
{ "type": "Feature", "properties": { "i": 778 }, "geometry": { "type": "Polygon", "coordinates": [ [ [ -63.39393, -17.9972 ], [ -63.39339, -17.99655 ], [ -63.39289, -17.99693 ], [ -63.39342, -17.9976 ], [ -63.39393, -17.9972 ] ] ] } },
{ "type": "Feature", "properties": { "i": 779 }, "geometry": { "type": "Polygon", "coordinates": [ [ [ -63.39155, -17.99779 ], [ -63.39046, -17.99655 ], [ -63.39043, -17.99655 ], [ -63.38977, -17.99715 ], [ -63.39004, -17.99745 ], [ -63.39061, -17.99693 ], [ -63.39064, -17.99696 ], [ -63.39007, -17.99748 ], [ -63.39081, -17.99836 ], [ -63.39089, -17.99835 ], [ -63.39155, -17.99779 ] ] ] } },
{ "type": "Feature", "properties": { "i": 780 }, "geometry": { "type": "Polygon", "coordinates": [ [ [ -63.38089, -17.99924 ], [ -63.38104, -17.9991 ], [ -63.38107, -17.9991 ], [ -63.3815, -17.99962 ], [ -63.38121, -17.99989 ], [ -63.38113, -17.99993 ], [ -63.38105, -17.99995 ], [ -63.38077, -17.99995 ], [ -63.3806, -17.99994 ], [ -63.38049, -17.9999 ], [ -63.38054, -17.99973 ], [ -63.38089, -17.99924 ] ] ] } },
{ "type": "Feature", "properties": { "i": 781 }, "geometry": { "type": "Polygon", "coordinates": [ [ [ -63.38523, -17.99909 ], [ -63.38598, -17.99861 ], [ -63.38562, -17.99793 ], [ -63.38559, -17.99791 ], [ -63.38555, -17.99791 ], [ -63.38477, -17.99826 ], [ -63.38475, -17.99829 ], [ -63.3852, -17.99908 ], [ -63.38523, -17.99909 ] ] ] } },
{ "type": "Feature", "properties": { "i": 782 }, "geometry": { "type": "Polygon", "coordinates": [ [ [ -63.3803, -17.99984 ], [ -63.38031, -17.99968 ], [ -63.37952, -17.99895 ], [ -63.37863, -17.99889 ], [ -63.37818, -17.99902 ], [ -63.37775, -18.0 ], [ -63.37773, -18.00047 ], [ -63.37832, -18.00086 ], [ -63.37875, -18.00058 ], [ -63.37875, -18.00053 ], [ -63.37861, -18.00031 ], [ -63.37863, -18.00027 ], [ -63.37873, -18.00024 ], [ -63.37876, -18.00016 ], [ -63.37883, -18.00007 ], [ -63.37891, -18.00002 ], [ -63.37892, -18.00005 ], [ -63.37885, -18.00009 ], [ -63.37877, -18.00021 ], [ -63.37878, -18.00023 ], [ -63.3803, -17.99984 ] ] ] } },
{ "type": "Feature", "properties": { "i": 783 }, "geometry": { "type": "Polygon", "coordinates": [ [ [ -63.38864, -17.99845 ], [ -63.38947, -17.99733 ], [ -63.38946, -17.99725 ], [ -63.38929, -17.99706 ], [ -63.38924, -17.99706 ], [ -63.38807, -17.99768 ], [ -63.38807, -17.99771 ], [ -63.38843, -17.99823 ], [ -63.38858, -17.99843 ], [ -63.38864, -17.99845 ] ] ] } },
{ "type": "Feature", "properties": { "i": 784 }, "geometry": { "type": "Polygon", "coordinates": [ [ [ -63.39435, -17.99687 ], [ -63.39435, -17.99681 ], [ -63.39383, -17.99622 ], [ -63.39345, -17.99651 ], [ -63.39398, -17.99716 ], [ -63.39435, -17.99687 ] ] ] } },
{ "type": "Feature", "properties": { "i": 785 }, "geometry": { "type": "Polygon", "coordinates": [ [ [ -63.38287, -17.99894 ], [ -63.38265, -17.99851 ], [ -63.38263, -17.99849 ], [ -63.38258, -17.99849 ], [ -63.3823, -17.99875 ], [ -63.38222, -17.99885 ], [ -63.38198, -17.99936 ], [ -63.382, -17.99937 ], [ -63.38266, -17.99908 ], [ -63.38287, -17.99898 ], [ -63.38287, -17.99894 ] ] ] } },
{ "type": "Feature", "properties": { "i": 786 }, "geometry": { "type": "Polygon", "coordinates": [ [ [ -63.38714, -17.99801 ], [ -63.38674, -17.99733 ], [ -63.38671, -17.99731 ], [ -63.38593, -17.99776 ], [ -63.38632, -17.99843 ], [ -63.38714, -17.99801 ] ] ] } },
{ "type": "Feature", "properties": { "i": 787 }, "geometry": { "type": "Polygon", "coordinates": [ [ [ -63.39217, -17.99731 ], [ -63.39315, -17.99658 ], [ -63.39272, -17.99593 ], [ -63.39167, -17.99671 ], [ -63.39217, -17.99731 ] ] ] } },
{ "type": "Feature", "properties": { "i": 788 }, "geometry": { "type": "Polygon", "coordinates": [ [ [ -63.38366, -17.99866 ], [ -63.38368, -17.9986 ], [ -63.38335, -17.99803 ], [ -63.3833, -17.99803 ], [ -63.3827, -17.99839 ], [ -63.38301, -17.99892 ], [ -63.38305, -17.99893 ], [ -63.38366, -17.99866 ] ] ] } },
{ "type": "Feature", "properties": { "i": 789 }, "geometry": { "type": "Polygon", "coordinates": [ [ [ -63.38187, -17.99936 ], [ -63.38189, -17.99936 ], [ -63.38213, -17.99884 ], [ -63.38213, -17.99879 ], [ -63.38174, -17.99834 ], [ -63.38169, -17.99833 ], [ -63.3813, -17.99861 ], [ -63.38128, -17.99867 ], [ -63.38187, -17.99936 ] ] ] } },
{ "type": "Feature", "properties": { "i": 790 }, "geometry": { "type": "Polygon", "coordinates": [ [ [ -63.38789, -17.99765 ], [ -63.38739, -17.99698 ], [ -63.38734, -17.99698 ], [ -63.3868, -17.99727 ], [ -63.38724, -17.99797 ], [ -63.38789, -17.99765 ] ] ] } },
{ "type": "Feature", "properties": { "i": 791 }, "geometry": { "type": "Polygon", "coordinates": [ [ [ -63.39106, -17.99705 ], [ -63.39148, -17.99674 ], [ -63.39148, -17.99669 ], [ -63.39109, -17.99623 ], [ -63.39086, -17.99629 ], [ -63.39055, -17.99644 ], [ -63.39106, -17.99705 ] ] ] } },
{ "type": "Feature", "properties": { "i": 792 }, "geometry": { "type": "Polygon", "coordinates": [ [ [ -63.38458, -17.99819 ], [ -63.38447, -17.99801 ], [ -63.38388, -17.99823 ], [ -63.38387, -17.99821 ], [ -63.38445, -17.99798 ], [ -63.38425, -17.99762 ], [ -63.3842, -17.99761 ], [ -63.38344, -17.99795 ], [ -63.38343, -17.99799 ], [ -63.38375, -17.99858 ], [ -63.3838, -17.99858 ], [ -63.38456, -17.99826 ], [ -63.38458, -17.99819 ] ] ] } },
{ "type": "Feature", "properties": { "i": 793 }, "geometry": { "type": "Polygon", "coordinates": [ [ [ -63.39369, -17.99617 ], [ -63.39319, -17.99559 ], [ -63.39314, -17.99559 ], [ -63.39279, -17.99586 ], [ -63.39323, -17.99649 ], [ -63.39328, -17.99649 ], [ -63.39369, -17.99617 ] ] ] } },
{ "type": "Feature", "properties": { "i": 794 }, "geometry": { "type": "Polygon", "coordinates": [ [ [ -63.38833, -17.99707 ], [ -63.38828, -17.99709 ], [ -63.388, -17.99673 ], [ -63.38747, -17.99694 ], [ -63.38798, -17.99759 ], [ -63.38922, -17.99698 ], [ -63.38922, -17.99696 ], [ -63.38881, -17.9964 ], [ -63.38877, -17.99639 ], [ -63.38805, -17.99671 ], [ -63.38833, -17.99707 ] ] ] } },
{ "type": "Feature", "properties": { "i": 795 }, "geometry": { "type": "Polygon", "coordinates": [ [ [ -63.38554, -17.9978 ], [ -63.38519, -17.99716 ], [ -63.38432, -17.99757 ], [ -63.38467, -17.99817 ], [ -63.3847, -17.99819 ], [ -63.38554, -17.9978 ] ] ] } },
{ "type": "Feature", "properties": { "i": 796 }, "geometry": { "type": "Polygon", "coordinates": [ [ [ -63.38665, -17.99724 ], [ -63.38666, -17.99721 ], [ -63.38642, -17.9968 ], [ -63.38639, -17.99679 ], [ -63.38568, -17.99728 ], [ -63.38567, -17.99731 ], [ -63.38587, -17.99766 ], [ -63.3859, -17.99767 ], [ -63.38665, -17.99724 ] ] ] } },
{ "type": "Feature", "properties": { "i": 797 }, "geometry": { "type": "Polygon", "coordinates": [ [ [ -63.38289, -17.99729 ], [ -63.38227, -17.99764 ], [ -63.38262, -17.99829 ], [ -63.38268, -17.99828 ], [ -63.38328, -17.99793 ], [ -63.38328, -17.9979 ], [ -63.38293, -17.99729 ], [ -63.38289, -17.99729 ] ] ] } },
{ "type": "Feature", "properties": { "i": 798 }, "geometry": { "type": "Polygon", "coordinates": [ [ [ -63.38729, -17.99635 ], [ -63.38704, -17.99639 ], [ -63.38695, -17.99643 ], [ -63.38649, -17.99673 ], [ -63.38649, -17.99676 ], [ -63.38676, -17.99719 ], [ -63.38757, -17.99681 ], [ -63.38758, -17.99675 ], [ -63.38729, -17.99635 ] ] ] } },
{ "type": "Feature", "properties": { "i": 799 }, "geometry": { "type": "Polygon", "coordinates": [ [ [ -63.39036, -17.99641 ], [ -63.39073, -17.9962 ], [ -63.3912, -17.99604 ], [ -63.39134, -17.99589 ], [ -63.39145, -17.99538 ], [ -63.39144, -17.99524 ], [ -63.39135, -17.99483 ], [ -63.39126, -17.99457 ], [ -63.39001, -17.99512 ], [ -63.39024, -17.99561 ], [ -63.39022, -17.99571 ], [ -63.38892, -17.99632 ], [ -63.38892, -17.99637 ], [ -63.38951, -17.99719 ], [ -63.38961, -17.99719 ], [ -63.39018, -17.99657 ], [ -63.39036, -17.99641 ] ] ] } },
{ "type": "Feature", "properties": { "i": 800 }, "geometry": { "type": "Polygon", "coordinates": [ [ [ -63.3838, -17.99685 ], [ -63.38376, -17.99684 ], [ -63.38302, -17.99721 ], [ -63.38337, -17.99788 ], [ -63.38341, -17.99789 ], [ -63.38417, -17.99755 ], [ -63.38418, -17.9975 ], [ -63.3838, -17.99685 ] ] ] } },
{ "type": "Feature", "properties": { "i": 801 }, "geometry": { "type": "Polygon", "coordinates": [ [ [ -63.38163, -17.99823 ], [ -63.38088, -17.9973 ], [ -63.38082, -17.99726 ], [ -63.38019, -17.99767 ], [ -63.3802, -17.99771 ], [ -63.38119, -17.99858 ], [ -63.38163, -17.99828 ], [ -63.38163, -17.99823 ] ] ] } },
{ "type": "Feature", "properties": { "i": 802 }, "geometry": { "type": "Polygon", "coordinates": [ [ [ -63.38201, -17.99737 ], [ -63.38167, -17.99675 ], [ -63.38097, -17.99718 ], [ -63.38097, -17.99723 ], [ -63.3816, -17.99799 ], [ -63.3819, -17.99778 ], [ -63.38192, -17.99782 ], [ -63.38165, -17.99801 ], [ -63.38164, -17.99804 ], [ -63.38217, -17.99871 ], [ -63.38221, -17.99872 ], [ -63.38255, -17.99843 ], [ -63.38255, -17.99834 ], [ -63.38204, -17.99741 ], [ -63.38181, -17.99756 ], [ -63.38157, -17.99721 ], [ -63.3816, -17.99719 ], [ -63.38181, -17.99751 ], [ -63.38201, -17.99737 ] ] ] } },
{ "type": "Feature", "properties": { "i": 803 }, "geometry": { "type": "Polygon", "coordinates": [ [ [ -63.38872, -17.99632 ], [ -63.38839, -17.99587 ], [ -63.38738, -17.99631 ], [ -63.38768, -17.99675 ], [ -63.38872, -17.99632 ] ] ] } },
{ "type": "Feature", "properties": { "i": 804 }, "geometry": { "type": "Polygon", "coordinates": [ [ [ -63.38081, -17.99862 ], [ -63.38028, -17.99828 ], [ -63.37981, -17.99779 ], [ -63.37907, -17.99682 ], [ -63.37851, -17.99705 ], [ -63.37839, -17.99681 ], [ -63.37926, -17.99644 ], [ -63.37932, -17.99645 ], [ -63.37956, -17.99688 ], [ -63.38012, -17.99772 ], [ -63.38054, -17.99813 ], [ -63.38116, -17.99866 ], [ -63.38184, -17.99946 ], [ -63.38173, -17.99968 ], [ -63.38166, -17.99967 ], [ -63.38151, -17.9995 ], [ -63.38081, -17.99862 ] ] ] } },
{ "type": "Feature", "properties": { "i": 805 }, "geometry": { "type": "Polygon", "coordinates": [ [ [ -63.38511, -17.99702 ], [ -63.38473, -17.99634 ], [ -63.38391, -17.99676 ], [ -63.38391, -17.9968 ], [ -63.38425, -17.99747 ], [ -63.38429, -17.9975 ], [ -63.3851, -17.99712 ], [ -63.38512, -17.99709 ], [ -63.38511, -17.99702 ] ] ] } },
{ "type": "Feature", "properties": { "i": 806 }, "geometry": { "type": "Polygon", "coordinates": [ [ [ -63.39016, -17.99565 ], [ -63.38995, -17.99518 ], [ -63.3899, -17.99517 ], [ -63.38851, -17.9958 ], [ -63.3885, -17.99584 ], [ -63.38881, -17.99625 ], [ -63.38884, -17.99626 ], [ -63.39016, -17.99565 ] ] ] } },
{ "type": "Feature", "properties": { "i": 807 }, "geometry": { "type": "Polygon", "coordinates": [ [ [ -63.3865, -17.99659 ], [ -63.38596, -17.9957 ], [ -63.38508, -17.99622 ], [ -63.38563, -17.99721 ], [ -63.38649, -17.99663 ], [ -63.3865, -17.99659 ] ] ] } },
{ "type": "Feature", "properties": { "i": 808 }, "geometry": { "type": "Polygon", "coordinates": [ [ [ -63.39466, -17.99348 ], [ -63.39428, -17.99409 ], [ -63.39379, -17.99471 ], [ -63.39274, -17.99371 ], [ -63.39135, -17.99452 ], [ -63.39152, -17.99515 ], [ -63.39153, -17.99536 ], [ -63.39147, -17.99576 ], [ -63.39141, -17.99596 ], [ -63.39123, -17.99621 ], [ -63.39158, -17.99662 ], [ -63.39162, -17.99662 ], [ -63.39319, -17.99545 ], [ -63.39375, -17.99609 ], [ -63.39541, -17.99482 ], [ -63.39631, -17.99416 ], [ -63.39628, -17.994 ], [ -63.39621, -17.99385 ], [ -63.396, -17.99357 ], [ -63.39578, -17.99336 ], [ -63.3956, -17.99324 ], [ -63.39539, -17.99316 ], [ -63.39509, -17.99312 ], [ -63.39471, -17.99317 ], [ -63.39422, -17.99294 ], [ -63.39417, -17.99295 ], [ -63.39344, -17.99335 ], [ -63.39344, -17.99337 ], [ -63.39427, -17.994 ], [ -63.39461, -17.99344 ], [ -63.39466, -17.99348 ] ] ] } },
{ "type": "Feature", "properties": { "i": 809 }, "geometry": { "type": "Polygon", "coordinates": [ [ [ -63.38225, -17.99754 ], [ -63.38285, -17.9972 ], [ -63.38283, -17.99712 ], [ -63.38255, -17.9966 ], [ -63.38252, -17.99658 ], [ -63.38189, -17.99692 ], [ -63.38219, -17.99752 ], [ -63.38225, -17.99754 ] ] ] } },
{ "type": "Feature", "properties": { "i": 810 }, "geometry": { "type": "Polygon", "coordinates": [ [ [ -63.38757, -17.99587 ], [ -63.38728, -17.99548 ], [ -63.3868, -17.99585 ], [ -63.38707, -17.99621 ], [ -63.3871, -17.99621 ], [ -63.38757, -17.99587 ] ] ] } },
{ "type": "Feature", "properties": { "i": 811 }, "geometry": { "type": "Polygon", "coordinates": [ [ [ -63.38338, -17.99614 ], [ -63.38263, -17.99651 ], [ -63.38263, -17.99655 ], [ -63.38294, -17.99713 ], [ -63.38299, -17.99713 ], [ -63.38375, -17.99673 ], [ -63.38375, -17.99669 ], [ -63.38344, -17.99614 ], [ -63.38338, -17.99614 ] ] ] } },
{ "type": "Feature", "properties": { "i": 812 }, "geometry": { "type": "Polygon", "coordinates": [ [ [ -63.38685, -17.99508 ], [ -63.38605, -17.99565 ], [ -63.38659, -17.99657 ], [ -63.38703, -17.99626 ], [ -63.38672, -17.99585 ], [ -63.38722, -17.99545 ], [ -63.38688, -17.99508 ], [ -63.38685, -17.99508 ] ] ] } },
{ "type": "Feature", "properties": { "i": 813 }, "geometry": { "type": "Polygon", "coordinates": [ [ [ -63.38903, -17.99547 ], [ -63.38904, -17.99544 ], [ -63.38873, -17.99483 ], [ -63.38869, -17.99482 ], [ -63.38803, -17.99516 ], [ -63.38803, -17.99519 ], [ -63.38841, -17.99573 ], [ -63.38844, -17.99574 ], [ -63.38903, -17.99547 ] ] ] } },
{ "type": "Feature", "properties": { "i": 814 }, "geometry": { "type": "Polygon", "coordinates": [ [ [ -63.38011, -17.99759 ], [ -63.38071, -17.99722 ], [ -63.38072, -17.99717 ], [ -63.38014, -17.99643 ], [ -63.3801, -17.99642 ], [ -63.37958, -17.99664 ], [ -63.37956, -17.9967 ], [ -63.38011, -17.99759 ] ] ] } },
{ "type": "Feature", "properties": { "i": 815 }, "geometry": { "type": "Polygon", "coordinates": [ [ [ -63.38435, -17.99562 ], [ -63.38352, -17.99605 ], [ -63.38351, -17.99609 ], [ -63.38382, -17.99665 ], [ -63.38387, -17.99666 ], [ -63.38468, -17.99622 ], [ -63.38467, -17.99617 ], [ -63.38435, -17.99562 ] ] ] } },
{ "type": "Feature", "properties": { "i": 816 }, "geometry": { "type": "Polygon", "coordinates": [ [ [ -63.38958, -17.99449 ], [ -63.38887, -17.99482 ], [ -63.38886, -17.9949 ], [ -63.38916, -17.99542 ], [ -63.38989, -17.99507 ], [ -63.38962, -17.99451 ], [ -63.38958, -17.99449 ] ] ] } },
{ "type": "Feature", "properties": { "i": 817 }, "geometry": { "type": "Polygon", "coordinates": [ [ [ -63.3881, -17.9955 ], [ -63.38797, -17.99533 ], [ -63.38731, -17.99469 ], [ -63.38728, -17.99469 ], [ -63.38696, -17.99497 ], [ -63.38696, -17.99504 ], [ -63.38728, -17.99535 ], [ -63.38762, -17.9958 ], [ -63.38768, -17.99581 ], [ -63.3881, -17.9955 ] ] ] } },
{ "type": "Feature", "properties": { "i": 818 }, "geometry": { "type": "Polygon", "coordinates": [ [ [ -63.38595, -17.99561 ], [ -63.38569, -17.9952 ], [ -63.38566, -17.99519 ], [ -63.38479, -17.99566 ], [ -63.38479, -17.99569 ], [ -63.38506, -17.99613 ], [ -63.38595, -17.99561 ] ] ] } },
{ "type": "Feature", "properties": { "i": 819 }, "geometry": { "type": "Polygon", "coordinates": [ [ [ -63.39379, -17.99463 ], [ -63.39423, -17.99405 ], [ -63.39359, -17.99354 ], [ -63.39335, -17.99342 ], [ -63.3933, -17.99342 ], [ -63.39284, -17.99366 ], [ -63.39284, -17.99371 ], [ -63.39379, -17.99463 ] ] ] } },
{ "type": "Feature", "properties": { "i": 820 }, "geometry": { "type": "Polygon", "coordinates": [ [ [ -63.38067, -17.99691 ], [ -63.38085, -17.9971 ], [ -63.3809, -17.9971 ], [ -63.38161, -17.99665 ], [ -63.38126, -17.99602 ], [ -63.38121, -17.99601 ], [ -63.38028, -17.99643 ], [ -63.38031, -17.99651 ], [ -63.38064, -17.99688 ], [ -63.38075, -17.99678 ], [ -63.38078, -17.99681 ], [ -63.38067, -17.99691 ] ] ] } },
{ "type": "Feature", "properties": { "i": 821 }, "geometry": { "type": "Polygon", "coordinates": [ [ [ -63.38187, -17.99681 ], [ -63.38245, -17.99649 ], [ -63.38245, -17.99645 ], [ -63.38201, -17.99563 ], [ -63.38198, -17.99562 ], [ -63.38134, -17.99595 ], [ -63.38182, -17.99681 ], [ -63.38187, -17.99681 ] ] ] } },
{ "type": "Feature", "properties": { "i": 822 }, "geometry": { "type": "Polygon", "coordinates": [ [ [ -63.39125, -17.99445 ], [ -63.39114, -17.99397 ], [ -63.39114, -17.99382 ], [ -63.39022, -17.99382 ], [ -63.38981, -17.99393 ], [ -63.39045, -17.99479 ], [ -63.39125, -17.99445 ] ] ] } },
{ "type": "Feature", "properties": { "i": 823 }, "geometry": { "type": "Polygon", "coordinates": [ [ [ -63.38799, -17.99514 ], [ -63.38869, -17.99475 ], [ -63.38854, -17.99442 ], [ -63.38816, -17.99445 ], [ -63.38755, -17.99443 ], [ -63.38738, -17.9946 ], [ -63.38738, -17.99462 ], [ -63.38795, -17.99514 ], [ -63.38799, -17.99514 ] ] ] } },
{ "type": "Feature", "properties": { "i": 824 }, "geometry": { "type": "Polygon", "coordinates": [ [ [ -63.3924, -17.9938 ], [ -63.39207, -17.9934 ], [ -63.39133, -17.99382 ], [ -63.39124, -17.99394 ], [ -63.39124, -17.99409 ], [ -63.39133, -17.99442 ], [ -63.3924, -17.9938 ] ] ] } },
{ "type": "Feature", "properties": { "i": 825 }, "geometry": { "type": "Polygon", "coordinates": [ [ [ -63.38337, -17.99604 ], [ -63.3829, -17.99518 ], [ -63.38248, -17.99537 ], [ -63.38266, -17.99569 ], [ -63.38262, -17.99572 ], [ -63.38243, -17.99541 ], [ -63.38209, -17.99558 ], [ -63.38209, -17.99561 ], [ -63.38255, -17.99642 ], [ -63.3826, -17.99643 ], [ -63.38337, -17.99604 ] ] ] } },
{ "type": "Feature", "properties": { "i": 826 }, "geometry": { "type": "Polygon", "coordinates": [ [ [ -63.38649, -17.99525 ], [ -63.38722, -17.99464 ], [ -63.38703, -17.99442 ], [ -63.38577, -17.99514 ], [ -63.38601, -17.99552 ], [ -63.38605, -17.99553 ], [ -63.38649, -17.99525 ] ] ] } },
{ "type": "Feature", "properties": { "i": 827 }, "geometry": { "type": "Polygon", "coordinates": [ [ [ -63.38911, -17.9942 ], [ -63.38887, -17.99437 ], [ -63.3886, -17.99441 ], [ -63.3888, -17.99478 ], [ -63.3896, -17.9944 ], [ -63.38965, -17.99441 ], [ -63.38997, -17.99502 ], [ -63.39038, -17.99486 ], [ -63.39039, -17.99483 ], [ -63.38975, -17.99395 ], [ -63.38944, -17.99402 ], [ -63.38911, -17.9942 ] ] ] } },
{ "type": "Feature", "properties": { "i": 828 }, "geometry": { "type": "Polygon", "coordinates": [ [ [ -63.3838, -17.99581 ], [ -63.3838, -17.99577 ], [ -63.38324, -17.99503 ], [ -63.3832, -17.99503 ], [ -63.38296, -17.99515 ], [ -63.38343, -17.99597 ], [ -63.38348, -17.99598 ], [ -63.3838, -17.99581 ] ] ] } },
{ "type": "Feature", "properties": { "i": 829 }, "geometry": { "type": "Polygon", "coordinates": [ [ [ -63.3799, -17.99611 ], [ -63.3794, -17.99636 ], [ -63.37951, -17.9966 ], [ -63.37955, -17.9966 ], [ -63.38008, -17.99639 ], [ -63.38008, -17.99635 ], [ -63.3799, -17.99611 ] ] ] } },
{ "type": "Feature", "properties": { "i": 830 }, "geometry": { "type": "Polygon", "coordinates": [ [ [ -63.38119, -17.99591 ], [ -63.38101, -17.99557 ], [ -63.38096, -17.99555 ], [ -63.38002, -17.99605 ], [ -63.38, -17.99609 ], [ -63.3802, -17.99634 ], [ -63.38024, -17.99634 ], [ -63.38117, -17.99595 ], [ -63.38119, -17.99591 ] ] ] } },
{ "type": "Feature", "properties": { "i": 831 }, "geometry": { "type": "Polygon", "coordinates": [ [ [ -63.3843, -17.9955 ], [ -63.38387, -17.99474 ], [ -63.38378, -17.99474 ], [ -63.3833, -17.99498 ], [ -63.38391, -17.99575 ], [ -63.3843, -17.99554 ], [ -63.3843, -17.9955 ] ] ] } },
{ "type": "Feature", "properties": { "i": 832 }, "geometry": { "type": "Polygon", "coordinates": [ [ [ -63.37769, -17.99687 ], [ -63.37763, -17.99661 ], [ -63.37751, -17.99637 ], [ -63.37743, -17.9964 ], [ -63.37762, -17.99685 ], [ -63.37769, -17.99687 ] ] ] } },
{ "type": "Feature", "properties": { "i": 833 }, "geometry": { "type": "Polygon", "coordinates": [ [ [ -63.37844, -17.99667 ], [ -63.37815, -17.99612 ], [ -63.37811, -17.9961 ], [ -63.3776, -17.99632 ], [ -63.37758, -17.99635 ], [ -63.3777, -17.99665 ], [ -63.37775, -17.99691 ], [ -63.37778, -17.99693 ], [ -63.37843, -17.99671 ], [ -63.37844, -17.99667 ] ] ] } },
{ "type": "Feature", "properties": { "i": 834 }, "geometry": { "type": "Polygon", "coordinates": [ [ [ -63.38742, -17.9944 ], [ -63.38713, -17.99433 ], [ -63.38709, -17.99436 ], [ -63.38728, -17.99455 ], [ -63.38743, -17.99443 ], [ -63.38742, -17.9944 ] ] ] } },
{ "type": "Feature", "properties": { "i": 835 }, "geometry": { "type": "Polygon", "coordinates": [ [ [ -63.38562, -17.99511 ], [ -63.38562, -17.99506 ], [ -63.38535, -17.99462 ], [ -63.38526, -17.99431 ], [ -63.38516, -17.99412 ], [ -63.38509, -17.99411 ], [ -63.38428, -17.9947 ], [ -63.38426, -17.99474 ], [ -63.38475, -17.99558 ], [ -63.38478, -17.99558 ], [ -63.38562, -17.99511 ] ] ] } },
{ "type": "Feature", "properties": { "i": 836 }, "geometry": { "type": "Polygon", "coordinates": [ [ [ -63.37924, -17.9963 ], [ -63.37897, -17.99577 ], [ -63.37892, -17.99575 ], [ -63.37825, -17.99603 ], [ -63.37824, -17.99608 ], [ -63.37854, -17.99663 ], [ -63.37922, -17.99633 ], [ -63.37924, -17.9963 ] ] ] } },
{ "type": "Feature", "properties": { "i": 837 }, "geometry": { "type": "Polygon", "coordinates": [ [ [ -63.38938, -17.99396 ], [ -63.39012, -17.99374 ], [ -63.39112, -17.99375 ], [ -63.39119, -17.99373 ], [ -63.39125, -17.9937 ], [ -63.39128, -17.99362 ], [ -63.39127, -17.99318 ], [ -63.39009, -17.99317 ], [ -63.38993, -17.99309 ], [ -63.38972, -17.99341 ], [ -63.38884, -17.99383 ], [ -63.38866, -17.99386 ], [ -63.38817, -17.99382 ], [ -63.38798, -17.99376 ], [ -63.38728, -17.99292 ], [ -63.38637, -17.99346 ], [ -63.38637, -17.99351 ], [ -63.38674, -17.994 ], [ -63.38706, -17.99421 ], [ -63.38749, -17.99435 ], [ -63.38801, -17.99437 ], [ -63.38837, -17.99435 ], [ -63.38884, -17.99427 ], [ -63.38938, -17.99396 ] ] ] } },
{ "type": "Feature", "properties": { "i": 838 }, "geometry": { "type": "Polygon", "coordinates": [ [ [ -63.38234, -17.9953 ], [ -63.38197, -17.99486 ], [ -63.38188, -17.99488 ], [ -63.38107, -17.99545 ], [ -63.38106, -17.99548 ], [ -63.38128, -17.99586 ], [ -63.38233, -17.99535 ], [ -63.38234, -17.9953 ] ] ] } },
{ "type": "Feature", "properties": { "i": 839 }, "geometry": { "type": "Polygon", "coordinates": [ [ [ -63.38004, -17.99593 ], [ -63.37981, -17.9954 ], [ -63.37907, -17.9957 ], [ -63.37907, -17.99575 ], [ -63.37934, -17.99627 ], [ -63.38004, -17.99593 ] ] ] } },
{ "type": "Feature", "properties": { "i": 840 }, "geometry": { "type": "Polygon", "coordinates": [ [ [ -63.38546, -17.99463 ], [ -63.38523, -17.99403 ], [ -63.38592, -17.9937 ], [ -63.38595, -17.99371 ], [ -63.38649, -17.99464 ], [ -63.38571, -17.99506 ], [ -63.38546, -17.99463 ] ] ] } },
{ "type": "Feature", "properties": { "i": 841 }, "geometry": { "type": "Polygon", "coordinates": [ [ [ -63.38286, -17.99461 ], [ -63.38224, -17.99506 ], [ -63.38224, -17.99509 ], [ -63.38243, -17.99531 ], [ -63.38315, -17.99496 ], [ -63.38315, -17.99493 ], [ -63.38293, -17.99462 ], [ -63.38286, -17.99461 ] ] ] } },
{ "type": "Feature", "properties": { "i": 842 }, "geometry": { "type": "Polygon", "coordinates": [ [ [ -63.38091, -17.99549 ], [ -63.38093, -17.99543 ], [ -63.38074, -17.9951 ], [ -63.37989, -17.99536 ], [ -63.37985, -17.9954 ], [ -63.38007, -17.9959 ], [ -63.38091, -17.99549 ] ] ] } },
{ "type": "Feature", "properties": { "i": 843 }, "geometry": { "type": "Polygon", "coordinates": [ [ [ -63.39192, -17.99274 ], [ -63.39137, -17.99258 ], [ -63.39137, -17.99357 ], [ -63.3914, -17.9936 ], [ -63.39192, -17.99336 ], [ -63.39192, -17.99274 ] ] ] } },
{ "type": "Feature", "properties": { "i": 844 }, "geometry": { "type": "Polygon", "coordinates": [ [ [ -63.38658, -17.99457 ], [ -63.38694, -17.99435 ], [ -63.38631, -17.99354 ], [ -63.38626, -17.99354 ], [ -63.38602, -17.99367 ], [ -63.38658, -17.99457 ] ] ] } },
{ "type": "Feature", "properties": { "i": 845 }, "geometry": { "type": "Polygon", "coordinates": [ [ [ -63.38837, -17.99321 ], [ -63.38793, -17.99351 ], [ -63.38807, -17.99368 ], [ -63.38814, -17.99372 ], [ -63.38856, -17.99378 ], [ -63.38882, -17.99376 ], [ -63.38837, -17.99321 ] ] ] } },
{ "type": "Feature", "properties": { "i": 846 }, "geometry": { "type": "Polygon", "coordinates": [ [ [ -63.3833, -17.9949 ], [ -63.38383, -17.99466 ], [ -63.38383, -17.99463 ], [ -63.38354, -17.99412 ], [ -63.38348, -17.99412 ], [ -63.383, -17.99452 ], [ -63.383, -17.99458 ], [ -63.38323, -17.99489 ], [ -63.3833, -17.9949 ] ] ] } },
{ "type": "Feature", "properties": { "i": 847 }, "geometry": { "type": "Polygon", "coordinates": [ [ [ -63.37808, -17.996 ], [ -63.37809, -17.99597 ], [ -63.37774, -17.99522 ], [ -63.37771, -17.9952 ], [ -63.37731, -17.99537 ], [ -63.3773, -17.99539 ], [ -63.37754, -17.9959 ], [ -63.37749, -17.99592 ], [ -63.37724, -17.99543 ], [ -63.3769, -17.99555 ], [ -63.37688, -17.99558 ], [ -63.3772, -17.99636 ], [ -63.37808, -17.996 ] ] ] } },
{ "type": "Feature", "properties": { "i": 848 }, "geometry": { "type": "Polygon", "coordinates": [ [ [ -63.38939, -17.99345 ], [ -63.38894, -17.99285 ], [ -63.38848, -17.99315 ], [ -63.38848, -17.9932 ], [ -63.38888, -17.99372 ], [ -63.38939, -17.99345 ] ] ] } },
{ "type": "Feature", "properties": { "i": 849 }, "geometry": { "type": "Polygon", "coordinates": [ [ [ -63.38977, -17.9932 ], [ -63.38988, -17.99304 ], [ -63.38951, -17.99276 ], [ -63.38922, -17.993 ], [ -63.38952, -17.9934 ], [ -63.38977, -17.9932 ] ] ] } },
{ "type": "Feature", "properties": { "i": 850 }, "geometry": { "type": "Polygon", "coordinates": [ [ [ -63.39016, -17.99307 ], [ -63.39078, -17.99308 ], [ -63.39126, -17.99306 ], [ -63.39126, -17.99255 ], [ -63.39124, -17.99253 ], [ -63.38982, -17.99251 ], [ -63.3896, -17.99271 ], [ -63.3896, -17.99273 ], [ -63.38994, -17.993 ], [ -63.39016, -17.99307 ] ] ] } },
{ "type": "Feature", "properties": { "i": 851 }, "geometry": { "type": "Polygon", "coordinates": [ [ [ -63.37891, -17.99564 ], [ -63.37856, -17.99487 ], [ -63.3785, -17.99485 ], [ -63.37783, -17.99515 ], [ -63.37818, -17.99594 ], [ -63.37891, -17.99564 ] ] ] } },
{ "type": "Feature", "properties": { "i": 852 }, "geometry": { "type": "Polygon", "coordinates": [ [ [ -63.38424, -17.9946 ], [ -63.38386, -17.99394 ], [ -63.38459, -17.99336 ], [ -63.38463, -17.99336 ], [ -63.38509, -17.994 ], [ -63.38428, -17.99461 ], [ -63.38424, -17.9946 ] ] ] } },
{ "type": "Feature", "properties": { "i": 853 }, "geometry": { "type": "Polygon", "coordinates": [ [ [ -63.37975, -17.99527 ], [ -63.37939, -17.99447 ], [ -63.37935, -17.99447 ], [ -63.37863, -17.99481 ], [ -63.379, -17.99561 ], [ -63.37973, -17.99532 ], [ -63.37975, -17.99527 ] ] ] } },
{ "type": "Feature", "properties": { "i": 854 }, "geometry": { "type": "Polygon", "coordinates": [ [ [ -63.38226, -17.99377 ], [ -63.38159, -17.99425 ], [ -63.38218, -17.995 ], [ -63.38284, -17.99451 ], [ -63.38226, -17.99377 ] ] ] } },
{ "type": "Feature", "properties": { "i": 855 }, "geometry": { "type": "Polygon", "coordinates": [ [ [ -63.3802, -17.99414 ], [ -63.37953, -17.9944 ], [ -63.37949, -17.99445 ], [ -63.37983, -17.99523 ], [ -63.37987, -17.99526 ], [ -63.38069, -17.99502 ], [ -63.38023, -17.99416 ], [ -63.3802, -17.99414 ] ] ] } },
{ "type": "Feature", "properties": { "i": 856 }, "geometry": { "type": "Polygon", "coordinates": [ [ [ -63.38189, -17.99474 ], [ -63.38173, -17.99454 ], [ -63.38147, -17.99473 ], [ -63.38144, -17.99469 ], [ -63.3817, -17.9945 ], [ -63.38093, -17.99353 ], [ -63.38088, -17.99353 ], [ -63.38026, -17.99394 ], [ -63.38027, -17.99406 ], [ -63.38099, -17.99538 ], [ -63.38102, -17.99539 ], [ -63.38189, -17.99478 ], [ -63.38189, -17.99474 ] ] ] } },
{ "type": "Feature", "properties": { "i": 857 }, "geometry": { "type": "Polygon", "coordinates": [ [ [ -63.38786, -17.99255 ], [ -63.38739, -17.99285 ], [ -63.38785, -17.99344 ], [ -63.38787, -17.99344 ], [ -63.38831, -17.99314 ], [ -63.38831, -17.99311 ], [ -63.38786, -17.99255 ] ] ] } },
{ "type": "Feature", "properties": { "i": 858 }, "geometry": { "type": "Polygon", "coordinates": [ [ [ -63.38963, -17.99248 ], [ -63.38858, -17.99217 ], [ -63.38856, -17.9922 ], [ -63.38914, -17.99291 ], [ -63.38918, -17.99291 ], [ -63.38965, -17.99252 ], [ -63.38963, -17.99248 ] ] ] } },
{ "type": "Feature", "properties": { "i": 859 }, "geometry": { "type": "Polygon", "coordinates": [ [ [ -63.38589, -17.9936 ], [ -63.38541, -17.99285 ], [ -63.38536, -17.99286 ], [ -63.38469, -17.99331 ], [ -63.38516, -17.99395 ], [ -63.38589, -17.9936 ] ] ] } },
{ "type": "Feature", "properties": { "i": 860 }, "geometry": { "type": "Polygon", "coordinates": [ [ [ -63.38346, -17.99399 ], [ -63.38296, -17.99324 ], [ -63.38233, -17.99371 ], [ -63.3829, -17.99444 ], [ -63.38296, -17.99442 ], [ -63.38346, -17.99404 ], [ -63.38346, -17.99399 ] ] ] } },
{ "type": "Feature", "properties": { "i": 861 }, "geometry": { "type": "Polygon", "coordinates": [ [ [ -63.3884, -17.99306 ], [ -63.38886, -17.99274 ], [ -63.38842, -17.99218 ], [ -63.38838, -17.99217 ], [ -63.38796, -17.99245 ], [ -63.38796, -17.9925 ], [ -63.3884, -17.99306 ] ] ] } },
{ "type": "Feature", "properties": { "i": 862 }, "geometry": { "type": "Polygon", "coordinates": [ [ [ -63.37594, -17.9949 ], [ -63.37576, -17.99522 ], [ -63.37586, -17.99539 ], [ -63.37609, -17.99527 ], [ -63.37627, -17.99532 ], [ -63.37637, -17.99553 ], [ -63.37679, -17.99534 ], [ -63.37645, -17.99465 ], [ -63.37641, -17.99465 ], [ -63.37594, -17.9949 ] ] ] } },
{ "type": "Feature", "properties": { "i": 863 }, "geometry": { "type": "Polygon", "coordinates": [ [ [ -63.38597, -17.99358 ], [ -63.38634, -17.99339 ], [ -63.38594, -17.9926 ], [ -63.38598, -17.99257 ], [ -63.38644, -17.99334 ], [ -63.38713, -17.9929 ], [ -63.38714, -17.99285 ], [ -63.38659, -17.99203 ], [ -63.38617, -17.99231 ], [ -63.38635, -17.99256 ], [ -63.38632, -17.99259 ], [ -63.38613, -17.99233 ], [ -63.38554, -17.99273 ], [ -63.38551, -17.99277 ], [ -63.38597, -17.99358 ] ] ] } },
{ "type": "Feature", "properties": { "i": 864 }, "geometry": { "type": "Polygon", "coordinates": [ [ [ -63.37763, -17.99507 ], [ -63.37725, -17.99427 ], [ -63.3772, -17.99427 ], [ -63.37656, -17.99456 ], [ -63.37653, -17.99461 ], [ -63.37689, -17.99541 ], [ -63.37692, -17.99543 ], [ -63.37762, -17.99513 ], [ -63.37763, -17.99507 ] ] ] } },
{ "type": "Feature", "properties": { "i": 865 }, "geometry": { "type": "Polygon", "coordinates": [ [ [ -63.38453, -17.99329 ], [ -63.38453, -17.99325 ], [ -63.38401, -17.99255 ], [ -63.38326, -17.99305 ], [ -63.3838, -17.99384 ], [ -63.38383, -17.99385 ], [ -63.38453, -17.99329 ] ] ] } },
{ "type": "Feature", "properties": { "i": 866 }, "geometry": { "type": "Polygon", "coordinates": [ [ [ -63.37805, -17.99387 ], [ -63.37736, -17.99421 ], [ -63.37749, -17.9945 ], [ -63.37791, -17.99433 ], [ -63.37792, -17.99435 ], [ -63.37752, -17.99456 ], [ -63.37775, -17.99504 ], [ -63.3778, -17.99505 ], [ -63.37848, -17.99474 ], [ -63.37848, -17.9947 ], [ -63.37812, -17.99389 ], [ -63.3781, -17.99387 ], [ -63.37805, -17.99387 ] ] ] } },
{ "type": "Feature", "properties": { "i": 867 }, "geometry": { "type": "Polygon", "coordinates": [ [ [ -63.38221, -17.99367 ], [ -63.3817, -17.99304 ], [ -63.38101, -17.99351 ], [ -63.3815, -17.99414 ], [ -63.38156, -17.99415 ], [ -63.3822, -17.99371 ], [ -63.38221, -17.99367 ] ] ] } },
{ "type": "Feature", "properties": { "i": 868 }, "geometry": { "type": "Polygon", "coordinates": [ [ [ -63.37932, -17.99438 ], [ -63.37934, -17.99432 ], [ -63.37898, -17.9935 ], [ -63.37895, -17.99349 ], [ -63.3782, -17.99381 ], [ -63.37858, -17.99468 ], [ -63.37861, -17.99469 ], [ -63.37932, -17.99438 ] ] ] } },
{ "type": "Feature", "properties": { "i": 869 }, "geometry": { "type": "Polygon", "coordinates": [ [ [ -63.38461, -17.9932 ], [ -63.38466, -17.99321 ], [ -63.38534, -17.99276 ], [ -63.38479, -17.99205 ], [ -63.38476, -17.99204 ], [ -63.38414, -17.99247 ], [ -63.38413, -17.9925 ], [ -63.38461, -17.9932 ] ] ] } },
{ "type": "Feature", "properties": { "i": 870 }, "geometry": { "type": "Polygon", "coordinates": [ [ [ -63.37977, -17.99316 ], [ -63.37973, -17.99314 ], [ -63.3791, -17.99342 ], [ -63.37908, -17.99345 ], [ -63.37908, -17.99349 ], [ -63.37943, -17.99431 ], [ -63.37947, -17.99433 ], [ -63.38016, -17.99405 ], [ -63.38018, -17.99402 ], [ -63.37977, -17.99316 ] ] ] } },
{ "type": "Feature", "properties": { "i": 871 }, "geometry": { "type": "Polygon", "coordinates": [ [ [ -63.37641, -17.99451 ], [ -63.3762, -17.99412 ], [ -63.37617, -17.99411 ], [ -63.37551, -17.99436 ], [ -63.37562, -17.99463 ], [ -63.37578, -17.99485 ], [ -63.37641, -17.99456 ], [ -63.37641, -17.99451 ] ] ] } },
{ "type": "Feature", "properties": { "i": 872 }, "geometry": { "type": "Polygon", "coordinates": [ [ [ -63.3829, -17.99318 ], [ -63.38291, -17.99313 ], [ -63.38248, -17.99253 ], [ -63.38245, -17.99253 ], [ -63.3818, -17.99298 ], [ -63.3818, -17.99302 ], [ -63.38188, -17.99317 ], [ -63.38226, -17.99363 ], [ -63.3823, -17.99363 ], [ -63.3829, -17.99318 ] ] ] } },
{ "type": "Feature", "properties": { "i": 873 }, "geometry": { "type": "Polygon", "coordinates": [ [ [ -63.3803, -17.99278 ], [ -63.37989, -17.99306 ], [ -63.37986, -17.9931 ], [ -63.37986, -17.99314 ], [ -63.38024, -17.99392 ], [ -63.38088, -17.99349 ], [ -63.38033, -17.99278 ], [ -63.3803, -17.99278 ] ] ] } },
{ "type": "Feature", "properties": { "i": 874 }, "geometry": { "type": "Polygon", "coordinates": [ [ [ -63.37763, -17.99398 ], [ -63.37751, -17.99372 ], [ -63.37747, -17.99372 ], [ -63.37717, -17.99386 ], [ -63.37729, -17.99412 ], [ -63.37732, -17.99413 ], [ -63.37763, -17.99398 ] ] ] } },
{ "type": "Feature", "properties": { "i": 875 }, "geometry": { "type": "Polygon", "coordinates": [ [ [ -63.38547, -17.99156 ], [ -63.38551, -17.99156 ], [ -63.38569, -17.99211 ], [ -63.38586, -17.99241 ], [ -63.38542, -17.99271 ], [ -63.38485, -17.99197 ], [ -63.38547, -17.99156 ] ] ] } },
{ "type": "Feature", "properties": { "i": 876 }, "geometry": { "type": "Polygon", "coordinates": [ [ [ -63.37808, -17.99377 ], [ -63.37795, -17.9935 ], [ -63.37753, -17.99369 ], [ -63.37766, -17.99397 ], [ -63.37808, -17.99377 ] ] ] } },
{ "type": "Feature", "properties": { "i": 877 }, "geometry": { "type": "Polygon", "coordinates": [ [ [ -63.38397, -17.99246 ], [ -63.38347, -17.9918 ], [ -63.38343, -17.99179 ], [ -63.38276, -17.99225 ], [ -63.38276, -17.99228 ], [ -63.38322, -17.99294 ], [ -63.38325, -17.99294 ], [ -63.38397, -17.99246 ] ] ] } },
{ "type": "Feature", "properties": { "i": 878 }, "geometry": { "type": "Polygon", "coordinates": [ [ [ -63.38582, -17.99216 ], [ -63.38557, -17.99151 ], [ -63.38586, -17.99132 ], [ -63.38645, -17.99188 ], [ -63.38639, -17.99206 ], [ -63.38593, -17.99235 ], [ -63.38582, -17.99216 ] ] ] } },
{ "type": "Feature", "properties": { "i": 879 }, "geometry": { "type": "Polygon", "coordinates": [ [ [ -63.37693, -17.99431 ], [ -63.37719, -17.99419 ], [ -63.3772, -17.99416 ], [ -63.37681, -17.99332 ], [ -63.37607, -17.99363 ], [ -63.37607, -17.99366 ], [ -63.37633, -17.99411 ], [ -63.37693, -17.99431 ] ] ] } },
{ "type": "Feature", "properties": { "i": 880 }, "geometry": { "type": "Polygon", "coordinates": [ [ [ -63.38164, -17.99293 ], [ -63.38108, -17.99225 ], [ -63.38105, -17.99225 ], [ -63.3804, -17.99267 ], [ -63.38039, -17.99272 ], [ -63.38095, -17.99342 ], [ -63.381, -17.99342 ], [ -63.38163, -17.99299 ], [ -63.38164, -17.99293 ] ] ] } },
{ "type": "Feature", "properties": { "i": 881 }, "geometry": { "type": "Polygon", "coordinates": [ [ [ -63.37582, -17.99359 ], [ -63.37509, -17.99384 ], [ -63.37529, -17.99435 ], [ -63.37612, -17.99403 ], [ -63.37585, -17.99361 ], [ -63.37582, -17.99359 ] ] ] } },
{ "type": "Feature", "properties": { "i": 882 }, "geometry": { "type": "Polygon", "coordinates": [ [ [ -63.37717, -17.99381 ], [ -63.37791, -17.99346 ], [ -63.37783, -17.99325 ], [ -63.37767, -17.99294 ], [ -63.37691, -17.99325 ], [ -63.37691, -17.9933 ], [ -63.37715, -17.9938 ], [ -63.37717, -17.99381 ] ] ] } },
{ "type": "Feature", "properties": { "i": 883 }, "geometry": { "type": "Polygon", "coordinates": [ [ [ -63.37929, -17.99323 ], [ -63.3793, -17.99315 ], [ -63.37879, -17.99248 ], [ -63.37875, -17.99246 ], [ -63.37778, -17.99287 ], [ -63.37778, -17.99291 ], [ -63.37816, -17.99369 ], [ -63.37819, -17.9937 ], [ -63.37929, -17.99323 ] ] ] } },
{ "type": "Feature", "properties": { "i": 884 }, "geometry": { "type": "Polygon", "coordinates": [ [ [ -63.38404, -17.99241 ], [ -63.38354, -17.99175 ], [ -63.38355, -17.99171 ], [ -63.3842, -17.99125 ], [ -63.3847, -17.99194 ], [ -63.38404, -17.99241 ] ] ] } },
{ "type": "Feature", "properties": { "i": 885 }, "geometry": { "type": "Polygon", "coordinates": [ [ [ -63.38182, -17.99175 ], [ -63.38117, -17.99219 ], [ -63.38119, -17.99224 ], [ -63.38172, -17.99291 ], [ -63.38242, -17.99245 ], [ -63.38242, -17.99242 ], [ -63.38189, -17.99175 ], [ -63.38182, -17.99175 ] ] ] } },
{ "type": "Feature", "properties": { "i": 886 }, "geometry": { "type": "Polygon", "coordinates": [ [ [ -63.37942, -17.99315 ], [ -63.37946, -17.99316 ], [ -63.37978, -17.99299 ], [ -63.37943, -17.9922 ], [ -63.37888, -17.9924 ], [ -63.37886, -17.99243 ], [ -63.37942, -17.99315 ] ] ] } },
{ "type": "Feature", "properties": { "i": 887 }, "geometry": { "type": "Polygon", "coordinates": [ [ [ -63.38023, -17.99266 ], [ -63.37974, -17.99205 ], [ -63.37972, -17.99204 ], [ -63.37947, -17.99218 ], [ -63.37982, -17.99297 ], [ -63.38023, -17.9927 ], [ -63.38023, -17.99266 ] ] ] } },
{ "type": "Feature", "properties": { "i": 888 }, "geometry": { "type": "Polygon", "coordinates": [ [ [ -63.38573, -17.99128 ], [ -63.38573, -17.99126 ], [ -63.38476, -17.9908 ], [ -63.38426, -17.99118 ], [ -63.3848, -17.99188 ], [ -63.38573, -17.99128 ] ] ] } },
{ "type": "Feature", "properties": { "i": 889 }, "geometry": { "type": "Polygon", "coordinates": [ [ [ -63.37578, -17.9935 ], [ -63.37553, -17.99283 ], [ -63.37549, -17.99283 ], [ -63.37481, -17.9931 ], [ -63.37505, -17.99376 ], [ -63.37575, -17.99353 ], [ -63.37578, -17.9935 ] ] ] } },
{ "type": "Feature", "properties": { "i": 890 }, "geometry": { "type": "Polygon", "coordinates": [ [ [ -63.3805, -17.99156 ], [ -63.37985, -17.99197 ], [ -63.37984, -17.992 ], [ -63.38031, -17.99259 ], [ -63.38036, -17.99261 ], [ -63.381, -17.99218 ], [ -63.38101, -17.99212 ], [ -63.38054, -17.99156 ], [ -63.3805, -17.99156 ] ] ] } },
{ "type": "Feature", "properties": { "i": 891 }, "geometry": { "type": "Polygon", "coordinates": [ [ [ -63.37643, -17.99242 ], [ -63.37566, -17.99276 ], [ -63.37566, -17.99282 ], [ -63.37596, -17.99351 ], [ -63.37601, -17.99354 ], [ -63.37676, -17.99323 ], [ -63.37678, -17.9932 ], [ -63.37643, -17.99242 ] ] ] } },
{ "type": "Feature", "properties": { "i": 892 }, "geometry": { "type": "Polygon", "coordinates": [ [ [ -63.37761, -17.99284 ], [ -63.37763, -17.9928 ], [ -63.37739, -17.99227 ], [ -63.37735, -17.99227 ], [ -63.37704, -17.99242 ], [ -63.37665, -17.99262 ], [ -63.37664, -17.99265 ], [ -63.37685, -17.99314 ], [ -63.37688, -17.99315 ], [ -63.37761, -17.99284 ] ] ] } },
{ "type": "Feature", "properties": { "i": 893 }, "geometry": { "type": "Polygon", "coordinates": [ [ [ -63.37774, -17.99276 ], [ -63.37867, -17.99237 ], [ -63.37867, -17.99234 ], [ -63.37827, -17.99187 ], [ -63.37823, -17.99187 ], [ -63.37779, -17.99205 ], [ -63.37749, -17.99218 ], [ -63.37746, -17.99221 ], [ -63.37769, -17.99274 ], [ -63.37774, -17.99276 ] ] ] } },
{ "type": "Feature", "properties": { "i": 894 }, "geometry": { "type": "Polygon", "coordinates": [ [ [ -63.38178, -17.99162 ], [ -63.38177, -17.99167 ], [ -63.38112, -17.9921 ], [ -63.38109, -17.9921 ], [ -63.38061, -17.99149 ], [ -63.38122, -17.99106 ], [ -63.38127, -17.99106 ], [ -63.38178, -17.99162 ] ] ] } },
{ "type": "Feature", "properties": { "i": 895 }, "geometry": { "type": "Polygon", "coordinates": [ [ [ -63.38409, -17.99117 ], [ -63.3836, -17.99051 ], [ -63.38296, -17.99097 ], [ -63.38346, -17.99162 ], [ -63.38409, -17.99117 ] ] ] } },
{ "type": "Feature", "properties": { "i": 896 }, "geometry": { "type": "Polygon", "coordinates": [ [ [ -63.37916, -17.99136 ], [ -63.37841, -17.99184 ], [ -63.3788, -17.99236 ], [ -63.37921, -17.99221 ], [ -63.37964, -17.99201 ], [ -63.37964, -17.99196 ], [ -63.3792, -17.99137 ], [ -63.37916, -17.99136 ] ] ] } },
{ "type": "Feature", "properties": { "i": 897 }, "geometry": { "type": "Polygon", "coordinates": [ [ [ -63.38467, -17.99074 ], [ -63.38433, -17.99025 ], [ -63.38428, -17.99022 ], [ -63.38424, -17.99022 ], [ -63.38371, -17.99046 ], [ -63.38418, -17.99111 ], [ -63.38467, -17.99074 ] ] ] } },
{ "type": "Feature", "properties": { "i": 898 }, "geometry": { "type": "Polygon", "coordinates": [ [ [ -63.38275, -17.99095 ], [ -63.3823, -17.99039 ], [ -63.38226, -17.99039 ], [ -63.38159, -17.99083 ], [ -63.3816, -17.99087 ], [ -63.38206, -17.99141 ], [ -63.38209, -17.99142 ], [ -63.38213, -17.99142 ], [ -63.38275, -17.99098 ], [ -63.38275, -17.99095 ] ] ] } },
{ "type": "Feature", "properties": { "i": 899 }, "geometry": { "type": "Polygon", "coordinates": [ [ [ -63.37926, -17.99126 ], [ -63.37926, -17.99129 ], [ -63.37975, -17.99191 ], [ -63.38045, -17.99147 ], [ -63.38047, -17.99144 ], [ -63.38, -17.99084 ], [ -63.37995, -17.99083 ], [ -63.37926, -17.99126 ] ] ] } },
{ "type": "Feature", "properties": { "i": 900 }, "geometry": { "type": "Polygon", "coordinates": [ [ [ -63.37547, -17.99275 ], [ -63.3755, -17.99269 ], [ -63.37518, -17.99181 ], [ -63.37516, -17.9918 ], [ -63.37511, -17.9918 ], [ -63.37442, -17.9921 ], [ -63.37377, -17.99235 ], [ -63.37418, -17.99325 ], [ -63.37547, -17.99275 ] ] ] } },
{ "type": "Feature", "properties": { "i": 901 }, "geometry": { "type": "Polygon", "coordinates": [ [ [ -63.37634, -17.99235 ], [ -63.37637, -17.99227 ], [ -63.376, -17.99142 ], [ -63.37533, -17.99171 ], [ -63.37563, -17.99263 ], [ -63.37568, -17.99264 ], [ -63.37634, -17.99235 ] ] ] } },
{ "type": "Feature", "properties": { "i": 902 }, "geometry": { "type": "Polygon", "coordinates": [ [ [ -63.37711, -17.9917 ], [ -63.37681, -17.99105 ], [ -63.37677, -17.99104 ], [ -63.37609, -17.99136 ], [ -63.37658, -17.9925 ], [ -63.37728, -17.99217 ], [ -63.3773, -17.99208 ], [ -63.37714, -17.99176 ], [ -63.37676, -17.99194 ], [ -63.37674, -17.99188 ], [ -63.37711, -17.9917 ] ] ] } },
{ "type": "Feature", "properties": { "i": 903 }, "geometry": { "type": "Polygon", "coordinates": [ [ [ -63.38282, -17.99087 ], [ -63.38238, -17.99032 ], [ -63.38305, -17.98985 ], [ -63.3831, -17.98984 ], [ -63.38355, -17.9904 ], [ -63.38289, -17.99087 ], [ -63.38282, -17.99087 ] ] ] } },
{ "type": "Feature", "properties": { "i": 904 }, "geometry": { "type": "Polygon", "coordinates": [ [ [ -63.38064, -17.99041 ], [ -63.3801, -17.99074 ], [ -63.3801, -17.9908 ], [ -63.38057, -17.99141 ], [ -63.38116, -17.99101 ], [ -63.38116, -17.99097 ], [ -63.38099, -17.99072 ], [ -63.38069, -17.99041 ], [ -63.38064, -17.99041 ] ] ] } },
{ "type": "Feature", "properties": { "i": 905 }, "geometry": { "type": "Polygon", "coordinates": [ [ [ -63.37763, -17.99067 ], [ -63.37692, -17.99098 ], [ -63.3769, -17.99101 ], [ -63.37737, -17.99203 ], [ -63.37743, -17.99209 ], [ -63.37818, -17.99178 ], [ -63.37819, -17.99175 ], [ -63.37767, -17.99067 ], [ -63.37763, -17.99067 ] ] ] } },
{ "type": "Feature", "properties": { "i": 906 }, "geometry": { "type": "Polygon", "coordinates": [ [ [ -63.38422, -17.98992 ], [ -63.38409, -17.98963 ], [ -63.38332, -17.99 ], [ -63.38363, -17.99039 ], [ -63.38421, -17.99012 ], [ -63.38423, -17.99009 ], [ -63.38422, -17.98992 ] ] ] } },
{ "type": "Feature", "properties": { "i": 907 }, "geometry": { "type": "Polygon", "coordinates": [ [ [ -63.38442, -17.99019 ], [ -63.38434, -17.98978 ], [ -63.38333, -17.98794 ], [ -63.38409, -17.98756 ], [ -63.38596, -17.98922 ], [ -63.38759, -17.99063 ], [ -63.38759, -17.99072 ], [ -63.38671, -17.99174 ], [ -63.38666, -17.99178 ], [ -63.3866, -17.99178 ], [ -63.38593, -17.99123 ], [ -63.38496, -17.9908 ], [ -63.38478, -17.9907 ], [ -63.38442, -17.99019 ] ] ] } },
{ "type": "Feature", "properties": { "i": 908 }, "geometry": { "type": "Polygon", "coordinates": [ [ [ -63.37911, -17.99124 ], [ -63.37877, -17.99083 ], [ -63.3784, -17.99032 ], [ -63.37775, -17.99062 ], [ -63.3782, -17.99157 ], [ -63.37833, -17.99175 ], [ -63.37836, -17.99176 ], [ -63.37913, -17.99131 ], [ -63.37911, -17.99124 ] ] ] } },
{ "type": "Feature", "properties": { "i": 909 }, "geometry": { "type": "Polygon", "coordinates": [ [ [ -63.38224, -17.9903 ], [ -63.38172, -17.98965 ], [ -63.38097, -17.99017 ], [ -63.38151, -17.99078 ], [ -63.38224, -17.9903 ] ] ] } },
{ "type": "Feature", "properties": { "i": 910 }, "geometry": { "type": "Polygon", "coordinates": [ [ [ -63.37413, -17.99208 ], [ -63.37387, -17.99142 ], [ -63.37381, -17.99139 ], [ -63.37318, -17.99165 ], [ -63.37346, -17.99238 ], [ -63.37409, -17.99214 ], [ -63.37413, -17.99208 ] ] ] } },
{ "type": "Feature", "properties": { "i": 911 }, "geometry": { "type": "Polygon", "coordinates": [ [ [ -63.3799, -17.99074 ], [ -63.37967, -17.99043 ], [ -63.37944, -17.99064 ], [ -63.37942, -17.99062 ], [ -63.37966, -17.99041 ], [ -63.37928, -17.98992 ], [ -63.37924, -17.98992 ], [ -63.37854, -17.99027 ], [ -63.37851, -17.99031 ], [ -63.3792, -17.9912 ], [ -63.3799, -17.99074 ] ] ] } },
{ "type": "Feature", "properties": { "i": 912 }, "geometry": { "type": "Polygon", "coordinates": [ [ [ -63.38249, -17.98914 ], [ -63.38181, -17.98959 ], [ -63.38181, -17.98964 ], [ -63.3823, -17.99025 ], [ -63.38299, -17.98978 ], [ -63.38299, -17.98975 ], [ -63.38249, -17.98914 ] ] ] } },
{ "type": "Feature", "properties": { "i": 913 }, "geometry": { "type": "Polygon", "coordinates": [ [ [ -63.38, -17.99069 ], [ -63.38039, -17.99044 ], [ -63.3805, -17.99036 ], [ -63.38052, -17.99032 ], [ -63.37992, -17.98961 ], [ -63.3794, -17.98986 ], [ -63.37939, -17.98991 ], [ -63.38, -17.99069 ] ] ] } },
{ "type": "Feature", "properties": { "i": 914 }, "geometry": { "type": "Polygon", "coordinates": [ [ [ -63.37421, -17.99204 ], [ -63.37425, -17.99205 ], [ -63.37436, -17.99201 ], [ -63.37594, -17.99131 ], [ -63.37595, -17.99125 ], [ -63.37555, -17.99038 ], [ -63.37479, -17.99069 ], [ -63.37478, -17.99072 ], [ -63.37498, -17.99117 ], [ -63.37489, -17.99121 ], [ -63.3747, -17.99077 ], [ -63.37467, -17.99075 ], [ -63.37382, -17.9911 ], [ -63.37421, -17.99204 ] ] ] } },
{ "type": "Feature", "properties": { "i": 915 }, "geometry": { "type": "Polygon", "coordinates": [ [ [ -63.38354, -17.98865 ], [ -63.3826, -17.98906 ], [ -63.3826, -17.98911 ], [ -63.3833, -17.98996 ], [ -63.38406, -17.98959 ], [ -63.38407, -17.98954 ], [ -63.38358, -17.98866 ], [ -63.38354, -17.98865 ] ] ] } },
{ "type": "Feature", "properties": { "i": 916 }, "geometry": { "type": "Polygon", "coordinates": [ [ [ -63.37384, -17.99133 ], [ -63.37375, -17.99113 ], [ -63.37371, -17.99113 ], [ -63.37304, -17.9914 ], [ -63.37312, -17.99162 ], [ -63.37384, -17.99133 ] ] ] } },
{ "type": "Feature", "properties": { "i": 917 }, "geometry": { "type": "Polygon", "coordinates": [ [ [ -63.37675, -17.99093 ], [ -63.37632, -17.99006 ], [ -63.37566, -17.99032 ], [ -63.37566, -17.99036 ], [ -63.37606, -17.99127 ], [ -63.37674, -17.99096 ], [ -63.37675, -17.99093 ] ] ] } },
{ "type": "Feature", "properties": { "i": 918 }, "geometry": { "type": "Polygon", "coordinates": [ [ [ -63.38116, -17.98899 ], [ -63.38027, -17.98942 ], [ -63.38091, -17.99011 ], [ -63.38163, -17.9896 ], [ -63.38163, -17.98956 ], [ -63.38116, -17.98899 ] ] ] } },
{ "type": "Feature", "properties": { "i": 919 }, "geometry": { "type": "Polygon", "coordinates": [ [ [ -63.37687, -17.99089 ], [ -63.37759, -17.99059 ], [ -63.37761, -17.99056 ], [ -63.37723, -17.98975 ], [ -63.37718, -17.98972 ], [ -63.37644, -17.99003 ], [ -63.37682, -17.99087 ], [ -63.37687, -17.99089 ] ] ] } },
{ "type": "Feature", "properties": { "i": 920 }, "geometry": { "type": "Polygon", "coordinates": [ [ [ -63.37832, -17.99023 ], [ -63.3781, -17.98997 ], [ -63.37785, -17.98943 ], [ -63.3773, -17.98966 ], [ -63.37767, -17.99052 ], [ -63.37771, -17.99053 ], [ -63.37832, -17.99026 ], [ -63.37832, -17.99023 ] ] ] } },
{ "type": "Feature", "properties": { "i": 921 }, "geometry": { "type": "Polygon", "coordinates": [ [ [ -63.38175, -17.98952 ], [ -63.38242, -17.98907 ], [ -63.38202, -17.98857 ], [ -63.38126, -17.98895 ], [ -63.38175, -17.98952 ] ] ] } },
{ "type": "Feature", "properties": { "i": 922 }, "geometry": { "type": "Polygon", "coordinates": [ [ [ -63.37446, -17.99022 ], [ -63.3736, -17.99057 ], [ -63.37359, -17.99062 ], [ -63.37374, -17.99099 ], [ -63.37379, -17.99099 ], [ -63.37464, -17.99063 ], [ -63.37446, -17.99022 ] ] ] } },
{ "type": "Feature", "properties": { "i": 923 }, "geometry": { "type": "Polygon", "coordinates": [ [ [ -63.37916, -17.98887 ], [ -63.37796, -17.98938 ], [ -63.37822, -17.98995 ], [ -63.37843, -17.9902 ], [ -63.37923, -17.98985 ], [ -63.37904, -17.98959 ], [ -63.3791, -17.98956 ], [ -63.37929, -17.98982 ], [ -63.37984, -17.98955 ], [ -63.37978, -17.98947 ], [ -63.37916, -17.98887 ] ] ] } },
{ "type": "Feature", "properties": { "i": 924 }, "geometry": { "type": "Polygon", "coordinates": [ [ [ -63.37476, -17.99058 ], [ -63.37552, -17.99029 ], [ -63.37534, -17.98987 ], [ -63.37529, -17.98986 ], [ -63.37457, -17.99015 ], [ -63.37456, -17.99019 ], [ -63.37476, -17.99058 ] ] ] } },
{ "type": "Feature", "properties": { "i": 925 }, "geometry": { "type": "Polygon", "coordinates": [ [ [ -63.38311, -17.9883 ], [ -63.38313, -17.98834 ], [ -63.38227, -17.98875 ], [ -63.38248, -17.98901 ], [ -63.38252, -17.98903 ], [ -63.38346, -17.98859 ], [ -63.38318, -17.98801 ], [ -63.38213, -17.98852 ], [ -63.38212, -17.98857 ], [ -63.38225, -17.98872 ], [ -63.38311, -17.9883 ] ] ] } },
{ "type": "Feature", "properties": { "i": 926 }, "geometry": { "type": "Polygon", "coordinates": [ [ [ -63.37627, -17.98992 ], [ -63.37608, -17.98953 ], [ -63.37604, -17.98952 ], [ -63.37542, -17.9898 ], [ -63.37542, -17.98985 ], [ -63.37561, -17.99023 ], [ -63.37626, -17.98996 ], [ -63.37627, -17.98992 ] ] ] } },
{ "type": "Feature", "properties": { "i": 927 }, "geometry": { "type": "Polygon", "coordinates": [ [ [ -63.37379, -17.99034 ], [ -63.37355, -17.98999 ], [ -63.37351, -17.98999 ], [ -63.37212, -17.99064 ], [ -63.37234, -17.99101 ], [ -63.37379, -17.99041 ], [ -63.37379, -17.99034 ] ] ] } },
{ "type": "Feature", "properties": { "i": 928 }, "geometry": { "type": "Polygon", "coordinates": [ [ [ -63.37714, -17.98955 ], [ -63.37695, -17.98918 ], [ -63.37691, -17.98915 ], [ -63.37618, -17.98947 ], [ -63.37639, -17.98992 ], [ -63.37711, -17.98962 ], [ -63.37714, -17.98959 ], [ -63.37714, -17.98955 ] ] ] } },
{ "type": "Feature", "properties": { "i": 929 }, "geometry": { "type": "Polygon", "coordinates": [ [ [ -63.37473, -17.98999 ], [ -63.37447, -17.98956 ], [ -63.37443, -17.98956 ], [ -63.37362, -17.98994 ], [ -63.37388, -17.99034 ], [ -63.37392, -17.99034 ], [ -63.37473, -17.98999 ] ] ] } },
{ "type": "Feature", "properties": { "i": 930 }, "geometry": { "type": "Polygon", "coordinates": [ [ [ -63.37753, -17.98884 ], [ -63.37704, -17.98906 ], [ -63.37702, -17.9891 ], [ -63.37702, -17.98915 ], [ -63.37723, -17.98959 ], [ -63.37781, -17.98934 ], [ -63.37753, -17.98884 ] ] ] } },
{ "type": "Feature", "properties": { "i": 931 }, "geometry": { "type": "Polygon", "coordinates": [ [ [ -63.38109, -17.98891 ], [ -63.38026, -17.98784 ], [ -63.37938, -17.98822 ], [ -63.37973, -17.98885 ], [ -63.38019, -17.98934 ], [ -63.38024, -17.98934 ], [ -63.38035, -17.98929 ], [ -63.38109, -17.98891 ] ] ] } },
{ "type": "Feature", "properties": { "i": 932 }, "geometry": { "type": "Polygon", "coordinates": [ [ [ -63.37567, -17.98952 ], [ -63.37542, -17.98914 ], [ -63.37539, -17.98913 ], [ -63.37455, -17.98952 ], [ -63.37482, -17.98994 ], [ -63.37566, -17.98959 ], [ -63.37567, -17.98952 ] ] ] } },
{ "type": "Feature", "properties": { "i": 933 }, "geometry": { "type": "Polygon", "coordinates": [ [ [ -63.38321, -17.98788 ], [ -63.38321, -17.98784 ], [ -63.38301, -17.9874 ], [ -63.38298, -17.98739 ], [ -63.38173, -17.98803 ], [ -63.38173, -17.98806 ], [ -63.38204, -17.98845 ], [ -63.38321, -17.98788 ] ] ] } },
{ "type": "Feature", "properties": { "i": 934 }, "geometry": { "type": "Polygon", "coordinates": [ [ [ -63.37788, -17.98927 ], [ -63.37794, -17.98928 ], [ -63.37907, -17.98879 ], [ -63.37909, -17.98874 ], [ -63.37871, -17.98832 ], [ -63.37763, -17.9888 ], [ -63.37788, -17.98927 ] ] ] } },
{ "type": "Feature", "properties": { "i": 935 }, "geometry": { "type": "Polygon", "coordinates": [ [ [ -63.38163, -17.98811 ], [ -63.38109, -17.98748 ], [ -63.3804, -17.98778 ], [ -63.3804, -17.98783 ], [ -63.38098, -17.98856 ], [ -63.38096, -17.98857 ], [ -63.38117, -17.98883 ], [ -63.38121, -17.98884 ], [ -63.38193, -17.9885 ], [ -63.38194, -17.98847 ], [ -63.38167, -17.98815 ], [ -63.38116, -17.98844 ], [ -63.38113, -17.98839 ], [ -63.38163, -17.98811 ] ] ] } },
{ "type": "Feature", "properties": { "i": 936 }, "geometry": { "type": "Polygon", "coordinates": [ [ [ -63.37252, -17.9903 ], [ -63.37216, -17.9897 ], [ -63.37189, -17.98984 ], [ -63.37225, -17.99045 ], [ -63.37252, -17.99033 ], [ -63.37252, -17.9903 ] ] ] } },
{ "type": "Feature", "properties": { "i": 937 }, "geometry": { "type": "Polygon", "coordinates": [ [ [ -63.37249, -17.98994 ], [ -63.37268, -17.99027 ], [ -63.37372, -17.98979 ], [ -63.37353, -17.98948 ], [ -63.37249, -17.98994 ] ] ] } },
{ "type": "Feature", "properties": { "i": 938 }, "geometry": { "type": "Polygon", "coordinates": [ [ [ -63.37579, -17.98953 ], [ -63.37664, -17.98915 ], [ -63.37636, -17.9887 ], [ -63.37553, -17.98909 ], [ -63.37552, -17.98911 ], [ -63.37579, -17.98953 ] ] ] } },
{ "type": "Feature", "properties": { "i": 939 }, "geometry": { "type": "Polygon", "coordinates": [ [ [ -63.38374, -17.98761 ], [ -63.38332, -17.98783 ], [ -63.3831, -17.98735 ], [ -63.38312, -17.98731 ], [ -63.38351, -17.98714 ], [ -63.38374, -17.98761 ] ] ] } },
{ "type": "Feature", "properties": { "i": 940 }, "geometry": { "type": "Polygon", "coordinates": [ [ [ -63.37756, -17.9887 ], [ -63.37729, -17.98829 ], [ -63.37725, -17.98828 ], [ -63.37646, -17.98865 ], [ -63.37645, -17.98869 ], [ -63.37671, -17.9891 ], [ -63.37675, -17.98911 ], [ -63.37755, -17.98875 ], [ -63.37756, -17.9887 ] ] ] } },
{ "type": "Feature", "properties": { "i": 941 }, "geometry": { "type": "Polygon", "coordinates": [ [ [ -63.37433, -17.98951 ], [ -63.37389, -17.98882 ], [ -63.37339, -17.98906 ], [ -63.37382, -17.98975 ], [ -63.37433, -17.98951 ] ] ] } },
{ "type": "Feature", "properties": { "i": 942 }, "geometry": { "type": "Polygon", "coordinates": [ [ [ -63.38164, -17.98799 ], [ -63.38226, -17.98766 ], [ -63.38194, -17.98715 ], [ -63.38186, -17.98714 ], [ -63.3812, -17.98744 ], [ -63.38164, -17.98799 ] ] ] } },
{ "type": "Feature", "properties": { "i": 943 }, "geometry": { "type": "Polygon", "coordinates": [ [ [ -63.37824, -17.98783 ], [ -63.37738, -17.98822 ], [ -63.37737, -17.98826 ], [ -63.37764, -17.98867 ], [ -63.37768, -17.98868 ], [ -63.3786, -17.98829 ], [ -63.3786, -17.98825 ], [ -63.37856, -17.98819 ], [ -63.37824, -17.98783 ] ] ] } },
{ "type": "Feature", "properties": { "i": 944 }, "geometry": { "type": "Polygon", "coordinates": [ [ [ -63.37493, -17.98922 ], [ -63.37449, -17.98856 ], [ -63.37399, -17.98879 ], [ -63.37442, -17.98946 ], [ -63.37445, -17.98947 ], [ -63.37492, -17.98925 ], [ -63.37493, -17.98922 ] ] ] } },
{ "type": "Feature", "properties": { "i": 945 }, "geometry": { "type": "Polygon", "coordinates": [ [ [ -63.37552, -17.98895 ], [ -63.37512, -17.98831 ], [ -63.37508, -17.98829 ], [ -63.37458, -17.9885 ], [ -63.37458, -17.98855 ], [ -63.37501, -17.98921 ], [ -63.37552, -17.98895 ] ] ] } },
{ "type": "Feature", "properties": { "i": 946 }, "geometry": { "type": "Polygon", "coordinates": [ [ [ -63.38363, -17.98699 ], [ -63.38336, -17.98648 ], [ -63.38203, -17.98709 ], [ -63.38233, -17.98762 ], [ -63.38363, -17.98699 ] ] ] } },
{ "type": "Feature", "properties": { "i": 947 }, "geometry": { "type": "Polygon", "coordinates": [ [ [ -63.37993, -17.98724 ], [ -63.37873, -17.98776 ], [ -63.37872, -17.9878 ], [ -63.3791, -17.98819 ], [ -63.37999, -17.9878 ], [ -63.38018, -17.98771 ], [ -63.37993, -17.98724 ] ] ] } },
{ "type": "Feature", "properties": { "i": 948 }, "geometry": { "type": "Polygon", "coordinates": [ [ [ -63.39091, -17.98469 ], [ -63.39203, -17.98447 ], [ -63.39208, -17.98451 ], [ -63.39233, -17.9853 ], [ -63.39202, -17.98544 ], [ -63.3911, -17.9855 ], [ -63.39087, -17.98475 ], [ -63.39091, -17.98469 ] ] ] } },
{ "type": "Feature", "properties": { "i": 949 }, "geometry": { "type": "Polygon", "coordinates": [ [ [ -63.37611, -17.98868 ], [ -63.37569, -17.98801 ], [ -63.37522, -17.98825 ], [ -63.37521, -17.98827 ], [ -63.37561, -17.98892 ], [ -63.37611, -17.98868 ] ] ] } },
{ "type": "Feature", "properties": { "i": 950 }, "geometry": { "type": "Polygon", "coordinates": [ [ [ -63.38692, -17.98704 ], [ -63.38665, -17.98599 ], [ -63.38633, -17.98498 ], [ -63.38857, -17.98452 ], [ -63.38989, -17.98421 ], [ -63.39026, -17.98556 ], [ -63.38952, -17.98569 ], [ -63.38909, -17.98642 ], [ -63.38966, -17.98739 ], [ -63.38994, -17.98795 ], [ -63.39011, -17.98823 ], [ -63.38996, -17.98835 ], [ -63.3893, -17.98845 ], [ -63.38817, -17.98818 ], [ -63.38787, -17.98804 ], [ -63.38753, -17.98779 ], [ -63.38715, -17.98735 ], [ -63.38692, -17.98704 ] ] ] } },
{ "type": "Feature", "properties": { "i": 951 }, "geometry": { "type": "Polygon", "coordinates": [ [ [ -63.37672, -17.98841 ], [ -63.3763, -17.98774 ], [ -63.37578, -17.98795 ], [ -63.37578, -17.98798 ], [ -63.3762, -17.98864 ], [ -63.37624, -17.98864 ], [ -63.37671, -17.98843 ], [ -63.37672, -17.98841 ] ] ] } },
{ "type": "Feature", "properties": { "i": 952 }, "geometry": { "type": "Polygon", "coordinates": [ [ [ -63.38136, -17.98719 ], [ -63.38111, -17.98669 ], [ -63.38008, -17.98716 ], [ -63.38005, -17.98721 ], [ -63.38026, -17.98763 ], [ -63.38032, -17.98764 ], [ -63.38136, -17.98719 ] ] ] } },
{ "type": "Feature", "properties": { "i": 953 }, "geometry": { "type": "Polygon", "coordinates": [ [ [ -63.3773, -17.98812 ], [ -63.37686, -17.98746 ], [ -63.37639, -17.98768 ], [ -63.37638, -17.98771 ], [ -63.37678, -17.98835 ], [ -63.37684, -17.98837 ], [ -63.37729, -17.98816 ], [ -63.3773, -17.98812 ] ] ] } },
{ "type": "Feature", "properties": { "i": 954 }, "geometry": { "type": "Polygon", "coordinates": [ [ [ -63.38595, -17.98683 ], [ -63.38512, -17.98576 ], [ -63.385, -17.9855 ], [ -63.38616, -17.98504 ], [ -63.38639, -17.98575 ], [ -63.38656, -17.98651 ], [ -63.38595, -17.98683 ] ] ] } },
{ "type": "Feature", "properties": { "i": 955 }, "geometry": { "type": "Polygon", "coordinates": [ [ [ -63.37813, -17.98774 ], [ -63.3776, -17.98715 ], [ -63.37756, -17.98715 ], [ -63.37694, -17.98742 ], [ -63.3774, -17.98812 ], [ -63.37812, -17.98779 ], [ -63.37813, -17.98774 ] ] ] } },
{ "type": "Feature", "properties": { "i": 956 }, "geometry": { "type": "Polygon", "coordinates": [ [ [ -63.37283, -17.98831 ], [ -63.37279, -17.9883 ], [ -63.3718, -17.98873 ], [ -63.37205, -17.98918 ], [ -63.37307, -17.98873 ], [ -63.37283, -17.98831 ] ] ] } },
{ "type": "Feature", "properties": { "i": 957 }, "geometry": { "type": "Polygon", "coordinates": [ [ [ -63.38121, -17.98666 ], [ -63.38144, -17.98712 ], [ -63.38148, -17.98713 ], [ -63.38253, -17.98663 ], [ -63.38229, -17.98616 ], [ -63.38121, -17.98666 ] ] ] } },
{ "type": "Feature", "properties": { "i": 958 }, "geometry": { "type": "Polygon", "coordinates": [ [ [ -63.37987, -17.98712 ], [ -63.37968, -17.98668 ], [ -63.37963, -17.98667 ], [ -63.37829, -17.98725 ], [ -63.37827, -17.9873 ], [ -63.37863, -17.98768 ], [ -63.37987, -17.98712 ] ] ] } },
{ "type": "Feature", "properties": { "i": 959 }, "geometry": { "type": "Polygon", "coordinates": [ [ [ -63.3923, -17.98476 ], [ -63.39279, -17.98464 ], [ -63.39254, -17.98369 ], [ -63.39249, -17.98367 ], [ -63.39199, -17.98379 ], [ -63.39197, -17.98381 ], [ -63.3922, -17.98452 ], [ -63.39228, -17.98475 ], [ -63.3923, -17.98476 ] ] ] } },
{ "type": "Feature", "properties": { "i": 960 }, "geometry": { "type": "Polygon", "coordinates": [ [ [ -63.38084, -17.98613 ], [ -63.37976, -17.98663 ], [ -63.37997, -17.98708 ], [ -63.38007, -17.98706 ], [ -63.38106, -17.98662 ], [ -63.38107, -17.98659 ], [ -63.38084, -17.98613 ] ] ] } },
{ "type": "Feature", "properties": { "i": 961 }, "geometry": { "type": "Polygon", "coordinates": [ [ [ -63.39202, -17.98433 ], [ -63.39186, -17.98382 ], [ -63.39183, -17.98381 ], [ -63.39066, -17.98405 ], [ -63.39064, -17.98407 ], [ -63.39081, -17.98458 ], [ -63.39083, -17.98459 ], [ -63.39201, -17.98435 ], [ -63.39202, -17.98433 ] ] ] } },
{ "type": "Feature", "properties": { "i": 962 }, "geometry": { "type": "Polygon", "coordinates": [ [ [ -63.38333, -17.98626 ], [ -63.38238, -17.98454 ], [ -63.38187, -17.98478 ], [ -63.38219, -17.98544 ], [ -63.38209, -17.98548 ], [ -63.38263, -17.98657 ], [ -63.38333, -17.98626 ] ] ] } },
{ "type": "Feature", "properties": { "i": 963 }, "geometry": { "type": "Polygon", "coordinates": [ [ [ -63.38122, -17.98655 ], [ -63.38225, -17.98607 ], [ -63.38201, -17.98559 ], [ -63.38092, -17.9861 ], [ -63.38115, -17.98655 ], [ -63.38122, -17.98655 ] ] ] } },
{ "type": "Feature", "properties": { "i": 964 }, "geometry": { "type": "Polygon", "coordinates": [ [ [ -63.37867, -17.98698 ], [ -63.37824, -17.98612 ], [ -63.37765, -17.98662 ], [ -63.37765, -17.98666 ], [ -63.37817, -17.98721 ], [ -63.37867, -17.98698 ] ] ] } },
{ "type": "Feature", "properties": { "i": 965 }, "geometry": { "type": "Polygon", "coordinates": [ [ [ -63.3796, -17.98651 ], [ -63.37937, -17.98604 ], [ -63.37932, -17.98602 ], [ -63.37849, -17.9864 ], [ -63.37873, -17.98691 ], [ -63.37879, -17.98692 ], [ -63.37959, -17.98656 ], [ -63.3796, -17.98651 ] ] ] } },
{ "type": "Feature", "properties": { "i": 966 }, "geometry": { "type": "Polygon", "coordinates": [ [ [ -63.37396, -17.98774 ], [ -63.37397, -17.98771 ], [ -63.37363, -17.98698 ], [ -63.37358, -17.98698 ], [ -63.37313, -17.98718 ], [ -63.37346, -17.98795 ], [ -63.37396, -17.98774 ] ] ] } },
{ "type": "Feature", "properties": { "i": 967 }, "geometry": { "type": "Polygon", "coordinates": [ [ [ -63.38077, -17.98601 ], [ -63.38053, -17.98551 ], [ -63.38049, -17.9855 ], [ -63.37945, -17.98597 ], [ -63.37971, -17.9865 ], [ -63.38076, -17.98604 ], [ -63.38077, -17.98601 ] ] ] } },
{ "type": "Feature", "properties": { "i": 968 }, "geometry": { "type": "Polygon", "coordinates": [ [ [ -63.37334, -17.988 ], [ -63.37336, -17.98794 ], [ -63.37302, -17.98726 ], [ -63.37298, -17.98724 ], [ -63.37159, -17.98781 ], [ -63.37154, -17.98789 ], [ -63.37154, -17.98793 ], [ -63.37187, -17.98864 ], [ -63.37334, -17.988 ] ] ] } },
{ "type": "Feature", "properties": { "i": 969 }, "geometry": { "type": "Polygon", "coordinates": [ [ [ -63.38808, -17.98448 ], [ -63.38811, -17.9845 ], [ -63.38863, -17.98438 ], [ -63.38864, -17.98436 ], [ -63.38845, -17.9837 ], [ -63.38841, -17.98368 ], [ -63.3879, -17.9838 ], [ -63.3879, -17.98387 ], [ -63.38808, -17.98448 ] ] ] } },
{ "type": "Feature", "properties": { "i": 970 }, "geometry": { "type": "Polygon", "coordinates": [ [ [ -63.3863, -17.98486 ], [ -63.38633, -17.98487 ], [ -63.38784, -17.98455 ], [ -63.38789, -17.98448 ], [ -63.38788, -17.9843 ], [ -63.38775, -17.98383 ], [ -63.3861, -17.98419 ], [ -63.38608, -17.98425 ], [ -63.3863, -17.98486 ] ] ] } },
{ "type": "Feature", "properties": { "i": 971 }, "geometry": { "type": "Polygon", "coordinates": [ [ [ -63.38929, -17.98423 ], [ -63.38912, -17.98355 ], [ -63.38857, -17.98367 ], [ -63.38875, -17.98436 ], [ -63.38929, -17.98423 ] ] ] } },
{ "type": "Feature", "properties": { "i": 972 }, "geometry": { "type": "Polygon", "coordinates": [ [ [ -63.38988, -17.9841 ], [ -63.3897, -17.98343 ], [ -63.38929, -17.98352 ], [ -63.38947, -17.9842 ], [ -63.38988, -17.9841 ] ] ] } },
{ "type": "Feature", "properties": { "i": 973 }, "geometry": { "type": "Polygon", "coordinates": [ [ [ -63.37412, -17.98768 ], [ -63.37456, -17.98749 ], [ -63.37457, -17.98745 ], [ -63.37422, -17.98673 ], [ -63.37417, -17.98672 ], [ -63.37374, -17.98692 ], [ -63.37372, -17.98695 ], [ -63.37408, -17.98767 ], [ -63.37412, -17.98768 ] ] ] } },
{ "type": "Feature", "properties": { "i": 974 }, "geometry": { "type": "Polygon", "coordinates": [ [ [ -63.39193, -17.98365 ], [ -63.39248, -17.98353 ], [ -63.39227, -17.98288 ], [ -63.39223, -17.98286 ], [ -63.39173, -17.98299 ], [ -63.39193, -17.98365 ] ] ] } },
{ "type": "Feature", "properties": { "i": 975 }, "geometry": { "type": "Polygon", "coordinates": [ [ [ -63.39047, -17.98397 ], [ -63.39034, -17.98332 ], [ -63.39032, -17.9833 ], [ -63.39029, -17.98329 ], [ -63.38983, -17.98339 ], [ -63.39001, -17.98406 ], [ -63.39047, -17.98397 ] ] ] } },
{ "type": "Feature", "properties": { "i": 976 }, "geometry": { "type": "Polygon", "coordinates": [ [ [ -63.39092, -17.98314 ], [ -63.39045, -17.98327 ], [ -63.39063, -17.98395 ], [ -63.39115, -17.98383 ], [ -63.39092, -17.98314 ] ] ] } },
{ "type": "Feature", "properties": { "i": 977 }, "geometry": { "type": "Polygon", "coordinates": [ [ [ -63.39182, -17.98368 ], [ -63.39161, -17.98299 ], [ -63.39107, -17.98309 ], [ -63.39105, -17.98314 ], [ -63.39128, -17.98381 ], [ -63.39182, -17.98368 ] ] ] } },
{ "type": "Feature", "properties": { "i": 978 }, "geometry": { "type": "Polygon", "coordinates": [ [ [ -63.39309, -17.98336 ], [ -63.3929, -17.98271 ], [ -63.3924, -17.98283 ], [ -63.39239, -17.98286 ], [ -63.3926, -17.98351 ], [ -63.39307, -17.98341 ], [ -63.39309, -17.98336 ] ] ] } },
{ "type": "Feature", "properties": { "i": 979 }, "geometry": { "type": "Polygon", "coordinates": [ [ [ -63.3809, -17.98599 ], [ -63.38197, -17.98549 ], [ -63.38172, -17.985 ], [ -63.38168, -17.98499 ], [ -63.38163, -17.98501 ], [ -63.38063, -17.98546 ], [ -63.3809, -17.98599 ] ] ] } },
{ "type": "Feature", "properties": { "i": 980 }, "geometry": { "type": "Polygon", "coordinates": [ [ [ -63.37901, -17.98544 ], [ -63.37833, -17.98603 ], [ -63.37832, -17.98608 ], [ -63.37844, -17.9863 ], [ -63.37848, -17.98631 ], [ -63.37927, -17.98595 ], [ -63.37929, -17.98591 ], [ -63.37906, -17.98544 ], [ -63.37901, -17.98544 ] ] ] } },
{ "type": "Feature", "properties": { "i": 981 }, "geometry": { "type": "Polygon", "coordinates": [ [ [ -63.37635, -17.98583 ], [ -63.37432, -17.98666 ], [ -63.37431, -17.9867 ], [ -63.37469, -17.98744 ], [ -63.37687, -17.98649 ], [ -63.37688, -17.98647 ], [ -63.37688, -17.98642 ], [ -63.37635, -17.98583 ] ] ] } },
{ "type": "Feature", "properties": { "i": 982 }, "geometry": { "type": "Polygon", "coordinates": [ [ [ -63.37758, -17.98658 ], [ -63.37703, -17.98599 ], [ -63.37703, -17.98596 ], [ -63.37744, -17.98562 ], [ -63.37747, -17.98563 ], [ -63.37801, -17.9862 ], [ -63.37758, -17.98658 ] ] ] } },
{ "type": "Feature", "properties": { "i": 983 }, "geometry": { "type": "Polygon", "coordinates": [ [ [ -63.38025, -17.98497 ], [ -63.3802, -17.98495 ], [ -63.3792, -17.98537 ], [ -63.37919, -17.98544 ], [ -63.37938, -17.98586 ], [ -63.37943, -17.98587 ], [ -63.38045, -17.98541 ], [ -63.38046, -17.98537 ], [ -63.38025, -17.98497 ] ] ] } },
{ "type": "Feature", "properties": { "i": 984 }, "geometry": { "type": "Polygon", "coordinates": [ [ [ -63.47624, -17.96455 ], [ -63.47579, -17.96518 ], [ -63.47616, -17.96554 ], [ -63.47699, -17.96459 ], [ -63.47687, -17.96441 ], [ -63.47669, -17.96376 ], [ -63.47651, -17.96399 ], [ -63.47624, -17.96455 ] ] ] } },
{ "type": "Feature", "properties": { "i": 985 }, "geometry": { "type": "Polygon", "coordinates": [ [ [ -63.38164, -17.98484 ], [ -63.38144, -17.98442 ], [ -63.38138, -17.9844 ], [ -63.38035, -17.98487 ], [ -63.38033, -17.9849 ], [ -63.38055, -17.98534 ], [ -63.3806, -17.98536 ], [ -63.38163, -17.9849 ], [ -63.38164, -17.98484 ] ] ] } },
{ "type": "Feature", "properties": { "i": 986 }, "geometry": { "type": "Polygon", "coordinates": [ [ [ -63.37849, -17.98577 ], [ -63.37795, -17.98519 ], [ -63.37754, -17.98554 ], [ -63.37809, -17.98612 ], [ -63.37849, -17.98577 ] ] ] } },
{ "type": "Feature", "properties": { "i": 987 }, "geometry": { "type": "Polygon", "coordinates": [ [ [ -63.38765, -17.98356 ], [ -63.38745, -17.98284 ], [ -63.3866, -17.98302 ], [ -63.38584, -17.98321 ], [ -63.38581, -17.98324 ], [ -63.38613, -17.98405 ], [ -63.38703, -17.98385 ], [ -63.38751, -17.98372 ], [ -63.38761, -17.98365 ], [ -63.38765, -17.98356 ] ] ] } },
{ "type": "Feature", "properties": { "i": 988 }, "geometry": { "type": "Polygon", "coordinates": [ [ [ -63.38781, -17.98365 ], [ -63.38756, -17.98282 ], [ -63.38809, -17.98271 ], [ -63.38831, -17.98356 ], [ -63.38788, -17.98367 ], [ -63.38781, -17.98365 ] ] ] } },
{ "type": "Feature", "properties": { "i": 989 }, "geometry": { "type": "Polygon", "coordinates": [ [ [ -63.38877, -17.98258 ], [ -63.38821, -17.98268 ], [ -63.38821, -17.98274 ], [ -63.38842, -17.98354 ], [ -63.38847, -17.98357 ], [ -63.389, -17.98346 ], [ -63.38877, -17.98258 ] ] ] } },
{ "type": "Feature", "properties": { "i": 990 }, "geometry": { "type": "Polygon", "coordinates": [ [ [ -63.39095, -17.983 ], [ -63.39074, -17.98218 ], [ -63.39128, -17.98205 ], [ -63.39148, -17.98288 ], [ -63.39095, -17.983 ] ] ] } },
{ "type": "Feature", "properties": { "i": 991 }, "geometry": { "type": "Polygon", "coordinates": [ [ [ -63.38973, -17.98329 ], [ -63.3897, -17.98327 ], [ -63.38947, -17.98243 ], [ -63.38998, -17.98232 ], [ -63.39022, -17.98319 ], [ -63.38973, -17.98329 ] ] ] } },
{ "type": "Feature", "properties": { "i": 992 }, "geometry": { "type": "Polygon", "coordinates": [ [ [ -63.39034, -17.98316 ], [ -63.39008, -17.9823 ], [ -63.39063, -17.9822 ], [ -63.39087, -17.98303 ], [ -63.39034, -17.98316 ] ] ] } },
{ "type": "Feature", "properties": { "i": 993 }, "geometry": { "type": "Polygon", "coordinates": [ [ [ -63.38959, -17.98332 ], [ -63.38938, -17.98245 ], [ -63.38889, -17.98254 ], [ -63.38912, -17.98341 ], [ -63.38959, -17.98332 ] ] ] } },
{ "type": "Feature", "properties": { "i": 994 }, "geometry": { "type": "Polygon", "coordinates": [ [ [ -63.379, -17.98532 ], [ -63.37848, -17.98476 ], [ -63.37845, -17.98475 ], [ -63.37803, -17.98512 ], [ -63.37857, -17.98569 ], [ -63.379, -17.98532 ] ] ] } },
{ "type": "Feature", "properties": { "i": 995 }, "geometry": { "type": "Polygon", "coordinates": [ [ [ -63.39276, -17.98261 ], [ -63.39277, -17.98258 ], [ -63.39257, -17.98178 ], [ -63.39202, -17.98191 ], [ -63.39223, -17.98274 ], [ -63.39276, -17.98261 ] ] ] } },
{ "type": "Feature", "properties": { "i": 996 }, "geometry": { "type": "Polygon", "coordinates": [ [ [ -63.39213, -17.98275 ], [ -63.39193, -17.98193 ], [ -63.39138, -17.98204 ], [ -63.39158, -17.98285 ], [ -63.3916, -17.98287 ], [ -63.39213, -17.98275 ] ] ] } },
{ "type": "Feature", "properties": { "i": 997 }, "geometry": { "type": "Polygon", "coordinates": [ [ [ -63.47748, -17.96358 ], [ -63.47746, -17.96446 ], [ -63.47706, -17.96455 ], [ -63.47696, -17.9644 ], [ -63.47674, -17.9637 ], [ -63.47682, -17.96363 ], [ -63.47748, -17.96358 ] ] ] } },
{ "type": "Feature", "properties": { "i": 998 }, "geometry": { "type": "Polygon", "coordinates": [ [ [ -63.39336, -17.98247 ], [ -63.39317, -17.98164 ], [ -63.39266, -17.98176 ], [ -63.39289, -17.98259 ], [ -63.39336, -17.98247 ] ] ] } },
{ "type": "Feature", "properties": { "i": 999 }, "geometry": { "type": "Polygon", "coordinates": [ [ [ -63.38237, -17.98452 ], [ -63.38217, -17.98406 ], [ -63.38169, -17.98428 ], [ -63.38166, -17.98431 ], [ -63.38186, -17.98475 ], [ -63.38237, -17.98452 ] ] ] } },
{ "type": "Feature", "properties": { "i": 1000 }, "geometry": { "type": "Polygon", "coordinates": [ [ [ -63.47898, -17.96467 ], [ -63.47758, -17.96456 ], [ -63.47759, -17.96355 ], [ -63.47993, -17.96333 ], [ -63.47985, -17.96509 ], [ -63.47901, -17.96503 ], [ -63.47898, -17.96467 ] ] ] } },
{ "type": "Feature", "properties": { "i": 1001 }, "geometry": { "type": "MultiPolygon", "coordinates": [ [ [ [ -63.37986, -17.98431 ], [ -63.37894, -17.98507 ], [ -63.37894, -17.98509 ], [ -63.37915, -17.98531 ], [ -63.38019, -17.98486 ], [ -63.38007, -17.9846 ], [ -63.37994, -17.98466 ], [ -63.37993, -17.98463 ], [ -63.38006, -17.98457 ], [ -63.38001, -17.98447 ], [ -63.37986, -17.98431 ] ] ] ] } },
{ "type": "Feature", "properties": { "i": 1002 }, "geometry": { "type": "Polygon", "coordinates": [ [ [ -63.39345, -17.98243 ], [ -63.39331, -17.98165 ], [ -63.39333, -17.98162 ], [ -63.39366, -17.98154 ], [ -63.39368, -17.98156 ], [ -63.39347, -17.98242 ], [ -63.39345, -17.98243 ] ] ] } },
{ "type": "Feature", "properties": { "i": 1003 }, "geometry": { "type": "Polygon", "coordinates": [ [ [ -63.37674, -17.98487 ], [ -63.37738, -17.98552 ], [ -63.37694, -17.98589 ], [ -63.37632, -17.98523 ], [ -63.37674, -17.98487 ] ] ] } },
{ "type": "Feature", "properties": { "i": 1004 }, "geometry": { "type": "Polygon", "coordinates": [ [ [ -63.37626, -17.98578 ], [ -63.3742, -17.98657 ], [ -63.3738, -17.98611 ], [ -63.37381, -17.98608 ], [ -63.37535, -17.98482 ], [ -63.37626, -17.98578 ] ] ] } },
{ "type": "Feature", "properties": { "i": 1005 }, "geometry": { "type": "Polygon", "coordinates": [ [ [ -63.37787, -17.98508 ], [ -63.37727, -17.98444 ], [ -63.37723, -17.98444 ], [ -63.37683, -17.98479 ], [ -63.37746, -17.98545 ], [ -63.37786, -17.98512 ], [ -63.37787, -17.98508 ] ] ] } },
{ "type": "Feature", "properties": { "i": 1006 }, "geometry": { "type": "Polygon", "coordinates": [ [ [ -63.47924, -17.96328 ], [ -63.47998, -17.9632 ], [ -63.48016, -17.96208 ], [ -63.47965, -17.96209 ], [ -63.47941, -17.96245 ], [ -63.47916, -17.96303 ], [ -63.47924, -17.96328 ] ] ] } },
{ "type": "Feature", "properties": { "i": 1007 }, "geometry": { "type": "Polygon", "coordinates": [ [ [ -63.37947, -17.98389 ], [ -63.37853, -17.98468 ], [ -63.37888, -17.98503 ], [ -63.37977, -17.98426 ], [ -63.37978, -17.98423 ], [ -63.37947, -17.98389 ] ] ] } },
{ "type": "Feature", "properties": { "i": 1008 }, "geometry": { "type": "Polygon", "coordinates": [ [ [ -63.38079, -17.98453 ], [ -63.38067, -17.98426 ], [ -63.38052, -17.98405 ], [ -63.37996, -17.98346 ], [ -63.37955, -17.98382 ], [ -63.3801, -17.9844 ], [ -63.38027, -17.98475 ], [ -63.38031, -17.98477 ], [ -63.38078, -17.98457 ], [ -63.38079, -17.98453 ] ] ] } },
{ "type": "Feature", "properties": { "i": 1009 }, "geometry": { "type": "Polygon", "coordinates": [ [ [ -63.47904, -17.9633 ], [ -63.47907, -17.96323 ], [ -63.47907, -17.96316 ], [ -63.47901, -17.96303 ], [ -63.47861, -17.96284 ], [ -63.47812, -17.96238 ], [ -63.47744, -17.96296 ], [ -63.47744, -17.963 ], [ -63.47781, -17.96345 ], [ -63.47904, -17.9633 ] ] ] } },
{ "type": "Feature", "properties": { "i": 1010 }, "geometry": { "type": "Polygon", "coordinates": [ [ [ -63.37838, -17.98466 ], [ -63.37777, -17.98399 ], [ -63.37734, -17.98435 ], [ -63.37795, -17.98501 ], [ -63.37797, -17.98501 ], [ -63.37838, -17.98466 ] ] ] } },
{ "type": "Feature", "properties": { "i": 1011 }, "geometry": { "type": "Polygon", "coordinates": [ [ [ -63.38743, -17.98274 ], [ -63.38725, -17.98197 ], [ -63.38723, -17.98191 ], [ -63.38718, -17.9819 ], [ -63.38572, -17.98228 ], [ -63.38566, -17.98245 ], [ -63.38577, -17.98308 ], [ -63.38585, -17.98312 ], [ -63.38743, -17.98274 ] ] ] } },
{ "type": "Feature", "properties": { "i": 1012 }, "geometry": { "type": "Polygon", "coordinates": [ [ [ -63.391, -17.9811 ], [ -63.39046, -17.98121 ], [ -63.39072, -17.98208 ], [ -63.39127, -17.98195 ], [ -63.391, -17.9811 ] ] ] } },
{ "type": "Feature", "properties": { "i": 1013 }, "geometry": { "type": "Polygon", "coordinates": [ [ [ -63.47769, -17.96342 ], [ -63.47765, -17.96345 ], [ -63.47722, -17.96348 ], [ -63.47703, -17.96323 ], [ -63.4772, -17.96348 ], [ -63.47693, -17.96354 ], [ -63.47685, -17.96353 ], [ -63.47662, -17.96365 ], [ -63.47633, -17.96306 ], [ -63.47663, -17.96291 ], [ -63.47696, -17.96254 ], [ -63.47769, -17.96342 ] ] ] } },
{ "type": "Feature", "properties": { "i": 1014 }, "geometry": { "type": "Polygon", "coordinates": [ [ [ -63.39007, -17.98219 ], [ -63.39002, -17.98213 ], [ -63.38984, -17.98159 ], [ -63.38981, -17.98134 ], [ -63.39035, -17.98123 ], [ -63.39058, -17.98205 ], [ -63.39056, -17.98209 ], [ -63.39007, -17.98219 ] ] ] } },
{ "type": "Feature", "properties": { "i": 1015 }, "geometry": { "type": "Polygon", "coordinates": [ [ [ -63.39137, -17.98196 ], [ -63.39187, -17.98186 ], [ -63.39188, -17.98181 ], [ -63.39165, -17.98099 ], [ -63.39109, -17.98107 ], [ -63.39137, -17.98196 ] ] ] } },
{ "type": "Feature", "properties": { "i": 1016 }, "geometry": { "type": "Polygon", "coordinates": [ [ [ -63.39254, -17.98169 ], [ -63.3923, -17.98089 ], [ -63.39226, -17.98086 ], [ -63.3918, -17.98096 ], [ -63.39177, -17.98099 ], [ -63.39199, -17.98181 ], [ -63.39254, -17.98169 ] ] ] } },
{ "type": "Feature", "properties": { "i": 1017 }, "geometry": { "type": "Polygon", "coordinates": [ [ [ -63.39331, -17.98154 ], [ -63.39309, -17.98068 ], [ -63.39391, -17.9805 ], [ -63.39371, -17.98146 ], [ -63.39331, -17.98154 ] ] ] } },
{ "type": "Feature", "properties": { "i": 1018 }, "geometry": { "type": "Polygon", "coordinates": [ [ [ -63.38921, -17.98146 ], [ -63.3897, -17.98137 ], [ -63.38994, -17.98221 ], [ -63.38947, -17.98232 ], [ -63.38942, -17.98229 ], [ -63.3892, -17.98149 ], [ -63.38921, -17.98146 ] ] ] } },
{ "type": "Feature", "properties": { "i": 1019 }, "geometry": { "type": "Polygon", "coordinates": [ [ [ -63.38753, -17.98268 ], [ -63.38731, -17.98189 ], [ -63.38786, -17.98176 ], [ -63.38789, -17.98178 ], [ -63.38808, -17.98259 ], [ -63.38804, -17.98262 ], [ -63.38757, -17.98272 ], [ -63.38753, -17.98268 ] ] ] } },
{ "type": "Feature", "properties": { "i": 1020 }, "geometry": { "type": "Polygon", "coordinates": [ [ [ -63.38884, -17.98245 ], [ -63.38931, -17.98235 ], [ -63.38933, -17.98231 ], [ -63.38912, -17.98152 ], [ -63.38909, -17.98149 ], [ -63.38862, -17.98159 ], [ -63.38882, -17.98243 ], [ -63.38884, -17.98245 ] ] ] } },
{ "type": "Feature", "properties": { "i": 1021 }, "geometry": { "type": "Polygon", "coordinates": [ [ [ -63.39318, -17.98155 ], [ -63.39264, -17.98167 ], [ -63.3924, -17.98084 ], [ -63.39296, -17.98072 ], [ -63.39318, -17.98155 ] ] ] } },
{ "type": "Feature", "properties": { "i": 1022 }, "geometry": { "type": "Polygon", "coordinates": [ [ [ -63.38138, -17.9843 ], [ -63.3812, -17.98388 ], [ -63.38103, -17.98361 ], [ -63.38048, -17.98301 ], [ -63.38005, -17.98339 ], [ -63.3807, -17.98412 ], [ -63.3809, -17.98452 ], [ -63.38138, -17.9843 ] ] ] } },
{ "type": "Feature", "properties": { "i": 1023 }, "geometry": { "type": "Polygon", "coordinates": [ [ [ -63.38823, -17.98258 ], [ -63.38817, -17.98255 ], [ -63.38798, -17.98176 ], [ -63.38854, -17.98163 ], [ -63.38874, -17.98246 ], [ -63.38873, -17.98248 ], [ -63.38823, -17.98258 ] ] ] } },
{ "type": "Feature", "properties": { "i": 1024 }, "geometry": { "type": "Polygon", "coordinates": [ [ [ -63.36986, -17.98648 ], [ -63.36984, -17.98645 ], [ -63.36883, -17.9854 ], [ -63.36859, -17.98567 ], [ -63.36965, -17.98668 ], [ -63.36986, -17.98648 ] ] ] } },
{ "type": "Feature", "properties": { "i": 1025 }, "geometry": { "type": "Polygon", "coordinates": [ [ [ -63.37394, -17.98333 ], [ -63.37363, -17.983 ], [ -63.37002, -17.98605 ], [ -63.3716, -17.98767 ], [ -63.37346, -17.98688 ], [ -63.37279, -17.98621 ], [ -63.37342, -17.98571 ], [ -63.37346, -17.98564 ], [ -63.37367, -17.98547 ], [ -63.37371, -17.98551 ], [ -63.37351, -17.98566 ], [ -63.37346, -17.98573 ], [ -63.37373, -17.98602 ], [ -63.3753, -17.98475 ], [ -63.37464, -17.98403 ], [ -63.37397, -17.98335 ], [ -63.37349, -17.98378 ], [ -63.37347, -17.98375 ], [ -63.37394, -17.98333 ] ] ] } },
{ "type": "Feature", "properties": { "i": 1026 }, "geometry": { "type": "Polygon", "coordinates": [ [ [ -63.37888, -17.98425 ], [ -63.37826, -17.98359 ], [ -63.37784, -17.98395 ], [ -63.37846, -17.98461 ], [ -63.37888, -17.98425 ] ] ] } },
{ "type": "Feature", "properties": { "i": 1027 }, "geometry": { "type": "Polygon", "coordinates": [ [ [ -63.47926, -17.96077 ], [ -63.47863, -17.96067 ], [ -63.47853, -17.96062 ], [ -63.47837, -17.96086 ], [ -63.47818, -17.96106 ], [ -63.47816, -17.9614 ], [ -63.47805, -17.96159 ], [ -63.47778, -17.96186 ], [ -63.47829, -17.96241 ], [ -63.47865, -17.96273 ], [ -63.47908, -17.96296 ], [ -63.47922, -17.96263 ], [ -63.47926, -17.96077 ] ] ] } },
{ "type": "Feature", "properties": { "i": 1028 }, "geometry": { "type": "Polygon", "coordinates": [ [ [ -63.38215, -17.98293 ], [ -63.38147, -17.98225 ], [ -63.38135, -17.98226 ], [ -63.38064, -17.98287 ], [ -63.38103, -17.98327 ], [ -63.38169, -17.9827 ], [ -63.38172, -17.98273 ], [ -63.38173, -17.98275 ], [ -63.38108, -17.98332 ], [ -63.38159, -17.98422 ], [ -63.3823, -17.98389 ], [ -63.38215, -17.98293 ] ] ] } },
{ "type": "Feature", "properties": { "i": 1029 }, "geometry": { "type": "Polygon", "coordinates": [ [ [ -63.37623, -17.98515 ], [ -63.37665, -17.98479 ], [ -63.37548, -17.98354 ], [ -63.37506, -17.98388 ], [ -63.37505, -17.98392 ], [ -63.37623, -17.98515 ] ] ] } },
{ "type": "Feature", "properties": { "i": 1030 }, "geometry": { "type": "Polygon", "coordinates": [ [ [ -63.37017, -17.98499 ], [ -63.36931, -17.98575 ], [ -63.36969, -17.98617 ], [ -63.37056, -17.98544 ], [ -63.37017, -17.98499 ] ] ] } },
{ "type": "Feature", "properties": { "i": 1031 }, "geometry": { "type": "Polygon", "coordinates": [ [ [ -63.47659, -17.96288 ], [ -63.47692, -17.96249 ], [ -63.47674, -17.96225 ], [ -63.47652, -17.96245 ], [ -63.47627, -17.96263 ], [ -63.47633, -17.963 ], [ -63.47659, -17.96288 ] ] ] } },
{ "type": "Feature", "properties": { "i": 1032 }, "geometry": { "type": "Polygon", "coordinates": [ [ [ -63.39403, -17.98004 ], [ -63.39311, -17.97951 ], [ -63.39282, -17.97952 ], [ -63.39278, -17.97956 ], [ -63.39307, -17.98058 ], [ -63.39395, -17.98039 ], [ -63.39403, -17.98004 ] ] ] } },
{ "type": "Feature", "properties": { "i": 1033 }, "geometry": { "type": "Polygon", "coordinates": [ [ [ -63.38673, -17.98137 ], [ -63.38639, -17.98155 ], [ -63.38619, -17.98169 ], [ -63.3858, -17.98212 ], [ -63.3858, -17.98215 ], [ -63.38718, -17.98179 ], [ -63.38705, -17.98128 ], [ -63.38673, -17.98137 ] ] ] } },
{ "type": "Feature", "properties": { "i": 1034 }, "geometry": { "type": "Polygon", "coordinates": [ [ [ -63.37718, -17.98434 ], [ -63.37599, -17.98309 ], [ -63.37557, -17.98344 ], [ -63.37674, -17.98471 ], [ -63.37718, -17.98434 ] ] ] } },
{ "type": "Feature", "properties": { "i": 1035 }, "geometry": { "type": "Polygon", "coordinates": [ [ [ -63.38784, -17.98166 ], [ -63.38731, -17.98177 ], [ -63.38714, -17.98128 ], [ -63.38715, -17.98124 ], [ -63.38765, -17.98097 ], [ -63.38784, -17.98166 ] ] ] } },
{ "type": "Feature", "properties": { "i": 1036 }, "geometry": { "type": "Polygon", "coordinates": [ [ [ -63.37119, -17.98495 ], [ -63.37074, -17.9845 ], [ -63.37025, -17.98496 ], [ -63.37065, -17.9854 ], [ -63.37119, -17.98495 ] ] ] } },
{ "type": "Feature", "properties": { "i": 1037 }, "geometry": { "type": "Polygon", "coordinates": [ [ [ -63.39232, -17.98075 ], [ -63.38807, -17.98162 ], [ -63.38793, -17.98157 ], [ -63.38775, -17.98086 ], [ -63.38798, -17.98065 ], [ -63.38827, -17.9805 ], [ -63.38858, -17.98054 ], [ -63.3888, -17.98051 ], [ -63.38909, -17.98044 ], [ -63.38952, -17.98025 ], [ -63.3897, -17.98012 ], [ -63.39013, -17.97963 ], [ -63.39116, -17.98025 ], [ -63.39145, -17.98023 ], [ -63.39182, -17.9796 ], [ -63.39229, -17.97958 ], [ -63.39264, -17.97964 ], [ -63.39294, -17.98061 ], [ -63.39233, -17.98075 ], [ -63.39216, -17.98017 ], [ -63.39232, -17.98075 ] ] ] } },
{ "type": "Feature", "properties": { "i": 1038 }, "geometry": { "type": "Polygon", "coordinates": [ [ [ -63.36923, -17.98566 ], [ -63.36968, -17.98527 ], [ -63.36911, -17.98465 ], [ -63.36884, -17.98524 ], [ -63.36923, -17.98566 ] ] ] } },
{ "type": "Feature", "properties": { "i": 1039 }, "geometry": { "type": "Polygon", "coordinates": [ [ [ -63.37767, -17.98391 ], [ -63.37651, -17.98266 ], [ -63.37648, -17.98265 ], [ -63.37608, -17.98299 ], [ -63.37607, -17.98302 ], [ -63.37723, -17.98424 ], [ -63.37728, -17.98424 ], [ -63.37767, -17.98391 ] ] ] } },
{ "type": "Feature", "properties": { "i": 1040 }, "geometry": { "type": "Polygon", "coordinates": [ [ [ -63.36878, -17.98518 ], [ -63.36811, -17.98471 ], [ -63.36808, -17.98472 ], [ -63.36788, -17.98516 ], [ -63.36788, -17.98519 ], [ -63.36851, -17.98563 ], [ -63.36878, -17.98518 ] ] ] } },
{ "type": "Feature", "properties": { "i": 1041 }, "geometry": { "type": "Polygon", "coordinates": [ [ [ -63.37129, -17.98402 ], [ -63.37081, -17.98444 ], [ -63.37125, -17.98491 ], [ -63.37172, -17.98451 ], [ -63.37172, -17.98444 ], [ -63.37129, -17.98402 ] ] ] } },
{ "type": "Feature", "properties": { "i": 1042 }, "geometry": { "type": "Polygon", "coordinates": [ [ [ -63.37655, -17.98259 ], [ -63.37775, -17.98385 ], [ -63.37817, -17.9835 ], [ -63.37817, -17.98346 ], [ -63.37698, -17.9822 ], [ -63.37655, -17.98259 ] ] ] } },
{ "type": "Feature", "properties": { "i": 1043 }, "geometry": { "type": "Polygon", "coordinates": [ [ [ -63.38045, -17.98286 ], [ -63.37996, -17.98329 ], [ -63.37957, -17.98287 ], [ -63.37951, -17.98292 ], [ -63.37989, -17.98335 ], [ -63.3795, -17.98369 ], [ -63.37945, -17.9837 ], [ -63.37821, -17.98239 ], [ -63.37923, -17.98154 ], [ -63.38045, -17.98286 ] ] ] } },
{ "type": "Feature", "properties": { "i": 1044 }, "geometry": { "type": "Polygon", "coordinates": [ [ [ -63.47831, -17.96067 ], [ -63.47756, -17.96074 ], [ -63.47715, -17.96113 ], [ -63.47715, -17.96118 ], [ -63.47768, -17.96172 ], [ -63.47796, -17.96146 ], [ -63.47801, -17.96133 ], [ -63.47802, -17.96116 ], [ -63.47811, -17.96096 ], [ -63.47834, -17.9607 ], [ -63.47831, -17.96067 ] ] ] } },
{ "type": "Feature", "properties": { "i": 1045 }, "geometry": { "type": "Polygon", "coordinates": [ [ [ -63.37864, -17.98301 ], [ -63.37748, -17.98178 ], [ -63.37707, -17.98214 ], [ -63.37823, -17.98338 ], [ -63.37829, -17.98338 ], [ -63.37863, -17.98307 ], [ -63.37864, -17.98301 ] ] ] } },
{ "type": "Feature", "properties": { "i": 1046 }, "geometry": { "type": "Polygon", "coordinates": [ [ [ -63.36803, -17.98464 ], [ -63.36771, -17.98449 ], [ -63.36734, -17.98507 ], [ -63.3677, -17.98522 ], [ -63.36775, -17.9852 ], [ -63.36803, -17.98464 ] ] ] } },
{ "type": "Feature", "properties": { "i": 1047 }, "geometry": { "type": "Polygon", "coordinates": [ [ [ -63.47649, -17.96236 ], [ -63.47735, -17.96157 ], [ -63.47735, -17.96155 ], [ -63.47648, -17.96066 ], [ -63.47636, -17.96068 ], [ -63.47617, -17.9621 ], [ -63.47624, -17.96251 ], [ -63.47649, -17.96236 ] ] ] } },
{ "type": "Feature", "properties": { "i": 1048 }, "geometry": { "type": "Polygon", "coordinates": [ [ [ -63.3701, -17.98495 ], [ -63.36948, -17.98428 ], [ -63.36915, -17.98457 ], [ -63.36974, -17.98523 ], [ -63.3701, -17.98495 ] ] ] } },
{ "type": "Feature", "properties": { "i": 1049 }, "geometry": { "type": "Polygon", "coordinates": [ [ [ -63.37189, -17.98352 ], [ -63.37137, -17.98395 ], [ -63.37181, -17.9844 ], [ -63.37185, -17.9844 ], [ -63.37235, -17.98402 ], [ -63.37189, -17.98352 ] ] ] } },
{ "type": "Feature", "properties": { "i": 1050 }, "geometry": { "type": "Polygon", "coordinates": [ [ [ -63.3869, -17.98118 ], [ -63.38686, -17.98106 ], [ -63.38691, -17.98117 ], [ -63.38732, -17.98101 ], [ -63.38797, -17.98047 ], [ -63.38807, -17.98028 ], [ -63.3877, -17.97966 ], [ -63.38621, -17.97985 ], [ -63.3856, -17.97969 ], [ -63.38452, -17.9799 ], [ -63.38356, -17.98039 ], [ -63.38367, -17.98163 ], [ -63.3839, -17.9818 ], [ -63.38511, -17.98219 ], [ -63.38545, -17.98233 ], [ -63.38565, -17.98201 ], [ -63.38631, -17.98141 ], [ -63.3869, -17.98118 ] ] ] } },
{ "type": "Feature", "properties": { "i": 1051 }, "geometry": { "type": "Polygon", "coordinates": [ [ [ -63.37059, -17.98368 ], [ -63.37007, -17.9841 ], [ -63.37006, -17.98408 ], [ -63.37057, -17.98365 ], [ -63.37043, -17.98348 ], [ -63.36953, -17.98424 ], [ -63.37017, -17.98491 ], [ -63.37102, -17.98414 ], [ -63.37103, -17.98409 ], [ -63.37059, -17.98368 ] ] ] } },
{ "type": "Feature", "properties": { "i": 1052 }, "geometry": { "type": "Polygon", "coordinates": [ [ [ -63.36881, -17.98508 ], [ -63.36902, -17.98459 ], [ -63.36841, -17.98416 ], [ -63.36812, -17.98464 ], [ -63.36877, -17.98509 ], [ -63.36881, -17.98508 ] ] ] } },
{ "type": "Feature", "properties": { "i": 1053 }, "geometry": { "type": "Polygon", "coordinates": [ [ [ -63.40217, -17.97698 ], [ -63.40238, -17.97749 ], [ -63.40255, -17.97742 ], [ -63.40269, -17.97733 ], [ -63.40292, -17.97712 ], [ -63.40298, -17.97704 ], [ -63.40291, -17.97674 ], [ -63.40217, -17.97698 ] ] ] } },
{ "type": "Feature", "properties": { "i": 1054 }, "geometry": { "type": "Polygon", "coordinates": [ [ [ -63.4016, -17.97759 ], [ -63.40194, -17.97757 ], [ -63.40227, -17.97751 ], [ -63.40207, -17.97702 ], [ -63.40096, -17.97738 ], [ -63.40102, -17.97749 ], [ -63.40134, -17.97756 ], [ -63.4016, -17.97759 ] ] ] } },
{ "type": "Feature", "properties": { "i": 1055 }, "geometry": { "type": "Polygon", "coordinates": [ [ [ -63.37359, -17.98294 ], [ -63.37315, -17.98246 ], [ -63.37311, -17.98245 ], [ -63.37193, -17.98345 ], [ -63.37239, -17.98398 ], [ -63.37359, -17.98294 ] ] ] } },
{ "type": "Feature", "properties": { "i": 1056 }, "geometry": { "type": "Polygon", "coordinates": [ [ [ -63.36908, -17.98454 ], [ -63.3695, -17.98415 ], [ -63.36863, -17.98352 ], [ -63.36842, -17.98409 ], [ -63.36908, -17.98454 ] ] ] } },
{ "type": "Feature", "properties": { "i": 1057 }, "geometry": { "type": "Polygon", "coordinates": [ [ [ -63.47705, -17.96109 ], [ -63.47751, -17.96067 ], [ -63.4777, -17.96062 ], [ -63.47782, -17.96062 ], [ -63.47783, -17.96059 ], [ -63.47704, -17.95989 ], [ -63.47701, -17.95989 ], [ -63.47659, -17.96031 ], [ -63.47655, -17.9604 ], [ -63.47653, -17.96058 ], [ -63.47705, -17.96109 ] ] ] } },
{ "type": "Feature", "properties": { "i": 1058 }, "geometry": { "type": "Polygon", "coordinates": [ [ [ -63.37118, -17.98281 ], [ -63.3705, -17.98341 ], [ -63.3705, -17.98345 ], [ -63.37061, -17.98357 ], [ -63.37131, -17.98296 ], [ -63.37118, -17.98281 ] ] ] } },
{ "type": "Feature", "properties": { "i": 1059 }, "geometry": { "type": "Polygon", "coordinates": [ [ [ -63.36956, -17.98411 ], [ -63.36999, -17.98372 ], [ -63.36877, -17.98288 ], [ -63.36863, -17.98345 ], [ -63.36956, -17.98411 ] ] ] } },
{ "type": "Feature", "properties": { "i": 1060 }, "geometry": { "type": "Polygon", "coordinates": [ [ [ -63.37305, -17.98236 ], [ -63.37263, -17.98273 ], [ -63.37241, -17.98252 ], [ -63.37239, -17.98254 ], [ -63.37261, -17.98275 ], [ -63.37112, -17.98407 ], [ -63.37108, -17.98406 ], [ -63.37067, -17.98362 ], [ -63.37138, -17.98299 ], [ -63.37122, -17.98277 ], [ -63.37244, -17.98173 ], [ -63.37305, -17.98236 ] ] ] } },
{ "type": "Feature", "properties": { "i": 1061 }, "geometry": { "type": "Polygon", "coordinates": [ [ [ -63.40302, -17.9768 ], [ -63.40273, -17.97546 ], [ -63.40352, -17.97522 ], [ -63.40355, -17.97523 ], [ -63.40372, -17.97591 ], [ -63.40341, -17.97606 ], [ -63.40328, -17.9762 ], [ -63.40321, -17.97629 ], [ -63.40313, -17.97647 ], [ -63.40306, -17.97678 ], [ -63.40302, -17.9768 ] ] ] } },
{ "type": "Feature", "properties": { "i": 1062 }, "geometry": { "type": "Polygon", "coordinates": [ [ [ -63.3814, -17.98076 ], [ -63.38104, -17.98022 ], [ -63.38068, -17.97995 ], [ -63.37994, -17.97964 ], [ -63.37755, -17.98169 ], [ -63.37819, -17.98237 ], [ -63.37931, -17.98141 ], [ -63.38056, -17.98277 ], [ -63.38173, -17.9818 ], [ -63.3814, -17.98076 ] ] ] } },
{ "type": "Feature", "properties": { "i": 1063 }, "geometry": { "type": "Polygon", "coordinates": [ [ [ -63.36807, -17.98379 ], [ -63.3677, -17.98366 ], [ -63.3676, -17.98346 ], [ -63.36606, -17.98289 ], [ -63.36564, -17.98394 ], [ -63.36516, -17.98493 ], [ -63.36682, -17.98555 ], [ -63.36723, -17.98444 ], [ -63.3675, -17.9842 ], [ -63.3679, -17.9842 ], [ -63.36807, -17.98379 ] ] ] } },
{ "type": "Feature", "properties": { "i": 1064 }, "geometry": { "type": "Polygon", "coordinates": [ [ [ -63.36947, -17.98255 ], [ -63.36896, -17.98266 ], [ -63.36882, -17.98283 ], [ -63.37005, -17.98368 ], [ -63.37055, -17.98325 ], [ -63.37055, -17.98322 ], [ -63.36988, -17.98269 ], [ -63.36966, -17.98254 ], [ -63.36947, -17.98255 ] ] ] } },
{ "type": "Feature", "properties": { "i": 1065 }, "geometry": { "type": "Polygon", "coordinates": [ [ [ -63.37011, -17.98238 ], [ -63.36997, -17.9827 ], [ -63.37062, -17.98318 ], [ -63.37112, -17.98273 ], [ -63.37046, -17.98225 ], [ -63.37033, -17.98225 ], [ -63.37011, -17.98238 ] ] ] } },
{ "type": "Feature", "properties": { "i": 1066 }, "geometry": { "type": "Polygon", "coordinates": [ [ [ -63.47899, -17.95942 ], [ -63.47851, -17.96031 ], [ -63.47842, -17.96041 ], [ -63.47831, -17.96049 ], [ -63.47812, -17.96057 ], [ -63.47799, -17.96058 ], [ -63.47713, -17.95985 ], [ -63.47813, -17.95881 ], [ -63.47899, -17.95942 ] ] ] } },
{ "type": "Feature", "properties": { "i": 1067 }, "geometry": { "type": "Polygon", "coordinates": [ [ [ -63.37952, -17.97973 ], [ -63.37815, -17.97838 ], [ -63.37669, -17.97744 ], [ -63.3759, -17.9791 ], [ -63.3759, -17.97922 ], [ -63.37648, -17.97969 ], [ -63.37532, -17.98063 ], [ -63.37351, -17.9823 ], [ -63.37492, -17.98381 ], [ -63.37673, -17.98227 ], [ -63.37833, -17.98086 ], [ -63.37952, -17.97973 ] ] ] } },
{ "type": "Feature", "properties": { "i": 1068 }, "geometry": { "type": "Polygon", "coordinates": [ [ [ -63.39855, -17.97627 ], [ -63.39964, -17.97687 ], [ -63.3997, -17.97691 ], [ -63.39927, -17.97575 ], [ -63.39823, -17.97536 ], [ -63.39855, -17.97627 ] ] ] } },
{ "type": "Feature", "properties": { "i": 1069 }, "geometry": { "type": "Polygon", "coordinates": [ [ [ -63.37103, -17.98215 ], [ -63.37087, -17.98214 ], [ -63.37073, -17.98227 ], [ -63.37085, -17.98244 ], [ -63.37118, -17.98269 ], [ -63.37235, -17.98168 ], [ -63.37235, -17.98164 ], [ -63.37196, -17.98122 ], [ -63.37167, -17.98141 ], [ -63.3714, -17.98185 ], [ -63.37103, -17.98215 ] ] ] } },
{ "type": "Feature", "properties": { "i": 1070 }, "geometry": { "type": "Polygon", "coordinates": [ [ [ -63.47765, -17.95919 ], [ -63.4772, -17.9588 ], [ -63.47663, -17.95938 ], [ -63.47703, -17.95975 ], [ -63.47707, -17.95975 ], [ -63.47765, -17.95919 ] ] ] } },
{ "type": "Feature", "properties": { "i": 1071 }, "geometry": { "type": "Polygon", "coordinates": [ [ [ -63.40274, -17.97531 ], [ -63.40276, -17.97523 ], [ -63.40259, -17.97482 ], [ -63.40146, -17.97519 ], [ -63.40165, -17.97568 ], [ -63.40269, -17.97536 ], [ -63.40274, -17.97531 ] ] ] } },
{ "type": "Feature", "properties": { "i": 1072 }, "geometry": { "type": "Polygon", "coordinates": [ [ [ -63.36944, -17.98235 ], [ -63.36915, -17.98216 ], [ -63.36945, -17.98165 ], [ -63.36987, -17.98195 ], [ -63.3698, -17.98204 ], [ -63.36944, -17.98235 ] ] ] } },
{ "type": "Feature", "properties": { "i": 1073 }, "geometry": { "type": "Polygon", "coordinates": [ [ [ -63.36814, -17.98332 ], [ -63.36809, -17.98355 ], [ -63.36641, -17.98294 ], [ -63.36656, -17.98178 ], [ -63.36733, -17.98141 ], [ -63.36739, -17.98141 ], [ -63.36799, -17.98188 ], [ -63.36825, -17.98146 ], [ -63.36873, -17.98186 ], [ -63.36875, -17.98184 ], [ -63.36826, -17.98144 ], [ -63.36861, -17.9809 ], [ -63.36885, -17.9811 ], [ -63.36938, -17.98161 ], [ -63.36879, -17.98242 ], [ -63.36852, -17.9824 ], [ -63.36824, -17.98333 ], [ -63.36814, -17.98332 ] ] ] } },
{ "type": "Feature", "properties": { "i": 1074 }, "geometry": { "type": "Polygon", "coordinates": [ [ [ -63.37289, -17.9803 ], [ -63.37404, -17.97995 ], [ -63.37491, -17.9809 ], [ -63.37348, -17.98226 ], [ -63.37247, -17.9812 ], [ -63.37243, -17.98124 ], [ -63.37215, -17.98093 ], [ -63.37289, -17.9803 ] ] ] } },
{ "type": "Feature", "properties": { "i": 1075 }, "geometry": { "type": "Polygon", "coordinates": [ [ [ -63.40132, -17.97511 ], [ -63.40111, -17.9746 ], [ -63.39998, -17.97497 ], [ -63.40019, -17.97548 ], [ -63.40132, -17.97511 ] ] ] } },
{ "type": "Feature", "properties": { "i": 1076 }, "geometry": { "type": "Polygon", "coordinates": [ [ [ -63.37066, -17.98178 ], [ -63.3698, -17.98115 ], [ -63.36951, -17.98161 ], [ -63.37005, -17.98199 ], [ -63.37056, -17.98192 ], [ -63.37066, -17.98178 ] ] ] } },
{ "type": "Feature", "properties": { "i": 1077 }, "geometry": { "type": "Polygon", "coordinates": [ [ [ -63.40256, -17.97472 ], [ -63.40236, -17.9742 ], [ -63.40122, -17.97457 ], [ -63.40143, -17.9751 ], [ -63.40256, -17.97472 ] ] ] } },
{ "type": "Feature", "properties": { "i": 1078 }, "geometry": { "type": "Polygon", "coordinates": [ [ [ -63.38768, -17.97877 ], [ -63.38765, -17.97726 ], [ -63.38617, -17.97758 ], [ -63.3861, -17.97863 ], [ -63.3861, -17.97868 ], [ -63.38615, -17.97876 ], [ -63.38619, -17.97879 ], [ -63.38648, -17.97884 ], [ -63.38764, -17.9788 ], [ -63.38768, -17.97877 ] ] ] } },
{ "type": "Feature", "properties": { "i": 1079 }, "geometry": { "type": "Polygon", "coordinates": [ [ [ -63.40377, -17.97506 ], [ -63.40303, -17.97324 ], [ -63.40222, -17.97356 ], [ -63.40293, -17.97533 ], [ -63.40371, -17.97513 ], [ -63.40377, -17.97506 ] ] ] } },
{ "type": "Feature", "properties": { "i": 1080 }, "geometry": { "type": "Polygon", "coordinates": [ [ [ -63.38397, -17.97888 ], [ -63.38374, -17.97794 ], [ -63.38311, -17.97801 ], [ -63.38301, -17.97807 ], [ -63.38295, -17.97823 ], [ -63.3831, -17.97879 ], [ -63.3831, -17.97945 ], [ -63.38386, -17.97935 ], [ -63.38397, -17.97888 ] ] ] } },
{ "type": "Feature", "properties": { "i": 1081 }, "geometry": { "type": "Polygon", "coordinates": [ [ [ -63.37038, -17.98024 ], [ -63.36983, -17.98109 ], [ -63.37067, -17.9817 ], [ -63.37117, -17.98112 ], [ -63.37159, -17.98111 ], [ -63.37173, -17.98096 ], [ -63.37071, -17.97991 ], [ -63.37038, -17.98024 ] ] ] } },
{ "type": "Feature", "properties": { "i": 1082 }, "geometry": { "type": "Polygon", "coordinates": [ [ [ -63.40232, -17.97411 ], [ -63.40212, -17.97359 ], [ -63.40097, -17.97396 ], [ -63.40119, -17.97447 ], [ -63.40232, -17.97411 ] ] ] } },
{ "type": "Feature", "properties": { "i": 1083 }, "geometry": { "type": "Polygon", "coordinates": [ [ [ -63.39922, -17.97562 ], [ -63.39846, -17.97369 ], [ -63.39765, -17.97388 ], [ -63.39769, -17.97411 ], [ -63.39826, -17.97527 ], [ -63.39922, -17.97562 ] ] ] } },
{ "type": "Feature", "properties": { "i": 1084 }, "geometry": { "type": "Polygon", "coordinates": [ [ [ -63.36914, -17.98059 ], [ -63.36899, -17.98043 ], [ -63.36895, -17.98042 ], [ -63.36867, -17.98084 ], [ -63.36898, -17.98115 ], [ -63.36941, -17.98152 ], [ -63.36971, -17.98109 ], [ -63.36914, -17.98059 ] ] ] } },
{ "type": "Feature", "properties": { "i": 1085 }, "geometry": { "type": "Polygon", "coordinates": [ [ [ -63.38683, -17.97625 ], [ -63.38687, -17.97731 ], [ -63.38637, -17.9774 ], [ -63.3863, -17.97736 ], [ -63.38635, -17.97628 ], [ -63.38683, -17.97625 ] ] ] } },
{ "type": "Feature", "properties": { "i": 1086 }, "geometry": { "type": "Polygon", "coordinates": [ [ [ -63.38914, -17.97622 ], [ -63.38769, -17.9762 ], [ -63.38764, -17.97696 ], [ -63.38774, -17.97702 ], [ -63.38916, -17.97633 ], [ -63.38914, -17.97622 ] ] ] } },
{ "type": "Feature", "properties": { "i": 1087 }, "geometry": { "type": "Polygon", "coordinates": [ [ [ -63.35807, -17.98283 ], [ -63.35806, -17.98311 ], [ -63.35943, -17.98311 ], [ -63.35942, -17.98283 ], [ -63.35807, -17.98283 ] ] ] } },
{ "type": "Feature", "properties": { "i": 1088 }, "geometry": { "type": "Polygon", "coordinates": [ [ [ -63.38444, -17.97716 ], [ -63.38385, -17.97714 ], [ -63.38381, -17.9778 ], [ -63.38383, -17.97784 ], [ -63.38442, -17.9778 ], [ -63.38444, -17.97716 ] ] ] } },
{ "type": "Feature", "properties": { "i": 1089 }, "geometry": { "type": "Polygon", "coordinates": [ [ [ -63.3673, -17.98023 ], [ -63.3666, -17.98056 ], [ -63.36659, -17.98061 ], [ -63.36707, -17.98105 ], [ -63.3675, -17.98139 ], [ -63.36793, -17.98171 ], [ -63.36798, -17.9817 ], [ -63.36828, -17.98125 ], [ -63.36776, -17.98073 ], [ -63.3673, -17.98023 ] ] ] } },
{ "type": "Feature", "properties": { "i": 1090 }, "geometry": { "type": "Polygon", "coordinates": [ [ [ -63.37271, -17.97996 ], [ -63.37292, -17.97975 ], [ -63.3727, -17.97955 ], [ -63.37249, -17.97973 ], [ -63.37271, -17.97996 ] ] ] } },
{ "type": "Feature", "properties": { "i": 1091 }, "geometry": { "type": "Polygon", "coordinates": [ [ [ -63.38377, -17.97714 ], [ -63.38374, -17.97712 ], [ -63.38313, -17.97709 ], [ -63.38303, -17.97735 ], [ -63.38295, -17.97782 ], [ -63.38299, -17.97785 ], [ -63.38365, -17.97784 ], [ -63.38369, -17.9778 ], [ -63.38377, -17.97714 ] ] ] } },
{ "type": "Feature", "properties": { "i": 1092 }, "geometry": { "type": "Polygon", "coordinates": [ [ [ -63.38695, -17.97729 ], [ -63.38692, -17.97621 ], [ -63.38756, -17.97619 ], [ -63.38751, -17.97712 ], [ -63.38748, -17.97716 ], [ -63.38695, -17.97729 ] ] ] } },
{ "type": "Feature", "properties": { "i": 1093 }, "geometry": { "type": "Polygon", "coordinates": [ [ [ -63.40207, -17.97349 ], [ -63.40187, -17.97297 ], [ -63.4007, -17.97333 ], [ -63.40093, -17.97387 ], [ -63.40207, -17.97349 ] ] ] } },
{ "type": "Feature", "properties": { "i": 1094 }, "geometry": { "type": "Polygon", "coordinates": [ [ [ -63.3666, -17.98081 ], [ -63.3662, -17.98098 ], [ -63.36495, -17.97914 ], [ -63.36263, -17.98009 ], [ -63.36308, -17.98127 ], [ -63.3633, -17.98205 ], [ -63.36389, -17.98211 ], [ -63.36488, -17.98182 ], [ -63.36505, -17.98265 ], [ -63.36631, -17.98291 ], [ -63.36646, -17.98174 ], [ -63.3671, -17.98138 ], [ -63.36714, -17.98131 ], [ -63.36712, -17.98125 ], [ -63.3666, -17.98081 ] ] ] } },
{ "type": "Feature", "properties": { "i": 1095 }, "geometry": { "type": "Polygon", "coordinates": [ [ [ -63.37007, -17.97924 ], [ -63.37063, -17.97986 ], [ -63.37034, -17.98015 ], [ -63.36973, -17.98102 ], [ -63.36944, -17.98073 ], [ -63.36998, -17.98003 ], [ -63.36996, -17.98001 ], [ -63.36963, -17.98042 ], [ -63.36942, -17.98072 ], [ -63.36902, -17.98034 ], [ -63.36929, -17.97992 ], [ -63.36956, -17.97959 ], [ -63.36972, -17.97945 ], [ -63.37007, -17.97924 ] ] ] } },
{ "type": "Feature", "properties": { "i": 1096 }, "geometry": { "type": "Polygon", "coordinates": [ [ [ -63.36869, -17.98065 ], [ -63.36846, -17.98045 ], [ -63.36817, -17.98014 ], [ -63.36815, -17.98015 ], [ -63.36846, -17.98049 ], [ -63.36867, -17.98067 ], [ -63.36831, -17.98118 ], [ -63.36738, -17.98021 ], [ -63.36739, -17.98017 ], [ -63.36893, -17.97946 ], [ -63.36927, -17.97981 ], [ -63.36869, -17.98065 ] ] ] } },
{ "type": "Feature", "properties": { "i": 1097 }, "geometry": { "type": "Polygon", "coordinates": [ [ [ -63.38772, -17.9761 ], [ -63.38775, -17.97556 ], [ -63.38777, -17.97555 ], [ -63.38908, -17.97556 ], [ -63.38911, -17.97602 ], [ -63.38906, -17.9761 ], [ -63.38772, -17.9761 ] ] ] } },
{ "type": "Feature", "properties": { "i": 1098 }, "geometry": { "type": "Polygon", "coordinates": [ [ [ -63.38237, -17.97664 ], [ -63.3826, -17.97708 ], [ -63.38289, -17.97779 ], [ -63.38295, -17.9773 ], [ -63.38282, -17.97678 ], [ -63.38284, -17.97626 ], [ -63.38281, -17.97624 ], [ -63.38227, -17.97621 ], [ -63.38209, -17.97618 ], [ -63.38206, -17.97622 ], [ -63.3822, -17.97637 ], [ -63.38237, -17.97664 ] ] ] } },
{ "type": "Feature", "properties": { "i": 1099 }, "geometry": { "type": "Polygon", "coordinates": [ [ [ -63.35877, -17.98276 ], [ -63.35873, -17.98229 ], [ -63.35833, -17.98153 ], [ -63.35759, -17.98187 ], [ -63.35801, -17.98275 ], [ -63.35877, -17.98276 ] ] ] } },
{ "type": "Feature", "properties": { "i": 1100 }, "geometry": { "type": "Polygon", "coordinates": [ [ [ -63.35764, -17.98277 ], [ -63.35792, -17.98267 ], [ -63.35752, -17.9819 ], [ -63.35726, -17.98203 ], [ -63.35589, -17.98284 ], [ -63.35617, -17.98351 ], [ -63.35718, -17.98321 ], [ -63.35705, -17.98286 ], [ -63.35764, -17.98277 ] ] ] } },
{ "type": "Feature", "properties": { "i": 1101 }, "geometry": { "type": "Polygon", "coordinates": [ [ [ -63.37344, -17.9792 ], [ -63.3739, -17.97903 ], [ -63.3738, -17.97877 ], [ -63.37347, -17.97868 ], [ -63.37313, -17.9784 ], [ -63.37256, -17.9788 ], [ -63.37225, -17.97898 ], [ -63.37249, -17.97928 ], [ -63.37299, -17.97966 ], [ -63.37317, -17.97942 ], [ -63.37344, -17.9792 ] ] ] } },
{ "type": "Feature", "properties": { "i": 1102 }, "geometry": { "type": "Polygon", "coordinates": [ [ [ -63.38453, -17.97636 ], [ -63.38391, -17.97634 ], [ -63.38386, -17.97706 ], [ -63.38442, -17.97709 ], [ -63.38448, -17.97702 ], [ -63.38453, -17.97636 ] ] ] } },
{ "type": "Feature", "properties": { "i": 1103 }, "geometry": { "type": "Polygon", "coordinates": [ [ [ -63.40059, -17.97329 ], [ -63.40038, -17.97278 ], [ -63.39926, -17.97313 ], [ -63.39947, -17.97366 ], [ -63.40059, -17.97329 ] ] ] } },
{ "type": "Feature", "properties": { "i": 1104 }, "geometry": { "type": "Polygon", "coordinates": [ [ [ -63.38629, -17.97486 ], [ -63.38544, -17.97484 ], [ -63.38543, -17.97593 ], [ -63.38548, -17.97757 ], [ -63.38621, -17.97743 ], [ -63.38625, -17.97595 ], [ -63.38633, -17.97492 ], [ -63.38629, -17.97486 ] ] ] } },
{ "type": "Feature", "properties": { "i": 1105 }, "geometry": { "type": "Polygon", "coordinates": [ [ [ -63.40184, -17.97289 ], [ -63.40164, -17.97238 ], [ -63.40049, -17.97274 ], [ -63.40069, -17.97325 ], [ -63.40184, -17.97289 ] ] ] } },
{ "type": "Feature", "properties": { "i": 1106 }, "geometry": { "type": "Polygon", "coordinates": [ [ [ -63.37085, -17.97877 ], [ -63.37043, -17.97903 ], [ -63.37054, -17.97919 ], [ -63.37095, -17.97963 ], [ -63.37123, -17.97946 ], [ -63.37085, -17.97877 ] ] ] } },
{ "type": "Feature", "properties": { "i": 1107 }, "geometry": { "type": "Polygon", "coordinates": [ [ [ -63.38542, -17.97759 ], [ -63.38535, -17.9759 ], [ -63.38538, -17.97484 ], [ -63.38475, -17.9745 ], [ -63.38463, -17.97594 ], [ -63.38453, -17.9778 ], [ -63.38542, -17.97759 ] ] ] } },
{ "type": "Feature", "properties": { "i": 1108 }, "geometry": { "type": "Polygon", "coordinates": [ [ [ -63.37204, -17.98075 ], [ -63.37274, -17.98018 ], [ -63.37228, -17.97976 ], [ -63.37264, -17.97948 ], [ -63.37243, -17.97931 ], [ -63.3722, -17.979 ], [ -63.37156, -17.97941 ], [ -63.37212, -17.97997 ], [ -63.37228, -17.9801 ], [ -63.37225, -17.98012 ], [ -63.37177, -17.97968 ], [ -63.37154, -17.97942 ], [ -63.37107, -17.97971 ], [ -63.37129, -17.97997 ], [ -63.37204, -17.98075 ] ] ] } },
{ "type": "Feature", "properties": { "i": 1109 }, "geometry": { "type": "Polygon", "coordinates": [ [ [ -63.36053, -17.98139 ], [ -63.36038, -17.98108 ], [ -63.35982, -17.98132 ], [ -63.35998, -17.98165 ], [ -63.36053, -17.98139 ] ] ] } },
{ "type": "Feature", "properties": { "i": 1110 }, "geometry": { "type": "Polygon", "coordinates": [ [ [ -63.36612, -17.98066 ], [ -63.36656, -17.98045 ], [ -63.36606, -17.97964 ], [ -63.36555, -17.97987 ], [ -63.36612, -17.98066 ] ] ] } },
{ "type": "Feature", "properties": { "i": 1111 }, "geometry": { "type": "Polygon", "coordinates": [ [ [ -63.38907, -17.97544 ], [ -63.38899, -17.97492 ], [ -63.38778, -17.97491 ], [ -63.38775, -17.97545 ], [ -63.38907, -17.97544 ] ] ] } },
{ "type": "Feature", "properties": { "i": 1112 }, "geometry": { "type": "Polygon", "coordinates": [ [ [ -63.35922, -17.98179 ], [ -63.35895, -17.98125 ], [ -63.35844, -17.98148 ], [ -63.35871, -17.98204 ], [ -63.35922, -17.98179 ] ] ] } },
{ "type": "Feature", "properties": { "i": 1113 }, "geometry": { "type": "Polygon", "coordinates": [ [ [ -63.39716, -17.973 ], [ -63.39721, -17.97287 ], [ -63.39713, -17.97255 ], [ -63.39796, -17.97239 ], [ -63.39845, -17.97364 ], [ -63.39666, -17.97406 ], [ -63.39646, -17.97355 ], [ -63.39668, -17.97351 ], [ -63.39674, -17.97348 ], [ -63.3968, -17.97342 ], [ -63.39695, -17.97314 ], [ -63.39716, -17.973 ] ] ] } },
{ "type": "Feature", "properties": { "i": 1114 }, "geometry": { "type": "Polygon", "coordinates": [ [ [ -63.35988, -17.98158 ], [ -63.35958, -17.98098 ], [ -63.35904, -17.98124 ], [ -63.35932, -17.98182 ], [ -63.35988, -17.98158 ] ] ] } },
{ "type": "Feature", "properties": { "i": 1115 }, "geometry": { "type": "Polygon", "coordinates": [ [ [ -63.36847, -17.97898 ], [ -63.36696, -17.9797 ], [ -63.36733, -17.98011 ], [ -63.36882, -17.9794 ], [ -63.36847, -17.97898 ] ] ] } },
{ "type": "Feature", "properties": { "i": 1116 }, "geometry": { "type": "Polygon", "coordinates": [ [ [ -63.38456, -17.97585 ], [ -63.38394, -17.97583 ], [ -63.38391, -17.97625 ], [ -63.38393, -17.97628 ], [ -63.38453, -17.9763 ], [ -63.38456, -17.97585 ] ] ] } },
{ "type": "Feature", "properties": { "i": 1117 }, "geometry": { "type": "Polygon", "coordinates": [ [ [ -63.40035, -17.97269 ], [ -63.40015, -17.97217 ], [ -63.39902, -17.97253 ], [ -63.39922, -17.97305 ], [ -63.40035, -17.97269 ] ] ] } },
{ "type": "Feature", "properties": { "i": 1118 }, "geometry": { "type": "Polygon", "coordinates": [ [ [ -63.36941, -17.9785 ], [ -63.36856, -17.97895 ], [ -63.36931, -17.97976 ], [ -63.36947, -17.97957 ], [ -63.36964, -17.97942 ], [ -63.36998, -17.97921 ], [ -63.36998, -17.97916 ], [ -63.36941, -17.9785 ] ] ] } },
{ "type": "Feature", "properties": { "i": 1119 }, "geometry": { "type": "Polygon", "coordinates": [ [ [ -63.35837, -17.98146 ], [ -63.35823, -17.98117 ], [ -63.35704, -17.98173 ], [ -63.35714, -17.98198 ], [ -63.35837, -17.98146 ] ] ] } },
{ "type": "Feature", "properties": { "i": 1120 }, "geometry": { "type": "Polygon", "coordinates": [ [ [ -63.4016, -17.97229 ], [ -63.4014, -17.97176 ], [ -63.40025, -17.97214 ], [ -63.40046, -17.97265 ], [ -63.4016, -17.97229 ] ] ] } },
{ "type": "Feature", "properties": { "i": 1121 }, "geometry": { "type": "Polygon", "coordinates": [ [ [ -63.38386, -17.97583 ], [ -63.38293, -17.97578 ], [ -63.38291, -17.97617 ], [ -63.38293, -17.97621 ], [ -63.38384, -17.97627 ], [ -63.38386, -17.97583 ] ] ] } },
{ "type": "Feature", "properties": { "i": 1122 }, "geometry": { "type": "Polygon", "coordinates": [ [ [ -63.37219, -17.97892 ], [ -63.37307, -17.97828 ], [ -63.37263, -17.97767 ], [ -63.37173, -17.97824 ], [ -63.37219, -17.97892 ] ] ] } },
{ "type": "Feature", "properties": { "i": 1123 }, "geometry": { "type": "Polygon", "coordinates": [ [ [ -63.37538, -17.97796 ], [ -63.37484, -17.97918 ], [ -63.37399, -17.979 ], [ -63.37402, -17.9789 ], [ -63.37385, -17.97872 ], [ -63.37351, -17.97866 ], [ -63.37316, -17.97835 ], [ -63.37315, -17.97831 ], [ -63.37348, -17.97798 ], [ -63.3742, -17.97833 ], [ -63.37456, -17.97795 ], [ -63.37453, -17.97793 ], [ -63.37419, -17.9783 ], [ -63.37349, -17.97794 ], [ -63.37394, -17.97746 ], [ -63.37477, -17.97647 ], [ -63.3758, -17.97695 ], [ -63.37573, -17.97742 ], [ -63.37538, -17.97796 ] ] ] } },
{ "type": "Feature", "properties": { "i": 1124 }, "geometry": { "type": "Polygon", "coordinates": [ [ [ -63.35954, -17.98093 ], [ -63.3594, -17.98065 ], [ -63.35833, -17.98115 ], [ -63.35845, -17.98142 ], [ -63.35954, -17.98093 ] ] ] } },
{ "type": "Feature", "properties": { "i": 1125 }, "geometry": { "type": "Polygon", "coordinates": [ [ [ -63.37034, -17.97801 ], [ -63.37006, -17.97817 ], [ -63.3698, -17.97835 ], [ -63.3698, -17.97839 ], [ -63.37036, -17.97899 ], [ -63.3708, -17.97871 ], [ -63.37034, -17.97801 ] ] ] } },
{ "type": "Feature", "properties": { "i": 1126 }, "geometry": { "type": "Polygon", "coordinates": [ [ [ -63.38896, -17.97481 ], [ -63.38889, -17.97426 ], [ -63.38782, -17.97425 ], [ -63.3878, -17.97479 ], [ -63.38896, -17.97481 ] ] ] } },
{ "type": "Feature", "properties": { "i": 1127 }, "geometry": { "type": "Polygon", "coordinates": [ [ [ -63.38761, -17.97604 ], [ -63.38767, -17.97487 ], [ -63.38783, -17.97297 ], [ -63.38657, -17.97294 ], [ -63.38629, -17.97617 ], [ -63.38761, -17.97604 ] ] ] } },
{ "type": "Feature", "properties": { "i": 1128 }, "geometry": { "type": "Polygon", "coordinates": [ [ [ -63.37158, -17.97819 ], [ -63.37112, -17.97752 ], [ -63.37042, -17.97796 ], [ -63.37088, -17.97864 ], [ -63.37158, -17.97819 ] ] ] } },
{ "type": "Feature", "properties": { "i": 1129 }, "geometry": { "type": "Polygon", "coordinates": [ [ [ -63.38466, -17.97449 ], [ -63.3839, -17.97433 ], [ -63.38388, -17.97434 ], [ -63.38388, -17.9744 ], [ -63.38395, -17.97457 ], [ -63.3839, -17.97578 ], [ -63.38458, -17.97579 ], [ -63.38466, -17.97449 ] ] ] } },
{ "type": "Feature", "properties": { "i": 1130 }, "geometry": { "type": "Polygon", "coordinates": [ [ [ -63.36568, -17.97882 ], [ -63.3661, -17.97953 ], [ -63.36647, -17.97936 ], [ -63.36606, -17.97865 ], [ -63.36568, -17.97882 ] ] ] } },
{ "type": "Feature", "properties": { "i": 1131 }, "geometry": { "type": "Polygon", "coordinates": [ [ [ -63.37312, -17.97822 ], [ -63.37441, -17.97673 ], [ -63.37431, -17.9766 ], [ -63.37414, -17.97673 ], [ -63.3727, -17.97761 ], [ -63.37312, -17.97822 ] ] ] } },
{ "type": "Feature", "properties": { "i": 1132 }, "geometry": { "type": "Polygon", "coordinates": [ [ [ -63.38387, -17.97457 ], [ -63.383, -17.97453 ], [ -63.38293, -17.97572 ], [ -63.38384, -17.97577 ], [ -63.38387, -17.97457 ] ] ] } },
{ "type": "Feature", "properties": { "i": 1133 }, "geometry": { "type": "Polygon", "coordinates": [ [ [ -63.36688, -17.97964 ], [ -63.36931, -17.97848 ], [ -63.36931, -17.97843 ], [ -63.36851, -17.97757 ], [ -63.36713, -17.97819 ], [ -63.36638, -17.97849 ], [ -63.36613, -17.97861 ], [ -63.36655, -17.97931 ], [ -63.36688, -17.97964 ] ] ] } },
{ "type": "Feature", "properties": { "i": 1134 }, "geometry": { "type": "Polygon", "coordinates": [ [ [ -63.40012, -17.97209 ], [ -63.39967, -17.97094 ], [ -63.39853, -17.97132 ], [ -63.39899, -17.97244 ], [ -63.40012, -17.97209 ] ] ] } },
{ "type": "Feature", "properties": { "i": 1135 }, "geometry": { "type": "Polygon", "coordinates": [ [ [ -63.38634, -17.97476 ], [ -63.38553, -17.97479 ], [ -63.38549, -17.97477 ], [ -63.38551, -17.97421 ], [ -63.38638, -17.97421 ], [ -63.38634, -17.97476 ] ] ] } },
{ "type": "Feature", "properties": { "i": 1136 }, "geometry": { "type": "Polygon", "coordinates": [ [ [ -63.3722, -17.97781 ], [ -63.37203, -17.97754 ], [ -63.372, -17.97756 ], [ -63.37217, -17.97783 ], [ -63.37165, -17.97815 ], [ -63.37123, -17.97747 ], [ -63.37215, -17.97687 ], [ -63.37258, -17.97759 ], [ -63.3722, -17.97781 ] ] ] } },
{ "type": "Feature", "properties": { "i": 1137 }, "geometry": { "type": "Polygon", "coordinates": [ [ [ -63.39977, -17.97091 ], [ -63.40022, -17.97205 ], [ -63.40136, -17.97167 ], [ -63.40091, -17.97054 ], [ -63.39977, -17.97091 ] ] ] } },
{ "type": "Feature", "properties": { "i": 1138 }, "geometry": { "type": "Polygon", "coordinates": [ [ [ -63.40098, -17.97018 ], [ -63.40162, -17.97189 ], [ -63.40238, -17.97158 ], [ -63.40188, -17.97036 ], [ -63.40173, -17.97009 ], [ -63.40098, -17.97018 ] ] ] } },
{ "type": "Feature", "properties": { "i": 1139 }, "geometry": { "type": "Polygon", "coordinates": [ [ [ -63.39801, -17.97238 ], [ -63.39816, -17.97268 ], [ -63.39887, -17.97248 ], [ -63.39817, -17.97071 ], [ -63.39739, -17.97082 ], [ -63.39801, -17.97238 ] ] ] } },
{ "type": "Feature", "properties": { "i": 1140 }, "geometry": { "type": "Polygon", "coordinates": [ [ [ -63.37326, -17.97614 ], [ -63.37417, -17.97656 ], [ -63.37418, -17.97659 ], [ -63.37326, -17.97718 ], [ -63.37265, -17.97753 ], [ -63.37221, -17.97682 ], [ -63.37263, -17.97658 ], [ -63.37296, -17.97695 ], [ -63.37298, -17.97693 ], [ -63.37266, -17.97657 ], [ -63.37326, -17.97614 ] ] ] } },
{ "type": "Feature", "properties": { "i": 1141 }, "geometry": { "type": "Polygon", "coordinates": [ [ [ -63.36698, -17.97815 ], [ -63.36671, -17.97759 ], [ -63.36552, -17.97807 ], [ -63.3658, -17.97865 ], [ -63.36698, -17.97815 ] ] ] } },
{ "type": "Feature", "properties": { "i": 1142 }, "geometry": { "type": "Polygon", "coordinates": [ [ [ -63.38794, -17.97296 ], [ -63.38788, -17.97352 ], [ -63.38904, -17.97351 ], [ -63.38925, -17.97296 ], [ -63.38794, -17.97296 ] ] ] } },
{ "type": "Feature", "properties": { "i": 1143 }, "geometry": { "type": "Polygon", "coordinates": [ [ [ -63.36708, -17.97812 ], [ -63.3668, -17.97754 ], [ -63.36801, -17.97706 ], [ -63.36845, -17.9775 ], [ -63.36708, -17.97812 ] ] ] } },
{ "type": "Feature", "properties": { "i": 1144 }, "geometry": { "type": "Polygon", "coordinates": [ [ [ -63.38307, -17.97293 ], [ -63.38136, -17.97299 ], [ -63.38104, -17.97553 ], [ -63.38148, -17.97564 ], [ -63.38185, -17.97589 ], [ -63.38208, -17.97614 ], [ -63.38283, -17.97618 ], [ -63.38295, -17.97411 ], [ -63.38236, -17.97407 ], [ -63.38295, -17.9741 ], [ -63.38307, -17.97293 ] ], [ [ -63.38228, -17.97445 ], [ -63.38232, -17.97407 ], [ -63.38233, -17.97407 ], [ -63.38229, -17.97445 ], [ -63.38228, -17.97445 ] ], [ [ -63.38215, -17.97445 ], [ -63.38215, -17.97444 ], [ -63.38228, -17.97445 ], [ -63.38215, -17.97445 ] ] ] } },
{ "type": "Feature", "properties": { "i": 1145 }, "geometry": { "type": "Polygon", "coordinates": [ [ [ -63.39669, -17.96957 ], [ -63.39725, -17.97081 ], [ -63.39704, -17.97118 ], [ -63.39703, -17.97137 ], [ -63.39697, -17.9717 ], [ -63.39705, -17.97242 ], [ -63.39699, -17.97245 ], [ -63.3959, -17.96981 ], [ -63.39669, -17.96957 ] ] ] } },
{ "type": "Feature", "properties": { "i": 1146 }, "geometry": { "type": "Polygon", "coordinates": [ [ [ -63.38316, -17.97294 ], [ -63.38314, -17.97296 ], [ -63.38308, -17.97365 ], [ -63.38306, -17.97367 ], [ -63.38301, -17.97449 ], [ -63.38386, -17.97453 ], [ -63.38383, -17.97429 ], [ -63.38385, -17.97426 ], [ -63.38457, -17.97443 ], [ -63.38467, -17.97439 ], [ -63.38473, -17.97293 ], [ -63.38407, -17.97292 ], [ -63.38316, -17.97294 ] ], [ [ -63.38404, -17.97341 ], [ -63.38428, -17.97344 ], [ -63.38403, -17.97341 ], [ -63.38407, -17.97292 ], [ -63.38404, -17.97341 ] ] ] } },
{ "type": "Feature", "properties": { "i": 1147 }, "geometry": { "type": "Polygon", "coordinates": [ [ [ -63.38492, -17.97293 ], [ -63.38545, -17.97292 ], [ -63.3854, -17.97368 ], [ -63.38481, -17.97365 ], [ -63.38492, -17.97293 ] ] ] } },
{ "type": "Feature", "properties": { "i": 1148 }, "geometry": { "type": "Polygon", "coordinates": [ [ [ -63.38646, -17.97293 ], [ -63.38568, -17.97293 ], [ -63.38563, -17.97347 ], [ -63.38641, -17.97347 ], [ -63.38646, -17.97293 ] ] ] } },
{ "type": "Feature", "properties": { "i": 1149 }, "geometry": { "type": "Polygon", "coordinates": [ [ [ -63.3642, -17.97807 ], [ -63.36409, -17.97746 ], [ -63.36434, -17.97733 ], [ -63.36472, -17.97813 ], [ -63.36471, -17.97816 ], [ -63.36439, -17.9783 ], [ -63.3642, -17.97807 ] ] ] } },
{ "type": "Feature", "properties": { "i": 1150 }, "geometry": { "type": "Polygon", "coordinates": [ [ [ -63.37309, -17.97616 ], [ -63.37208, -17.97527 ], [ -63.37045, -17.976 ], [ -63.36839, -17.97688 ], [ -63.36969, -17.97828 ], [ -63.3707, -17.97768 ], [ -63.37309, -17.97616 ] ] ] } },
{ "type": "Feature", "properties": { "i": 1151 }, "geometry": { "type": "Polygon", "coordinates": [ [ [ -63.36533, -17.97787 ], [ -63.36494, -17.977 ], [ -63.36442, -17.97726 ], [ -63.36481, -17.97808 ], [ -63.36487, -17.97809 ], [ -63.36532, -17.9779 ], [ -63.36533, -17.97787 ] ] ] } },
{ "type": "Feature", "properties": { "i": 1152 }, "geometry": { "type": "Polygon", "coordinates": [ [ [ -63.39938, -17.97025 ], [ -63.39917, -17.96974 ], [ -63.39807, -17.97009 ], [ -63.39827, -17.97061 ], [ -63.39938, -17.97025 ] ] ] } },
{ "type": "Feature", "properties": { "i": 1153 }, "geometry": { "type": "Polygon", "coordinates": [ [ [ -63.36596, -17.97763 ], [ -63.36555, -17.97671 ], [ -63.36549, -17.97669 ], [ -63.36504, -17.97694 ], [ -63.36542, -17.97783 ], [ -63.36545, -17.97784 ], [ -63.36596, -17.97763 ] ] ] } },
{ "type": "Feature", "properties": { "i": 1154 }, "geometry": { "type": "Polygon", "coordinates": [ [ [ -63.36542, -17.97814 ], [ -63.36459, -17.9785 ], [ -63.36498, -17.979 ], [ -63.36571, -17.97869 ], [ -63.36545, -17.97815 ], [ -63.36542, -17.97814 ] ] ] } },
{ "type": "Feature", "properties": { "i": 1155 }, "geometry": { "type": "Polygon", "coordinates": [ [ [ -63.39815, -17.97063 ], [ -63.39772, -17.96953 ], [ -63.39691, -17.9698 ], [ -63.39734, -17.97074 ], [ -63.39815, -17.97063 ] ] ] } },
{ "type": "Feature", "properties": { "i": 1156 }, "geometry": { "type": "Polygon", "coordinates": [ [ [ -63.36979, -17.97406 ], [ -63.3696, -17.97388 ], [ -63.36851, -17.97456 ], [ -63.36718, -17.97562 ], [ -63.36816, -17.97669 ], [ -63.36929, -17.97593 ], [ -63.36926, -17.97517 ], [ -63.36928, -17.97458 ], [ -63.36979, -17.97406 ] ] ] } },
{ "type": "Feature", "properties": { "i": 1157 }, "geometry": { "type": "Polygon", "coordinates": [ [ [ -63.36331, -17.97926 ], [ -63.36362, -17.97952 ], [ -63.3649, -17.97904 ], [ -63.36468, -17.97872 ], [ -63.36441, -17.97838 ], [ -63.36432, -17.97834 ], [ -63.3641, -17.97811 ], [ -63.36401, -17.9774 ], [ -63.36559, -17.97656 ], [ -63.36606, -17.97762 ], [ -63.36784, -17.97686 ], [ -63.36616, -17.97495 ], [ -63.36576, -17.97515 ], [ -63.3654, -17.97536 ], [ -63.36533, -17.97536 ], [ -63.36511, -17.97521 ], [ -63.36504, -17.9752 ], [ -63.36329, -17.97615 ], [ -63.36079, -17.97645 ], [ -63.36051, -17.97655 ], [ -63.35991, -17.97689 ], [ -63.35962, -17.97689 ], [ -63.35811, -17.97729 ], [ -63.35749, -17.97789 ], [ -63.35693, -17.97853 ], [ -63.35708, -17.97914 ], [ -63.35795, -17.98008 ], [ -63.36136, -17.97858 ], [ -63.36189, -17.97963 ], [ -63.3626, -17.9795 ], [ -63.36283, -17.97944 ], [ -63.36331, -17.97926 ] ] ] } },
{ "type": "Feature", "properties": { "i": 1158 }, "geometry": { "type": "Polygon", "coordinates": [ [ [ -63.39905, -17.96911 ], [ -63.39926, -17.96962 ], [ -63.40041, -17.96923 ], [ -63.40019, -17.96872 ], [ -63.39905, -17.96911 ] ] ] } },
{ "type": "Feature", "properties": { "i": 1159 }, "geometry": { "type": "Polygon", "coordinates": [ [ [ -63.3987, -17.96852 ], [ -63.39757, -17.96888 ], [ -63.39779, -17.9694 ], [ -63.3989, -17.96903 ], [ -63.3987, -17.96852 ] ] ] } },
{ "type": "Feature", "properties": { "i": 1160 }, "geometry": { "type": "Polygon", "coordinates": [ [ [ -63.39867, -17.96843 ], [ -63.39847, -17.96791 ], [ -63.39736, -17.96827 ], [ -63.39754, -17.96879 ], [ -63.39867, -17.96843 ] ] ] } },
{ "type": "Feature", "properties": { "i": 1161 }, "geometry": { "type": "Polygon", "coordinates": [ [ [ -63.36457, -17.97416 ], [ -63.3651, -17.97511 ], [ -63.36533, -17.97529 ], [ -63.36543, -17.97528 ], [ -63.36611, -17.9749 ], [ -63.36523, -17.97361 ], [ -63.36402, -17.97411 ], [ -63.364, -17.97418 ], [ -63.36409, -17.97438 ], [ -63.36457, -17.97416 ] ] ] } },
{ "type": "Feature", "properties": { "i": 1162 }, "geometry": { "type": "Polygon", "coordinates": [ [ [ -63.36748, -17.9741 ], [ -63.36648, -17.97476 ], [ -63.36714, -17.97554 ], [ -63.36823, -17.97468 ], [ -63.36877, -17.9743 ], [ -63.36962, -17.97378 ], [ -63.36965, -17.97368 ], [ -63.36848, -17.97229 ], [ -63.3676, -17.97272 ], [ -63.36752, -17.97256 ], [ -63.3663, -17.97311 ], [ -63.3671, -17.97428 ], [ -63.36745, -17.97406 ], [ -63.36748, -17.9741 ] ] ] } },
{ "type": "Feature", "properties": { "i": 1163 }, "geometry": { "type": "Polygon", "coordinates": [ [ [ -63.3662, -17.97315 ], [ -63.36563, -17.97354 ], [ -63.36642, -17.97471 ], [ -63.36702, -17.97433 ], [ -63.3662, -17.97315 ] ] ] } },
{ "type": "Feature", "properties": { "i": 1164 }, "geometry": { "type": "Polygon", "coordinates": [ [ [ -63.36458, -17.97379 ], [ -63.36442, -17.97343 ], [ -63.36438, -17.97345 ], [ -63.36454, -17.97381 ], [ -63.36395, -17.97406 ], [ -63.36367, -17.97332 ], [ -63.36282, -17.97257 ], [ -63.3627, -17.97229 ], [ -63.36283, -17.9717 ], [ -63.36304, -17.97132 ], [ -63.36354, -17.97058 ], [ -63.36369, -17.97052 ], [ -63.36443, -17.97219 ], [ -63.36494, -17.97313 ], [ -63.36517, -17.97351 ], [ -63.36458, -17.97379 ] ] ] } },
{ "type": "Feature", "properties": { "i": 1165 }, "geometry": { "type": "Polygon", "coordinates": [ [ [ -63.3661, -17.9731 ], [ -63.36623, -17.973 ], [ -63.36568, -17.97184 ], [ -63.36485, -17.97216 ], [ -63.36558, -17.97347 ], [ -63.36608, -17.97314 ], [ -63.36609, -17.97312 ], [ -63.36592, -17.97284 ], [ -63.36594, -17.97284 ], [ -63.3661, -17.9731 ] ] ] } },
{ "type": "Feature", "properties": { "i": 1166 }, "geometry": { "type": "Polygon", "coordinates": [ [ [ -63.3663, -17.97155 ], [ -63.36574, -17.9718 ], [ -63.36606, -17.97243 ], [ -63.3663, -17.97299 ], [ -63.36686, -17.97273 ], [ -63.3663, -17.97155 ] ] ] } },
{ "type": "Feature", "properties": { "i": 1167 }, "geometry": { "type": "Polygon", "coordinates": [ [ [ -63.36746, -17.97248 ], [ -63.3669, -17.97129 ], [ -63.36639, -17.97152 ], [ -63.36692, -17.97271 ], [ -63.36746, -17.97248 ] ] ] } },
{ "type": "Feature", "properties": { "i": 1168 }, "geometry": { "type": "Polygon", "coordinates": [ [ [ -63.36839, -17.9722 ], [ -63.36698, -17.96982 ], [ -63.36425, -17.97096 ], [ -63.36483, -17.97213 ], [ -63.36698, -17.9712 ], [ -63.36764, -17.97256 ], [ -63.36839, -17.9722 ] ] ] } },
{ "type": "Feature", "properties": { "i": 1169 }, "geometry": { "type": "Polygon", "coordinates": [ [ [ -63.36357, -17.97021 ], [ -63.36327, -17.96933 ], [ -63.3615, -17.96991 ], [ -63.36158, -17.97015 ], [ -63.36116, -17.9703 ], [ -63.36115, -17.97033 ], [ -63.36162, -17.97153 ], [ -63.36293, -17.97103 ], [ -63.36334, -17.97071 ], [ -63.36357, -17.97021 ] ] ] } },
{ "type": "Feature", "properties": { "i": 1170 }, "geometry": { "type": "Polygon", "coordinates": [ [ [ -63.36677, -17.9698 ], [ -63.36603, -17.96696 ], [ -63.36484, -17.96752 ], [ -63.36437, -17.96893 ], [ -63.36398, -17.9702 ], [ -63.36423, -17.97087 ], [ -63.36497, -17.97055 ], [ -63.3647, -17.96984 ], [ -63.36498, -17.97054 ], [ -63.36564, -17.97028 ], [ -63.36536, -17.96967 ], [ -63.36565, -17.97027 ], [ -63.36677, -17.9698 ] ] ] } },
{ "type": "Feature", "properties": { "i": 1171 }, "geometry": { "type": "Polygon", "coordinates": [ [ [ -63.3615, -17.97013 ], [ -63.35925, -17.97092 ], [ -63.35817, -17.96928 ], [ -63.35802, -17.96929 ], [ -63.35794, -17.96889 ], [ -63.36275, -17.96753 ], [ -63.36327, -17.96928 ], [ -63.36142, -17.96984 ], [ -63.3615, -17.97013 ] ] ] } },
{ "type": "Feature", "properties": { "i": 1172 }, "geometry": { "type": "Polygon", "coordinates": [ [ [ -63.36374, -17.96952 ], [ -63.36406, -17.96938 ], [ -63.36447, -17.96771 ], [ -63.36446, -17.96736 ], [ -63.36435, -17.96729 ], [ -63.36325, -17.96782 ], [ -63.36374, -17.96952 ] ] ] } },
{ "type": "Feature", "properties": { "i": 1173 }, "geometry": { "type": "Polygon", "coordinates": [ [ [ -63.3643, -17.96723 ], [ -63.36424, -17.96707 ], [ -63.36388, -17.96723 ], [ -63.36384, -17.96715 ], [ -63.36318, -17.96747 ], [ -63.36325, -17.96774 ], [ -63.3643, -17.96723 ] ] ] } },
{ "type": "Feature", "properties": { "i": 1174 }, "geometry": { "type": "Polygon", "coordinates": [ [ [ -63.3596, -17.96831 ], [ -63.3609, -17.96794 ], [ -63.36076, -17.9674 ], [ -63.35946, -17.96776 ], [ -63.3596, -17.96831 ] ] ] } },
{ "type": "Feature", "properties": { "i": 1175 }, "geometry": { "type": "Polygon", "coordinates": [ [ [ -63.35829, -17.96869 ], [ -63.35886, -17.96853 ], [ -63.35873, -17.96792 ], [ -63.3582, -17.96805 ], [ -63.35829, -17.96869 ] ] ] } },
{ "type": "Feature", "properties": { "i": 1176 }, "geometry": { "type": "Polygon", "coordinates": [ [ [ -63.3582, -17.96871 ], [ -63.35813, -17.96815 ], [ -63.35811, -17.96815 ], [ -63.35553, -17.96888 ], [ -63.35565, -17.96974 ], [ -63.35656, -17.96953 ], [ -63.35698, -17.96907 ], [ -63.3582, -17.96871 ] ] ] } },
{ "type": "Feature", "properties": { "i": 1177 }, "geometry": { "type": "Polygon", "coordinates": [ [ [ -63.35952, -17.96834 ], [ -63.35938, -17.96777 ], [ -63.35881, -17.96791 ], [ -63.35895, -17.9685 ], [ -63.35952, -17.96834 ] ] ] } },
{ "type": "Feature", "properties": { "i": 1178 }, "geometry": { "type": "Polygon", "coordinates": [ [ [ -63.36087, -17.96738 ], [ -63.36141, -17.96724 ], [ -63.36156, -17.96775 ], [ -63.36101, -17.9679 ], [ -63.36099, -17.96789 ], [ -63.36087, -17.96738 ] ] ] } },
{ "type": "Feature", "properties": { "i": 1179 }, "geometry": { "type": "Polygon", "coordinates": [ [ [ -63.36276, -17.96741 ], [ -63.36264, -17.9669 ], [ -63.36151, -17.9672 ], [ -63.36165, -17.96773 ], [ -63.36276, -17.96741 ] ] ] } },
{ "type": "Feature", "properties": { "i": 1180 }, "geometry": { "type": "Polygon", "coordinates": [ [ [ -63.35784, -17.96762 ], [ -63.35767, -17.96769 ], [ -63.35741, -17.9677 ], [ -63.35735, -17.96767 ], [ -63.35692, -17.9678 ], [ -63.3564, -17.96826 ], [ -63.35642, -17.96856 ], [ -63.35815, -17.96811 ], [ -63.35803, -17.96761 ], [ -63.35784, -17.96762 ] ] ] } },
{ "type": "Feature", "properties": { "i": 1181 }, "geometry": { "type": "Polygon", "coordinates": [ [ [ -63.35824, -17.96797 ], [ -63.3587, -17.96784 ], [ -63.3585, -17.96714 ], [ -63.3581, -17.96726 ], [ -63.35806, -17.9673 ], [ -63.35824, -17.96797 ] ] ] } },
{ "type": "Feature", "properties": { "i": 1182 }, "geometry": { "type": "Polygon", "coordinates": [ [ [ -63.35934, -17.96767 ], [ -63.35915, -17.96695 ], [ -63.35859, -17.96711 ], [ -63.35876, -17.96781 ], [ -63.35934, -17.96767 ] ] ] } },
{ "type": "Feature", "properties": { "i": 1183 }, "geometry": { "type": "Polygon", "coordinates": [ [ [ -63.36318, -17.96742 ], [ -63.36261, -17.96533 ], [ -63.36328, -17.96526 ], [ -63.36365, -17.96653 ], [ -63.36385, -17.96711 ], [ -63.36318, -17.96742 ] ] ] } },
{ "type": "Feature", "properties": { "i": 1184 }, "geometry": { "type": "Polygon", "coordinates": [ [ [ -63.36187, -17.967 ], [ -63.36172, -17.9664 ], [ -63.36168, -17.96638 ], [ -63.36112, -17.96652 ], [ -63.36126, -17.96716 ], [ -63.36187, -17.967 ] ] ] } },
{ "type": "Feature", "properties": { "i": 1185 }, "geometry": { "type": "Polygon", "coordinates": [ [ [ -63.36052, -17.96734 ], [ -63.36116, -17.96719 ], [ -63.36103, -17.96656 ], [ -63.36052, -17.96669 ], [ -63.36052, -17.96734 ] ] ] } },
{ "type": "Feature", "properties": { "i": 1186 }, "geometry": { "type": "Polygon", "coordinates": [ [ [ -63.36246, -17.96618 ], [ -63.36181, -17.96634 ], [ -63.36197, -17.96696 ], [ -63.36262, -17.9668 ], [ -63.36246, -17.96618 ] ] ] } },
{ "type": "Feature", "properties": { "i": 1187 }, "geometry": { "type": "Polygon", "coordinates": [ [ [ -63.36375, -17.96645 ], [ -63.36489, -17.96587 ], [ -63.3649, -17.96585 ], [ -63.3647, -17.96538 ], [ -63.36467, -17.96537 ], [ -63.36355, -17.96591 ], [ -63.36375, -17.96645 ] ] ] } },
{ "type": "Feature", "properties": { "i": 1188 }, "geometry": { "type": "Polygon", "coordinates": [ [ [ -63.36354, -17.96582 ], [ -63.36333, -17.96526 ], [ -63.36459, -17.96511 ], [ -63.36465, -17.96528 ], [ -63.36354, -17.96582 ] ] ] } },
{ "type": "Feature", "properties": { "i": 1189 }, "geometry": { "type": "Polygon", "coordinates": [ [ [ -63.35742, -17.96726 ], [ -63.35728, -17.96663 ], [ -63.3572, -17.96658 ], [ -63.35711, -17.96657 ], [ -63.35658, -17.9667 ], [ -63.35686, -17.96756 ], [ -63.35736, -17.96737 ], [ -63.35739, -17.96735 ], [ -63.35742, -17.96726 ] ] ] } },
{ "type": "Feature", "properties": { "i": 1190 }, "geometry": { "type": "Polygon", "coordinates": [ [ [ -63.36223, -17.96522 ], [ -63.36243, -17.96606 ], [ -63.36179, -17.96622 ], [ -63.36158, -17.96538 ], [ -63.36223, -17.96522 ] ] ] } },
{ "type": "Feature", "properties": { "i": 1191 }, "geometry": { "type": "Polygon", "coordinates": [ [ [ -63.36146, -17.96538 ], [ -63.36142, -17.96537 ], [ -63.36085, -17.96552 ], [ -63.36109, -17.9664 ], [ -63.36112, -17.96642 ], [ -63.36169, -17.96627 ], [ -63.36146, -17.96538 ] ] ] } },
{ "type": "Feature", "properties": { "i": 1192 }, "geometry": { "type": "Polygon", "coordinates": [ [ [ -63.36527, -17.96481 ], [ -63.36516, -17.96398 ], [ -63.36449, -17.96409 ], [ -63.36465, -17.96499 ], [ -63.36527, -17.96481 ] ] ] } },
{ "type": "Feature", "properties": { "i": 1193 }, "geometry": { "type": "Polygon", "coordinates": [ [ [ -63.36442, -17.96414 ], [ -63.36438, -17.96412 ], [ -63.36314, -17.96433 ], [ -63.36312, -17.96436 ], [ -63.36331, -17.96515 ], [ -63.36454, -17.96503 ], [ -63.36455, -17.96499 ], [ -63.36442, -17.96414 ] ] ] } },
{ "type": "Feature", "properties": { "i": 1194 }, "geometry": { "type": "Polygon", "coordinates": [ [ [ -63.36016, -17.96589 ], [ -63.35959, -17.96555 ], [ -63.35952, -17.96512 ], [ -63.35966, -17.96508 ], [ -63.35977, -17.96497 ], [ -63.36011, -17.96489 ], [ -63.36027, -17.96481 ], [ -63.36045, -17.96445 ], [ -63.36189, -17.96411 ], [ -63.36194, -17.96415 ], [ -63.36219, -17.96509 ], [ -63.36083, -17.96544 ], [ -63.36077, -17.96552 ], [ -63.36101, -17.96646 ], [ -63.36054, -17.96657 ], [ -63.36038, -17.96587 ], [ -63.36016, -17.96589 ] ] ] } },
{ "type": "Feature", "properties": { "i": 1195 }, "geometry": { "type": "Polygon", "coordinates": [ [ [ -63.35614, -17.96579 ], [ -63.35551, -17.96593 ], [ -63.35562, -17.96638 ], [ -63.35728, -17.96598 ], [ -63.35713, -17.96545 ], [ -63.35614, -17.96579 ] ] ] } },
{ "type": "Feature", "properties": { "i": 1196 }, "geometry": { "type": "Polygon", "coordinates": [ [ [ -63.35848, -17.96531 ], [ -63.35836, -17.9649 ], [ -63.35739, -17.96515 ], [ -63.35729, -17.96525 ], [ -63.35727, -17.96534 ], [ -63.35732, -17.96555 ], [ -63.35737, -17.9656 ], [ -63.35848, -17.96531 ] ] ] } },
{ "type": "Feature", "properties": { "i": 1197 }, "geometry": { "type": "Polygon", "coordinates": [ [ [ -63.35968, -17.96499 ], [ -63.35956, -17.96464 ], [ -63.35953, -17.96462 ], [ -63.35848, -17.96487 ], [ -63.3586, -17.96529 ], [ -63.35964, -17.96502 ], [ -63.35968, -17.96499 ] ] ] } },
{ "type": "Feature", "properties": { "i": 1198 }, "geometry": { "type": "Polygon", "coordinates": [ [ [ -63.35846, -17.9648 ], [ -63.35951, -17.96455 ], [ -63.35953, -17.96453 ], [ -63.35946, -17.96419 ], [ -63.35944, -17.96418 ], [ -63.35837, -17.96441 ], [ -63.35846, -17.9648 ] ] ] } },
{ "type": "Feature", "properties": { "i": 1199 }, "geometry": { "type": "Polygon", "coordinates": [ [ [ -63.36189, -17.96398 ], [ -63.3618, -17.96362 ], [ -63.36045, -17.96394 ], [ -63.36041, -17.96404 ], [ -63.36053, -17.96423 ], [ -63.3606, -17.9643 ], [ -63.36189, -17.96398 ] ] ] } },
{ "type": "Feature", "properties": { "i": 1200 }, "geometry": { "type": "Polygon", "coordinates": [ [ [ -63.35835, -17.96482 ], [ -63.35823, -17.96434 ], [ -63.3577, -17.96446 ], [ -63.3578, -17.96495 ], [ -63.35835, -17.96482 ] ] ] } },
{ "type": "Feature", "properties": { "i": 1201 }, "geometry": { "type": "Polygon", "coordinates": [ [ [ -63.35936, -17.9641 ], [ -63.3593, -17.96384 ], [ -63.35822, -17.9641 ], [ -63.35828, -17.96434 ], [ -63.35936, -17.9641 ] ] ] } },
{ "type": "Feature", "properties": { "i": 1202 }, "geometry": { "type": "Polygon", "coordinates": [ [ [ -63.36172, -17.96352 ], [ -63.36149, -17.96284 ], [ -63.36012, -17.96323 ], [ -63.36025, -17.96389 ], [ -63.36172, -17.96352 ] ] ] } },
{ "type": "Feature", "properties": { "i": 1203 }, "geometry": { "type": "Polygon", "coordinates": [ [ [ -63.35322, -17.96395 ], [ -63.35364, -17.96516 ], [ -63.35397, -17.96504 ], [ -63.35404, -17.9649 ], [ -63.35371, -17.96377 ], [ -63.35322, -17.96395 ] ] ] } },
{ "type": "Feature", "properties": { "i": 1204 }, "geometry": { "type": "Polygon", "coordinates": [ [ [ -63.36311, -17.96191 ], [ -63.36167, -17.96211 ], [ -63.36108, -17.96069 ], [ -63.36168, -17.96057 ], [ -63.36354, -17.96044 ], [ -63.36619, -17.95966 ], [ -63.36647, -17.96012 ], [ -63.36667, -17.96085 ], [ -63.36708, -17.96362 ], [ -63.3624, -17.96435 ], [ -63.3621, -17.96338 ], [ -63.36167, -17.96214 ], [ -63.36311, -17.96193 ], [ -63.36311, -17.96191 ] ] ] } },
{ "type": "Feature", "properties": { "i": 1205 }, "geometry": { "type": "Polygon", "coordinates": [ [ [ -63.35468, -17.96468 ], [ -63.35435, -17.96359 ], [ -63.35382, -17.96376 ], [ -63.35414, -17.96485 ], [ -63.35468, -17.96468 ] ] ] } },
{ "type": "Feature", "properties": { "i": 1206 }, "geometry": { "type": "Polygon", "coordinates": [ [ [ -63.35713, -17.96341 ], [ -63.35699, -17.96289 ], [ -63.35645, -17.96303 ], [ -63.35643, -17.96306 ], [ -63.3567, -17.96394 ], [ -63.35713, -17.96341 ] ] ] } },
{ "type": "Feature", "properties": { "i": 1207 }, "geometry": { "type": "Polygon", "coordinates": [ [ [ -63.35479, -17.96467 ], [ -63.35536, -17.96449 ], [ -63.35504, -17.96343 ], [ -63.35449, -17.96357 ], [ -63.35447, -17.96362 ], [ -63.35479, -17.96467 ] ] ] } },
{ "type": "Feature", "properties": { "i": 1208 }, "geometry": { "type": "Polygon", "coordinates": [ [ [ -63.35567, -17.96323 ], [ -63.35512, -17.96339 ], [ -63.35543, -17.96446 ], [ -63.356, -17.9643 ], [ -63.35567, -17.96323 ] ] ] } },
{ "type": "Feature", "properties": { "i": 1209 }, "geometry": { "type": "Polygon", "coordinates": [ [ [ -63.35632, -17.96308 ], [ -63.35578, -17.96322 ], [ -63.3561, -17.96429 ], [ -63.35664, -17.96414 ], [ -63.35632, -17.96308 ] ] ] } },
{ "type": "Feature", "properties": { "i": 1210 }, "geometry": { "type": "Polygon", "coordinates": [ [ [ -63.36146, -17.96276 ], [ -63.36131, -17.96234 ], [ -63.36066, -17.96252 ], [ -63.36081, -17.96294 ], [ -63.36146, -17.96276 ] ] ] } },
{ "type": "Feature", "properties": { "i": 1211 }, "geometry": { "type": "Polygon", "coordinates": [ [ [ -63.35714, -17.9632 ], [ -63.35769, -17.96305 ], [ -63.35758, -17.96263 ], [ -63.35702, -17.96276 ], [ -63.35714, -17.9632 ] ] ] } },
{ "type": "Feature", "properties": { "i": 1212 }, "geometry": { "type": "Polygon", "coordinates": [ [ [ -63.36023, -17.96149 ], [ -63.36055, -17.96138 ], [ -63.36022, -17.96063 ], [ -63.36052, -17.96049 ], [ -63.36057, -17.96049 ], [ -63.36093, -17.96137 ], [ -63.36104, -17.96156 ], [ -63.36129, -17.96223 ], [ -63.36057, -17.96244 ], [ -63.36073, -17.96295 ], [ -63.36009, -17.96313 ], [ -63.36023, -17.96149 ] ] ] } },
{ "type": "Feature", "properties": { "i": 1213 }, "geometry": { "type": "Polygon", "coordinates": [ [ [ -63.35427, -17.96337 ], [ -63.35399, -17.96242 ], [ -63.35345, -17.96259 ], [ -63.35372, -17.96351 ], [ -63.35427, -17.96337 ] ] ] } },
{ "type": "Feature", "properties": { "i": 1214 }, "geometry": { "type": "Polygon", "coordinates": [ [ [ -63.35495, -17.96323 ], [ -63.35466, -17.96225 ], [ -63.35411, -17.9624 ], [ -63.35438, -17.96337 ], [ -63.35495, -17.96323 ] ] ] } },
{ "type": "Feature", "properties": { "i": 1215 }, "geometry": { "type": "Polygon", "coordinates": [ [ [ -63.3553, -17.96206 ], [ -63.35475, -17.96221 ], [ -63.35505, -17.96319 ], [ -63.35562, -17.96304 ], [ -63.3553, -17.96206 ] ] ] } },
{ "type": "Feature", "properties": { "i": 1216 }, "geometry": { "type": "Polygon", "coordinates": [ [ [ -63.3562, -17.96285 ], [ -63.35594, -17.96189 ], [ -63.35541, -17.96204 ], [ -63.35568, -17.96299 ], [ -63.3562, -17.96285 ] ] ] } },
{ "type": "Feature", "properties": { "i": 1217 }, "geometry": { "type": "Polygon", "coordinates": [ [ [ -63.35692, -17.96268 ], [ -63.35663, -17.96168 ], [ -63.35605, -17.96184 ], [ -63.35636, -17.96283 ], [ -63.35692, -17.96268 ] ] ] } },
{ "type": "Feature", "properties": { "i": 1218 }, "geometry": { "type": "Polygon", "coordinates": [ [ [ -63.35728, -17.96152 ], [ -63.35758, -17.96251 ], [ -63.35702, -17.96266 ], [ -63.35671, -17.96167 ], [ -63.35728, -17.96152 ] ] ] } },
{ "type": "Feature", "properties": { "i": 1219 }, "geometry": { "type": "Polygon", "coordinates": [ [ [ -63.35822, -17.96233 ], [ -63.35792, -17.96135 ], [ -63.35786, -17.96134 ], [ -63.35738, -17.96148 ], [ -63.35769, -17.96249 ], [ -63.35821, -17.96235 ], [ -63.35822, -17.96233 ] ] ] } },
{ "type": "Feature", "properties": { "i": 1220 }, "geometry": { "type": "Polygon", "coordinates": [ [ [ -63.3589, -17.96165 ], [ -63.35868, -17.96205 ], [ -63.3585, -17.96218 ], [ -63.35832, -17.96221 ], [ -63.35829, -17.96218 ], [ -63.35802, -17.96134 ], [ -63.35805, -17.96131 ], [ -63.35894, -17.9613 ], [ -63.3589, -17.96165 ] ] ] } },
{ "type": "Feature", "properties": { "i": 1221 }, "geometry": { "type": "Polygon", "coordinates": [ [ [ -63.35398, -17.96232 ], [ -63.35367, -17.96137 ], [ -63.35313, -17.96153 ], [ -63.35343, -17.96247 ], [ -63.35398, -17.96232 ] ] ] } },
{ "type": "Feature", "properties": { "i": 1222 }, "geometry": { "type": "Polygon", "coordinates": [ [ [ -63.35433, -17.96119 ], [ -63.35463, -17.96215 ], [ -63.35408, -17.9623 ], [ -63.35377, -17.96134 ], [ -63.35433, -17.96119 ] ] ] } },
{ "type": "Feature", "properties": { "i": 1223 }, "geometry": { "type": "Polygon", "coordinates": [ [ [ -63.35528, -17.96196 ], [ -63.35499, -17.96099 ], [ -63.35443, -17.96114 ], [ -63.35473, -17.96212 ], [ -63.35528, -17.96196 ] ] ] } },
{ "type": "Feature", "properties": { "i": 1224 }, "geometry": { "type": "Polygon", "coordinates": [ [ [ -63.366, -17.95963 ], [ -63.36589, -17.95926 ], [ -63.36594, -17.95881 ], [ -63.36592, -17.95875 ], [ -63.3653, -17.95899 ], [ -63.3655, -17.95978 ], [ -63.366, -17.95963 ] ] ] } },
{ "type": "Feature", "properties": { "i": 1225 }, "geometry": { "type": "Polygon", "coordinates": [ [ [ -63.3659, -17.95829 ], [ -63.36575, -17.95797 ], [ -63.36507, -17.95822 ], [ -63.3634, -17.95892 ], [ -63.36036, -17.95902 ], [ -63.36024, -17.95904 ], [ -63.36104, -17.96061 ], [ -63.3617, -17.96047 ], [ -63.36349, -17.96035 ], [ -63.36541, -17.95982 ], [ -63.36542, -17.95977 ], [ -63.36523, -17.95898 ], [ -63.36526, -17.95895 ], [ -63.36594, -17.95867 ], [ -63.3659, -17.95829 ] ] ] } },
{ "type": "Feature", "properties": { "i": 1226 }, "geometry": { "type": "Polygon", "coordinates": [ [ [ -63.35432, -17.9611 ], [ -63.35401, -17.96006 ], [ -63.35373, -17.96012 ], [ -63.35348, -17.96037 ], [ -63.35374, -17.96125 ], [ -63.35432, -17.9611 ] ] ] } },
{ "type": "Feature", "properties": { "i": 1227 }, "geometry": { "type": "Polygon", "coordinates": [ [ [ -63.35732, -17.9614 ], [ -63.35703, -17.96047 ], [ -63.357, -17.96047 ], [ -63.35729, -17.96141 ], [ -63.35665, -17.96158 ], [ -63.35643, -17.96073 ], [ -63.3564, -17.96074 ], [ -63.3566, -17.96158 ], [ -63.35599, -17.96175 ], [ -63.35574, -17.9609 ], [ -63.35571, -17.96091 ], [ -63.35596, -17.96176 ], [ -63.35543, -17.96192 ], [ -63.35536, -17.96189 ], [ -63.35506, -17.9609 ], [ -63.35441, -17.96107 ], [ -63.35438, -17.96105 ], [ -63.35409, -17.96008 ], [ -63.35411, -17.96004 ], [ -63.355, -17.95984 ], [ -63.35505, -17.95976 ], [ -63.35501, -17.95932 ], [ -63.35504, -17.95924 ], [ -63.35516, -17.95917 ], [ -63.35581, -17.959 ], [ -63.35657, -17.95873 ], [ -63.35683, -17.9588 ], [ -63.3571, -17.95879 ], [ -63.35719, -17.95876 ], [ -63.35742, -17.95866 ], [ -63.35748, -17.95855 ], [ -63.35754, -17.95835 ], [ -63.35902, -17.95769 ], [ -63.35982, -17.95904 ], [ -63.36056, -17.96037 ], [ -63.36015, -17.96056 ], [ -63.36008, -17.96066 ], [ -63.36007, -17.96118 ], [ -63.36002, -17.96124 ], [ -63.35918, -17.96121 ], [ -63.35813, -17.96121 ], [ -63.35781, -17.96126 ], [ -63.35732, -17.9614 ] ] ] } },
{ "type": "Feature", "properties": { "i": 1228 }, "geometry": { "type": "Polygon", "coordinates": [ [ [ -63.35323, -17.95986 ], [ -63.35348, -17.96017 ], [ -63.35347, -17.96027 ], [ -63.35337, -17.96038 ], [ -63.35364, -17.9613 ], [ -63.35311, -17.96146 ], [ -63.35282, -17.96073 ], [ -63.35298, -17.95998 ], [ -63.35323, -17.95986 ] ] ] } },
{ "type": "Feature", "properties": { "i": 1229 }, "geometry": { "type": "Polygon", "coordinates": [ [ [ -63.36269, -17.95733 ], [ -63.36008, -17.95871 ], [ -63.3602, -17.95897 ], [ -63.36185, -17.95888 ], [ -63.36343, -17.95884 ], [ -63.36412, -17.95854 ], [ -63.36269, -17.95733 ] ] ] } },
{ "type": "Feature", "properties": { "i": 1230 }, "geometry": { "type": "Polygon", "coordinates": [ [ [ -63.35348, -17.95953 ], [ -63.35492, -17.95919 ], [ -63.35499, -17.95974 ], [ -63.35351, -17.9601 ], [ -63.35332, -17.95989 ], [ -63.35341, -17.95958 ], [ -63.35348, -17.95953 ] ] ] } },
{ "type": "Feature", "properties": { "i": 1231 }, "geometry": { "type": "Polygon", "coordinates": [ [ [ -63.36279, -17.95729 ], [ -63.36308, -17.95717 ], [ -63.36318, -17.95717 ], [ -63.36441, -17.95725 ], [ -63.36441, -17.95706 ], [ -63.36479, -17.95708 ], [ -63.36482, -17.95706 ], [ -63.36481, -17.95656 ], [ -63.36654, -17.95618 ], [ -63.36627, -17.95731 ], [ -63.36572, -17.95792 ], [ -63.36423, -17.95851 ], [ -63.36279, -17.95729 ] ] ] } },
{ "type": "Feature", "properties": { "i": 1232 }, "geometry": { "type": "Polygon", "coordinates": [ [ [ -63.36286, -17.957 ], [ -63.35998, -17.95852 ], [ -63.36006, -17.95867 ], [ -63.36145, -17.95791 ], [ -63.36291, -17.95717 ], [ -63.3631, -17.95713 ], [ -63.36332, -17.95713 ], [ -63.36436, -17.9572 ], [ -63.36436, -17.95708 ], [ -63.36307, -17.95695 ], [ -63.36286, -17.957 ] ] ] } },
{ "type": "Feature", "properties": { "i": 1233 }, "geometry": { "type": "Polygon", "coordinates": [ [ [ -63.35943, -17.95765 ], [ -63.35845, -17.95614 ], [ -63.35904, -17.95587 ], [ -63.35933, -17.9563 ], [ -63.35955, -17.95642 ], [ -63.35956, -17.9564 ], [ -63.35936, -17.95628 ], [ -63.35909, -17.95586 ], [ -63.35966, -17.95562 ], [ -63.35987, -17.95591 ], [ -63.3599, -17.95589 ], [ -63.35969, -17.9556 ], [ -63.36032, -17.95533 ], [ -63.36053, -17.95567 ], [ -63.36056, -17.95566 ], [ -63.36035, -17.95531 ], [ -63.36087, -17.95507 ], [ -63.36104, -17.95502 ], [ -63.36168, -17.95472 ], [ -63.36354, -17.95372 ], [ -63.36379, -17.95358 ], [ -63.36451, -17.95311 ], [ -63.36519, -17.95263 ], [ -63.36541, -17.9529 ], [ -63.36544, -17.95288 ], [ -63.36521, -17.95261 ], [ -63.36569, -17.95226 ], [ -63.36597, -17.95265 ], [ -63.366, -17.95263 ], [ -63.36572, -17.95225 ], [ -63.36593, -17.9521 ], [ -63.36631, -17.95257 ], [ -63.36777, -17.95203 ], [ -63.36793, -17.95244 ], [ -63.36836, -17.95314 ], [ -63.36693, -17.9534 ], [ -63.36675, -17.95348 ], [ -63.36305, -17.95569 ], [ -63.36313, -17.95624 ], [ -63.36336, -17.95655 ], [ -63.36459, -17.95611 ], [ -63.3647, -17.95699 ], [ -63.36468, -17.95703 ], [ -63.36297, -17.95691 ], [ -63.36287, -17.95694 ], [ -63.35995, -17.95849 ], [ -63.35972, -17.95811 ], [ -63.36113, -17.95731 ], [ -63.36133, -17.95684 ], [ -63.3613, -17.95683 ], [ -63.36109, -17.95729 ], [ -63.35969, -17.95807 ], [ -63.35945, -17.95767 ], [ -63.36082, -17.95687 ], [ -63.36081, -17.95684 ], [ -63.35943, -17.95765 ] ] ] } },
{ "type": "Feature", "properties": { "i": 1234 }, "geometry": { "type": "Polygon", "coordinates": [ [ [ -63.35953, -17.95557 ], [ -63.35837, -17.95606 ], [ -63.35808, -17.95565 ], [ -63.35926, -17.95514 ], [ -63.35953, -17.95552 ], [ -63.35953, -17.95557 ] ] ] } },
{ "type": "Feature", "properties": { "i": 1235 }, "geometry": { "type": "Polygon", "coordinates": [ [ [ -63.36068, -17.95503 ], [ -63.36038, -17.95465 ], [ -63.35934, -17.9551 ], [ -63.35964, -17.95551 ], [ -63.36067, -17.95506 ], [ -63.36068, -17.95503 ] ] ] } },
{ "type": "Feature", "properties": { "i": 1236 }, "geometry": { "type": "Polygon", "coordinates": [ [ [ -63.36145, -17.95415 ], [ -63.36122, -17.95424 ], [ -63.36047, -17.9546 ], [ -63.36078, -17.95501 ], [ -63.36173, -17.95457 ], [ -63.36145, -17.95415 ] ] ] } },
{ "type": "Feature", "properties": { "i": 1237 }, "geometry": { "type": "Polygon", "coordinates": [ [ [ -63.35884, -17.95459 ], [ -63.35768, -17.95511 ], [ -63.35802, -17.95559 ], [ -63.3592, -17.95506 ], [ -63.35884, -17.95459 ] ] ] } },
{ "type": "Feature", "properties": { "i": 1238 }, "geometry": { "type": "Polygon", "coordinates": [ [ [ -63.36031, -17.95457 ], [ -63.35997, -17.95409 ], [ -63.35895, -17.95456 ], [ -63.35928, -17.95503 ], [ -63.3593, -17.95503 ], [ -63.36031, -17.95457 ] ] ] } },
{ "type": "Feature", "properties": { "i": 1239 }, "geometry": { "type": "Polygon", "coordinates": [ [ [ -63.36139, -17.95406 ], [ -63.3611, -17.95359 ], [ -63.36068, -17.95379 ], [ -63.36028, -17.95395 ], [ -63.36007, -17.95407 ], [ -63.36041, -17.95451 ], [ -63.36045, -17.95451 ], [ -63.36139, -17.95406 ] ] ] } },
{ "type": "Feature", "properties": { "i": 1240 }, "geometry": { "type": "Polygon", "coordinates": [ [ [ -63.35876, -17.95451 ], [ -63.35842, -17.95407 ], [ -63.35724, -17.9546 ], [ -63.35758, -17.95506 ], [ -63.35846, -17.95467 ], [ -63.35876, -17.95451 ] ] ] } },
{ "type": "Feature", "properties": { "i": 1241 }, "geometry": { "type": "Polygon", "coordinates": [ [ [ -63.36333, -17.953 ], [ -63.362, -17.95376 ], [ -63.3615, -17.95402 ], [ -63.3612, -17.95357 ], [ -63.36121, -17.95353 ], [ -63.36165, -17.95332 ], [ -63.36167, -17.95328 ], [ -63.36151, -17.9529 ], [ -63.36288, -17.95211 ], [ -63.36291, -17.95211 ], [ -63.363, -17.95223 ], [ -63.36313, -17.95248 ], [ -63.36333, -17.953 ] ] ] } },
{ "type": "Feature", "properties": { "i": 1242 }, "geometry": { "type": "Polygon", "coordinates": [ [ [ -63.35993, -17.95401 ], [ -63.35957, -17.95356 ], [ -63.35859, -17.95399 ], [ -63.35854, -17.95406 ], [ -63.35885, -17.95448 ], [ -63.35887, -17.95448 ], [ -63.35993, -17.95401 ] ] ] } },
{ "type": "Feature", "properties": { "i": 1243 }, "geometry": { "type": "Polygon", "coordinates": [ [ [ -63.36196, -17.95446 ], [ -63.36183, -17.95444 ], [ -63.36176, -17.9544 ], [ -63.36156, -17.95412 ], [ -63.36157, -17.95409 ], [ -63.36355, -17.95297 ], [ -63.36364, -17.953 ], [ -63.36376, -17.95317 ], [ -63.36389, -17.9531 ], [ -63.36539, -17.95201 ], [ -63.36549, -17.95196 ], [ -63.36574, -17.95185 ], [ -63.36586, -17.952 ], [ -63.36442, -17.95307 ], [ -63.36385, -17.95344 ], [ -63.36196, -17.95446 ] ] ] } },
{ "type": "Feature", "properties": { "i": 1244 }, "geometry": { "type": "Polygon", "coordinates": [ [ [ -63.3584, -17.95402 ], [ -63.3572, -17.95455 ], [ -63.35703, -17.95429 ], [ -63.35822, -17.95371 ], [ -63.3584, -17.95402 ] ] ] } },
{ "type": "Feature", "properties": { "i": 1245 }, "geometry": { "type": "Polygon", "coordinates": [ [ [ -63.36157, -17.95328 ], [ -63.36159, -17.95322 ], [ -63.36146, -17.95291 ], [ -63.36104, -17.95313 ], [ -63.36117, -17.95345 ], [ -63.36157, -17.95328 ] ] ] } },
{ "type": "Feature", "properties": { "i": 1246 }, "geometry": { "type": "Polygon", "coordinates": [ [ [ -63.36105, -17.9535 ], [ -63.36001, -17.95396 ], [ -63.35999, -17.95396 ], [ -63.3597, -17.95358 ], [ -63.35971, -17.95354 ], [ -63.36088, -17.95299 ], [ -63.36105, -17.95341 ], [ -63.36105, -17.9535 ] ] ] } },
{ "type": "Feature", "properties": { "i": 1247 }, "geometry": { "type": "Polygon", "coordinates": [ [ [ -63.3595, -17.95353 ], [ -63.35935, -17.95322 ], [ -63.35837, -17.95365 ], [ -63.35835, -17.95369 ], [ -63.35852, -17.95397 ], [ -63.3595, -17.95353 ] ] ] } },
{ "type": "Feature", "properties": { "i": 1248 }, "geometry": { "type": "Polygon", "coordinates": [ [ [ -63.36051, -17.95248 ], [ -63.3607, -17.95293 ], [ -63.35965, -17.95342 ], [ -63.35961, -17.95341 ], [ -63.3594, -17.95299 ], [ -63.35941, -17.95295 ], [ -63.36002, -17.95267 ], [ -63.36051, -17.95248 ] ] ] } },
{ "type": "Feature", "properties": { "i": 1249 }, "geometry": { "type": "Polygon", "coordinates": [ [ [ -63.3584, -17.95354 ], [ -63.3593, -17.95315 ], [ -63.35931, -17.95308 ], [ -63.35905, -17.95258 ], [ -63.35835, -17.95304 ], [ -63.35831, -17.95317 ], [ -63.35832, -17.95339 ], [ -63.3584, -17.95354 ] ] ] } },
{ "type": "Feature", "properties": { "i": 1250 }, "geometry": { "type": "Polygon", "coordinates": [ [ [ -63.35902, -17.95252 ], [ -63.35873, -17.95199 ], [ -63.35828, -17.95248 ], [ -63.3583, -17.95298 ], [ -63.35902, -17.95252 ] ] ] } },
{ "type": "Feature", "properties": { "i": 1251 }, "geometry": { "type": "Polygon", "coordinates": [ [ [ -63.35935, -17.95289 ], [ -63.36046, -17.95239 ], [ -63.36021, -17.95192 ], [ -63.36049, -17.95176 ], [ -63.3605, -17.9517 ], [ -63.36031, -17.95121 ], [ -63.36001, -17.95054 ], [ -63.35925, -17.9502 ], [ -63.35848, -17.9499 ], [ -63.35833, -17.95008 ], [ -63.35754, -17.95061 ], [ -63.35721, -17.95087 ], [ -63.35713, -17.95095 ], [ -63.35684, -17.95143 ], [ -63.35621, -17.95225 ], [ -63.35574, -17.95252 ], [ -63.35588, -17.95273 ], [ -63.35643, -17.95343 ], [ -63.3569, -17.95412 ], [ -63.35697, -17.95427 ], [ -63.35765, -17.95395 ], [ -63.35822, -17.95364 ], [ -63.35824, -17.95359 ], [ -63.35814, -17.95251 ], [ -63.35873, -17.95186 ], [ -63.35935, -17.95289 ] ], [ [ -63.35771, -17.95373 ], [ -63.35771, -17.95374 ], [ -63.3569, -17.95412 ], [ -63.35771, -17.95373 ] ] ] } },
{ "type": "Feature", "properties": { "i": 1252 }, "geometry": { "type": "Polygon", "coordinates": [ [ [ -63.3618, -17.95095 ], [ -63.36117, -17.95003 ], [ -63.3601, -17.95059 ], [ -63.36047, -17.95144 ], [ -63.36056, -17.95161 ], [ -63.3606, -17.95163 ], [ -63.3618, -17.95095 ] ] ] } },
{ "type": "Feature", "properties": { "i": 1253 }, "geometry": { "type": "Polygon", "coordinates": [ [ [ -63.36191, -17.95089 ], [ -63.36169, -17.9506 ], [ -63.36128, -17.94997 ], [ -63.36128, -17.94995 ], [ -63.36178, -17.94969 ], [ -63.36181, -17.94969 ], [ -63.36245, -17.95062 ], [ -63.36191, -17.95089 ] ] ] } },
{ "type": "Feature", "properties": { "i": 1254 }, "geometry": { "type": "Polygon", "coordinates": [ [ [ -63.36111, -17.94994 ], [ -63.36085, -17.94951 ], [ -63.36077, -17.9495 ], [ -63.35949, -17.95019 ], [ -63.35951, -17.95022 ], [ -63.36013, -17.95046 ], [ -63.36111, -17.94994 ] ] ] } },
{ "type": "Feature", "properties": { "i": 1255 }, "geometry": { "type": "Polygon", "coordinates": [ [ [ -63.36174, -17.94961 ], [ -63.36147, -17.94914 ], [ -63.36092, -17.94943 ], [ -63.36121, -17.94989 ], [ -63.36174, -17.94961 ] ] ] } },
{ "type": "Feature", "properties": { "i": 1256 }, "geometry": { "type": "Polygon", "coordinates": [ [ [ -63.36255, -17.95059 ], [ -63.36212, -17.95 ], [ -63.36154, -17.9491 ], [ -63.36209, -17.94881 ], [ -63.36233, -17.94916 ], [ -63.36239, -17.94912 ], [ -63.36183, -17.94827 ], [ -63.36182, -17.94823 ], [ -63.36185, -17.9482 ], [ -63.3628, -17.9488 ], [ -63.36287, -17.94882 ], [ -63.36312, -17.94881 ], [ -63.36342, -17.94869 ], [ -63.36369, -17.94972 ], [ -63.36371, -17.94971 ], [ -63.36344, -17.94868 ], [ -63.36365, -17.94859 ], [ -63.36395, -17.94871 ], [ -63.36423, -17.94869 ], [ -63.36472, -17.94859 ], [ -63.365, -17.94844 ], [ -63.3651, -17.94836 ], [ -63.36518, -17.94823 ], [ -63.3653, -17.94812 ], [ -63.36597, -17.94775 ], [ -63.36633, -17.94768 ], [ -63.36649, -17.94759 ], [ -63.36707, -17.94714 ], [ -63.36725, -17.94691 ], [ -63.36736, -17.9469 ], [ -63.36754, -17.94697 ], [ -63.36731, -17.94731 ], [ -63.36716, -17.94762 ], [ -63.36698, -17.94807 ], [ -63.36685, -17.94851 ], [ -63.3668, -17.94893 ], [ -63.36358, -17.9501 ], [ -63.36255, -17.95059 ] ] ] } },
{ "type": "Feature", "properties": { "i": 1257 }, "geometry": { "type": "Polygon", "coordinates": [ [ [ -63.36041, -17.94886 ], [ -63.36074, -17.94941 ], [ -63.35941, -17.95011 ], [ -63.35936, -17.95013 ], [ -63.35928, -17.95012 ], [ -63.35902, -17.95002 ], [ -63.35852, -17.94978 ], [ -63.35877, -17.94915 ], [ -63.35879, -17.94905 ], [ -63.35902, -17.94862 ], [ -63.35916, -17.94845 ], [ -63.35931, -17.94841 ], [ -63.35952, -17.94849 ], [ -63.3597, -17.94852 ], [ -63.35986, -17.94848 ], [ -63.35997, -17.94849 ], [ -63.36007, -17.94851 ], [ -63.36023, -17.94859 ], [ -63.3604, -17.94885 ], [ -63.35995, -17.94909 ], [ -63.36041, -17.94886 ] ] ] } },
{ "type": "Feature", "properties": { "i": 1258 }, "geometry": { "type": "Polygon", "coordinates": [ [ [ -63.36139, -17.94906 ], [ -63.36096, -17.94838 ], [ -63.36079, -17.94853 ], [ -63.36067, -17.94859 ], [ -63.36056, -17.94862 ], [ -63.36039, -17.94861 ], [ -63.36077, -17.94923 ], [ -63.36088, -17.94934 ], [ -63.36139, -17.94906 ] ] ] } },
{ "type": "Feature", "properties": { "i": 1259 }, "geometry": { "type": "Polygon", "coordinates": [ [ [ -63.36202, -17.9487 ], [ -63.36164, -17.94814 ], [ -63.36153, -17.94801 ], [ -63.36129, -17.94797 ], [ -63.36103, -17.94828 ], [ -63.36149, -17.94902 ], [ -63.362, -17.94875 ], [ -63.36202, -17.9487 ] ] ] } },
{ "type": "Feature", "properties": { "i": 1260 }, "geometry": { "type": "Polygon", "coordinates": [ [ [ -63.3637, -17.94854 ], [ -63.36393, -17.94862 ], [ -63.36403, -17.94863 ], [ -63.3646, -17.94853 ], [ -63.36478, -17.94847 ], [ -63.36503, -17.94834 ], [ -63.36519, -17.94812 ], [ -63.3658, -17.94775 ], [ -63.36618, -17.94762 ], [ -63.36574, -17.94708 ], [ -63.36576, -17.94706 ], [ -63.3662, -17.94761 ], [ -63.36623, -17.94762 ], [ -63.36629, -17.94762 ], [ -63.36641, -17.94757 ], [ -63.36682, -17.94721 ], [ -63.36684, -17.94717 ], [ -63.36682, -17.9471 ], [ -63.36639, -17.94621 ], [ -63.36633, -17.94616 ], [ -63.36551, -17.94588 ], [ -63.36539, -17.9458 ], [ -63.36525, -17.94567 ], [ -63.36503, -17.94536 ], [ -63.36497, -17.94524 ], [ -63.36492, -17.94506 ], [ -63.36488, -17.94502 ], [ -63.36483, -17.94501 ], [ -63.36465, -17.94506 ], [ -63.36455, -17.94504 ], [ -63.3638, -17.94417 ], [ -63.36293, -17.94305 ], [ -63.36238, -17.94239 ], [ -63.3606, -17.9409 ], [ -63.36057, -17.94091 ], [ -63.36044, -17.94111 ], [ -63.35978, -17.94232 ], [ -63.35914, -17.94376 ], [ -63.35925, -17.94383 ], [ -63.3597, -17.94442 ], [ -63.35924, -17.94384 ], [ -63.35913, -17.94378 ], [ -63.359, -17.94413 ], [ -63.35888, -17.94436 ], [ -63.35857, -17.94487 ], [ -63.35838, -17.94509 ], [ -63.35912, -17.94643 ], [ -63.35837, -17.9451 ], [ -63.35806, -17.94541 ], [ -63.35783, -17.94558 ], [ -63.35666, -17.94624 ], [ -63.35526, -17.94693 ], [ -63.35548, -17.94741 ], [ -63.35545, -17.94742 ], [ -63.35523, -17.94695 ], [ -63.35467, -17.94722 ], [ -63.35501, -17.94789 ], [ -63.35498, -17.94791 ], [ -63.35464, -17.94723 ], [ -63.35396, -17.94754 ], [ -63.35282, -17.94812 ], [ -63.35344, -17.94929 ], [ -63.3538, -17.94991 ], [ -63.35424, -17.95054 ], [ -63.35515, -17.95009 ], [ -63.35526, -17.95008 ], [ -63.3578, -17.9487 ], [ -63.35782, -17.94874 ], [ -63.35538, -17.95007 ], [ -63.35531, -17.95015 ], [ -63.35519, -17.95019 ], [ -63.35512, -17.95017 ], [ -63.35429, -17.95058 ], [ -63.35478, -17.95125 ], [ -63.35507, -17.95158 ], [ -63.35525, -17.95185 ], [ -63.3557, -17.95244 ], [ -63.35603, -17.95228 ], [ -63.35613, -17.9522 ], [ -63.35632, -17.95199 ], [ -63.35671, -17.95145 ], [ -63.35708, -17.95088 ], [ -63.35754, -17.95051 ], [ -63.35722, -17.95008 ], [ -63.35724, -17.95007 ], [ -63.35757, -17.9505 ], [ -63.35799, -17.95023 ], [ -63.35822, -17.95005 ], [ -63.35838, -17.94985 ], [ -63.35866, -17.94916 ], [ -63.35811, -17.94861 ], [ -63.3578, -17.94818 ], [ -63.35784, -17.94809 ], [ -63.35838, -17.94778 ], [ -63.35879, -17.94746 ], [ -63.35884, -17.9475 ], [ -63.35844, -17.94782 ], [ -63.35789, -17.94814 ], [ -63.35788, -17.94817 ], [ -63.35815, -17.94856 ], [ -63.35869, -17.94908 ], [ -63.35905, -17.94845 ], [ -63.35918, -17.94837 ], [ -63.35933, -17.94835 ], [ -63.35958, -17.94844 ], [ -63.35998, -17.94842 ], [ -63.36035, -17.94853 ], [ -63.36099, -17.94741 ], [ -63.36109, -17.94731 ], [ -63.36142, -17.94706 ], [ -63.36153, -17.94689 ], [ -63.36153, -17.94684 ], [ -63.36155, -17.94684 ], [ -63.36155, -17.94687 ], [ -63.36152, -17.94697 ], [ -63.36144, -17.94708 ], [ -63.36102, -17.94742 ], [ -63.36038, -17.94854 ], [ -63.36062, -17.94852 ], [ -63.36083, -17.9484 ], [ -63.3612, -17.94795 ], [ -63.36127, -17.9479 ], [ -63.36138, -17.94788 ], [ -63.36154, -17.94793 ], [ -63.36255, -17.94853 ], [ -63.36298, -17.94876 ], [ -63.36311, -17.94876 ], [ -63.36355, -17.94855 ], [ -63.3637, -17.94854 ] ] ] } },
{ "type": "Feature", "properties": { "i": 1261 }, "geometry": { "type": "Polygon", "coordinates": [ [ [ -63.36544, -17.94399 ], [ -63.3668, -17.94558 ], [ -63.36747, -17.94621 ], [ -63.36731, -17.94666 ], [ -63.36722, -17.94684 ], [ -63.36704, -17.94706 ], [ -63.36698, -17.9471 ], [ -63.36693, -17.9471 ], [ -63.36691, -17.94708 ], [ -63.36642, -17.94613 ], [ -63.36637, -17.94609 ], [ -63.36562, -17.94585 ], [ -63.36542, -17.94572 ], [ -63.3653, -17.94559 ], [ -63.36508, -17.94526 ], [ -63.36494, -17.94492 ], [ -63.36466, -17.94499 ], [ -63.36457, -17.94497 ], [ -63.36449, -17.94491 ], [ -63.36431, -17.94467 ], [ -63.36541, -17.94399 ], [ -63.36544, -17.94399 ] ] ] } },
{ "type": "Feature", "properties": { "i": 1262 }, "geometry": { "type": "Polygon", "coordinates": [ [ [ -63.36309, -17.94019 ], [ -63.36236, -17.93997 ], [ -63.36223, -17.94014 ], [ -63.36211, -17.94016 ], [ -63.36129, -17.93995 ], [ -63.36094, -17.94026 ], [ -63.36084, -17.9404 ], [ -63.36066, -17.94083 ], [ -63.36247, -17.94231 ], [ -63.3628, -17.94272 ], [ -63.3632, -17.94241 ], [ -63.36309, -17.94019 ] ] ] } }
]
}
